{
    "thread": {
        "uuid": "6fb9eff23d4d40d2de59c2ed129a6cd2d3ad38b6",
        "url": "https://www.newsbreak.com/syracuse-com-512969/3764253264398-new-citizens-are-welcomed-in-syracuse-ceremony",
        "site_full": "www.newsbreak.com",
        "site": "newsbreak.com",
        "site_section": "https://www.newsbreak.com/syracuse-com-512969",
        "site_categories": [
            "under_construction"
        ],
        "section_title": "Syracuse.com&#x27;s Home Page | NewsBreak",
        "title": "New citizens are welcomed in Syracuse ceremony - NewsBreak",
        "title_full": "New citizens are welcomed in Syracuse ceremony - NewsBreak",
        "published": "2025-01-16T23:30:00.000+02:00",
        "replies_count": 0,
        "participants_count": 1,
        "site_type": "news",
        "country": "US",
        "main_image": "https://img.particlenews.com/img/id/2WjCnn_0yCxHstr00",
        "performance_score": 0,
        "domain_rank": 3591,
        "domain_rank_updated": "2025-01-13T23:00:00.000+02:00",
        "social": {
            "facebook": {
                "likes": 0,
                "comments": 0,
                "shares": 0
            },
            "vk": {
                "shares": 0
            }
        }
    },
    "uuid": "6fb9eff23d4d40d2de59c2ed129a6cd2d3ad38b6",
    "url": "https://www.newsbreak.com/syracuse-com-512969/3764253264398-new-citizens-are-welcomed-in-syracuse-ceremony",
    "ord_in_thread": 0,
    "parent_url": null,
    "author": "Sharon Dellinger",
    "published": "2025-01-16T23:30:00.000+02:00",
    "title": "New citizens are welcomed in Syracuse ceremony - NewsBreak",
    "text": "By Sharon Dellinger ,\n1 hours ago The new citizens came from 19 different countries. Read full article\nRead in NewsBreak 2",
    "highlightText": "",
    "highlightTitle": "",
    "highlightThreadTitle": "",
    "language": "english",
    "sentiment": "positive",
    "categories": [
        "Human Interest",
        "Social Issue",
        "Politics"
    ],
    "topics": [
        "Human Interest->ceremony",
        "Social Issue->immigration",
        "Social Issue->diversity, equity and inclusion",
        "Social Issue->communities",
        "Politics->civil rights",
        "Politics->citizens' initiative and recall",
        "Politics->government"
    ],
    "ai_allow": true,
    "has_canonical": false,
    "breaking": null,
    "webz_reporter": false,
    "external_links": [],
    "external_images": [],
    "entities": {
        "persons": [],
        "organizations": [],
        "locations": []
    },
    "syndication": {
        "syndicated": false,
        "syndicate_id": null,
        "first_syndicated": false
    },
    "rating": null,
    "crawled": "2025-01-17T00:39:00.462+02:00",
    "updated": "2025-01-17T00:39:00.462+02:00"
}