{
    "thread": {
        "uuid": "d717082553dbbbb297ae407232b37451e9ab3ce4",
        "url": "https://www.thestar.com.my/business/business-news/2025/01/17/pm-cptpp-a-critical-vehicle-to-expand-investment",
        "site_full": "www.thestar.com.my",
        "site": "thestar.com.my",
        "site_section": "https://www.golf.einnews.com/live_feed",
        "site_categories": [
            "media",
            "top_news_sa",
            "top_news_my",
            "top_news_ph",
            "top_news_sg",
            "top_news"
        ],
        "section_title": "Live Feed Wire - Golf News Today - EIN Presswire",
        "title": "PM: CPTPP a critical vehicle to expand investment | The Star",
        "title_full": "PM: CPTPP a critical vehicle to expand investment | The Star",
        "published": "2025-01-16T23:00:00.000+02:00",
        "replies_count": 0,
        "participants_count": 1,
        "site_type": "news",
        "country": "MY",
        "main_image": "https://apicms.thestar.com.my/uploads/images/2025/01/17/3121803.JPG",
        "performance_score": 0,
        "domain_rank": 2098,
        "domain_rank_updated": "2025-01-13T23:00:00.000+02:00",
        "social": {
            "facebook": {
                "likes": 0,
                "comments": 0,
                "shares": 0
            },
            "vk": {
                "shares": 0
            }
        }
    },
    "uuid": "d717082553dbbbb297ae407232b37451e9ab3ce4",
    "url": "https://www.thestar.com.my/business/business-news/2025/01/17/pm-cptpp-a-critical-vehicle-to-expand-investment",
    "ord_in_thread": 0,
    "parent_url": null,
    "author": "Eugene Mahalingam",
    "published": "2025-01-16T23:00:00.000+02:00",
    "title": "PM: CPTPP a critical vehicle to expand investment | The Star",
    "text": "LONDON: The Comprehensive and Progressive Agreement for Trans-Pacific Partnership (CPTPP) trade agreement is a critical vehicle to expand and facilitate investment and trade between Malaysia and the United Kingdom.\nPrime Minister Datuk Seri Anwar Ibrahim said this was made possible by the move by both countries to enter the agreement.“In fact, I chose to express my appreciation to the United Kingdom premier for successfully entering the CPTPP agreement. It takes serious political commitment on the part of the United Kingdom and Malaysia, focusing on economic fundamentals in the interest of both nations to promote free trade,” he said here.\nAnwar was speaking at the launch of the YTL Group’s Brabazon New Town development in Bristol, the largest city in the South West of England.\nMalaysia ratified the CPTPP in October 2024, joining Peru, Japan, Singapore, Chile, New Zealand and Vietnam in doing so, while the United Kingdom formally joined last December. Under this framework, tariffs for products by member countries will be reduced to zero.\nThe premier also praised YTL, which is the largest Malaysian investor in the United Kingdom, for its resilience and for continuing to make strides in the country. — Bernama",
    "highlightText": "",
    "highlightTitle": "",
    "highlightThreadTitle": "",
    "language": "english",
    "sentiment": "positive",
    "categories": [
        "Economy, Business and Finance",
        "Politics",
        "Social Issue"
    ],
    "topics": [
        "Economy, Business and Finance->macro economics",
        "Economy, Business and Finance->investment and opinion pieces",
        "Economy, Business and Finance->business governance",
        "Politics->government",
        "Politics->economic policy",
        "Politics->international organisation",
        "Social Issue->social condition",
        "Social Issue->emigration",
        "Social Issue->communities"
    ],
    "ai_allow": true,
    "has_canonical": false,
    "breaking": null,
    "webz_reporter": false,
    "external_links": [],
    "external_images": [],
    "entities": {
        "persons": [],
        "organizations": [],
        "locations": []
    },
    "syndication": {
        "syndicated": false,
        "syndicate_id": null,
        "first_syndicated": false
    },
    "rating": null,
    "crawled": "2025-01-17T00:12:39.375+02:00",
    "updated": "2025-01-17T00:12:39.375+02:00"
}