{
    "thread": {
        "uuid": "14be78faaa566540585883a784d86490e9514969",
        "url": "https://www.stcatharinesstandard.ca/business/afn-chief-says-first-nations-should-be-at-the-centre-of-canada-u-s-tariffs/article_7b850747-4968-5abc-bc01-74efc0484ea5.html",
        "site_full": "www.stcatharinesstandard.ca",
        "site": "stcatharinesstandard.ca",
        "site_section": "https://stcatharinesstandard.ca/politics/federal",
        "site_categories": [
            "media",
            "travel",
            "bed_and_breakfasts"
        ],
        "section_title": "Federal Politics News | The Standard",
        "title": "AFN chief says First Nations should be at the centre of Canada-U.S. tariffs talks",
        "title_full": "AFN chief says First Nations should be at the centre of Canada-U.S. tariffs talks",
        "published": "2025-01-16T20:06:00.000+02:00",
        "replies_count": 0,
        "participants_count": 1,
        "site_type": "news",
        "country": "CA",
        "main_image": "https://bloximages.chicago2.vip.townnews.com/stcatharinesstandard.ca/content/tncms/assets/v3/editorial/c/87/c8719c2d-2944-59b5-98f1-baee9038b01d/67896a1598f2d.image.jpg?crop=1280%2C672%2C0%2C90&amp;resize=1200%2C630&amp;order=crop%2Cresize",
        "performance_score": 0,
        "domain_rank": 40388,
        "domain_rank_updated": "2025-01-13T23:00:00.000+02:00",
        "social": {
            "facebook": {
                "likes": 0,
                "comments": 0,
                "shares": 0
            },
            "vk": {
                "shares": 0
            }
        }
    },
    "uuid": "14be78faaa566540585883a784d86490e9514969",
    "url": "https://www.stcatharinesstandard.ca/business/afn-chief-says-first-nations-should-be-at-the-centre-of-canada-u-s-tariffs/article_7b850747-4968-5abc-bc01-74efc0484ea5.html",
    "ord_in_thread": 0,
    "parent_url": null,
    "author": "Alessia Passafiume The Canadian Press",
    "published": "2025-01-16T20:06:00.000+02:00",
    "title": "AFN chief says First Nations should be at the centre of Canada-U.S. tariffs talks",
    "text": "OTTAWA - The national chief of the Assembly of First Nations says First Nations should be at the centre of any discussions on how the country should respond to threats of tariffs by incoming president Donald Trumpon territorial sovereignty.\nShe’s one of three national Indigenous leaders who made a similar pitch during a meeting with Prime Minister Justin Trudeau on Wednesday morning, along with Inuit Tapiriit Kanatami President Natan Obed and Métis National Council President Victoria Pruden.",
    "highlightText": "",
    "highlightTitle": "",
    "highlightThreadTitle": "",
    "language": "english",
    "sentiment": "positive",
    "categories": [
        "Politics",
        "Social Issue"
    ],
    "topics": [
        "Politics->political process",
        "Politics->government",
        "Social Issue->social condition",
        "Social Issue->diversity, equity and inclusion",
        "Social Issue->indigenous people"
    ],
    "ai_allow": false,
    "has_canonical": true,
    "breaking": null,
    "webz_reporter": false,
    "external_links": [],
    "external_images": [],
    "entities": {
        "persons": [
            {
                "name": "Victoria Pruden",
                "sentiment": "none"
            },
            {
                "name": "Justin Trudeau",
                "sentiment": "none"
            },
            {
                "name": "Donald Trumpon",
                "sentiment": "none"
            },
            {
                "name": "Natan Obed",
                "sentiment": "none"
            }
        ],
        "organizations": [
            {
                "name": "Assembly of First Nations",
                "sentiment": "negative"
            },
            {
                "name": "AFN",
                "sentiment": "negative"
            },
            {
                "name": "Métis National Council",
                "sentiment": "none"
            }
        ],
        "locations": []
    },
    "syndication": {
        "syndicated": false,
        "syndicate_id": null,
        "first_syndicated": false
    },
    "rating": null,
    "crawled": "2025-01-17T00:29:08.288+02:00",
    "updated": "2025-01-17T00:29:08.288+02:00"
}