{
    "thread": {
        "uuid": "07c6c25a99793aa3533fa9018d95100181935540",
        "url": "https://images.thedailystar.net/news/bangladesh/news/nid-services-return-ec-3801336",
        "site_full": "images.thedailystar.net",
        "site": "thedailystar.net",
        "site_section": "https://images.thedailystar.net/news",
        "site_categories": [],
        "section_title": "News | The Daily Star",
        "title": "NID services return to EC",
        "title_full": "NID services return to EC",
        "published": "2025-01-16T20:00:00.000+02:00",
        "replies_count": 0,
        "participants_count": 1,
        "site_type": "news",
        "country": "BD",
        "main_image": "",
        "performance_score": 0,
        "domain_rank": 5216,
        "domain_rank_updated": "2025-01-13T23:00:00.000+02:00",
        "social": {
            "facebook": {
                "likes": 0,
                "comments": 0,
                "shares": 0
            },
            "vk": {
                "shares": 0
            }
        }
    },
    "uuid": "07c6c25a99793aa3533fa9018d95100181935540",
    "url": "https://images.thedailystar.net/news/bangladesh/news/nid-services-return-ec-3801336",
    "ord_in_thread": 0,
    "parent_url": null,
    "author": "@dailystarnews",
    "published": "2025-01-16T20:00:00.000+02:00",
    "title": "NID services return to EC",
    "text": "NID services return to EC\nThe government has decided to repeal the National Identity Registration law that placed NID services under the home ministry, paving the way for returning the NID activities to the Election Commission.\nChief Election Commissioner AMM Nasir Uddin said the advisory council has approved the EC's request to revoke the law.\n\"I sincerely thank the government for swiftly approving the Election Commission's recommendation. We sent a letter on Wednesday, which was passed on Thursday,\" Nasir said while speaking at a programme organised by the Reporters' Forum for Election and Democracy as part of a traditional \"Pitha\" festival.\nFour election commissioners, and Electoral Reform Commission chief Badiul Alam Majumdar also attended the event.\nIn September 2023, the National Identity Registration Bill-2023 was passed in parliament amid objection by opposition MPs. The bill aimed to transfer the national identity registration operation from the EC to the home ministry's Security Services Division.\nAbout the reform commission's proposals, the CEC said, \"Experts have made their recommendations considering all aspects. We will respond after reviewing these.\"\nBadiul emphasised the importance of creating a legal framework to ensure that the EC can fulfil its responsibilities properly in the future. He also stressed the need for establishing accountability to prevent the recurrence of past irregularities.\nAccording to him, the reform commission's survey revealed that 90 percent of respondents support holding local government elections before the national polls.",
    "highlightText": "",
    "highlightTitle": "",
    "highlightThreadTitle": "",
    "language": "english",
    "sentiment": "positive",
    "categories": [
        "Politics",
        "Social Issue"
    ],
    "topics": [
        "Politics->civil and public service",
        "Politics->government",
        "Politics->government policy",
        "Social Issue->social services",
        "Social Issue->communities"
    ],
    "ai_allow": true,
    "has_canonical": false,
    "breaking": null,
    "webz_reporter": false,
    "external_links": [],
    "external_images": [],
    "entities": {
        "persons": [],
        "organizations": [],
        "locations": []
    },
    "syndication": {
        "syndicated": false,
        "syndicate_id": null,
        "first_syndicated": false
    },
    "rating": null,
    "crawled": "2025-01-17T00:15:58.706+02:00",
    "updated": "2025-01-17T00:15:58.706+02:00"
}