{
    "thread": {
        "uuid": "e6a2565d4c5f13dc88b8e543461911b21181a181",
        "url": "https://www.thetimes-tribune.com/2025/01/16/scaffolding-coming-down-at-scranton-city-hall",
        "site_full": "www.thetimes-tribune.com",
        "site": "thetimes-tribune.com",
        "site_section": "https://www.thetimes-tribune.com/feed",
        "site_categories": [
            "media",
            "business",
            "entertainment"
        ],
        "section_title": "Scranton Times-Tribune",
        "title": "Scaffolding coming down at Scranton City Hall - Scranton Times-Tribune",
        "title_full": "Scaffolding coming down at Scranton City Hall - Scranton Times-Tribune",
        "published": "2025-01-16T22:59:00.000+02:00",
        "replies_count": 0,
        "participants_count": 1,
        "site_type": "news",
        "country": "US",
        "main_image": "https://www.thetimes-tribune.com/wp-content/uploads/2025/01/STT-L-CITYHALL-CAPST-0117-02.jpg?w=1024&#038;h=684",
        "performance_score": 0,
        "domain_rank": 17362,
        "domain_rank_updated": "2025-01-13T23:00:00.000+02:00",
        "social": {
            "facebook": {
                "likes": 0,
                "comments": 0,
                "shares": 0
            },
            "vk": {
                "shares": 0
            }
        }
    },
    "uuid": "e6a2565d4c5f13dc88b8e543461911b21181a181",
    "url": "https://www.thetimes-tribune.com/2025/01/16/scaffolding-coming-down-at-scranton-city-hall",
    "ord_in_thread": 0,
    "parent_url": null,
    "author": "Jim Lockwood",
    "published": "2025-01-16T22:59:00.000+02:00",
    "title": "Scaffolding coming down at Scranton City Hall - Scranton Times-Tribune",
    "text": "One of the most extensive exterior renovation projects in decades of Scranton City Hall occurred over much of the past year and required scaffolding at the historic 1888 Municipal Building. Work involved roof, tower, window, masonry and other restoration aspects. Workers in recent days began removing some of the scaffolding.\nWorkers begin to remove scaffolding from Scranton’s City Hall on Thursday morning. The building has been undergoing renovations. (CHAD SEBRING/STAFF PHOTO) Workers begin to remove scaffolding from Scranton’s City Hall on Thursday morning. The building has been undergoing renovations. (CHAD SEBRING/STAFF PHOTO) Share this: Click to share on Facebook (Opens in new window) Click to share on X (Opens in new window) Most Popular Infrastructure improvement projects slice into pizzeria in Scranton Infrastructure improvement projects slice into pizzeria in Scranton Scranton Housing Authority raises low rents in Park Gardens apartment complex in Green Ridge Scranton Housing Authority raises low rents in Park Gardens apartment complex in Green Ridge Lackawanna County Court Notes 1/16/25 Lackawanna County Court Notes 1/16/25 Noxen man faces drug charges after prostitution sting Noxen man faces drug charges after prostitution sting Lackawanna County Court Notes 1/14/25 Lackawanna County Court Notes 1/14/25 Blakely unveils renderings of $8M-9M community center at former Mid-Valley Hospital Blakely unveils renderings of $8M-9M community center at former Mid-Valley Hospital Scranton council splits on pay raises for mayor, council Scranton council splits on pay raises for mayor, council Chris Kelly Opinion: Rumors and rent hikes at Park Gardens Chris Kelly Opinion: Rumors and rent hikes at Park Gardens Dickson City to add traffic light to Main Street at Bowman Street, improve safety at intersection Dickson City to add traffic light to Main Street at Bowman Street, improve safety at intersection Police: Dunmore man attacks Geisinger security, personnel Police: Dunmore man attacks Geisinger security, personnel",
    "highlightText": "",
    "highlightTitle": "",
    "highlightThreadTitle": "",
    "language": "english",
    "sentiment": "positive",
    "categories": [
        "Politics",
        "Social Issue"
    ],
    "topics": [
        "Politics->local government and authority",
        "Social Issue->social services",
        "Social Issue->public housing",
        "Social Issue->communities"
    ],
    "ai_allow": true,
    "has_canonical": false,
    "breaking": null,
    "webz_reporter": false,
    "external_links": [],
    "external_images": [],
    "entities": {
        "persons": [],
        "organizations": [],
        "locations": []
    },
    "syndication": {
        "syndicated": false,
        "syndicate_id": null,
        "first_syndicated": false
    },
    "rating": null,
    "crawled": "2025-01-17T00:40:00.845+02:00",
    "updated": "2025-01-17T00:40:00.845+02:00"
}