{
    "thread": {
        "uuid": "20239100d64f0cc88a269ddb27f85148ddc7d566",
        "url": "https://www.world-today-news.com/cuban-government-releases-opposition-leader-jose-daniel-ferrer-amid-rising-tensions",
        "site_full": "www.world-today-news.com",
        "site": "world-today-news.com",
        "site_section": "https://www.world-today-news.com",
        "site_categories": [
            "media"
        ],
        "section_title": "World Today News - www.world-today-news.com/",
        "title": "Cuban Government Releases Opposition Leader José Daniel Ferrer Amid Rising Tensions",
        "title_full": "Cuban Government Releases Opposition Leader José Daniel Ferrer Amid Rising Tensions",
        "published": "2025-01-16T21:29:00.000+02:00",
        "replies_count": 0,
        "participants_count": 1,
        "site_type": "news",
        "country": "AD",
        "main_image": "",
        "performance_score": 0,
        "domain_rank": 28759,
        "domain_rank_updated": "2025-01-13T23:00:00.000+02:00",
        "social": {
            "facebook": {
                "likes": 0,
                "comments": 0,
                "shares": 0
            },
            "vk": {
                "shares": 0
            }
        }
    },
    "uuid": "20239100d64f0cc88a269ddb27f85148ddc7d566",
    "url": "https://www.world-today-news.com/cuban-government-releases-opposition-leader-jose-daniel-ferrer-amid-rising-tensions",
    "ord_in_thread": 0,
    "parent_url": null,
    "author": "world today news",
    "published": "2025-01-16T21:29:00.000+02:00",
    "title": "Cuban Government Releases Opposition Leader José Daniel Ferrer Amid Rising Tensions",
    "text": "Cuban Dissident José Daniel Ferrer ⁢Released After Nearly Four ‍Years in Prison\nIn a moment that has sparked hope and⁣ renewed calls for justice, Cuban opposition leader José Daniel Ferrer has been released from prison after nearly four years of incarceration. The prominent dissident, known for his​ unwavering activism, was seen in a photo shared by his sister, Ana Belkis Ferrer , standing in the patio of​ his home in Santiago de ⁢Cuba, drawing the symbol of freedom with his left hand. The image, which quickly went viral, ‌shows a ‌visibly⁣ thinner Ferrer dressed in black pants ‍and a white sweater, a stark reminder of the hardships he endured during his time in Mar Verde prison [[1]] .⁤\n“They release my​ brave brother,” Ana ⁣Belkis wrote on social media,adding ​a heartfelt plea for the freedom of “all” political ​prisoners ‍in Cuba. Her words have resonated globally, amplifying demands for the release of not only the 553 prisoners agreed upon ⁣in​ a deal with the Joe Biden Governance but also the more than 1,500 political prisoners still ⁤languishing in Cuban jails [[2]] .\nA Long-Awaited Freedom ​ Ferrer’s release comes as ⁣part of a broader effort by the cuban government to release political prisoners following the Biden Administration’s decision to remove Cuba from the list of state sponsors of terrorism [[3]] . the dissident leader was granted conditional freedom , a legal⁢ mechanism that allows for his release under specific terms. However, ​Ferrer made it clear that he would not be silenced.\nUpon being handed a⁤ “pamphlet ⁢of conditions” ‍by prison⁣ officials, Ferrer ‍reportedly responded, “It does not limit ​conditions ⁤of any kind, because I ​was kidnapped by the dictatorship, and they have to know that I am going to continue⁤ my activism in defense of human rights and the freedom of all the Cuban people.”\nA History of Persecution Ferrer’s release marks the second time ‍he has ⁤been freed from prison ⁢following Vatican-mediated negotiations 492450.html”>[[5]] . ‍\nA Life Marked by Struggle⁢ Ferrer’s time in prison was marked by severe⁣ hardships. His family has repeatedly reported instances‍ of torture , including beatings, isolation, and the denial of phone calls and family visits. in a letter made public last year, Ferrer described his ⁤conditions as ⁤being “buried alive,” detailing symptoms such as severe headaches, ringing ⁤in ⁣his ears, mouth bleeding, cramps, and loss of vision. “I find myself in the most⁤ extreme isolation known in the Western Hemisphere in the 21st century,” he wrote.⁣\nDespite these challenges, Ferrer has remained steadfast ⁤in his commitment to human rights and democracy. As the ⁤leader of the Patriotic Union of Cuba (UNPACU) ⁣and president of the Council for ⁣the Democratic Transition in Cuba (CTDC) ,he has been a vocal critic of the ⁣Cuban government and a symbol of resistance for many [[6]] .\nWhat’s Next for Ferrer? While many ‌speculate that exile might potentially be an option for⁢ Ferrer, he has consistently rejected this idea.​ His sister, Ana Belkis, expressed her joy at his release but emphasized ​that the fight for freedom in Cuba is far from over. “This⁤ is a victory, but we cannot forget the thousands who remain imprisoned,” she said.​\nAs Ferrer ⁤adjusts to life outside prison, his release serves as a reminder of⁤ the ongoing struggle for human⁣ rights in Cuba. His story is one of resilience, courage, and an unyielding commitment to justice.\nKey Facts About José Daniel Ferrer’s Release | detail ​ ⁣ | Data ⁣ ⁤ ⁣ ⁤ ⁤ ⁣ ​ ⁣ |\n| | |\n| Date of release | January 16, 2025 ​ ‌ ⁢ ‍ ⁣⁢ ‍ ‍ ⁢ |\n| Prison ‌ ⁣ | Mar Verde, Santiago de Cuba ⁢ ‍ ​ ⁣ ‍ |\n| Reason ​for Imprisonment ⁢ |⁣ Contempt and disobedience (July 11, 2021 protests) ​ |\n| Length of Sentence ‌ | 4 years and 14 days ⁢ ‍ ​‌ ‍ ⁢⁣ ​ ⁢ ​ ‌ ​ |\n| Condition‍ of Release | Conditional freedom ‍ ⁣ ‍ |\n| Previous Imprisonment ⁢ ⁢ ⁣ | 25 years during the Black Spring of ⁤2003 (released in 2011) |\n| Association ​ ​ | Patriotic Union of Cuba (UNPACU), Council for the Democratic‌ Transition in Cuba |\n| Family’s Role | Sister Ana Belkis Ferrer shared his release ‌news on social media ⁣ |\nFerrer’s release is a ‌beacon of hope,⁢ but the fight for freedom in Cuba continues. As the world watches,the ‌question remains: Will this moment lead to broader change,or will it be another chapter in a long history of struggle?\nJosé⁢ Daniel Ferrer’s Release: A Beacon of Hope ⁢or ​a Fleeting Moment for Cuba? In a significant development for Cuba’s political ⁣landscape,⁣ prominent dissident ⁢ José Daniel Ferrer has been ⁤released from ⁣ Mar Verde prison ‍ after nearly‌ four years of incarceration. His release, part of a broader agreement following ⁣teh biden Administration’s decision to‌ remove cuba from the list of ‌state sponsors of terrorism , has reignited ‌discussions about the⁢ future of human ​rights and political⁤ freedom on⁣ the⁢ island. ‌To ‌delve deeper into the implications of Ferrer’s release, ‌ Senior Editor of ‌World-Today-News.com sat down with​ Dr. María López , a leading expert on Cuban politics and human rights,‍ to discuss the ancient context, the current state of dissent in Cuba, and what this moment means for ⁢the future.\nThe Importance of Ferrer’s ⁣Release Senior Editor: ​ Dr. López, thank you⁢ for ⁣joining us. José Daniel Ferrer’s release has been widely celebrated,but what does it truly signify⁤ for ‍Cuba’s⁣ political climate?\nDr. María López: Thank you for⁣ having me. Ferrer’s release is undeniably ‍significant, but it’s critically important to contextualize it. While it’s a moment of hope for ​his family and supporters,‌ it’s also a⁣ reminder of the systemic‍ repression that persists in Cuba. Ferrer is one of the most prominent figures in the⁤ Cuban opposition movement,and‍ his imprisonment was⁤ symbolic of the government’s ‌crackdown on dissent. his release,‍ while ⁢welcome, is conditional ‍and comes‌ with restrictions. It’s a small step, but the broader struggle for freedom and​ human ‌rights in‌ Cuba remains unresolved.\nSenior Editor: You mentioned the conditional nature of his release. Can you elaborate on what that means for Ferrer‌ and other political prisoners?\nDr. María López: Conditional freedom in‍ Cuba ​is a legal mechanism that allows prisoners to be released under strict ‍terms, frequently enough including restrictions on their⁤ movements, speech, and ⁤political⁢ activities. For ​Ferrer, this means he’s technically free but still under the watchful​ eye of the state.It’s a ‌way for ​the government to appear conciliatory without fully relinquishing control. For other political prisoners,⁢ this raises questions about whether their releases will⁢ also come with strings⁢ attached.\nThe historical Context: Ferrer’s Long ⁣Struggle Senior Editor: Ferrer’s release marks the second time he’s ⁢been freed from ‍prison.⁤ Can ‍you take us ⁣through his history of activism and imprisonment?\nDr. María López: Absolutely. Ferrer’s activism dates back to the early ⁤2000s, when‍ he became a key figure in the⁤ Patriotic Union of Cuba⁣ (UNPACU) , one of the most prominent opposition groups on the island. His first imprisonment ‍came during the Black ‍Spring of 2003 , when the Cuban government arrested 75 dissidents, including ​Ferrer, in a sweeping⁤ crackdown. He was sentenced to 25⁣ years⁣ but was released in ⁤2011 after negotiations involving the Catholic‍ Church and the ‍ Spanish⁣ government .\nThis⁢ time,Ferrer⁢ was imprisoned for his role in the July 11,2021 protests ,which were among the largest anti-government ⁣demonstrations in⁢ recent Cuban history. ⁣His charges of⁤ contempt and disobedience highlight the government’s intolerance of dissent. ferrer’s resilience and​ refusal to be silenced,‍ even after enduring torture and⁢ isolation, make him a ​symbol of the broader struggle for freedom in Cuba.\nThe Role of International⁤ Pressure Senior Editor: How much of a role do you think international pressure played in⁤ Ferrer’s release?\nDr. María López: International pressure has been a critical factor.The⁤ Biden Administration’s ​decision to remove cuba from the list of state sponsors of terrorism ‌ was a significant diplomatic⁤ move that likely⁤ influenced​ the Cuban government’s decision to ⁣release Ferrer and other political⁢ prisoners.​ Additionally, organizations ⁣like the Vatican and‍ human rights groups have consistently‍ advocated for the‌ release of Cuban dissidents. However, it’s⁢ worth noting that the Cuban government often uses these releases as a way to placate international critics ⁤without making substantive changes to its repressive policies.\nSenior Editor: Do you think this moment could lead to broader changes in ⁤Cuba, or is⁤ it more of ⁤a symbolic gesture?\nDr. ⁤María López: It’s hard to ​say. While​ Ferrer’s release is ​a ⁢positive ⁤development, it’s unlikely to lead to immediate, sweeping changes. The Cuban government has a long history of using such⁤ gestures to ease external ‍pressure while maintaining tight control domestically.That said, ⁣moments like these can⁤ galvanize⁣ the⁤ opposition and draw global attention to the ‍plight of political prisoners ⁢in Cuba. The ‍key will be whether this momentum can⁢ be sustained​ and whether⁣ the⁢ international community continues to hold the Cuban⁤ government accountable.",
    "highlightText": "",
    "highlightTitle": "",
    "highlightThreadTitle": "",
    "language": "english",
    "sentiment": "positive",
    "categories": [
        "Politics",
        "Human Interest"
    ],
    "topics": [
        "Politics->human rights",
        "Politics->civil rights",
        "Politics->political dissent"
    ],
    "ai_allow": true,
    "has_canonical": false,
    "breaking": null,
    "webz_reporter": false,
    "external_links": [
        "https://elpais.com/america/2025-01-16/medidas-tardias-para-cuba.html",
        "https://elpais.com/elpais/2015/09/19/album/1442693165<em>080369.html”>",
        "https://elpais.com/america/2025-01-15/cuba-comienza-a-liberar-a-presos-politicos-tras-la-decision-de-biden-de-retirar-a-la-isla-de-la-lista-de-paises-que-patrocinan-el-terrorismo.html",
        "https://elpais.com/us/2024-12-03/le-dieron-golpes-y-me-lo-mataron-la-muerte-de-un-preso-politico-en-una-carcel-cubana.html",
        "https://elpais.com/us/2025-01-14/cuba-liberara-a-mas-de-550-presos-tras-la-intermediacion-del-vaticano.html",
        "https://www.elpais.com/elpais/2015/09/19/album/1442693165<em>080369.html”>",
        "https://www.elpais.com/america/2025-01-16/medidas-tardias-para-cuba.html",
        "https://www.elpais.com/america/2025-01-15/cuba-comienza-a-liberar-a-presos-politicos-tras-la-decision-de-biden-de-retirar-a-la-isla-de-la-lista-de-paises-que-patrocinan-el-terrorismo.html",
        "https://www.elpais.com/us/2025-01-14/cuba-liberara-a-mas-de-550-presos-tras-la-intermediacion-del-vaticano.html",
        "https://www.elpais.com/us/2024-12-03/le-dieron-golpes-y-me-lo-mataron-la-muerte-de-un-preso-politico-en-una-carcel-cubana.html"
    ],
    "external_images": [],
    "entities": {
        "persons": [
            {
                "name": "José Daniel Ferrer",
                "sentiment": "negative"
            },
            {
                "name": "Ana Belkis Ferrer",
                "sentiment": "none"
            },
            {
                "name": "Ana ⁣Belkis",
                "sentiment": "none"
            }
        ],
        "organizations": [],
        "locations": []
    },
    "syndication": {
        "syndicated": false,
        "syndicate_id": null,
        "first_syndicated": false
    },
    "rating": null,
    "crawled": "2025-01-17T00:24:47.467+02:00",
    "updated": "2025-01-17T00:24:47.467+02:00"
}