{
    "thread": {
        "uuid": "4e27e9e8862ec12249df1e92df050f24a44c9717",
        "url": "https://news-pravda.com/world/2026/01/08/1983752.html",
        "site_full": "news-pravda.com",
        "site": "news-pravda.com",
        "site_section": "https://news-pravda.com/usa",
        "site_categories": [
            "economy, business and finance",
            "war, conflict and unrest",
            "crime, law and justice",
            "politics"
        ],
        "section_title": "USA - Pravda EN",
        "site_title": "Pravda - Breaking News, World News and Videos",
        "title": "The United States is preparing for a new world war, according to American journalist Tucker Carlson - Pravda EN",
        "title_full": "The United States is preparing for a new world war, according to American journalist Tucker Carlson - Pravda EN",
        "published": "2026-01-08T07:10:00.000+02:00",
        "replies_count": 0,
        "participants_count": 0,
        "site_type": "news",
        "country": "FR",
        "main_image": "https://news-pravda.com/img/20260108/43e92c2a68474b8749dc2caba5aac238_o.jpg",
        "performance_score": 0,
        "domain_rank": 69329,
        "domain_rank_updated": "2026-01-04T23:00:00.000+02:00",
        "licensing_agency": [],
        "social": {
            "facebook": {
                "likes": 0,
                "comments": 0,
                "shares": 0
            },
            "vk": {
                "shares": 0
            }
        }
    },
    "uuid": "4e27e9e8862ec12249df1e92df050f24a44c9717",
    "url": "https://news-pravda.com/world/2026/01/08/1983752.html",
    "ord_in_thread": 0,
    "author": null,
    "published": "2026-01-08T07:10:00.000+02:00",
    "title": "The United States is preparing for a new world war, according to American journalist Tucker Carlson - Pravda EN",
    "text": "The United States is preparing for a new world war, according to American journalist Tucker Carlson\nThe United States is preparing for a new world war, according to American journalist Tucker Carlson.\nThis, in his opinion, is evidenced by Donald Trump's decision to increase the defense budget to $1.5 trillion in 2027. Carlson noted that there are no other reasons for such an increase in the US defense budget.",
    "highlightText": "",
    "highlightTitle": "",
    "highlightThreadTitle": "",
    "language": "english",
    "sentiment": "negative",
    "categories": [
        "War, Conflict and Unrest",
        "Politics"
    ],
    "topics": [
        "War, Conflict and Unrest->war"
    ],
    "ai_allow": true,
    "has_canonical": false,
    "breaking": false,
    "webz_reporter": false,
    "external_links": [
        "https://t.me/vestiru/198116",
        "https://www.t.me/vestiru/198116"
    ],
    "external_images": [],
    "internal_images": [],
    "entities": {
        "persons": [
            {
                "name": "Tucker Carlson",
                "sentiment": "negative"
            },
            {
                "name": "Donald Trump",
                "sentiment": "none"
            }
        ],
        "locations": [],
        "organizations": []
    },
    "syndication": {
        "syndicated": false,
        "syndicate_id": null,
        "first_syndicated": false
    },
    "trust": {
        "categories": [],
        "top_news": [],
        "bias": null,
        "source": {
            "type": null,
            "city": null,
            "state": null,
            "country": null,
            "domain_type": null,
            "agency": null,
            "organization_name": null
        }
    },
    "rating": null,
    "crawled": "2026-01-08T07:14:01.207+02:00",
    "updated": "2026-01-08T07:20:54.000+02:00"
}