{
    "thread": {
        "uuid": "d53381d03abe44e1ab8a24d1c313b221facdf783",
        "url": "https://open.video/@thelist/v/the-real-reason-rfk-jr-wasnt-at-tatiana-schlossbergs-funeral",
        "site_full": "open.video",
        "site": "open.video",
        "site_section": "https://open.video/@thelist",
        "site_categories": [
            "war, conflict and unrest",
            "economy, business and finance",
            "crime, law and justice",
            "politics",
            "lifestyle and leisure",
            "arts, culture and entertainment"
        ],
        "section_title": "The List Videos",
        "site_title": "Open.Video - Own Your Channel",
        "title": "The Real Reason RFK Jr Wasn't At Tatiana Schlossberg's Funeral | Open Video",
        "title_full": "The Real Reason RFK Jr Wasn't At Tatiana Schlossberg's Funeral | Open Video",
        "published": "2026-01-08T05:26:00.000+02:00",
        "replies_count": 0,
        "participants_count": 0,
        "site_type": "news",
        "country": "US",
        "main_image": "https://video-meta.open.video/poster/kQiSIxCRUeWR/1VDFjqDraQM_OBgFbI.jpg",
        "performance_score": 0,
        "domain_rank": 21962,
        "domain_rank_updated": "2026-01-04T23:00:00.000+02:00",
        "licensing_agency": [],
        "social": {
            "facebook": {
                "likes": 0,
                "comments": 0,
                "shares": 0
            },
            "vk": {
                "shares": 0
            }
        }
    },
    "uuid": "d53381d03abe44e1ab8a24d1c313b221facdf783",
    "url": "https://open.video/@thelist/v/the-real-reason-rfk-jr-wasnt-at-tatiana-schlossbergs-funeral",
    "ord_in_thread": 0,
    "author": null,
    "published": "2026-01-08T05:26:00.000+02:00",
    "title": "The Real Reason RFK Jr Wasn't At Tatiana Schlossberg's Funeral | Open Video",
    "text": "The Real Reason RFK Jr Wasn't At Tatiana Schlossberg's Funeral\nJan 8, 2026\n\"An embarrassment to me and the rest of my immediate family\" — that's what the late Tatiana Schlossberg called her cousin, Robert F. Kennedy Jr., in a New Yorker essay published just weeks before she died at age 35 from leukemia. It still came as a surprise to many to learn that the Secretary of Health and Human Services was not among the mourners at the funeral for the environmental journalist, held on January 5th in New York City — but Kennedy family insiders say he was never even invited.\nShow More)\nShow Less)\n#Law & Government\n#Government\n#Death & Tragedy",
    "highlightText": "",
    "highlightTitle": "",
    "highlightThreadTitle": "",
    "language": "english",
    "sentiment": "negative",
    "categories": [
        "Politics",
        "Human Interest"
    ],
    "topics": [
        "Politics->political candidates",
        "Human Interest->funeral and memorial service"
    ],
    "ai_allow": true,
    "has_canonical": false,
    "breaking": null,
    "webz_reporter": false,
    "external_links": [],
    "external_images": [],
    "internal_images": [],
    "entities": {
        "persons": [
            {
                "name": "Tatiana Schlossberg",
                "sentiment": "neutral"
            },
            {
                "name": "Robert F. Kennedy Jr.",
                "sentiment": "none"
            }
        ],
        "locations": [],
        "organizations": []
    },
    "syndication": {
        "syndicated": false,
        "syndicate_id": null,
        "first_syndicated": false
    },
    "trust": {
        "categories": [],
        "top_news": [],
        "bias": null,
        "source": {
            "type": null,
            "city": null,
            "state": null,
            "country": null,
            "domain_type": null,
            "agency": null,
            "organization_name": null
        }
    },
    "rating": null,
    "crawled": "2026-01-08T07:21:55.196+02:00",
    "updated": "2026-01-08T07:27:07.000+02:00"
}