{
    "thread": {
        "uuid": "c83bba828a58b3d56800381c8fefc12a72c0a989",
        "url": "https://www.13newsnow.com/video/news/crime/yorktown-navy-boat-drill-turns-deadly-hearing-considers-court-martial-sailor-identified/291-6e0ac43c-666e-4cb5-a080-3f4ece322a62",
        "site_full": "www.13newsnow.com",
        "site": "13newsnow.com",
        "site_section": "https://13newsnow.com/news",
        "site_categories": [
            "travel",
            "hobbies_and_interests",
            "photography",
            "by_us_locale"
        ],
        "section_title": "News Headlines | 13newsnow.com",
        "title": "Yorktown Navy boat drill turns deadly; hearing considers court martial, sailor identified | 13newsnow.com",
        "title_full": "Yorktown Navy boat drill turns deadly; hearing considers court martial, sailor identified | 13newsnow.com",
        "published": "2025-01-30T02:00:00.000+02:00",
        "replies_count": 0,
        "participants_count": 1,
        "site_type": "news",
        "country": "US",
        "main_image": "https://media.13newsnow.com/assets/WVEC/images/fc2e786d-24f6-43e5-843e-48751ebf643b/20250130T212755/fc2e786d-24f6-43e5-843e-48751ebf643b_1140x641.jpg",
        "performance_score": 0,
        "domain_rank": 10026,
        "domain_rank_updated": "2025-01-27T23:00:00.000+02:00",
        "social": {
            "facebook": {
                "likes": 0,
                "comments": 0,
                "shares": 0
            },
            "vk": {
                "shares": 0
            }
        }
    },
    "uuid": "c83bba828a58b3d56800381c8fefc12a72c0a989",
    "url": "https://www.13newsnow.com/video/news/crime/yorktown-navy-boat-drill-turns-deadly-hearing-considers-court-martial-sailor-identified/291-6e0ac43c-666e-4cb5-a080-3f4ece322a62",
    "ord_in_thread": 0,
    "parent_url": null,
    "author": "Author",
    "published": "2025-01-30T02:00:00.000+02:00",
    "title": "Yorktown Navy boat drill turns deadly; hearing considers court martial, sailor identified | 13newsnow.com",
    "text": "Skip Navigation\nNavigation\nNews\nBack\nVERIFY\nSearch\nSearch:\nSearch\nRight Now\nNorfolk, VA »\n52°\nNorfolk, VA »\nBreaking News\nMore (\n) »\nYorktown Navy boat drill turns deadly; hearing considers court martial, sailor identified\nThe Navy IDs MA2 Jackson Bower, charged with negligent homicide in MA3 Lyndon Cosgriff-Flax's death during a York River boat drill at Yorktown.\nBefore You Leave, Check This Out",
    "highlightText": "",
    "highlightTitle": "",
    "highlightThreadTitle": "",
    "language": "english",
    "sentiment": "negative",
    "categories": [
        "Disaster and Accident",
        "Politics"
    ],
    "topics": [
        "Disaster and Accident->disaster",
        "Politics->defence",
        "Politics->government",
        "Politics->public inquiry"
    ],
    "ai_allow": true,
    "has_canonical": false,
    "breaking": false,
    "webz_reporter": false,
    "external_links": [],
    "external_images": [],
    "entities": {
        "persons": [],
        "organizations": [],
        "locations": []
    },
    "syndication": {
        "syndicated": false,
        "syndicate_id": null,
        "first_syndicated": false
    },
    "trust": null,
    "rating": null,
    "crawled": "2025-01-31T00:02:58.835+02:00",
    "updated": "2025-01-31T00:02:58.835+02:00"
}