{
    "thread": {
        "uuid": "1a7cdf982cd419b8596527aab91f26beadfcb806",
        "url": "https://www.freepressjournal.in/india/haryana-police-kill-accused-in-encounter-days-after-bsp-leader-harbilas-rajjumajras-murder-in-ambala",
        "site_full": "www.freepressjournal.in",
        "site": "freepressjournal.in",
        "site_section": "https://www.freepressjournal.in/feed",
        "site_categories": [
            "media",
            "top_news_in",
            "top_news"
        ],
        "section_title": "Free Press Journal",
        "title": "Haryana Police Kill Accused In Encounter Days After BSP Leader Harbilas Rajjumajra's Murder In Ambala",
        "title_full": "Haryana Police Kill Accused In Encounter Days After BSP Leader Harbilas Rajjumajra's Murder In Ambala",
        "published": "2025-01-30T23:08:00.000+02:00",
        "replies_count": 0,
        "participants_count": 1,
        "site_type": "news",
        "country": "IN",
        "main_image": "https://media.assettype.com/freepressjournal/2025-01-30/jgajy8w1/Capture.JPG",
        "performance_score": 0,
        "domain_rank": 9668,
        "domain_rank_updated": "2025-01-27T23:00:00.000+02:00",
        "social": {
            "facebook": {
                "likes": 0,
                "comments": 0,
                "shares": 0
            },
            "vk": {
                "shares": 0
            }
        }
    },
    "uuid": "1a7cdf982cd419b8596527aab91f26beadfcb806",
    "url": "https://www.freepressjournal.in/india/haryana-police-kill-accused-in-encounter-days-after-bsp-leader-harbilas-rajjumajras-murder-in-ambala",
    "ord_in_thread": 0,
    "parent_url": null,
    "author": "Rajesh Moudgil",
    "published": "2025-01-30T23:08:00.000+02:00",
    "title": "Haryana Police Kill Accused In Encounter Days After BSP Leader Harbilas Rajjumajra's Murder In Ambala",
    "text": "Chandigarh: Days after a Bahujan Samaj Party (BSP) leader was shot dead by some assailants near Naraingarh town of Haryana’s Ambala district, a team of Haryana police shot dead one of the accused in an encounter near Mullana town of the district Wednesday evening.\nAccording to police, the deceased was identified as Sagar, a resident of Shahzadpur town of the district, who was one of the shooters who had killed BSP leader Harbilas Rajjumajra last Friday.\nRajjumajra's friend Puneet Dang who was accompanying him was also injured in the attack.\nLet us know! 👂\nWhat type of content would you like to see from us this year?\n— HubSpot (@HubSpot) Let us know! 👂\nWhat type of content would you like to see from us this year?\n— HubSpot (@HubSpot) Read Also Haryana Court Summons Arvind Kejriwal On Feb 17 Over 'Poisoning In Yamuna' Remark Acting on a tip-off, the police team had raided Sagar's hideout near Mullana around 6 pm on Wednesday but the accused started firing at them in a bid to flee from the spot.\nHowever, he was shot dead in retaliatory firing, while two policemen also suffered bullet injuries, police said adding that they were taken to hospital where their condition was said to be stable.\nThe police said it has arrested five people till date in connection with the BSP leader's murder case. It may be recalled that gangster Venkat Garh who had taken responsibility for the said murder, has yet to be arrested.",
    "highlightText": "",
    "highlightTitle": "",
    "highlightThreadTitle": "",
    "language": "english",
    "sentiment": "negative",
    "categories": [
        "Crime, Law and Justice",
        "Politics",
        "Human Interest"
    ],
    "topics": [
        "Crime, Law and Justice->homicide",
        "Crime, Law and Justice->investigation (criminal)",
        "Politics->political candidates",
        "Politics->government",
        "Politics->political crisis",
        "Human Interest->human mishap"
    ],
    "ai_allow": true,
    "has_canonical": false,
    "breaking": false,
    "webz_reporter": false,
    "external_links": [],
    "external_images": [],
    "entities": {
        "persons": [],
        "organizations": [],
        "locations": []
    },
    "syndication": {
        "syndicated": false,
        "syndicate_id": null,
        "first_syndicated": false
    },
    "trust": null,
    "rating": null,
    "crawled": "2025-01-31T00:03:38.675+02:00",
    "updated": "2025-01-31T00:52:05.493+02:00"
}