{
    "thread": {
        "uuid": "ba3d24bc936a92c0b66eac40bfda6370fa151c04",
        "url": "https://www.wfmynews2.com/video/news/national/pres-trump-speaks-on-deadly-plane-crash-full-presser/83-dd17510b-f01d-458a-ac52-21e2a9dc8ab0",
        "site_full": "www.wfmynews2.com",
        "site": "wfmynews2.com",
        "site_section": "https://www.wfmynews2.com/news",
        "site_categories": [
            "media"
        ],
        "section_title": "News Headlines | wfmynews2.com",
        "title": "Pres. Trump speaks on deadly plane crash | FULL PRESSER | wfmynews2.com",
        "title_full": "Pres. Trump speaks on deadly plane crash | FULL PRESSER | wfmynews2.com",
        "published": "2025-01-30T02:00:00.000+02:00",
        "replies_count": 0,
        "participants_count": 1,
        "site_type": "news",
        "country": "US",
        "main_image": "https://media.wfmynews2.com/assets/WFMY/images/90c0170a-2efd-4aee-af6e-ce9724acc57c/20250130T190450/90c0170a-2efd-4aee-af6e-ce9724acc57c_1140x641.jpg",
        "performance_score": 0,
        "domain_rank": 13958,
        "domain_rank_updated": "2025-01-27T23:00:00.000+02:00",
        "social": {
            "facebook": {
                "likes": 0,
                "comments": 0,
                "shares": 0
            },
            "vk": {
                "shares": 0
            }
        }
    },
    "uuid": "ba3d24bc936a92c0b66eac40bfda6370fa151c04",
    "url": "https://www.wfmynews2.com/video/news/national/pres-trump-speaks-on-deadly-plane-crash-full-presser/83-dd17510b-f01d-458a-ac52-21e2a9dc8ab0",
    "ord_in_thread": 0,
    "parent_url": null,
    "author": "Author wfmynews",
    "published": "2025-01-30T02:00:00.000+02:00",
    "title": "Pres. Trump speaks on deadly plane crash | FULL PRESSER | wfmynews2.com",
    "text": "Skip Navigation\nNavigation\nNews\nBack\nWeather\nBack\nVERIFY\nSearch\nSearch:\nSearch\nRight Now\nGreensboro, NC »\n58°\nGreensboro, NC »\nBreaking News\nMore (\n) »\nPres. Trump speaks on deadly plane crash | FULL PRESSER\nPresident Donald Trump says the deadly plane crash was 'preventable' tragedy and criticizes DEI hiring and past administrations.\nBefore You Leave, Check This Out",
    "highlightText": "",
    "highlightTitle": "",
    "highlightThreadTitle": "",
    "language": "english",
    "sentiment": "negative",
    "categories": [
        "Politics",
        "Social Issue",
        "Crime, Law and Justice"
    ],
    "topics": [
        "Politics->political campaigns",
        "Politics->political candidates"
    ],
    "ai_allow": true,
    "has_canonical": false,
    "breaking": false,
    "webz_reporter": false,
    "external_links": [],
    "external_images": [],
    "entities": {
        "persons": [],
        "organizations": [],
        "locations": []
    },
    "syndication": {
        "syndicated": false,
        "syndicate_id": null,
        "first_syndicated": false
    },
    "trust": null,
    "rating": null,
    "crawled": "2025-01-31T00:01:59.085+02:00",
    "updated": "2025-01-31T00:01:59.085+02:00"
}