{
    "thread": {
        "uuid": "8921d46591da6faadb734b83d1b5017fd506f3a6",
        "url": "https://www.cleveland19.com/video/2025/01/30/rescue-efforts-turn-recovery-investigation-site-fatal-plane-crash-with-no-survivors",
        "site_full": "www.cleveland19.com",
        "site": "cleveland19.com",
        "site_section": "https://news.google.com/search?q=no%20when%3A1h&hl=en-US&gl=US&ceid=US%3Aen",
        "site_categories": [
            "media"
        ],
        "section_title": "Google News - Search",
        "title": "Rescue efforts turn to recovery, investigation at site of fatal plane crash with no survivors",
        "title_full": "Rescue efforts turn to recovery, investigation at site of fatal plane crash with no survivors",
        "published": "2025-01-30T02:00:00.000+02:00",
        "replies_count": 0,
        "participants_count": 1,
        "site_type": "news",
        "country": "US",
        "main_image": "https://gray-woio-prod.gtv-cdn.com/resizer/v2/https%3A%2F%2Fdo0bihdskp9dy.cloudfront.net%2F01-30-2025%2Ft_41357bfb3be24678863ab8e17f8f34e0_name_file_1280x720_2000_v3_1_.jpg?auth=d1dd0090bb91c1e76e110d0cffa56034f0d4f31e08f04debd43a1e895a127126&amp;width=1200&amp;height=600&amp;smart=true",
        "performance_score": 0,
        "domain_rank": 12369,
        "domain_rank_updated": "2025-01-27T23:00:00.000+02:00",
        "social": {
            "facebook": {
                "likes": 0,
                "comments": 0,
                "shares": 0
            },
            "vk": {
                "shares": 0
            }
        }
    },
    "uuid": "8921d46591da6faadb734b83d1b5017fd506f3a6",
    "url": "https://www.cleveland19.com/video/2025/01/30/rescue-efforts-turn-recovery-investigation-site-fatal-plane-crash-with-no-survivors",
    "ord_in_thread": 0,
    "parent_url": null,
    "author": "@Cleveland19",
    "published": "2025-01-30T02:00:00.000+02:00",
    "title": "Rescue efforts turn to recovery, investigation at site of fatal plane crash with no survivors",
    "text": "Updated: 7 minutes ago\n|Trump said tariffs on Canada and Mexico will come Saturday while signing executive orders on Thursday. (Source: POOL)\nUpdated: 18 minutes ago\n|Kerrigan said just knowing you’ve been through the same rigorous training and schedule of falling over and over again fuels an immediate bond. (Source: CNN)\nUpdated: 23 minutes ago\n|In all, 14 of the victims were coming back from a national development camp for promising young skaters. (Source: CNN)\nUpdated: 32 minutes ago\n|Israel releases 110 Palestinian prisoners, while Hamas and allies let eight hostages free. (Source: CNN, KAN NEWS, GETTY IMAGES, GPO, IDF, ROYAL THAI EMBASSY, SIEGEL FAMILY, JONATHAN DEKEL-CHEN)",
    "highlightText": "",
    "highlightTitle": "",
    "highlightThreadTitle": "",
    "language": "english",
    "sentiment": "negative",
    "categories": [
        "Crime, Law and Justice",
        "Politics",
        "Social Issue"
    ],
    "topics": [
        "Crime, Law and Justice->investigation (criminal)",
        "Politics->government",
        "Politics->safety of citizens",
        "Politics->political crisis",
        "Social Issue->demographics",
        "Social Issue->death and dying",
        "Social Issue->social problem"
    ],
    "ai_allow": true,
    "has_canonical": false,
    "breaking": true,
    "webz_reporter": false,
    "external_links": [],
    "external_images": [],
    "entities": {
        "persons": [],
        "organizations": [],
        "locations": []
    },
    "syndication": {
        "syndicated": false,
        "syndicate_id": null,
        "first_syndicated": false
    },
    "trust": null,
    "rating": null,
    "crawled": "2025-01-31T00:02:31.965+02:00",
    "updated": "2025-01-31T00:02:31.965+02:00"
}