{
    "thread": {
        "uuid": "b37934974f628d4af36678ae783af72ed36f0250",
        "url": "https://www.newsbreak.com/common-dreams-1656161/3782882145388-trump-signs-sweeping-xenophobic-bill-rescinding-due-process-for-millions",
        "site_full": "www.newsbreak.com",
        "site": "newsbreak.com",
        "site_section": "https://www.newsbreak.com/common-dreams-1656161",
        "site_categories": [
            "under_construction",
            "non_standard_content"
        ],
        "section_title": "Common Dreams&#x27;s Home Page | NewsBreak",
        "title": "Trump Signs Sweeping Xenophobic Bill, Rescinding Due Process for Millions - NewsBreak",
        "title_full": "Trump Signs Sweeping Xenophobic Bill, Rescinding Due Process for Millions - NewsBreak",
        "published": "2025-01-30T00:31:00.000+02:00",
        "replies_count": 0,
        "participants_count": 1,
        "site_type": "news",
        "country": "US",
        "main_image": "https://img.particlenews.com/img/id/2LNA7q_0yVirOVV00",
        "performance_score": 0,
        "domain_rank": 3587,
        "domain_rank_updated": "2025-01-27T23:00:00.000+02:00",
        "social": {
            "facebook": {
                "likes": 0,
                "comments": 0,
                "shares": 0
            },
            "vk": {
                "shares": 0
            }
        }
    },
    "uuid": "b37934974f628d4af36678ae783af72ed36f0250",
    "url": "https://www.newsbreak.com/common-dreams-1656161/3782882145388-trump-signs-sweeping-xenophobic-bill-rescinding-due-process-for-millions",
    "ord_in_thread": 0,
    "parent_url": null,
    "author": "Brett Wilkins",
    "published": "2025-01-30T00:31:00.000+02:00",
    "title": "Trump Signs Sweeping Xenophobic Bill, Rescinding Due Process for Millions - NewsBreak",
    "text": "By Brett Wilkins ,\n23 hours ago\nHuman rights defenders decried U.S. President Donald Trump's signing of legislation Wednesday that critics warn will strip due process rights from millions of people while harming some of the most vulnerable members of society, including migrant children, victims of sexual violence, and survivors of domestic abuse.\nTrump signed the Laken Riley Act —named after a young woman murdered last year by a Venezuelan man who, according to U.S. Immigration and Customs Enforcement (ICE), entered the United States illegally— calling it a \"landmark law\" that \"will save countless innocent American lives.\"\n\"The Laken Riley Act is based upon false, xenophobic narratives that dehumanize and criminalize an entire group of people due to the actions of one person.\"\nHowever, Amy Fischer, director of the ACLU's Refugee and Migrant Rights Program, said in a statement Wednesday that \"the Laken Riley Act capitalizes on a horrible tragedy in order to advance President Trump's anti-immigrant agenda by scapegoating people seeking safety and stripping away their right to due process.\"\n\"This legislation mandates the arrest and detention of our undocumented neighbors for being convicted or charged of any theft, shoplifting, burglary, or larceny offense,\" Fischer noted. \"Mandatory detention solely for being accused of theft strips people of their right to due process and constitutes arbitrary detention under international human rights law.\"\n\"The Laken Riley Act is based upon false, xenophobic narratives that dehumanize and criminalize an entire group of people due to the actions of one person,\" Fischer added. \"It will separate families and make our communities less safe. It is simply unconscionable for Congress to create a new mechanism that gives people the power to falsely accuse immigrants of theft knowing their detention is mandatory.\"\ndelete As the Lawyers' Committee for Civil Rights of the Bay Area, which called the law \"shameful and unconstitutional,\" noted Wednesday: \"This bill does not require a conviction—simply being accused of a crime is enough to force individuals into mandatory detention without review by any judge. In doing so, the law strips due process protections and allows for discrimination against vulnerable immigrant communities.\"\nThe group continued:\nThe federal government already has the power to detain and deport individuals who commit criminal acts. But in our legal system, judges act as a constitutionally required check on police actions. This new law removes that check. It is a direct attack on the constitutional rights of immigrants and communities of color, and it erodes the civil liberties of American society at large. It will incentivize racial profiling and divert law enforcement resources away from real threats, making our communities less safe. \"Lawyers' Committee and our partners vow to challenge this unconstitutional law in court,\" Bianca Sierra Wolff, the group's executive director, said in a statement. \"We will not stand by while the rights of immigrants and communities of color are trampled for political gain.\"\nWriting for Common Dreams Wednesday, National Center for Youth Law senior director Neha Desai and NCYL attorney Melissa Adamson lamented the Laken Riley Act's passage and urged Congress, both chambers of which passed the law with bipartisan support , to \"do the right thing\" by introducing \"new legislation to protect children from this draconian law.\"\n\"Policymakers on both sides of the political aisle seem all too eager to support legislation that ignores that immigrant children are human beings, worthy of the same care and protections that their own children enjoy,\" Desai and Adamson contended. \"It is deeply disheartening to see lawmakers shift with the political winds rather than hold true to fundamental values. Congress must not acquiesce to a country in which the rejection of children's rights is the norm.\"\nShares in private prison companies have skyrocketed since Trump won last November's election, partly in anticipation of a boom in business due to the Laken Riley Act and the broader campaign of mass deportations now underway.\nOn Wednesday, Trump also said he would instruct the Pentagon and Department of Homeland Security to prepare a detention facility—some critics called it a \" concentration camp \"—capable of holding 30,000 migrants at the notorious offshore Guantánamo Bay prison run by the U.S. military in Cuba.",
    "highlightText": "",
    "highlightTitle": "",
    "highlightThreadTitle": "",
    "language": "english",
    "sentiment": "negative",
    "categories": [
        "Politics"
    ],
    "topics": [
        "Politics->human rights",
        "Politics->government",
        "Politics->political process"
    ],
    "ai_allow": true,
    "has_canonical": false,
    "breaking": false,
    "webz_reporter": false,
    "external_links": [
        "https://www.commondreams.org/news/aoc-on-private-prisons",
        "https://img.particlenews.com/image.php?type=thumbnail_580x000&url=2LNA7q_0yVirOVV00",
        "https://www.npr.org/2025/01/29/g-s1-45275/trump-laken-riley-act",
        "https://x.com/ReallyAmerican1/status/1884693744965783832",
        "https://www.reuters.com/legal/man-found-guilty-killing-us-student-laken-riley-2024-11-20/",
        "https://www.amnestyusa.org/press-releases/amnesty-international-usa-reaction-to-laken-riley-act/",
        "https://www.commondreams.org/opinion/laken-riley-act-chldren",
        "https://img.particlenews.com/image.php?url=1GRAsJ_0yVirOVV00",
        "https://img.particlenews.com/image.php?url=2LNA7q_0yVirOVV00",
        "https://img.particlenews.com/image.php?type=thumbnail_580x000&url=1GRAsJ_0yVirOVV00",
        "https://www.commondreams.org/news/laken-riley-act",
        "https://www.congress.gov/bill/119th-congress/senate-bill/5",
        "https://www.img.particlenews.com/image.php?url=2LNA7q_0yVirOVV00",
        "https://www.reuters.com/legal/man-found-guilty-killing-us-student-laken-riley-2024-11-20",
        "https://commondreams.org/news/aoc-on-private-prisons",
        "https://amnestyusa.org/press-releases/amnesty-international-usa-reaction-to-laken-riley-act/",
        "https://reuters.com/legal/man-found-guilty-killing-us-student-laken-riley-2024-11-20/",
        "https://commondreams.org/opinion/laken-riley-act-chldren",
        "https://congress.gov/bill/119th-congress/senate-bill/5",
        "https://img.particlenews.com/image.php",
        "https://www.amnestyusa.org/press-releases/amnesty-international-usa-reaction-to-laken-riley-act",
        "https://www.img.particlenews.com/image.php?url=1GRAsJ_0yVirOVV00",
        "https://www.x.com/ReallyAmerican1/status/1884693744965783832",
        "https://www.img.particlenews.com/image.php?type=thumbnail_580x000&url=1GRAsJ_0yVirOVV00",
        "https://www.img.particlenews.com/image.php?type=thumbnail_580x000&url=2LNA7q_0yVirOVV00",
        "https://commondreams.org/news/laken-riley-act",
        "https://npr.org/2025/01/29/g-s1-45275/trump-laken-riley-act"
    ],
    "external_images": [],
    "entities": {
        "persons": [],
        "organizations": [],
        "locations": []
    },
    "syndication": {
        "syndicated": false,
        "syndicate_id": "b37934974f628d4af36678ae783af72ed36f0250",
        "first_syndicated": true
    },
    "trust": null,
    "rating": null,
    "crawled": "2025-01-31T00:01:55.044+02:00",
    "updated": "2025-01-31T00:01:55.044+02:00"
}