{
    "thread": {
        "uuid": "90b95c4a97e300cad0975320e80b101edc8a73f2",
        "url": "https://freerepublic.com/focus/f-news/4293735/posts",
        "site_full": "freerepublic.com",
        "site": "freerepublic.com",
        "site_section": "https://freerepublic.com/tag/*/feed.rss",
        "site_categories": [
            "media"
        ],
        "section_title": "Latest Articles",
        "title": "Scott Bessent's would-be assassin revealed to be trans woman on a 'mission' like 'Luigi Mangione'",
        "title_full": "Scott Bessent's would-be assassin revealed to be trans woman on a 'mission' like 'Luigi Mangione'",
        "published": "2025-01-30T19:21:00.000+02:00",
        "replies_count": 0,
        "participants_count": 1,
        "site_type": "news",
        "country": "US",
        "main_image": "",
        "performance_score": 0,
        "domain_rank": 4685,
        "domain_rank_updated": "2025-01-27T23:00:00.000+02:00",
        "social": {
            "facebook": {
                "likes": 0,
                "comments": 0,
                "shares": 0
            },
            "vk": {
                "shares": 0
            }
        }
    },
    "uuid": "90b95c4a97e300cad0975320e80b101edc8a73f2",
    "url": "https://freerepublic.com/focus/f-news/4293735/posts",
    "ord_in_thread": 0,
    "parent_url": null,
    "author": "dynachrome",
    "published": "2025-01-30T19:21:00.000+02:00",
    "title": "Scott Bessent's would-be assassin revealed to be trans woman on a 'mission' like 'Luigi Mangione'",
    "text": "The Massachusetts man who was arrested on Monday at the US Capitol armed with Molotov cocktails and knives was transgender. Local news outlet WWLP reports the man, named in the affidavit as Ryan Michael \"Reily\" English, was known as Riley Jane English, a 24-year-old transgender person. WWLP states that English is \"a woman who lived in South Deerfield.\" English had told officers he was intending to kill Scott Bessent.\nWWLP had initially reported on English by given name Ryan, but in their updated report they state that \"This story previously identified the defendant as Ryan Michael English, the name used in charging documents. In a memo Wednesday, English’s attorney clarified that her client uses the name Riley Jane.\"",
    "highlightText": "",
    "highlightTitle": "",
    "highlightThreadTitle": "",
    "language": "english",
    "sentiment": "negative",
    "categories": [
        "Crime, Law and Justice",
        "Politics",
        "Social Issue"
    ],
    "topics": [
        "Crime, Law and Justice->assault",
        "Politics->political crisis",
        "Politics->safety of citizens",
        "Politics->government policy",
        "Social Issue->social problem",
        "Social Issue->lgbtq",
        "Social Issue->discrimination"
    ],
    "ai_allow": true,
    "has_canonical": false,
    "breaking": false,
    "webz_reporter": false,
    "external_links": [],
    "external_images": [],
    "entities": {
        "persons": [],
        "organizations": [],
        "locations": []
    },
    "syndication": {
        "syndicated": false,
        "syndicate_id": null,
        "first_syndicated": false
    },
    "trust": null,
    "rating": null,
    "crawled": "2025-01-31T00:02:28.421+02:00",
    "updated": "2025-01-31T00:02:28.421+02:00"
}