{
    "thread": {
        "uuid": "b728f72879e532a44e73a209f048fec9ef506ed2",
        "url": "https://www.sanfordherald.com/news/national/lula-says-if-trump-hikes-tariffs-brazil-will-reciprocate/article_501f43a2-8fa9-5c83-b594-932ed32126fc.html",
        "site_full": "www.sanfordherald.com",
        "site": "sanfordherald.com",
        "site_section": "https://www.sanfordherald.com/search/?q=&t=article&l=100&d=&d1=&d2=&s=start_time&sd=desc&c[]=news,news/*&f=rss",
        "site_categories": [
            "media"
        ],
        "section_title": "www.sanfordherald.com - RSS Results in news,news/* of type article",
        "title": "Lula says if Trump hikes tariffs, Brazil will reciprocate | News | sanfordherald.com",
        "title_full": "Lula says if Trump hikes tariffs, Brazil will reciprocate | News | sanfordherald.com",
        "published": "2025-01-30T07:00:00.000+02:00",
        "replies_count": 0,
        "participants_count": 1,
        "site_type": "news",
        "country": "US",
        "main_image": "https://bloximages.newyork1.vip.townnews.com/sanfordherald.com/content/tncms/assets/v3/editorial/0/2b/02bd7d36-0578-542d-9993-60e82a3e7c9e/679bc1e117353.image.jpg?crop=341%2C341%2C85%2C0&amp;resize=200%2C200&amp;order=crop%2Cresize",
        "performance_score": 0,
        "domain_rank": 157852,
        "domain_rank_updated": "2025-01-27T23:00:00.000+02:00",
        "social": {
            "facebook": {
                "likes": 0,
                "comments": 0,
                "shares": 0
            },
            "vk": {
                "shares": 0
            }
        }
    },
    "uuid": "b728f72879e532a44e73a209f048fec9ef506ed2",
    "url": "https://www.sanfordherald.com/news/national/lula-says-if-trump-hikes-tariffs-brazil-will-reciprocate/article_501f43a2-8fa9-5c83-b594-932ed32126fc.html",
    "ord_in_thread": 0,
    "parent_url": null,
    "author": "Ramon SAHMKOW with Fran BLANDY in Rio de Janeiro",
    "published": "2025-01-30T07:00:00.000+02:00",
    "title": "Lula says if Trump hikes tariffs, Brazil will reciprocate | News | sanfordherald.com",
    "text": "Brazilian President Luiz Inacio Lula da Silva said Thursday that if US counterpart Donald Trump hiked tariffs on Brazilian products, he would reciprocate -- but that he would prefer improved relations over a trade war.\nThe Latin American giant is one of the countries that Trump has threatened with higher tariffs.\n\"It's very simple: if he taxes Brazilian products, Brazil will reciprocate in taxing products that are exported from the United States,\" the 79-year-old Lula told a press conference.\nLula, currently in his third term, said he would prefer to \"improve our relationship with the United States\" and boost trade ties with Brazil's second-largest trading partner after China.\n\"I want to respect the United States and for Trump to respect Brazil. That's all,\" he said.\nCiting Trump's comments that he plans to take back the Panama Canal or get control of Greenland, Lula said \"he just has to respect the sovereignty of other countries.\"\nLula also underscored the global threats facing democracy.\n\"For me, democracy is the most important thing in humanity right now ... Either we keep democracy working or we will have states more authoritarian than Hitler and fascism.\"\nLula, whose country will host the COP30 UN climate talks in the Amazonian city of Belem in November, added that Trump's decision to withdraw from the Paris climate accord was \"a step back for human civilization.\"\nHe said he did not want a summit where \"measures are approved, everything looks very nice on paper and then no country complies,\" slamming wealthy nations for failing to meet previous promises to give billions of dollars to help developing nations deal with the fallout of climate change.\n\"We want something very real so that we can know if we are serious or not about the climate issue.\"\n- Seizing back the narrative -\nThe president held a wide-ranging press conference in the capital Brasilia, urging journalists not to hold back in their questions as his government seeks to reclaim the narrative after battling a wave of disinformation.\nAfter undergoing emergency surgery to stop a brain bleed in December linked to an earlier fall, Lula vowed he was fully recovered and had \"the energy of a 30-year-old.\"\nWith less than two years left of his third presidential term, Lula's approval rating has sunk to 47 percent, according to a Quaest poll published this week, with a notable drop in support from his key electoral base in the low-income northeast of the country.\nLula said he was \"not worried\" about opinion surveys, and brushed off concerns about high interest rates and public debt.\nAs expected, the central bank on Wednesday hiked the key interest rate by one point to 13.25 percent, despite a new bank president being appointed by Lula -- who has in the past criticized interest rate hikes.\n\"The president of the central bank cannot make a U-turn in a stormy sea,\" Lula said, adding that he had faith in new bank chief Gabriel Galipolo who would have \"autonomy to do whatever is necessary.\"\nLula also sought to ease concerns over government interventions to lower food prices and vowed his commitment to \"fiscal responsibility.\"\nHis government is weighing reducing import tariffs on certain goods, and he highlighted the need to provide more financing to ramp up production, saying he was working on a plan with banks for \"the largest credit program in the history of this country.\"\nConcerns over Brazil's ability to curb public spending in December sent its currency, the real, to record lows against the dollar.\nrsr-fb/nro",
    "highlightText": "",
    "highlightTitle": "",
    "highlightThreadTitle": "",
    "language": "english",
    "sentiment": "negative",
    "categories": [
        "Politics",
        "Economy, Business and Finance"
    ],
    "topics": [
        "Politics->international relations",
        "Economy, Business and Finance->business strategy and marketing",
        "Economy, Business and Finance->foreign exchange market"
    ],
    "ai_allow": false,
    "has_canonical": true,
    "breaking": false,
    "webz_reporter": false,
    "external_links": [],
    "external_images": [],
    "entities": {
        "persons": [],
        "organizations": [],
        "locations": []
    },
    "syndication": {
        "syndicated": false,
        "syndicate_id": "b728f72879e532a44e73a209f048fec9ef506ed2",
        "first_syndicated": true
    },
    "trust": null,
    "rating": null,
    "crawled": "2025-01-31T00:02:45.868+02:00",
    "updated": "2025-01-31T00:02:45.868+02:00"
}