{
    "thread": {
        "uuid": "210dff205d31b576d83c45e57398a2d23c4c310e",
        "url": "https://www.joemygod.com/2025/06/kirk-mass-deportations-will-solve-las-traffic-problems",
        "site_full": "www.joemygod.com",
        "site": "joemygod.com",
        "site_section": "https://www.joemygod.com",
        "site_categories": [
            "media",
            "social",
            "law_government_and_politics",
            "gay_life",
            "politics"
        ],
        "section_title": "Joe.My.God - LGBT and political news and opinion",
        "site_title": "Joe.My.God - LGBT and political news and opinion",
        "title": "Kirk: \"Mass Deportations\" Will Solve LA's Traffic Issues",
        "title_full": "Kirk: \"Mass Deportations\" Will Solve LA's Traffic Issues",
        "published": "2025-06-11T23:01:00.000+03:00",
        "replies_count": 0,
        "participants_count": 1,
        "site_type": "news",
        "country": "US",
        "main_image": "https://www.joemygod.com/wp-content/uploads/2025/06/CharlieKirk2024.jpg",
        "performance_score": 0,
        "domain_rank": 136445,
        "domain_rank_updated": "2025-06-03T00:00:00.000+03:00",
        "licensing_agency": [],
        "social": {
            "facebook": {
                "likes": 0,
                "comments": 0,
                "shares": 0
            },
            "vk": {
                "shares": 0
            }
        }
    },
    "uuid": "210dff205d31b576d83c45e57398a2d23c4c310e",
    "url": "https://www.joemygod.com/2025/06/kirk-mass-deportations-will-solve-las-traffic-problems",
    "ord_in_thread": 0,
    "author": "Joe Jervis",
    "published": "2025-06-11T23:01:00.000+03:00",
    "title": "Kirk: \"Mass Deportations\" Will Solve LA's Traffic Issues",
    "text": "“Honestly, you know, my whole life, I’ve heard people complain about traffic on the 405. Mass deportations will help solve that. I mean, you can’t bring in millions of people and then, you know, act as if they have the public infrastructure for it. And, look, as a nation, we have a big heart, but you cannot simultaneously have domestic generosity with unruly invasion.\n“They are a contradiction. So then all of a sudden, your generosity is taken advantage of, and we are naively then subsidizing our own demise. And this is a very, very important point is that, OK, good intentions — everyone has good intentions. They mean nothing. They don’t translate to good public policy.\n“And in Los Angeles, it is a cluttered city. And, again, the media is gonna take this out of context. I don’t care. It’s a dirty city. I’m not saying it’s all because of immigrants. It’s just dirty. Graffiti is everywhere. There’s trash on the streets. There’s homeless everywhere. It’s a filthy place. And it never used to be that way.” – Charlie Kirk.\n﻿",
    "highlightText": "",
    "highlightTitle": "",
    "highlightThreadTitle": "",
    "language": "english",
    "sentiment": "negative",
    "categories": [
        "Politics",
        "Social Issue"
    ],
    "topics": [
        "Politics->political process",
        "Politics->political candidates",
        "Politics->government policy",
        "Social Issue->social problem",
        "Social Issue->demographics",
        "Social Issue->immigration"
    ],
    "ai_allow": true,
    "has_canonical": false,
    "breaking": null,
    "webz_reporter": false,
    "external_links": [
        "https://www.mediamatters.org/media/4030608/embed/embed",
        "https://mediamatters.org/media/4030608/embed/embed"
    ],
    "entities": {
        "persons": [
            {
                "name": "Charlie Kirk",
                "sentiment": "none"
            }
        ],
        "locations": [],
        "organizations": []
    },
    "syndication": {
        "syndicated": false,
        "syndicate_id": null,
        "first_syndicated": false
    },
    "trust": {
        "categories": [],
        "top_news": [],
        "bias": "left"
    },
    "rating": null,
    "crawled": "2025-06-12T10:22:31.080+03:00",
    "updated": "2025-06-12T07:23:46.000+00:00"
}