{
    "thread": {
        "uuid": "5d09d9c212f0ef11efd8a111804aec3935acb323",
        "url": "https://www.fox5dc.com/news/republicans-rout-democrats-annual-congressional-baseball-game",
        "site_full": "www.fox5dc.com",
        "site": "fox5dc.com",
        "site_section": "https://news.google.com/search?q=in%20when%3a1h&hl=en-us&gl=us&ceid=us%3aen",
        "site_categories": [
            "media"
        ],
        "section_title": "Google News - Search",
        "site_title": "FOX 5 DC | Local News, Weather, and Live Streams | WTTG",
        "title": "Republicans rout Democrats in annual Congressional Baseball Game",
        "title_full": "Republicans rout Democrats in annual Congressional Baseball Game",
        "published": "2025-06-12T09:55:00.000+03:00",
        "replies_count": 0,
        "participants_count": 1,
        "site_type": "news",
        "country": "US",
        "main_image": "https://images.foxtv.com/static.fox5dc.com/www.fox5dc.com/content/uploads/2025/06/1280/720/10p-vo-congressional-baseball-game_00.00.50.10.jpg?ve=1&amp;tl=1",
        "performance_score": 0,
        "domain_rank": 7864,
        "domain_rank_updated": "2025-06-03T00:00:00.000+03:00",
        "licensing_agency": [],
        "social": {
            "facebook": {
                "likes": 0,
                "comments": 0,
                "shares": 0
            },
            "vk": {
                "shares": 0
            }
        }
    },
    "uuid": "5d09d9c212f0ef11efd8a111804aec3935acb323",
    "url": "https://www.fox5dc.com/news/republicans-rout-democrats-annual-congressional-baseball-game",
    "ord_in_thread": 0,
    "author": "Josh Rosenthal",
    "published": "2025-06-12T09:55:00.000+03:00",
    "title": "Republicans rout Democrats in annual Congressional Baseball Game",
    "text": "The Brief Republicans routed Democrats 13-2 in the annual Congressional Baseball Game at Nationals Park. The charity event raised a record $2.75 million, with 30,000 tickets sold. Fans enjoyed the game’s competitive spirit as Republicans secured their fifth straight win. WASHINGTON - It was a packed house at Nationals Park on Wednesday, but not for the Nationals. The crowd was out for the annual Congressional Baseball Game. Republicans dominate again What we know: The game wasn’t all that close as the Republicans routed the Democrats 13-2 for their fifth win in a row. The game itself dates to 1909 and is designed to raise money for local charities, including the Boys and Girls Club of Greater Washington. Republicans routed the Democrats 13-2 for their fifth win in a row in the annual Congressional Baseball Game. Record-setting charity event This year the game raised more than $2.75 million – the most they’ve ever raised. Also, they opened the upper deck for the first time tonight. Because we’re told, they sold 30,000 tickets, also a record. For comparison, the Nationals are averaging 26,000 so far this season. Fans FOX 5 spoke to at the game largely said they were excited to see some healthy competition between the political rivals. The Source: Information in this article comes from the Congressional Baseball Game for Charity and previous FOX 5 reporting.",
    "highlightText": "",
    "highlightTitle": "",
    "highlightThreadTitle": "",
    "language": "english",
    "sentiment": "negative",
    "categories": [
        "Politics",
        "Social Issue",
        "Human Interest"
    ],
    "topics": [
        "Politics->national elections",
        "Politics->political campaigns",
        "Politics->political parties and movements",
        "Social Issue->social networking",
        "Social Issue->social condition",
        "Social Issue->communities",
        "Human Interest->ceremony"
    ],
    "ai_allow": true,
    "has_canonical": false,
    "breaking": false,
    "webz_reporter": false,
    "external_links": [],
    "entities": {
        "persons": [],
        "locations": [
            {
                "name": "Nats Park",
                "sentiment": "none"
            }
        ],
        "organizations": [
            {
                "name": "Girls Club",
                "sentiment": "none",
                "tickers": []
            },
            {
                "name": "Nats",
                "sentiment": "none",
                "tickers": []
            }
        ]
    },
    "syndication": {
        "syndicated": false,
        "syndicate_id": null,
        "first_syndicated": false
    },
    "trust": {
        "categories": [],
        "top_news": [],
        "bias": "center"
    },
    "rating": null,
    "crawled": "2025-06-12T10:21:09.613+03:00",
    "updated": "2025-06-12T19:07:42.783+03:00"
}