{
    "thread": {
        "uuid": "273daaa5fe404f2102c71d7234e01a01995f3778",
        "url": "https://www.joemygod.com/2025/06/leavitt-rages-over-stupid-parade-protest-question",
        "site_full": "www.joemygod.com",
        "site": "joemygod.com",
        "site_section": "https://www.joemygod.com",
        "site_categories": [
            "media",
            "social",
            "law_government_and_politics",
            "gay_life",
            "politics"
        ],
        "section_title": "Joe.My.God - LGBT and political news and opinion",
        "site_title": "Joe.My.God - LGBT and political news and opinion",
        "title": "Leavitt Rages Over \"Stupid\" Parade Protest Question",
        "title_full": "Leavitt Rages Over \"Stupid\" Parade Protest Question",
        "published": "2025-06-11T22:37:00.000+03:00",
        "replies_count": 0,
        "participants_count": 1,
        "site_type": "news",
        "country": "US",
        "main_image": "https://www.joemygod.com/wp-content/uploads/2025/06/levprot.jpg",
        "performance_score": 0,
        "domain_rank": 136445,
        "domain_rank_updated": "2025-06-03T00:00:00.000+03:00",
        "licensing_agency": [],
        "social": {
            "facebook": {
                "likes": 0,
                "comments": 0,
                "shares": 0
            },
            "vk": {
                "shares": 0
            }
        }
    },
    "uuid": "273daaa5fe404f2102c71d7234e01a01995f3778",
    "url": "https://www.joemygod.com/2025/06/leavitt-rages-over-stupid-parade-protest-question",
    "ord_in_thread": 0,
    "author": "Joe Jervis",
    "published": "2025-06-11T22:37:00.000+03:00",
    "title": "Leavitt Rages Over \"Stupid\" Parade Protest Question",
    "text": "TRUMP, YESTERDAY: “For those people that want to protest, they’re going to be met with very big force. And I haven’t even heard about a protest, but you know, this is [sic] people that hate our country, but they will be met with very heavy force.”\nREPORTER, TODAY: “Can you clarify what kind of protest President Trump does support or find acceptable?”\nKAROLINE LEAVITT: “The president absolutely supports peaceful protests. He supports the First Amendment. He supports the right of Americans to make their voices heard. He does not support violence of any kind. He doesn’t support assaulting law enforcement officers who are simply trying to do their job. It’s very clear for the president what he supports and what he does not.”\nREPORTER: “So if there were peaceful protests on Saturday for the military parade, President Trump would allow that?”\nLEAVITT: “Of course, the president supports peaceful protests! What a stupid question!”\nQ: If there are peaceful protests Saturday, Trump will allow it?\nLeavitt: Of course, he will. What a stupid question\n(He made no mention of exceptions for peaceful protestors when he said protestors would be met with ‘very heavy force’) pic.twitter.com/wTzXCKkO2f\n— FactPost (@factpostnews) June 11, 2025",
    "highlightText": "",
    "highlightTitle": "",
    "highlightThreadTitle": "",
    "language": "english",
    "sentiment": "negative",
    "categories": [
        "Politics",
        "Social Issue"
    ],
    "topics": [
        "Politics->political debates",
        "Politics->political campaigns",
        "Politics->political dissent",
        "Social Issue->discrimination",
        "Social Issue->social problem"
    ],
    "ai_allow": true,
    "has_canonical": false,
    "breaking": null,
    "webz_reporter": false,
    "external_links": [
        "https://t.co/wTzXCKkO2f",
        "https://twitter.com/factpostnews/status/1932861702158135458?ref_src=twsrc%5Etfw",
        "https://twitter.com/factpostnews/status/1932861702158135458",
        "https://www.twitter.com/factpostnews/status/1932861702158135458?ref_src=twsrc%5Etfw",
        "https://www.t.co/wTzXCKkO2f"
    ],
    "entities": {
        "persons": [
            {
                "name": "KAROLINE LEAVITT",
                "sentiment": "none"
            },
            {
                "name": "Trump",
                "sentiment": "none"
            }
        ],
        "locations": [],
        "organizations": []
    },
    "syndication": {
        "syndicated": false,
        "syndicate_id": null,
        "first_syndicated": false
    },
    "trust": {
        "categories": [],
        "top_news": [],
        "bias": "left"
    },
    "rating": null,
    "crawled": "2025-06-12T10:22:31.470+03:00",
    "updated": "2025-06-12T07:41:18.000+00:00"
}