{
    "thread": {
        "uuid": "b1a6924ebda027e0db0cce264002e2bb0e33b359",
        "url": "https://www.rediff.com/news/report/skirmishes-in-la-continue/20250612.htm",
        "site_full": "www.rediff.com",
        "site": "rediff.com",
        "site_section": "https://werindia.com/national",
        "site_categories": [
            "media",
            "health",
            "cold_and_flu",
            "top_news_in",
            "top_news_ae",
            "top_news_qa",
            "top_news_sg",
            "top_news_kw",
            "top_news"
        ],
        "section_title": " Latest India News | National news and headlines – WeRIndia",
        "site_title": "Rediff.com: News | Rediffmail | Stock Quotes | Rediff Gurus",
        "title": "Skirmishes In LA Continue",
        "title_full": "Skirmishes In LA Continue",
        "published": "2025-06-12T09:56:00.000+03:00",
        "replies_count": 0,
        "participants_count": 1,
        "site_type": "news",
        "country": "IN",
        "main_image": "https://im.rediff.com/news/2025/jun/12los-angeles-protests10.jpg",
        "performance_score": 0,
        "domain_rank": 2502,
        "domain_rank_updated": "2025-06-03T00:00:00.000+03:00",
        "licensing_agency": [],
        "social": {
            "facebook": {
                "likes": 0,
                "comments": 0,
                "shares": 0
            },
            "vk": {
                "shares": 0
            }
        }
    },
    "uuid": "b1a6924ebda027e0db0cce264002e2bb0e33b359",
    "url": "https://www.rediff.com/news/report/skirmishes-in-la-continue/20250612.htm",
    "ord_in_thread": 0,
    "author": "REDIFF NEWS",
    "published": "2025-06-12T09:56:00.000+03:00",
    "title": "Skirmishes In LA Continue",
    "text": "Protests against federal immigration sweeps continue despite the increased military presence in Los Angeles.\nIMAGE: Protesters react during a clash with law enforcement officers at the protest in Los Angeles. Photograph: David Swanson/Reuters\nIMAGE: A law enforcement officer holding a non-lethal weapon gestures as people march during the protest. Photograph: David Swanson/Reuters\nIMAGE: A person reacts to non-lethal munitions shot by a member of law enforcement in downtown Los Angeles. Photograph: David Ryder/Reuters\nIMAGE: A law enforcement officer fires a non-lethal munition at a protestor. Photograph: David Swanson/Reuters\nIMAGE: Mounted police officers disperse people during a protest against federal immigration sweeps in Los Angeles. Photograph: David Swanson/Reuters\nIMAGE: Members of law enforcement detain people as the protests continue. Photograph: David Ryder/Reuters\nIMAGE: The protests have continued for several days now. Photograph: David Ryder/Reuters\nIMAGE: Law enforcement officers detain protesters. Photograph: David Swanson/Reuters\nIMAGE: We won't bend this protestor in downtown Los Angeles seems to day. Photograph: David Ryder/Reuters\nIMAGE: A flag vendor walks through a standoff between protestors and police in Los Angeles. Photograph: Leah Millis/Reuters\nPhotographs curated by Anant Salvi/ Rediff\nFeature Presentation: Ashish Narsale/ Rediff",
    "highlightText": "",
    "highlightTitle": "",
    "highlightThreadTitle": "",
    "language": "english",
    "sentiment": "negative",
    "categories": [
        "Politics",
        "Social Issue",
        "War, Conflict and Unrest"
    ],
    "topics": [
        "Politics->civil rights",
        "Politics->political dissent",
        "Social Issue->immigration",
        "Social Issue->social problem",
        "War, Conflict and Unrest->civil unrest"
    ],
    "ai_allow": true,
    "has_canonical": false,
    "breaking": true,
    "webz_reporter": false,
    "external_links": [],
    "entities": {
        "persons": [
            {
                "name": "Ashish Narsale",
                "sentiment": "none"
            },
            {
                "name": "Anant Salvi",
                "sentiment": "none"
            }
        ],
        "locations": [],
        "organizations": []
    },
    "syndication": {
        "syndicated": false,
        "syndicate_id": null,
        "first_syndicated": false
    },
    "trust": {
        "categories": [],
        "top_news": [
            "top_news_in",
            "top_news_ae",
            "top_news_qa",
            "top_news_sg",
            "top_news_kw",
            "top_news"
        ],
        "bias": null
    },
    "rating": null,
    "crawled": "2025-06-12T10:21:52.188+03:00",
    "updated": "2025-06-13T08:07:08.000+00:00"
}