{
    "thread": {
        "uuid": "0cbec712bff205daf9561e3ef19f9e999657fa82",
        "url": "https://www.rediff.com/news/report/cmo-delhi-handle-renamed-on-x-bjp-urges-lg-to-intervene/20250214.htm",
        "site_full": "www.rediff.com",
        "site": "rediff.com",
        "site_section": "https://www.rediff.com/tags/-image",
        "site_categories": [
            "media",
            "health",
            "cold_and_flu",
            "top_news_in",
            "top_news_ae",
            "top_news_qa",
            "top_news_sg",
            "top_news_kw",
            "top_news"
        ],
        "section_title": "  Image News Photos Videos - Rediff.com",
        "title": "'CMO Delhi' handle renamed on X, BJP urges LG to intervene - Rediff.com India News",
        "title_full": "'CMO Delhi' handle renamed on X, BJP urges LG to intervene - Rediff.com India News",
        "published": "2025-02-14T00:05:00.000+02:00",
        "replies_count": 0,
        "participants_count": 1,
        "site_type": "news",
        "country": "IN",
        "main_image": "https://im.rediff.com/news/2025/feb/14kejriwal.jpg",
        "performance_score": 0,
        "domain_rank": 2619,
        "domain_rank_updated": "2025-02-10T23:00:00.000+02:00",
        "social": {
            "facebook": {
                "likes": 0,
                "comments": 0,
                "shares": 0
            },
            "vk": {
                "shares": 0
            }
        }
    },
    "uuid": "0cbec712bff205daf9561e3ef19f9e999657fa82",
    "url": "https://www.rediff.com/news/report/cmo-delhi-handle-renamed-on-x-bjp-urges-lg-to-intervene/20250214.htm",
    "ord_in_thread": 0,
    "parent_url": null,
    "author": "Utkarsh Mishra",
    "published": "2025-02-14T00:05:00.000+02:00",
    "title": "'CMO Delhi' handle renamed on X, BJP urges LG to intervene - Rediff.com India News",
    "text": "The Bharatiya Janata Party on Thursday demanded the Lieutenant Governor's intervention into renaming of official 'CMO Delhi' handle on X to 'Arvind Kejriwal At Work' allegedly at the behest of the former chief minister.\nIMAGE: AAP national convener Arvind Kejriwal with his wife Sunita Kejriwal. Photograph: Ishant/ANI Photo 'The BJP must stop making 'baseless allegations' and focus on governing Delhi,' the Aam Aadmi Party (AAP) said in a statement.\nDelhi BJP president Virendra Sachdeva demanded Lieutenant Governor V K Saxena to seek a report from the IT department of the government on renaming of the 'CMO Delhi' handle on X and its alleged use for putting up posts of former Delhi chief minister Arvind Kejriwal.\n The BJP has returned to power in Delhi after 26 years, defeating the AAP in February 5 assembly polls. The party's government is yet to be formed.\n\"It would not be an exaggeration to say that as soon as his corrupt government collapsed, Arvind Kejriwal has also become a digital looter,\" Sachdeva charged.\nHe strongly condemned Kejriwal for allegedly renaming the official handle created by using public funds for his own use.\nDemanding the LG to stop the use of the Official 'CMO Delhi' handle allegedly by Kejriwal, Sachdeva said that around one million people were its followers.\n\"By orchestrating this digital heist, Arvind Kejriwal has not only misused government resources but also compromised peoples' private information, for which he must face legal action,\" he demanded.\nNewly elected BJP MLA Vijender Gupta said the truth about Kejriwal was coming out.\nHe charged in a post on X that the AAP removed the video from the official YouTube channel of the Delhi government.\n'Kejriwal has made a futile attempt to hide his failures by removing old videos of assembly sessions and government programmes from the official YouTube channel of the Delhi government,' Gupta charged in a statement.\nThe same Kejriwal, who used to talk about transparency, is today getting government digital documents deleted for fear of his 'lies and failures' being exposed, he added.",
    "highlightText": "",
    "highlightTitle": "",
    "highlightThreadTitle": "",
    "language": "english",
    "sentiment": "negative",
    "categories": [
        "Politics",
        "Social Issue"
    ],
    "topics": [
        "Politics->political parties and movements",
        "Politics->political process",
        "Social Issue->social condition",
        "Social Issue->demographics"
    ],
    "ai_allow": true,
    "has_canonical": false,
    "breaking": false,
    "webz_reporter": false,
    "external_links": [],
    "external_images": [],
    "entities": {
        "persons": [],
        "organizations": [],
        "locations": []
    },
    "syndication": {
        "syndicated": false,
        "syndicate_id": null,
        "first_syndicated": false
    },
    "trust": null,
    "rating": null,
    "crawled": "2025-02-14T00:10:08.056+02:00",
    "updated": "2025-02-14T00:10:08.056+02:00"
}