{
    "thread": {
        "uuid": "e83e2651cff8cecd5b4754c8f271a34bdd74ccb6",
        "url": "https://www.indybay.org/newsitems/2025/02/13/18873196.php",
        "site_full": "www.indybay.org",
        "site": "indybay.org",
        "site_section": "https://indybay.org/news/",
        "site_categories": [
            "media"
        ],
        "section_title": "San Francisco Bay Area Independent Media Center",
        "title": "Gaza death toll from Israel's deadly aggression surpasses 48,239 : Indybay",
        "title_full": "Gaza death toll from Israel's deadly aggression surpasses 48,239 : Indybay",
        "published": "2025-02-13T07:00:00.000+02:00",
        "replies_count": 0,
        "participants_count": 0,
        "site_type": "news",
        "country": "US",
        "main_image": "https://www.indybay.org/im/meta_article.png",
        "performance_score": 0,
        "domain_rank": 18702,
        "domain_rank_updated": "2025-02-10T23:00:00.000+02:00",
        "social": {
            "facebook": {
                "likes": 0,
                "comments": 0,
                "shares": 0
            },
            "vk": {
                "shares": 0
            }
        }
    },
    "uuid": "e83e2651cff8cecd5b4754c8f271a34bdd74ccb6",
    "url": "https://www.indybay.org/newsitems/2025/02/13/18873196.php",
    "ord_in_thread": 0,
    "parent_url": null,
    "author": null,
    "published": "2025-02-13T07:00:00.000+02:00",
    "title": "Gaza death toll from Israel's deadly aggression surpasses 48,239 : Indybay",
    "text": "GAZA, February 13, 2025 (WAFA) – Medical sources confirmed on Tuesday that the death toll in the Gaza Strip has risen to 48,239, the majority of whom are children and women, since the start of the Israeli occupation aggression on October 7, 2023.\nThe same sources added that the number of causticities have surged to 111,676, since the start of the aggression, while a number of victims are still under the rubble, and ambulance and civil defense crews cannot reach them.\nThey affirmed that 17 slain Palestinians were taken to hospitals in the Gaza Strip, including 14 whose bodies were recovered during the past 24 hours, as well as two other casualties. For more information: https://english.wafa.ps/Pages/Details/154617",
    "highlightText": "",
    "highlightTitle": "",
    "highlightThreadTitle": "",
    "language": "english",
    "sentiment": "negative",
    "categories": [
        "War, Conflict and Unrest",
        "Politics",
        "Social Issue"
    ],
    "topics": [
        "War, Conflict and Unrest->massacre",
        "Politics->human rights",
        "Politics->political crisis",
        "Politics->government",
        "Social Issue->social problem",
        "Social Issue->mankind",
        "Social Issue->discrimination"
    ],
    "ai_allow": true,
    "has_canonical": false,
    "breaking": false,
    "webz_reporter": false,
    "external_links": [
        "https://english.wafa.ps/Pages/Details/154617",
        "https://www.english.wafa.ps/Pages/Details/154617"
    ],
    "external_images": [],
    "entities": {
        "persons": [],
        "organizations": [
            {
                "name": "WAFA",
                "sentiment": "negative"
            }
        ],
        "locations": [
            {
                "name": "Gaza Strip",
                "sentiment": "none"
            }
        ]
    },
    "syndication": {
        "syndicated": false,
        "syndicate_id": null,
        "first_syndicated": false
    },
    "trust": null,
    "rating": null,
    "crawled": "2025-02-14T00:13:36.372+02:00",
    "updated": "2025-02-14T00:13:36.372+02:00"
}