{
    "thread": {
        "uuid": "b80814c09e92a7d97a01abe358c28dccfdd19d8b",
        "url": "https://www.thestar.com.my/news/world/2025/02/14/trump-signs-plan-to-impose-reciprocal-tariffs-on-trading-partners",
        "site_full": "www.thestar.com.my",
        "site": "thestar.com.my",
        "site_section": "https://thestar.com.my/news/latest",
        "site_categories": [
            "media",
            "top_news_sa",
            "top_news_my",
            "top_news_ph",
            "top_news_sg",
            "top_news"
        ],
        "section_title": "Latest - News | The Star",
        "title": "Trump signs plan to impose \"reciprocal\" tariffs on trading partners | The Star",
        "title_full": "Trump signs plan to impose \"reciprocal\" tariffs on trading partners | The Star",
        "published": "2025-02-14T00:14:35.739+02:00",
        "replies_count": 0,
        "participants_count": 1,
        "site_type": "news",
        "country": "MY",
        "main_image": "https://cdn.thestar.com.my/Themes/img/newTsol_logo_socmedia.png",
        "performance_score": 0,
        "domain_rank": 2102,
        "domain_rank_updated": "2025-02-10T23:00:00.000+02:00",
        "social": {
            "facebook": {
                "likes": 0,
                "comments": 0,
                "shares": 0
            },
            "vk": {
                "shares": 0
            }
        }
    },
    "uuid": "b80814c09e92a7d97a01abe358c28dccfdd19d8b",
    "url": "https://www.thestar.com.my/news/world/2025/02/14/trump-signs-plan-to-impose-reciprocal-tariffs-on-trading-partners",
    "ord_in_thread": 0,
    "parent_url": null,
    "author": "Xiong Maoling",
    "published": "2025-02-14T00:14:35.739+02:00",
    "title": "Trump signs plan to impose \"reciprocal\" tariffs on trading partners | The Star",
    "text": "WASHINGTON, Feb. 13 (Xinhua) -- U.S. President Donald Trump on Thursday signed a memorandum directing his administration to determine \"the equivalent of a reciprocal tariff with respect to each foreign trading partner.\"\n\"I have decided for purposes of fairness, that I will charge a reciprocal tariff - meaning whatever countries charge the United States of America, we will charge them no more, no less. In other words, they charge us a tax or tariff and we charge them the exact same tax or tariff. Very simple,\" Trump said at the White House.\nAccording to the memorandum, \"it is the policy of the United States to reduce our large and persistent annual trade deficit in goods and to address other unfair and unbalanced aspects of our trade with foreign trading partners.\"\nUnder the so-called \"Fair and Reciprocal Plan,\" the administration will work \"strenuously\" to counter non-reciprocal trading arrangements with trading partners by determining the equivalent of a reciprocal tariff with respect to each foreign trading partner. \"This approach will be of comprehensive scope, examining non-reciprocal trade relationships with all United States trading partners,\" it said.\nUnder World Trade Organization (WTO) negotiations, \"reciprocity\" meant overall balance, in terms of concessions given and concessions received, between each country on the one hand and all its trading partners on the other hand, but Trump has redefined the meaning of \"reciprocity\" to apply on a line item basis, country by country, rather than overall balance, Gary Clyde Hufbauer, a nonresident senior fellow at the Peterson Institute for International Economics, told Xinhua.\n\"With reciprocity, as defined by Trump, U.S. tariffs would probably on average 10 to 15 percentage points higher. In my opinion, tariffs actually hurt the U.S. economy, so while they would raise revenue ... they would reduce GDP growth,\" Hufbauer said.\nObservers believe that this logic undermines the traditional principle of overall balance under the WTO framework, potentially leading to trade frictions and negotiation deadlocks, and prompting other countries to take countermeasures in response to U.S. tariff increases.\nOpen Modal × $(document).ready(function(){ var freeBoxShow = false; $(window).scroll(function() { var scrollPercent = 100 * $(window).scrollTop() / ($(document).height() - $(window).height()); window.setTimeout(function () { //scroll to page length 35% then show the pop-up if (scrollPercent >= 35 && !freeBoxShow) { freeBoxShow = true; $('#freeHTMLBoxBtn').click(); } }, 500); }); var freeModal = document.getElementById(\"freeModal\"); $(\"#freeHTMLBoxBtn\").click(function () { freeModal.style.display = \"block\"; //$('body').addClass('free-modal-open'); }); $(\".free-close\").click(function () { freeModal.style.display = \"none\"; //$('body').removeClass('free-modal-open'); }); var freeBox = '",
    "highlightText": "",
    "highlightTitle": "",
    "highlightThreadTitle": "",
    "language": "english",
    "sentiment": "negative",
    "categories": [
        "Politics",
        "Economy, Business and Finance"
    ],
    "topics": [
        "Politics->international relations",
        "Politics->government",
        "Politics->economic policy",
        "Economy, Business and Finance->business governance",
        "Economy, Business and Finance->financial and economic news"
    ],
    "ai_allow": true,
    "has_canonical": false,
    "breaking": false,
    "webz_reporter": false,
    "external_links": [],
    "external_images": [],
    "entities": {
        "persons": [
            {
                "name": "Donald Trump",
                "sentiment": "negative"
            }
        ],
        "organizations": [
            {
                "name": "Xinhua",
                "sentiment": "negative"
            }
        ],
        "locations": []
    },
    "syndication": {
        "syndicated": false,
        "syndicate_id": null,
        "first_syndicated": false
    },
    "trust": null,
    "rating": null,
    "crawled": "2025-02-14T00:14:35.739+02:00",
    "updated": "2025-02-14T00:14:35.739+02:00"
}