{
    "thread": {
        "uuid": "3ac4260d7fa2e4450006e1897df55f08ccf61f45",
        "url": "https://borkena.com/2025/02/13/ambassel-ethiopia-reports-of-intense-fighting-in-ambassel-and-wollo-latest-updates-on-amhara-region-conflict",
        "site_full": "borkena.com",
        "site": "borkena.com",
        "site_section": "https://news.google.com/search?q=been%20when%3A1h&hl=en-US&gl=US&ceid=US%3Aen",
        "site_categories": [
            "media"
        ],
        "section_title": "Google News - Search",
        "title": "Reports of Intense Fighting in Ambassel and Wollo: Latest Updates on Amhara Region Conflict",
        "title_full": "Reports of Intense Fighting in Ambassel and Wollo: Latest Updates on Amhara Region Conflict",
        "published": "2025-02-13T23:20:00.000+02:00",
        "replies_count": 0,
        "participants_count": 1,
        "site_type": "news",
        "country": "ET",
        "main_image": "https://borkena.com/wp-content/uploads/2025/02/Ambassel-Wollo-_-Ethiopian-News-_-Fano.jpg",
        "performance_score": 0,
        "domain_rank": 194751,
        "domain_rank_updated": "2025-02-10T23:00:00.000+02:00",
        "social": {
            "facebook": {
                "likes": 0,
                "comments": 0,
                "shares": 0
            },
            "vk": {
                "shares": 0
            }
        }
    },
    "uuid": "3ac4260d7fa2e4450006e1897df55f08ccf61f45",
    "url": "https://borkena.com/2025/02/13/ambassel-ethiopia-reports-of-intense-fighting-in-ambassel-and-wollo-latest-updates-on-amhara-region-conflict",
    "ord_in_thread": 0,
    "parent_url": null,
    "author": "Account",
    "published": "2025-02-13T23:20:00.000+02:00",
    "title": "Reports of Intense Fighting in Ambassel and Wollo: Latest Updates on Amhara Region Conflict",
    "text": "Ambassel (google map) Borkena\nToronto – Intense fighting has been reported in the Ambassel mountain area of South Wollo, in Ethiopia’s Amhara region. The conflict has spread across a wide area, prompting the Ethiopian Defense Force to deploy mechanized units to multiple locations in the area.\nThe clashes, which have now persisted for two days, have reportedly resulted in significant military gains for Fano forces. According to sources, an unspecified number of government heavy artillery units have been destroyed. However, the exact number of casualties on both sides remains unclear.\nThis development suggests a resurgence in Fano forces’ advances, as the fighting had previously been concentrated in North Wollo for many months now.\nThe Ethiopian government has yet to issue an official statement regarding the situation.\nSources informed Borkena that transportation between Dessie and Wogel Tena has been disrupted. While Fano forces have not imposed formal restrictions, transport operators appear to have suspended services for safety reasons.\nAdditionally, battles have been reported further south near Kombolcha and Worebabo, where government forces reportedly suffered losses. In the South West Wollo area, specifically in Amhara Saynet, government forces were unable to gain control. Fano forces claim to have taken control of Bokeksa town in the same area.\nIn Gojjam, clashes erupted near Dima Giorgis. According to Ethio News, Fano forces gained the upper hand in the fighting, prompting the government to send reinforcements. Reports also allege that government forces resorted to targeting civilian with heavy artillery and the looting of residential homes.\nIn Northern Gondar, fighting continues as government forces attempt once again to secure the corridor to the Ethio-Sudan border—a mission that has proven challenging.\nFano forces reportedly maintain control over 80 percent of the Amhara region. This week, the Amhara Regional Administration disclosed that it has been unable to collect 50 billion birr in taxes due to the ongoing conflict in the region.\n__\nSubscribe : https://borkena.com/subscribe-borkena/\nJoin our Telegram Channel : t.me/borkena\nLike borkena on Facebook\nAdd your business to Ethiopian Business Listing / Ethiopian Business Directory Business Listing Toronto\nJoin the conversation. Follow us on X (Formerly Twitter) @zborkena to get the latest Ethiopian News updates regularly. Subscribe to YouTube channel To share information or for submission, send e-mail to info@borkena.com",
    "highlightText": "",
    "highlightTitle": "",
    "highlightThreadTitle": "",
    "language": "english",
    "sentiment": "negative",
    "categories": [
        "War, Conflict and Unrest",
        "Politics",
        "Social Issue"
    ],
    "topics": [
        "War, Conflict and Unrest->armed conflict",
        "Politics->human rights",
        "Politics->civil rights",
        "Politics->political crisis",
        "Social Issue->social problem",
        "Social Issue->demographics"
    ],
    "ai_allow": true,
    "has_canonical": false,
    "breaking": true,
    "webz_reporter": false,
    "external_links": [
        "https://www.facebook.com/Ethiopiannewsborkena/",
        "https://www.youtube.com/@borkenamedia",
        "https://twitter.com/zborkena",
        "https://t.co/zxR6oZi7L9",
        "https://www.t.co/zxR6oZi7L9",
        "https://facebook.com/Ethiopiannewsborkena/",
        "https://www.facebook.com/Ethiopiannewsborkena",
        "https://www.twitter.com/zborkena",
        "https://youtube.com/@borkenamedia"
    ],
    "external_images": [],
    "entities": {
        "persons": [
            {
                "name": "Wogel Tena",
                "sentiment": "none"
            },
            {
                "name": "Fano",
                "sentiment": "none"
            }
        ],
        "organizations": [],
        "locations": [
            {
                "name": "South Wollo",
                "sentiment": "none"
            },
            {
                "name": "Ambassel",
                "sentiment": "none"
            },
            {
                "name": "North Wollo",
                "sentiment": "none"
            },
            {
                "name": "Kombolch",
                "sentiment": "none"
            }
        ]
    },
    "syndication": {
        "syndicated": false,
        "syndicate_id": null,
        "first_syndicated": false
    },
    "trust": null,
    "rating": null,
    "crawled": "2025-02-14T00:01:12.149+02:00",
    "updated": "2025-02-14T02:47:32.686+02:00"
}