{
    "thread": {
        "uuid": "dbe8d35ab91a174231b6045d37d039368696c352",
        "url": "https://freerepublic.com/focus/f-news/4297425/posts",
        "site_full": "freerepublic.com",
        "site": "freerepublic.com",
        "site_section": "https://freerepublic.com/tag/*/index",
        "site_categories": [
            "media"
        ],
        "section_title": "Latest Articles",
        "title": "Ex-FEMA employee who discouraged helping pro-Trump homes violated Hatch Act: OSC",
        "title_full": "Ex-FEMA employee who discouraged helping pro-Trump homes violated Hatch Act: OSC",
        "published": "2025-02-13T08:04:00.000+02:00",
        "replies_count": 0,
        "participants_count": 1,
        "site_type": "news",
        "country": "US",
        "main_image": "",
        "performance_score": 0,
        "domain_rank": 4742,
        "domain_rank_updated": "2025-02-10T23:00:00.000+02:00",
        "social": {
            "facebook": {
                "likes": 0,
                "comments": 0,
                "shares": 0
            },
            "vk": {
                "shares": 0
            }
        }
    },
    "uuid": "dbe8d35ab91a174231b6045d37d039368696c352",
    "url": "https://freerepublic.com/focus/f-news/4297425/posts",
    "ord_in_thread": 0,
    "parent_url": null,
    "author": "kevcol",
    "published": "2025-02-13T08:04:00.000+02:00",
    "title": "Ex-FEMA employee who discouraged helping pro-Trump homes violated Hatch Act: OSC",
    "text": "The Office of Special Counsel found Marn’i Washington, the former Federal Emergency Management Agency supervisor who told her team to “avoid” homes “advertising Trump” during Hurricane Milton response, violated the Hatch Act through her “bias[ed]” conduct.\nWashington is charged with two counts of violating the Hatch Act, one for engaging in political activity while on duty and another for using her authority or influence to interfere with or affect the result of an election.",
    "highlightText": "",
    "highlightTitle": "",
    "highlightThreadTitle": "",
    "language": "english",
    "sentiment": "negative",
    "categories": [
        "Politics",
        "Crime, Law and Justice"
    ],
    "topics": [
        "Politics->civil rights",
        "Politics->government policy",
        "Politics->political process",
        "Crime, Law and Justice->corruption"
    ],
    "ai_allow": true,
    "has_canonical": false,
    "breaking": false,
    "webz_reporter": false,
    "external_links": [],
    "external_images": [],
    "entities": {
        "persons": [],
        "organizations": [
            {
                "name": "Federal Emergency Management Agenc",
                "sentiment": "negative"
            }
        ],
        "locations": []
    },
    "syndication": {
        "syndicated": false,
        "syndicate_id": null,
        "first_syndicated": false
    },
    "trust": null,
    "rating": null,
    "crawled": "2025-02-14T00:09:22.577+02:00",
    "updated": "2025-02-14T00:09:22.577+02:00"
}