{
    "thread": {
        "uuid": "60fdb7417b253da54da7eda0cb660fcf4d65442b",
        "url": "https://www.lucianne.com/2025/02/13/hhs_spent_over_22_billion_on_giveaways_to_illegal_immigrants_over_past_four_years_145543.html",
        "site_full": "www.lucianne.com",
        "site": "lucianne.com",
        "site_section": "https://lucianne.com",
        "site_categories": [
            "media",
            "law_government_and_politics",
            "politics"
        ],
        "section_title": "Lucianne.com News Forum",
        "title": "HHS Spent over $22 Billion on Giveaways to Illegal Immigrants over Past Four Years",
        "title_full": "HHS Spent over $22 Billion on Giveaways to Illegal Immigrants over Past Four Years",
        "published": "2025-02-13T07:00:00.000+02:00",
        "replies_count": 0,
        "participants_count": 1,
        "site_type": "news",
        "country": "US",
        "main_image": "",
        "performance_score": 0,
        "domain_rank": 82843,
        "domain_rank_updated": "2025-02-10T23:00:00.000+02:00",
        "social": {
            "facebook": {
                "likes": 0,
                "comments": 0,
                "shares": 0
            },
            "vk": {
                "shares": 0
            }
        }
    },
    "uuid": "60fdb7417b253da54da7eda0cb660fcf4d65442b",
    "url": "https://www.lucianne.com/2025/02/13/hhs_spent_over_22_billion_on_giveaways_to_illegal_immigrants_over_past_four_years_145543.html",
    "ord_in_thread": 0,
    "parent_url": null,
    "author": "James Lynch",
    "published": "2025-02-13T07:00:00.000+02:00",
    "title": "HHS Spent over $22 Billion on Giveaways to Illegal Immigrants over Past Four Years",
    "text": "Posted By: Dreadnought,\n2/13/2025 5:13:02 PM\nThe Department of Health and Human Services spent $22.6 billion on assistance to illegal immigrants from 2020 to 2024 as border crossings hit all-time highs, a new watchdog report shows. The HHS Office of Refugee Resettlement, a unit that lost track of 32,000 migrant children, distributed the bulk of the funds to nonprofit organizations during President Joe Biden’s term, according to a report from government spending watchdog Open the Books, first reported by the New York Post. In fiscal year 2023 alone, the ORR doled out $10 billion worth of grants as the Biden administration expanded the number of illegal aliens eligible for assistance. HHS distributed obligated funds of",
    "highlightText": "",
    "highlightTitle": "",
    "highlightThreadTitle": "",
    "language": "english",
    "sentiment": "negative",
    "categories": [
        "Politics",
        "Social Issue"
    ],
    "topics": [
        "Politics->government budget",
        "Politics->economic policy",
        "Politics->migration policy",
        "Social Issue->social problem",
        "Social Issue->immigration",
        "Social Issue->illegal immigration"
    ],
    "ai_allow": true,
    "has_canonical": false,
    "breaking": false,
    "webz_reporter": false,
    "external_links": [],
    "external_images": [],
    "entities": {
        "persons": [
            {
                "name": "Joe Biden",
                "sentiment": "none"
            }
        ],
        "organizations": [
            {
                "name": "Department of Health and Human Services",
                "sentiment": "negative"
            },
            {
                "name": "HHS Office of Refugee Resettlement",
                "sentiment": "none"
            },
            {
                "name": "New York Post",
                "sentiment": "none"
            }
        ],
        "locations": []
    },
    "syndication": {
        "syndicated": false,
        "syndicate_id": null,
        "first_syndicated": false
    },
    "trust": null,
    "rating": null,
    "crawled": "2025-02-14T00:16:45.151+02:00",
    "updated": "2025-02-14T00:16:45.151+02:00"
}