{
    "thread": {
        "uuid": "1b4f6b5ae9a9e88d1f028592393ebc9964a97d1a",
        "url": "https://dailynews.co.tz/peace-inquiry-spurs-hope/",
        "site_full": "dailynews.co.tz",
        "site": "dailynews.co.tz",
        "site_section": "https://news.google.com/search?q=its%20when%3A1h&hl=en-US&gl=US&ceid=US%3Aen",
        "site_categories": [
            "media"
        ],
        "section_title": "Google News - Search",
        "site_title": "Homepage - Daily News",
        "title": "Peace inquiry spurs hope",
        "title_full": "Peace inquiry spurs hope",
        "published": "2025-11-20T08:53:00.000+02:00",
        "replies_count": 0,
        "participants_count": 1,
        "site_type": "news",
        "country": "US",
        "main_image": "",
        "performance_score": 0,
        "domain_rank": 99952,
        "domain_rank_updated": "2025-11-16T23:00:00.000+02:00",
        "licensing_agency": [],
        "social": {
            "facebook": {
                "likes": 0,
                "comments": 0,
                "shares": 0
            },
            "vk": {
                "shares": 0
            }
        }
    },
    "uuid": "1b4f6b5ae9a9e88d1f028592393ebc9964a97d1a",
    "url": "https://dailynews.co.tz/peace-inquiry-spurs-hope/",
    "ord_in_thread": 0,
    "author": "Ally Mayala",
    "published": "2025-11-20T08:53:00.000+02:00",
    "title": "Peace inquiry spurs hope",
    "text": "Peace inquiry spurs hope\nDAR ES SALAAM: POLITICAL analysts have said that the newly formed Independent Commission of Inquiry to investigate breaches of peace during and after the October 29 General Election is expected to restore citizens’ confidence and strengthen national tranquility through reconciliation efforts.\nThe analysts shared their views yesterday in separate interviews, following President Samia Suluhu Hassan’s announcement of the commission of inquiry, which was officially unveiled on Tuesday.\nThe President formed the commission in fulfilment of a pledge she made recently while inaugurating the 13th Parliament.\nDuring her address she pledged to establish an inquiry commission to determine the root causes of the incidents, noting that its findings would guide the country toward dialogue that promotes understanding and peace.\nPresident Samia added that although the CCM Manifesto 2025/2030 outlines the establishment of a commission for reconciliation and mediation, it was important to first identify the root causes of the incidents before forming the reconciliation body.\nSeasoned Political Analyst from the Saint Augustine University of Tanzania (SAUT), Dr Isaac Safari, commended President Samia for establishing the commission, saying it will help uncover the truth behind the electoral incidents and lay the foundation for national dialogue on peace.\nALSO READ: CCM warns new ministers: Deliver or face action\n“The commission will reveal the truth to both the President and the citizens. Its formation is timely, considering that the country’s state of peace has significantly improved compared to the period immediately after the incidents, when emotions were still high,” Dr Safari told the Daily News.\nHe added: “The commission brings hope as it will enable the nation to understand the truth and determine the way forward. We are optimistic that it will pave the way for reconciliation.” Dr Safari said the findings of the commission will guide reconciliation efforts aimed at attaining national consensus and safeguarding the country’s peace. He said that only truth will secure public confidence and support for all peace interventions.\nPublic Administration and Governance Expert at the Institute of Accountancy Arusha (IAA), Dr Adam Mnyavanu, also applauded the establishment of the President’s commission, saying it aligns with international standards of conflict resolution.\nDr Mnyavanu said the commission will play a pivotal role in strengthening peaceful co-existence and mutual understanding among citizens nationwide.\nHe explained that, in addition to uncovering the root causes of the October electoral incidents, the commission will shed light on the severe impacts they had on the country and its people.\nDr Mnyavanu further said he is eager to see the specific roles the commission will be assigned and how it will execute them.\nMeanwhile, Political Analyst, Mr Yonah Mapury expressed confidence to all members of the commission including diplomats by considering their vast academic and leadership experiences anticipating that they will bring desired outcomes.\nThe commission which was announced on Tuesday will be chaired by the retired Chief Justice of the High Court of Tanzania, Mohamed Chande Othman.\nIt has a total of seven other members including former Chief Justice, Professor Ibrahim Juma, former Chief Secretary Ambassador Ombeni Sefue, Ambassador (retired) Radhia Msuya, Ambassador (retired) Lieutenant General Paul Meela, retired Inspector General of Police (IGP) Said Mwema, Ambassador David Kapya and former Executive Secretary of the Southern Africa Development Community (SADC), Dr Stergomena Tax.\nPresident Samia made the commission under her authority granted by Section 3 of the commission of Inquiry Act, Chapter 32.",
    "highlightText": "",
    "highlightTitle": "",
    "highlightThreadTitle": "",
    "language": "english",
    "sentiment": "positive",
    "categories": [
        "Politics",
        "War, Conflict and Unrest"
    ],
    "topics": [
        "Politics->political process",
        "War, Conflict and Unrest->peace process"
    ],
    "ai_allow": true,
    "has_canonical": false,
    "breaking": true,
    "webz_reporter": false,
    "external_links": [
        "https://www.sadc.int/",
        "https://www.iaa.ac.tz/",
        "https://www.instagram.com/ccmtanzania/",
        "https://www.saut.ac.tz/",
        "https://instagram.com/ccmtanzania/",
        "https://sadc.int/",
        "https://www.instagram.com/ccmtanzania",
        "https://www.saut.ac.tz",
        "https://saut.ac.tz/",
        "https://iaa.ac.tz/",
        "https://www.sadc.int",
        "https://www.iaa.ac.tz"
    ],
    "external_images": [],
    "internal_images": [],
    "entities": {
        "persons": [
            {
                "name": "Samia Suluhu Hassan",
                "sentiment": "none"
            }
        ],
        "locations": [],
        "organizations": [
            {
                "name": "Commission of Inquiry",
                "sentiment": "none",
                "tickers": [
                    {
                        "ticker": null,
                        "exchange": null
                    }
                ]
            }
        ]
    },
    "syndication": {
        "syndicated": false,
        "syndicate_id": null,
        "first_syndicated": false
    },
    "trust": {
        "categories": [],
        "top_news": [],
        "bias": null,
        "source": {
            "type": null,
            "city": null,
            "state": null,
            "country": null,
            "domain_type": null,
            "agency": null,
            "organization_name": null
        }
    },
    "rating": null,
    "crawled": "2025-11-20T09:40:35.725+02:00",
    "updated": "2025-11-20T09:51:26.000+02:00"
}