{
    "thread": {
        "uuid": "53e4dcd56391180de73deac6b2415355ac2cfd5e",
        "url": "https://www.energycentral.com/nuclear/post/news-us-to-own-nuclear-reactors-stemming-from-japan-s-550-billion-pledge-1IVSBiK4KZivyWX",
        "site_full": "www.energycentral.com",
        "site": "energycentral.com",
        "site_section": "https://www.energycentral.com/rss/feed",
        "site_categories": [
            "media",
            "business",
            "green_solutions"
        ],
        "section_title": "",
        "site_title": "Energy Central | News, Content & Community for global power & utility industry professionals.",
        "title": "NEWS: US to Own Nuclear Reactors Stemming From Japan's $550 Billion Pledge",
        "title_full": "NEWS: US to Own Nuclear Reactors Stemming From Japan's $550 Billion Pledge",
        "published": "2025-11-20T00:04:00.000+02:00",
        "replies_count": 0,
        "participants_count": 1,
        "site_type": "news",
        "country": "US",
        "main_image": "https://tribe-s3-production.imgix.net/CroXEXHaGKzj2MeSwd2uv?fit=max&amp;w=1000&amp;auto=compress,format",
        "performance_score": 0,
        "domain_rank": 131808,
        "domain_rank_updated": "2025-11-16T23:00:00.000+02:00",
        "licensing_agency": [],
        "social": {
            "facebook": {
                "likes": 0,
                "comments": 0,
                "shares": 0
            },
            "vk": {
                "shares": 0
            }
        }
    },
    "uuid": "53e4dcd56391180de73deac6b2415355ac2cfd5e",
    "url": "https://www.energycentral.com/nuclear/post/news-us-to-own-nuclear-reactors-stemming-from-japan-s-550-billion-pledge-1IVSBiK4KZivyWX",
    "ord_in_thread": 0,
    "author": "Kinsey Grant Baker",
    "published": "2025-11-20T00:04:00.000+02:00",
    "title": "NEWS: US to Own Nuclear Reactors Stemming From Japan's $550 Billion Pledge",
    "text": "NEWS: US to Own Nuclear Reactors Stemming From Japanâ€™s $550 Billion Pledge\nThe US will buy and own up to 10 large nuclear reactors. (Bloomberg)\nWho foots the bill? Japan, potentially. The projects could be covered by the non-binding commitment Japan made last month to fund $550B in US projects, according to Carl Coe, DOE chief of staff.. That promise included as much as $80B for building new reactors made by Westinghouse.\nâ€œThe role of having the government involved in private markets is sacrosanctâ€” you just donâ€™t do it,â€� Coe said at a conference. â€œBut this is a national emergency.â€�\n1",
    "highlightText": "",
    "highlightTitle": "",
    "highlightThreadTitle": "",
    "language": "english",
    "sentiment": "positive",
    "categories": [
        "Politics",
        "Economy, Business and Finance"
    ],
    "topics": [
        "Politics->government policy",
        "Politics->nuclear policy",
        "Economy, Business and Finance->energy and resource",
        "Economy, Business and Finance->business financing"
    ],
    "ai_allow": true,
    "has_canonical": false,
    "breaking": null,
    "webz_reporter": false,
    "external_links": [
        "https://www.bloomberg.com/news/articles/2025-11-19/us-to-own-reactors-stemming-from-japan-s-550-billion-pledge",
        "https://bloomberg.com/news/articles/2025-11-19/us-to-own-reactors-stemming-from-japan-s-550-billion-pledge"
    ],
    "external_images": [],
    "internal_images": [],
    "entities": {
        "persons": [
            {
                "name": "Carl Coe",
                "sentiment": "none"
            }
        ],
        "locations": [],
        "organizations": [
            {
                "name": "Bloomberg",
                "sentiment": "none",
                "tickers": [
                    {
                        "ticker": null,
                        "exchange": null
                    }
                ]
            },
            {
                "name": "DOE",
                "sentiment": "none",
                "tickers": [
                    {
                        "ticker": null,
                        "exchange": null
                    }
                ]
            }
        ]
    },
    "syndication": {
        "syndicated": false,
        "syndicate_id": null,
        "first_syndicated": false
    },
    "trust": {
        "categories": [],
        "top_news": [],
        "bias": null,
        "source": {
            "type": null,
            "city": null,
            "state": null,
            "country": null,
            "domain_type": null,
            "agency": null,
            "organization_name": null
        }
    },
    "rating": null,
    "crawled": "2025-11-20T09:19:01.771+02:00",
    "updated": "2025-11-20T09:20:28.000+02:00"
}