{
    "thread": {
        "uuid": "1ed8083df784dd835279084bbf5c7ff28a241b5b",
        "url": "https://www.samaa.tv/2087342064-us-approves-93mln-sale-of-javelin-missiles-and-excalibur-to-india",
        "site_full": "www.samaa.tv",
        "site": "samaa.tv",
        "site_section": "https://www.samaa.tv/2087329908-infinix-unveils-note-50-note-50-pro-with-bigger-batteries",
        "site_categories": [
            "media"
        ],
        "section_title": "Infinix Note 50, Note 50 Pro launched with 144hz display &amp; bigger batteries",
        "site_title": "SAMAA TV - Latest Breaking News, Pakistan, World, Video news Home - SAMAA",
        "title": "US approves $93mln sale of Javelin missiles and Excalibur to India",
        "title_full": "US approves $93mln sale of Javelin missiles and Excalibur to India",
        "published": "2025-11-20T02:00:00.000+02:00",
        "replies_count": 0,
        "participants_count": 1,
        "site_type": "news",
        "country": "PK",
        "main_image": "https://www.samaa.tv/images/javelin-missiles-excalibur.jpg",
        "performance_score": 0,
        "domain_rank": 52756,
        "domain_rank_updated": "2025-11-16T23:00:00.000+02:00",
        "licensing_agency": [],
        "social": {
            "facebook": {
                "likes": 0,
                "comments": 0,
                "shares": 0
            },
            "vk": {
                "shares": 0
            }
        }
    },
    "uuid": "1ed8083df784dd835279084bbf5c7ff28a241b5b",
    "url": "https://www.samaa.tv/2087342064-us-approves-93mln-sale-of-javelin-missiles-and-excalibur-to-india",
    "ord_in_thread": 0,
    "author": "SAMAA TV",
    "published": "2025-11-20T02:00:00.000+02:00",
    "title": "US approves $93mln sale of Javelin missiles and Excalibur to India",
    "text": "The U.S. State Department has approved the sale of Javelin anti-tank missiles and Excalibur guided artillery munitions worth $93 million to India.\nAccording to the U.S. Defense Security Cooperation Agency (DSCA), India requested up to 216 Excalibur tactical projectiles and 100 Javelin anti-tank missile units. India already deploys Excalibur artillery rounds in its M-777 Howitzer guns.\nThe principal contractors for the deal include RTX Corp for the Excalibur projectiles and its joint venture with Lockheed Martin for the Javelin systems.\nStrategic and policy implications\nThe DSCA said the sale “will support the foreign policy and national security objectives of the United States by helping to strengthen the U.S.-Indian strategic relationship.” It will also enhance the security of a major defense partner and promote stability, peace, and economic progress in the Indo-Pacific and South Asia regions.\nThis sale marks India’s first defense purchase under Washington’s foreign military sales program since tensions escalated in August, when former President Donald Trump doubled tariffs on Indian goods to 50% over New Delhi’s purchase of Russian oil.\nEarlier this month, India also reordered fighter jet engines from General Electric for its domestically produced Tejas combat aircraft. These moves indicate a gradual normalization and strengthening of U.S.-India military cooperation.",
    "highlightText": "",
    "highlightTitle": "",
    "highlightThreadTitle": "",
    "language": "english",
    "sentiment": "positive",
    "categories": [
        "Politics"
    ],
    "topics": [
        "Politics->international relations",
        "Politics->defence"
    ],
    "ai_allow": true,
    "has_canonical": false,
    "breaking": null,
    "webz_reporter": false,
    "external_links": [],
    "external_images": [],
    "internal_images": [],
    "entities": {
        "persons": [
            {
                "name": "Donald Trump",
                "sentiment": "none"
            }
        ],
        "locations": [
            {
                "name": "South",
                "sentiment": "none"
            }
        ],
        "organizations": [
            {
                "name": "U.S. Defense Security Cooperation Agency",
                "sentiment": "none",
                "tickers": []
            },
            {
                "name": "Lockheed Martin",
                "sentiment": "none",
                "tickers": [
                    {
                        "ticker": "LMT",
                        "exchange": "NYSE"
                    }
                ]
            },
            {
                "name": "RTX Corp",
                "sentiment": "none",
                "tickers": [
                    {
                        "ticker": "RTX",
                        "exchange": "NYSE"
                    }
                ]
            }
        ]
    },
    "syndication": {
        "syndicated": false,
        "syndicate_id": "1ed8083df784dd835279084bbf5c7ff28a241b5b",
        "first_syndicated": true
    },
    "trust": {
        "categories": [],
        "top_news": [],
        "bias": null,
        "source": {
            "type": null,
            "city": null,
            "state": null,
            "country": null,
            "domain_type": null,
            "agency": null,
            "organization_name": null
        }
    },
    "rating": null,
    "crawled": "2025-11-20T09:09:59.138+02:00",
    "updated": "2025-11-20T09:12:31.000+02:00"
}