{
    "thread": {
        "uuid": "39872195ccce0435759a907fc29402b048d8d70a",
        "url": "https://signalcleveland.org/pressure-mounts-on-cuyahoga-sheriff-for-independent-probe-of-tasha-grants-restraint-death/",
        "site_full": "signalcleveland.org",
        "site": "signalcleveland.org",
        "site_section": "https://news.google.com/search?q=of%20when%3A1h&hl=en-US&gl=US&ceid=US%3Aen",
        "site_categories": [],
        "section_title": "Google News - Search",
        "site_title": "Local news and resources for Clevelanders by Clevelanders",
        "title": "Family Attorney Demands Outside Probe of Tasha Grant's Death",
        "title_full": "Family Attorney Demands Outside Probe of Tasha Grant's Death",
        "published": "2025-10-09T07:01:00.000+03:00",
        "replies_count": 0,
        "participants_count": 1,
        "site_type": "news",
        "country": "US",
        "main_image": "https://i0.wp.com/signalcleveland.org/wp-content/uploads/2025/10/LOZADA_CLE-DSP-SHOOTING_FOLO_25923-copy-scaled.jpg?fit=2560%2C1707&ssl=1",
        "performance_score": 0,
        "domain_rank": 554534,
        "domain_rank_updated": "2025-10-06T00:00:00.000+03:00",
        "licensing_agency": [],
        "social": {
            "facebook": {
                "likes": 0,
                "comments": 0,
                "shares": 0
            },
            "vk": {
                "shares": 0
            }
        }
    },
    "uuid": "39872195ccce0435759a907fc29402b048d8d70a",
    "url": "https://signalcleveland.org/pressure-mounts-on-cuyahoga-sheriff-for-independent-probe-of-tasha-grants-restraint-death/",
    "ord_in_thread": 0,
    "author": "Mark Puente, Brittany Hailer, Doug Livingston",
    "published": "2025-10-09T07:01:00.000+03:00",
    "title": "Family Attorney Demands Outside Probe of Tasha Grant's Death",
    "text": "Cuyahoga County Sheriff Harold Pretel is refusing to seek independent investigations into three women’s deaths that occurred during encounters with his deputies, despite a growing call for more scrutiny from the victims’ families and advocacy organizations.\nStanley Jackson, an attorney for the three families, said relatives fear they’ll never know the truth if the sheriff’s department investigates its own cases.\nSince George Floyd’s murder in 2020 brought national attention to police accountability, more law enforcement leaders across Ohio have begun turning over cases involving their own officers to outside investigators. The Cuyahoga County sheriff has not followed suit.\n“We’ve lost three beautiful Black women,” said Jackson, of Cochran Firm Cleveland. “[They] have families and children, and we deserve better.”\nPretel declined to comment. A county spokesperson said the sheriff’s department will continue its practice of investigating all deaths that involve deputies.\nIn May, Tasha Grant died in custody after she was transferred from the county jail to MetroHealth Medical Center, where a deputy and hospital police officers restrained her. Her death, minutes later, was later ruled a homicide. Tamya Westmoreland and Sharday Elder were both bystanders killed in separate high-speed chases led by the sheriff’s problematic Downtown Safety Patrol (recently renamed the Community Support Unit), this year.\nGrant’s death, ruled a homicide in September, has amplified demands for outside reviews.\nBlack Lives Matter Cleveland President LaTonya Goldsby stressed that an outside investigation is crucial in Grant’s case because a deputy assigned to guard her at the hospital participated in the physical restraint. Goldsby’s organization has asked for independent investigations into all three deaths.\n“It will give us a clear understanding of who was involved,” she said. “There needs to be accountability.”\nGrant, a 39-year-old double amputee, was physically restrained at the hospital following an altercation, according to police records. That caused difficulty breathing and, ultimately, her heart to stop, the medical examiner found.\nCiting increased demand across the state for outside investigations, the Ohio attorney general’s Bureau of Criminal Investigation (BCI) created a dedicated unit in May to examine officer shootings and incidents that cause injury or death. The new Force Investigations Unit aims to slash the time it takes to complete investigations, delivering results to prosecutors within 90 days or less.\nPolice chiefs and sheriffs can, but are not required to, request assistance from state investigators, other agencies or completely relinquish control of a case.\nTwenty-four county sheriffs and 49 police chiefs have turned over such cases to the BCI since 2020, according to a Marshall Project – Cleveland review of 120 fatal force investigations.\nLocally, police chiefs in Cleveland Heights, Garfield Heights, North Olmsted, North Ridgeville, Parma and Shaker Heights have handed over cases to state investigators.\nA Cuyahoga County sheriff, however, has never asked for anything more than the state’s help in processing a crime scene in at least the past five years, TMP’s review found.\nCuyahoga County Prosecutor Michael O’Malley has stepped aside and appointed a special prosecutor to review potential criminal charges in Grant’s death. His office has an internal policy that requires the Ohio attorney general or a special prosecutor to take over cases of officers who use deadly force, including in-custody deaths.\nO’Malley has also appointed a special prosecutor to handle the deaths of Westmoreland and Elder.\nAdam Bercovici, an expert in law enforcement practices, said the public now demands transparency and objectivity in death investigations.\n“It is all about competency and objectivity,” said Bercovici, a retired Los Angeles Police Department lieutenant. “You should not be afraid to have someone look at the systems you have in place.”\nUnanswered calls for outside investigations into the deaths of Westmoreland and Elder followed a Marshall Project – Cleveland report that Black drivers received 75% of the citations from the sheriff’s controversial patrol unit.\nJackson said departments that investigate their own cases risk losing the public’s trust.\n“The sheriff, the county executive and county council are at an ethical and moral crossroads,” Jackson said. “To do nothing is to affirm what has happened and allow it to continue.”",
    "highlightText": "",
    "highlightTitle": "",
    "highlightThreadTitle": "",
    "language": "english",
    "sentiment": "negative",
    "categories": [
        "Crime, Law and Justice",
        "Politics",
        "Social Issue"
    ],
    "topics": [
        "Crime, Law and Justice->court",
        "Crime, Law and Justice->investigation (criminal)",
        "Politics->government",
        "Politics->public inquiry",
        "Social Issue->death and dying",
        "Social Issue->family"
    ],
    "ai_allow": true,
    "has_canonical": false,
    "breaking": true,
    "webz_reporter": false,
    "external_links": [
        "https://www.themarshallproject.org/2025/09/25/cleveland-death-restraint-sheriff-metrohealth",
        "https://www.titannational.net/",
        "https://www.ohioattorneygeneral.gov/SpecialPages/Documents/Kevin-Giesel/Case-Opening",
        "https://embed.documentcloud.org/documents/26173278-tasha-grant-autopsy/?embed=1",
        "https://www.ohioattorneygeneral.gov/Media/Newsletters/Criminal-Justice-Update/August-2025/Meeting-the-demand",
        "https://embed.documentcloud.org/documents/26174901-independent-county-prosecutor-appointment-for-claims-of-police-use-of-unlawful-deadly-force-udf/?embed=1",
        "https://www.ohioattorneygeneral.gov/SpecialPages/Documents/Christian-Alexander-Tyson-Thomas/Case-Opening-and-Initial-Response_Redacted",
        "https://www.ohioattorneygeneral.gov/SpecialPages/Documents/DeShawn-Vaughn/Case-Opening",
        "https://www.ohioattorneygeneral.gov/getattachment/15504b37-e578-47d0-899c-f514336c2c7d/15504b37-e578-47d0-899c-f514336c2c7d.aspx",
        "https://www.themarshallproject.org/2025/08/28/cuyahoga-deputies-hired-downtown",
        "https://www.ohioattorneygeneral.gov/SpecialPages/Documents/Jason-Norris/Case-Opening",
        "https://www.themarshallproject.org/2025/09/15/cuyahoga-county-downtown-patrol-sheriff",
        "https://www.ohioattorneygeneral.gov/SpecialPages/Documents/Thomas-Nock/Case-Opening?utm_source=chatgpt.com",
        "https://embed.documentcloud.org/documents/26173277-metrohealth-police-reports/?embed=1",
        "https://embed.documentcloud.org/documents/26173278-tasha-grant-autopsy/",
        "https://www.embed.documentcloud.org/documents/26174901-independent-county-prosecutor-appointment-for-claims-of-police-use-of-unlawful-deadly-force-udf/?embed=1",
        "https://embed.documentcloud.org/documents/26173277-metrohealth-police-reports/",
        "https://embed.documentcloud.org/documents/26174901-independent-county-prosecutor-appointment-for-claims-of-police-use-of-unlawful-deadly-force-udf/",
        "https://www.titannational.net",
        "https://themarshallproject.org/2025/09/25/cleveland-death-restraint-sheriff-metrohealth",
        "https://ohioattorneygeneral.gov/Media/Newsletters/Criminal-Justice-Update/August-2025/Meeting-the-demand",
        "https://titannational.net/",
        "https://www.embed.documentcloud.org/documents/26173278-tasha-grant-autopsy/?embed=1",
        "https://ohioattorneygeneral.gov/SpecialPages/Documents/DeShawn-Vaughn/Case-Opening",
        "https://ohioattorneygeneral.gov/SpecialPages/Documents/Jason-Norris/Case-Opening",
        "https://ohioattorneygeneral.gov/getattachment/15504b37-e578-47d0-899c-f514336c2c7d/15504b37-e578-47d0-899c-f514336c2c7d.aspx",
        "https://www.embed.documentcloud.org/documents/26173277-metrohealth-police-reports/?embed=1",
        "https://ohioattorneygeneral.gov/SpecialPages/Documents/Kevin-Giesel/Case-Opening",
        "https://www.ohioattorneygeneral.gov/SpecialPages/Documents/Thomas-Nock/Case-Opening",
        "https://themarshallproject.org/2025/08/28/cuyahoga-deputies-hired-downtown",
        "https://ohioattorneygeneral.gov/SpecialPages/Documents/Thomas-Nock/Case-Opening?utm_source=chatgpt.com",
        "https://themarshallproject.org/2025/09/15/cuyahoga-county-downtown-patrol-sheriff",
        "https://ohioattorneygeneral.gov/SpecialPages/Documents/Christian-Alexander-Tyson-Thomas/Case-Opening-and-Initial-Response_Redacted"
    ],
    "external_images": [],
    "internal_images": [],
    "entities": {
        "persons": [
            {
                "name": "Harold Pretel",
                "sentiment": "none"
            },
            {
                "name": "Tasha Grant",
                "sentiment": "none"
            },
            {
                "name": "Stanley Jackson",
                "sentiment": "none"
            },
            {
                "name": "George Floyd",
                "sentiment": "none"
            }
        ],
        "locations": [
            {
                "name": "Cuyahoga County",
                "sentiment": "none"
            }
        ],
        "organizations": [
            {
                "name": "MetroHealth Medical Center",
                "sentiment": "none",
                "tickers": []
            }
        ]
    },
    "syndication": {
        "syndicated": false,
        "syndicate_id": null,
        "first_syndicated": false
    },
    "trust": {
        "categories": null,
        "top_news": [],
        "bias": null,
        "source": {
            "type": "local_news",
            "city": [
                "Cleveland"
            ],
            "state": [
                "Ohio"
            ],
            "country": [
                "US"
            ],
            "domain_type": null,
            "agency": null,
            "organization_name": null
        }
    },
    "rating": null,
    "crawled": "2025-10-09T07:30:19.538+03:00",
    "updated": "2025-10-09T07:34:29.000+03:00"
}