{
    "thread": {
        "uuid": "4a3a2cf476e6d6ff39851204d51fd724baf4464e",
        "url": "https://justthenews.com/politics-policy/elections/spanberger-backed-big-tech-censorship-russian-propaganda-amid-hunter",
        "site_full": "justthenews.com",
        "site": "justthenews.com",
        "site_section": "https://world.einnews.com/ajax/headlines",
        "site_categories": [
            "under_construction"
        ],
        "section_title": "",
        "site_title": "Just The News",
        "title": "Spanberger backed Big Tech censoring of Hunter Biden laptop stories as 'Russian propaganda' in 2020 | Just The News",
        "title_full": "Spanberger backed Big Tech censoring of Hunter Biden laptop stories as 'Russian propaganda' in 2020 | Just The News",
        "published": "2025-10-08T23:18:00.000+03:00",
        "replies_count": 0,
        "participants_count": 1,
        "site_type": "news",
        "country": "US",
        "main_image": "https://justthenews.com/sites/default/files/styles/social_media_share/public/2025-09/winsome-sears-abigail-spanberger.Win%20McNamee.Getty%20Images.jpg?h=199d8c1f&amp;itok=JLwLxES7",
        "performance_score": 0,
        "domain_rank": 36493,
        "domain_rank_updated": "2025-10-06T00:00:00.000+03:00",
        "licensing_agency": [],
        "social": {
            "facebook": {
                "likes": 0,
                "comments": 0,
                "shares": 0
            },
            "vk": {
                "shares": 0
            }
        }
    },
    "uuid": "4a3a2cf476e6d6ff39851204d51fd724baf4464e",
    "url": "https://justthenews.com/politics-policy/elections/spanberger-backed-big-tech-censorship-russian-propaganda-amid-hunter",
    "ord_in_thread": 0,
    "author": "Jerry Dunleavy",
    "published": "2025-10-08T23:18:00.000+03:00",
    "title": "Spanberger backed Big Tech censoring of Hunter Biden laptop stories as 'Russian propaganda' in 2020 | Just The News",
    "text": "Spanberger backed Big Tech censoring of Hunter Biden laptop stories as 'Russian propaganda' in 2020\nSpanberger's support of Big Tech censorship came at a key moment in the 2020 election between Trump and Biden.\nThe current Democratic nominee to be Virginia governor — whose previous campaign ads featured a signer of the notorious Hunter Biden laptop letter — said she supported Big Tech's censorship of “Russian propaganda” during a congressional campaign debate, making the comment immediately following her opponent’s condemnation of social media companies for censoring stories about Joe and Hunter Biden.\nThen-Rep. Spanberger, D-Va., made her comments during a debate with her unsuccessful challenger, Virginia State Del. Nick Freitas, R-Va., just a few weeks before the November election and just three days after the Hunter Biden laptop letter was published on October 19, 2020.\nThe debate moderator, Robert Costa, asked both candidates about the power of Big Tech in the economy and asked how Congress should regulate antitrust, privacy, and foreign interference issues with technology companies.\nFreitas answered first, saying, “When it comes to Big Tech companies, I think one of the biggest problems that we’ve had — and we’ve seen this lately with Twitter and Facebook attempting to suppress information that was coming out about Hunter Biden and Joe Biden — is that they are trying to operate as a publisher, but they want the legal protections of a platform. A platform has the ability to put information out there so that people can have access to information, but they’re not supposed to selectively censor it in accordance with their own political views.”\n“These big tech companies do have to understand that if they’re going to operate as a publisher, then they’re going to have to face the legal consequences when they deliberately censor information, simply because it doesn’t fit within their preferred political beliefs,” Freitas added.\nSpanberger supports censorship\nSpanberger then retorted that “I think it’s absolutely appropriate that tech firms should not be pushing Russian propaganda. And when it is, they are made aware that that exists by the United States’s FBI, they have an obligation to recognize the harm that propaganda from a foreign adversary nation can pose to our elections and our election systems.”\n“I do believe that social media companies should be held accountable, they should be held to the same standards. When there’s a television ad on the TV or on the radio, you know who is putting that ad out there, and the same requirements must be placed on political ads and other ads that go on social media, and importantly, that disclaimer of who is paying to influence the viewer, the user, needs to follow that ad along,” Spanberger also said.\nIn October 2020, shortly before the presidential election, The New York Post released stories detailing Hunter Biden’s shady business dealings in China and Ukraine. When the publication attempted to post the articles on its Twitter account, the social media company said doing so violated its rule against sharing “hacked” materials. Facebook also limited the dissemination of the stories.\nDays later, the infamous laptop letter helped contribute to the baseless narrative that the Hunter Biden laptop stories were nothing but a product of Russian disinformation — a narrative seized upon by Joe Biden’s 2020 campaign and spread by some of the laptop letter signers.\nSpanberger did not respond to a request for comment sent to her by Just the News through her gubernatorial campaign.\nIslamic connections an issue\nIn her congressional runs in both 2018 and 2020, Spanberger would push back on GOP criticisms about her work at the Islamic Saudi Academy in northern Virginia by releasing ads featuring ex-CIA officer John Sipher, who would go on to sign the infamous Hunter Biden laptop letter in October 2020.\nSpanberger tweeted on September 11, 2018 that “in our latest TV ad, John Sipher, a 28-year veteran of the CIA’s National Clandestine Service, discusses my work protecting Americans and keeping our country safe from threats.”\nSipher said in the ad that “associating Abigail with terrorism is laughable.” He argued: “The CIA trusted her with top secret security clearances. For Dave Bratt or anybody else to twist that and turn it against her and claim that Abigail aided terrorists? It’s dangerous and unpatriotic.”\nSpanberger again turned to Sipher for a September 2020 ad pushing back against Republican criticisms of her work at the Saudi academy.\n“Abigail Spanberger was one of our quiet warriors who worked overseas […] Abigail put her life on the line to serve our country […] These attacks against her have been discredited and condemned. To suggest that somehow she is unpatriotic is not just absurd, it is disgusting.”\nSipher, a co-founder of Spycraft Entertainment and a senior fellow at the Atlantic Council, previously said he was proud to have played his part in influencing the 2020 election in favor of Biden — before backtracking and claiming he was being sarcastic.\nSipher later donated $250 to Spanberger’s congressional campaign in 2022, according to Open Secrets.\nThe laptop letter signer said this June on the Jack Hopkins Show that “some of the people that I've gotten to meet since I've retired and become friends with in the political space, who I really am impressed by, are women like Abigail Spanberger, who's running for governor here in Virginia.”\nHopkins told Sipher that “you're somebody I know I would enjoy having a beer with.” Sipher replied that they should get drinks with Denver Riggleman, a former Republican congressman from Virginia who worked with Hunter Biden’s lawyers to undercut stories about the laptop.\n“Well, that's what we need to do,” Sipher said. “We need to go to Denver Riggleman's place and get free bourbon from him. I think he owes that to us. Yes, and I think I can get one of the Vindmans there and maybe I can get Abigail Spanberger.”\nLaptops and lies\nSipher’s Mission Implausible podcast appears to have done three episodes focused on the Hunter Biden laptop saga in 2024 at the height of special counsel David Weiss’s investigation into Joe Biden’s son. The episodes featured Riggleman, anti-Trump former Rep. Adam Kinzinger, R-Ill., and fellow laptop letter signer Douglas Wise.\nSipher said in late November last year, after Trump had defeated then-Vice President Kamala Harris, that he saw “Abigail Spanberger” as one of the top future leaders of the Democratic Party. He posted on Bluesky in March, “Governor Spanberger, 2025!” Sipher declared on that social media site in June that “the women must save us” and pointed specifically to “Spanberger.”\nSipher published a story for The Bulwark in March titled, “Trump Is Still Obsessed With the Hunter Biden Laptop Letter. But it doesn’t seem like he or his supporters actually know what we said.”\n“The first major story about the letter ran under the headline: ‘Hunter Biden story is Russian disinfo, dozens of former intel officials say.’ We never said the story was false — only that its appearance may have been the work of the Russian government and that it gave Russia an opportunity to manipulate American voters,” Sipher wrote.\nBacktracking on statements about laptop letter\nAlthough the October 2020 letter hedged a bit at various times, it did repeatedly contend there was Russian involvement with the laptop stories, arguing that “if we are right, this is Russia trying to influence how Americans vote in this election” and expressing “our view that the Russians are involved in the Hunter Biden email issue.” The letter claimed that the laptop saga “has all the classic earmarks of a Russian information operation” and that “our experience makes us deeply suspicious that the Russian government played a significant role in this case.”\nUnmentioned by Sipher in his article was that the letter was directly pitched to signers as giving Biden a “talking point” against Trump. Sipher did not respond to a request for comment from Just the News sent to him through his company.\nFormer Acting CIA Director Michael Morell said future Secretary of State Antony Blinken “triggered” him to craft the laptop letter.\nJoe Biden said during the October 2020 debate with Trump, “There are 50 former national intelligence folks who said that what he’s accusing me of is a Russian plan. They have said this is, has all the — four, five former heads of the CIA. Both parties say what he’s saying is a bunch of garbage.”\nThe then-future and now-former president was referring to the Politico report by Natasha Bertrand on Oct. 19, 2020 titled “Hunter Biden story is Russian disinfo, dozens of former intel officials say” which had first shared the letter.\nFBI agent Elvis Chan and Foreign Influence Task Force section chief Laura Dehmlow met with Facebook on Oct. 14, 2020 — the day The New York Post published its story on the Hunter Biden laptop. Dehmlow also met with Twitter that day.\nAt this time, the FBI had the laptop in its possession and had long known that it was real. Documents published by Rep. Jim Jordan, R-Ohio, show that when a Twitter representative asked whether the laptop was real, an FBI agent said \"yes,\" but an FBI lawyer jumped in, cutting him off with, \"No further comment.\"\nHouse Republicans revealed that Dehmlow then said the FBI held emergency deliberations on how to respond to the question going forward. When the Facebook meeting was held later in the day, the FBI simply said \"no comment\" when asked whether the Hunter Biden story was factual. Chan himself argued that “at the time we had not confirmed that the FBI was actually investigating Hunter Biden. So she did not have the authority to say anything or to comment about it.”\nThe GOP-led House Judiciary Committee argued in 2024 that “the FBI made this decision despite possessing the laptop and having determined that it was authentic and, thus, not the product of Russian propaganda.”\nIRS whistleblowers previously revealed that the FBI verified the authenticity of Hunter Biden’s laptop in late 2019 — nearly a year before the Post stories and the laptop letter.\nSources familiar with the situation previously told Just the News that Chan, who had defied a congressional subpoena to testify about his role in the FBI’s social media censorship activities, was removed from his FBI post in San Francisco earlier this year. It was reported by the Independent Newsroom in May that Chan “has been placed on ‘terminal leave’ and has not accessed his agency devices for over a month.”\nToo little, too late\nThe day after Twitter blocked The New York Post’s mid-October stories on Hunter Biden, then-Twitter CEO Jack Dorsey tweeted: “Straight blocking of URLs was wrong, and we updated our policy and enforcement to fix.”\nDorsey testified before the Senate in November 2020 after Joe Biden defeated Trump.\n“We made a quick interpretation, using no other evidence, that the materials in the article were obtained through hacking, and according to our policy, we blocked them from being spread,” Dorsey said. “Upon further consideration, we admitted this action was wrong.”\nFacebook founder Mark Zuckerberg has suggested his platform blocked the Hunter Biden laptop stories as disinformation at the urging of the FBI.\nChan’s 2022 testimony in a freedom of speech case confirmed that the bureau ran an operation during the 2020 election that requested social media companies remove content as disinformation, suggesting the government’s requests succeeded about half of the time and were conducted with a \"headquarter stamp of approval.\"\nAsked how frequently his unit succeeded in getting posts blocked, Chan testified: \"I would not say it was a 100 percent success rate. If I had to characterize it, I would say it was like a 50 percent success rate. But that's just from my recollection.\"\nChan, in his deposition for the lawsuit brought by then-Missouri Attorney General Eric Schmitt and Louisiana Attorney General Jeff Landry, claimed his unit did not direct Twitter and Facebook to block the New York Post and that the Hunter Biden issue was never raised in government meetings he attended with officials from Homeland Security's Cybersecurity and Infrastructure Security Agency (CISA) and the social platforms. Hunter Biden came up only one time when a Facebook executive asked whether the FBI had a probe of the future president's son and agents declined to answer the question, Chan said.\n\"Hunter Biden was not — in my recollection, Hunter Biden was not referred to in any of the CISA USG-industry meetings,\" Chan testified.\n\"From my recollection, one meeting with Facebook after the regular agenda had been completed, one of the Facebook analysts asked if the FBI had any information they could share about the Hunter Biden investigation,\" Chan added. \"To that I recall [FBI official] Ms. Laura Dehmlow saying that the FBI had no comment.\"\nChan testified in the freedom of speech case that he “was confident that [he] was not a party to any meeting with social media companies where Hunter Biden was discussed outside of the [Facebook-FITF bilateral meeting]” and that he had “no internal knowledge of [the Hunter Biden] investigation.”\nA House Republican report from last year said that Chan’s testimony was “contradicted” by an FBI analyst who told congressional investigators that he messaged Chan and “mentioned that there was an ongoing investigation” on the morning of October 14, 2020.\nJordan previously published an internal Facebook document showing that Chan had a \"follow up\" call with the social media platform on Oct. 15, 2020 — one day after the initial meeting.\nA Facebook employee who is a former FBI agent wrote on Oct. 15, 2020 that \"Chan advised that he was up to speed on the current state of the matter within the FBI,\" according to messages published by Jordan.\nChan figured prominently in that October 2024 report by the GOP-led Committee on the Judiciary and the Select Subcommittee on the Weaponization of the Federal Government which was titled, “Election Interference: How the FBI ‘Prebunked’ a True Story about the Biden Family’s Corruption in Advance of the 2020 Presidential Election.”\nThe GOP report said that “the roots of the FBI’s 2020 'prebunking' scheme dated back to the 2016 presidential election, after which emerged sensationalized accounts that foreign ‘disinformation’ had affected the integrity of the election” and that “fueled by left-wing election denialism, a cottage industry of pseudoscientists, think tanks, and university centers sprung up to combat the alleged rise in misinformation and disinformation, which they held responsible for President Trump’s victory.”\nSocial media in bed with Biden White House\nThe FBI “formed the Foreign Influence Task Force to coordinate with social media companies and prevent alleged foreign disinformation from reaching American voters,” the Republican report argued, adding that “these entities worked together and with social media companies to censor speech—disproportionately conservative speech—all in the name of stopping disinformation and, ironically enough, promoting democracy.”\nThe GOP report said that “FBI agents — typically Elvis Chan, Assistant Special Agent in Charge of the FBI’s San Francisco Field Office — scheduled FITF bilateral meetings with social media companies quarterly, with additional calls or meetings on an ad hoc basis.”\nChan “confirmed that in bilateral meetings, the FBI discussed platforms’ policies regarding hacked materials and how the policies might apply to potential foreign influence operations,” the Republican report said.\nAttorney General Pam Bondi announced in February that “the Foreign Influence Task Force shall be disbanded” in order to “free resources to address more pressing priorities and end risks of further weaponization and abuses of prosecutorial discretion.”\nChan told lawyers for the Missouri and Louisiana attorneys general in a lawsuit over social media censorship that he supervised a \"command post\" in his home city that helped the nationwide disinformation censorship operation function in fall 2020.\nHe described a sprawling operation that enlisted the help of FBI field offices around the country, federal prosecutors, and FBI and Justice Department lawyers before his unit would make the final request to social media to block content deemed by the operation to be disinformation or in violation of each company’s term of service.\n“Social-media platforms updated their policies in 2020 to provide that posting ‘hacked materials’ would violate their policies. According to Chan, the impetus for these changes was the repeated concern about a 2016-style ‘hack-and-leak’ operation,” Judge Terry Doughty of the U.S. District Court for the Western District of Louisiana said in a July 2023 ruling. “Although Chan denies that the FBI urged the social-media platforms to change their policies on hacked material, Chan did admit that the FBI repeatedly asked the social-media companies whether they had changed their policies with regard to hacked materials because the FBI wanted to know what the companies would do if they received such materials.”\nThe judge wrote that “most of the time, the emails flagging the misinformation would go to seven social-media platforms. During 2020, Chan estimated he sent out these emails from one to six times per month. … When the FBI sent these emails, it would request that the social-media platforms report back on the specific actions taken as to these indicators and would also follow up at the quarterly meetings.”\nThe 5th Circuit Court of Appeals in September 2023 upheld the lower court decision in Missouri v. Biden barring the federal government from working with social media companies to remove content protected by the First Amendment.\nYoel Roth said in a December 2020 declaration to the Federal Election Commission that he was head of site integrity at Twitter, which is part of Twitter’s Trust and Safety Department.\n“Since 2018, I have had regular meetings with the Office of the Director of National Intelligence, the Department of Homeland Security, the FBI, and industry peers regarding election security,” Roth said. “During these weekly meetings, the federal law enforcement agencies communicated that they expected ‘hack-and-leak operations’ by state actors might occur in the period shortly before the 2020 presidential election, likely in October.”\nRoth added: “I was told in these meetings that the intelligence community expected that individuals associated with political campaigns would be subject to hacking attacks and that material obtained through those hacking attacks would likely be disseminated over social media platforms, including Twitter. These expectations of hack-and-leak operations were discussed throughout 2020. I also learned in these meetings that there were rumors that a hack-and-leak operation would involve Hunter Biden.”\nHe said his team “determined that the information in the articles could have been obtained through hacking” and that his team “escalated” the articles for further review. Roth said Twitter’s Trust and Safety leadership then determined the articles “violated the Distribution of Hacked Materials Policy,” and the leadership group “instructed the Site Integrity Team to execute enforcement.”\nRoth said his team then blocked Twitter users from sharing links to the New York Post articles. He said he did not discuss it with any Biden campaign representatives prior to censoring the articles.\nHe also testified in February 2023 that “Twitter and other tech companies worked to build closer information-sharing relationships with law enforcement such as the FBI” in the lead up to the 2020 election to deal with “threats” posed by Russian disinformation efforts similar to those in 2016.\nAn October 2020 complaint from the RNC alleged that “through its ad hoc, partisan oppression of media critical of Biden, [Twitter] is making illegal, corporate in-kind contributions as it provides unheard-of media services for Joe Biden’s campaign.” The FEC rejected the complaint in August 2021.\nIndependent investigative journalist Catherine Herridge tweeted in early April “for the first time, and with a change of administration, the FBI has now turned over to GOP House investigators the internal chat messages that show Bureau leadership actively silenced its employees.”\nIn the chat messages, an individual whose name was redacted messaged Chan that there was a “gag order” on discussion of Hunter Biden’s laptop.\nChan asked in the chat, “actually what kind of case is the laptop thing? corruption? campaign financing?” Another FBI employee responded, “CLOSE HOLD —” with the rest of the response redacted. Chan responded, “oh crap … ok. It ends here.”\nChan was also asked in the chat if “Anyone discussing that NYPost article on the Biden’s?” Chan responded, “yes we are. c d confirmed an active investigation. No further comment.” It is likely that “C D” referred to the FBI’s Criminal Division.\nSens. Chuck Grassley, R-Iowa, and Ron Johnson, R-Wisc., sent a letter to FBI Director Kash Patel in April in response to that report.\nWhistleblower info confirmed\n“These October 2020 internal messages appear to corroborate whistleblower information that we previously released highlighting the FBI’s widespread efforts to downplay and undermine investigatory steps relating to Hunter Biden and not just the laptop,” Grassley and Johnson wrote.\nThe senators pointed to a July 2022 letter Grassley wrote about whistleblower disclosures indicating that, in August 2020, “there was a scheme in place among certain FBI officials to undermine derogatory information connected to Hunter Biden by falsely suggesting it was disinformation.”\nThe GOP senators also told Patel that, in August 2020, “we were provided an unnecessary briefing by the FBI’s Foreign Influence Task Force that was designed to undermine our investigation into the Biden family.”\nThe letter from the senators also said that, in August 2022, Johnson learned from whistleblowers that after the FBI obtained the Hunter Biden laptop in late 2019, local FBI leadership told employees, “you will not look at that Hunter Biden laptop.”\nThe Facts Inside Our Reporter's Notebook\nLinks\ndebateaskedansweredaddedretortedsaidseized upon by Joe Bidenâs 2020 campaignspread by some of the laptop letter signers.Islamic Saudi Academyreleasingadstweetedadco-foundersenior fellowbacktrackingdonatedsaidworked withpodcastsaidposteddeclaredHunter Biden story is Russian disinfo, dozens of former intel officials say.wroteletterâtalking pointâMichael Morellduring the October 2020 debate with Trumpreportmet with Facebookpublishedthe FBI verified the authenticity of Hunter Bidenâs laptoppreviously toldreportedtweetedDorsey said.suggestedtestimonypublished an internal Facebook documentwrotefigured prominentlyannouncedsupervised a \"command post\"July 2023 ruling.upheld the lower court decisiondeclarationtestifiedcomplaint from the RNCrejected the complainttweetedsent a letterJuly 2022 letterprovided an unnecessary briefingtold",
    "highlightText": "",
    "highlightTitle": "",
    "highlightThreadTitle": "",
    "language": "english",
    "sentiment": "negative",
    "categories": [
        "Politics",
        "Social Issue",
        "Economy, Business and Finance"
    ],
    "topics": [
        "Politics->censorship and freedom of speech",
        "Economy, Business and Finance->corporate news and profiles"
    ],
    "ai_allow": true,
    "has_canonical": false,
    "breaking": null,
    "webz_reporter": false,
    "external_links": [
        "https://www.thejackhopkinsshow.com/2327729/episodes/17354692-from-moscow-to-maga-national-security-in-the-age-of-trump",
        "https://podcasts.apple.com/us/podcast/mission-implausible/id1728340033",
        "https://www.grassley.senate.gov/imo/media/doc/johnson_grassley_to_fbi_-_hunter_biden_laptop_fbi_messages.pdf",
        "https://www.politico.com/f/?id=00000175-4393-d7aa-af77-579f9b330000",
        "https://x.com/Jim_Jordan/status/1688553347517730816",
        "https://www.fec.gov/files/legal/murs/7827/7827_08.pdf",
        "https://www.cia.gov/readingroom/docs/CIA-RDP90-00530R000701680007-8.pdf",
        "https://www.c-span.org/program/senate-committee/facebook-and-twitter-ceos-testify-on-regulating-social-media-content/556502",
        "https://www.grassley.senate.gov/imo/media/doc/grassley_to_justice_deptfbipoliticalbiasfollowup.pdf",
        "https://docs.house.gov/meetings/GO/GO00/20230208/115286/HHRG-118-GO00-Wstate-RothY-20230208.pdf",
        "https://www.ronjohnson.senate.gov/2022/8/sen-johnson-reveals-new-whistleblower-allegations-about-fbi-undermining-hunter-biden-investigation",
        "http://www.youtube.com/watch?v=-Lax8Pe3NhQ",
        "https://www.politico.com/news/2020/10/19/hunter-biden-story-russian-disinfo-430276",
        "https://www.thebulwark.com/p/trump-still-obsessed-hunter-biden-laptop-letter-retired-intelligence-russia-interference-security-clearances",
        "https://judiciary.house.gov/media/press-releases/new-information-shows-cia-contractors-colluded-biden-campaign-discredit-hunter",
        "https://intelligence.house.gov/uploadedfiles/ic_51_interim_report.pdf",
        "https://bsky.app/profile/johnsipher.bsky.social/post/3lrijaunobc24",
        "https://www.washingtonexaminer.com/policy/defense-national-security/joe-biden-hunter-biden-laptop-denier-intelligence-board",
        "https://independentnewsroom.com/p/exclusive-fbi-places-censorship-agent-elvis-chan-on-terminal-leave",
        "https://www.ca5.uscourts.gov/opinions/pub/23/23-30445-CV0.pdf",
        "https://x.com/jack/status/1317081843443912706?s=20",
        "https://www.washingtonexaminer.com/news/1934376/cia-veteran-who-signed-hunter-biden-laptop-letter-says-he-sarcastically-claimed-credit-for-2020-election/",
        "https://x.com/Jim_Jordan/status/1688553373044264961",
        "https://www.foxnews.com/politics/rnc-fec-twitter-complaint-claims-company-made-illegal-in-kind-contribution-biden-campaign",
        "https://www.atlanticcouncil.org/expert/john-sipher/",
        "https://archive.is/Uewvv",
        "https://www.cbsnews.com/news/hunter-biden-denver-riggleman-former-gop-congressman-jan-6-select-committee-adviser/",
        "https://bsky.app/profile/johnsipher.bsky.social/post/3lb7n5s5x7s2p",
        "https://x.com/C__Herridge/status/1907097122517737598",
        "https://judiciary.house.gov/sites/evo-subsites/republicans-judiciary.house.gov/files/evo-media-document/FBI-Election-Interference-Report-FINAL--10-30-24-.pdf",
        "https://www.opensecrets.org/donor-lookup/results?cand=&cycle=&employ=&name=john+sipher&state=&zip=",
        "https://bsky.app/profile/johnsipher.bsky.social/post/3ljpptiuqac2f",
        "https://www.justice.gov/ag/media/1388541/dl",
        "https://www.washingtonexaminer.com/news/white-house/white-house-wont-say-if-biden-stands-by-hunter-biden-russian-disinformation-claims",
        "https://ago.mo.gov/wp-content/uploads/missouri-v-biden-ruling.pdf",
        "http://www.youtube.com/watch?v=PZ9Dq0IdM6g",
        "https://www.wsj.com/articles/the-fbis-dubious-briefing-11620168038",
        "https://www.fec.gov/files/legal/murs/7827/7827_12.pdf",
        "https://spycraftentertainment.com/",
        "https://www.washingtonexaminer.com/news/russian-disinformation-claims-gave-joe-biden-media-cover-dismiss-hunter-allegations",
        "https://x.com/spanbergerforva/status/1039607227793989632",
        "https://washingtonexaminer.com/news/1934376/cia-veteran-who-signed-hunter-biden-laptop-letter-says-he-sarcastically-claimed-credit-for-2020-election/",
        "https://atlanticcouncil.org/expert/john-sipher/",
        "https://washingtonexaminer.com/news/russian-disinformation-claims-gave-joe-biden-media-cover-dismiss-hunter-allegations",
        "https://www.opensecrets.org/donor-lookup/results",
        "https://www.x.com/Jim_Jordan/status/1688553373044264961",
        "https://washingtonexaminer.com/news/white-house/white-house-wont-say-if-biden-stands-by-hunter-biden-russian-disinformation-claims",
        "https://politico.com/f/?id=00000175-4393-d7aa-af77-579f9b330000",
        "https://grassley.senate.gov/imo/media/doc/grassley_to_justice_deptfbipoliticalbiasfollowup.pdf",
        "https://cia.gov/readingroom/docs/CIA-RDP90-00530R000701680007-8.pdf",
        "https://www.bsky.app/profile/johnsipher.bsky.social/post/3ljpptiuqac2f",
        "https://www.x.com/Jim_Jordan/status/1688553347517730816",
        "https://grassley.senate.gov/imo/media/doc/johnson_grassley_to_fbi_-_hunter_biden_laptop_fbi_messages.pdf",
        "https://www.x.com/spanbergerforva/status/1039607227793989632",
        "https://justice.gov/ag/media/1388541/dl",
        "https://www.podcasts.apple.com/us/podcast/mission-implausible/id1728340033",
        "https://www.atlanticcouncil.org/expert/john-sipher",
        "https://washingtonexaminer.com/policy/defense-national-security/joe-biden-hunter-biden-laptop-denier-intelligence-board",
        "https://www.cbsnews.com/news/hunter-biden-denver-riggleman-former-gop-congressman-jan-6-select-committee-adviser",
        "https://www.bsky.app/profile/johnsipher.bsky.social/post/3lb7n5s5x7s2p",
        "https://c-span.org/program/senate-committee/facebook-and-twitter-ceos-testify-on-regulating-social-media-content/556502",
        "https://www.judiciary.house.gov/media/press-releases/new-information-shows-cia-contractors-colluded-biden-campaign-discredit-hunter",
        "http://youtube.com/watch?v=PZ9Dq0IdM6g",
        "https://x.com/jack/status/1317081843443912706",
        "https://foxnews.com/politics/rnc-fec-twitter-complaint-claims-company-made-illegal-in-kind-contribution-biden-campaign",
        "https://ronjohnson.senate.gov/2022/8/sen-johnson-reveals-new-whistleblower-allegations-about-fbi-undermining-hunter-biden-investigation",
        "https://www.spycraftentertainment.com/",
        "https://www.politico.com/f/",
        "https://ca5.uscourts.gov/opinions/pub/23/23-30445-CV0.pdf",
        "https://www.intelligence.house.gov/uploadedfiles/ic_51_interim_report.pdf",
        "https://thejackhopkinsshow.com/2327729/episodes/17354692-from-moscow-to-maga-national-security-in-the-age-of-trump",
        "https://www.washingtonexaminer.com/news/1934376/cia-veteran-who-signed-hunter-biden-laptop-letter-says-he-sarcastically-claimed-credit-for-2020-election",
        "https://opensecrets.org/donor-lookup/results?cand=&cycle=&employ=&name=john+sipher&state=&zip=",
        "https://www.independentnewsroom.com/p/exclusive-fbi-places-censorship-agent-elvis-chan-on-terminal-leave",
        "https://fec.gov/files/legal/murs/7827/7827_08.pdf",
        "https://www.ago.mo.gov/wp-content/uploads/missouri-v-biden-ruling.pdf",
        "https://www.archive.is/Uewvv",
        "http://www.youtube.com/watch",
        "https://cbsnews.com/news/hunter-biden-denver-riggleman-former-gop-congressman-jan-6-select-committee-adviser/",
        "https://www.judiciary.house.gov/sites/evo-subsites/republicans-judiciary.house.gov/files/evo-media-document/FBI-Election-Interference-Report-FINAL--10-30-24-.pdf",
        "https://spycraftentertainment.com",
        "http://youtube.com/watch?v=-Lax8Pe3NhQ",
        "https://www.docs.house.gov/meetings/GO/GO00/20230208/115286/HHRG-118-GO00-Wstate-RothY-20230208.pdf",
        "https://www.x.com/jack/status/1317081843443912706?s=20",
        "https://www.x.com/C__Herridge/status/1907097122517737598",
        "https://fec.gov/files/legal/murs/7827/7827_12.pdf",
        "https://wsj.com/articles/the-fbis-dubious-briefing-11620168038",
        "https://politico.com/news/2020/10/19/hunter-biden-story-russian-disinfo-430276",
        "https://thebulwark.com/p/trump-still-obsessed-hunter-biden-laptop-letter-retired-intelligence-russia-interference-security-clearances",
        "https://www.bsky.app/profile/johnsipher.bsky.social/post/3lrijaunobc24"
    ],
    "external_images": [],
    "internal_images": [],
    "entities": {
        "persons": [
            {
                "name": "Robert Costa",
                "sentiment": "none"
            },
            {
                "name": "Nick Freitas",
                "sentiment": "none"
            },
            {
                "name": "Hunter Biden",
                "sentiment": "none"
            },
            {
                "name": "Joe",
                "sentiment": "none"
            }
        ],
        "locations": [
            {
                "name": "R-Va.",
                "sentiment": "none"
            }
        ],
        "organizations": [
            {
                "name": "Congress",
                "sentiment": "none",
                "tickers": [
                    {
                        "ticker": null,
                        "exchange": null
                    }
                ]
            }
        ]
    },
    "syndication": {
        "syndicated": false,
        "syndicate_id": "4a3a2cf476e6d6ff39851204d51fd724baf4464e",
        "first_syndicated": true
    },
    "trust": {
        "categories": [
            "fake_news"
        ],
        "top_news": [],
        "bias": "right",
        "source": {
            "type": null,
            "city": null,
            "state": null,
            "country": null,
            "domain_type": null,
            "agency": null,
            "organization_name": null
        }
    },
    "rating": null,
    "crawled": "2025-10-09T07:18:10.069+03:00",
    "updated": "2025-10-09T07:20:45.000+03:00"
}