{
    "thread": {
        "uuid": "1bb5baf24507a4abfd5cdd49f238c40b48ee37f5",
        "url": "https://profit.pakistantoday.com.pk/2025/10/09/pakistans-poverty-rate-at-30-5-rural-poverty-at-36-6-first-digital-panel-survey-reveals-key-insights/",
        "site_full": "profit.pakistantoday.com.pk",
        "site": "pakistantoday.com.pk",
        "site_section": "https://profit.pakistantoday.com.pk",
        "site_categories": [
            "media",
            "top_news_pk",
            "top_news"
        ],
        "section_title": "Home Page - Profit by Pakistan Today",
        "site_title": "Pakistan Today | Latest News from Pakistan",
        "title": "Pakistan's poverty rate at 30.5%, rural poverty at 36.6%, first digital panel survey reveals key insights",
        "title_full": "Pakistan's poverty rate at 30.5%, rural poverty at 36.6%, first digital panel survey reveals key insights",
        "published": "2025-10-09T05:00:00.000+03:00",
        "replies_count": 0,
        "participants_count": 1,
        "site_type": "news",
        "country": "PK",
        "main_image": "https://profit.pakistantoday.com.pk/wp-content/uploads/2024/10/DALL·E-2024-10-17-09.38.52-A-localized-financial-themed-image-representing-Pakistans-economy-featuring-elements-like-Pakistani-currency-notes-financial-charts-and-documents-.webp",
        "performance_score": 0,
        "domain_rank": 31639,
        "domain_rank_updated": "2025-10-06T00:00:00.000+03:00",
        "licensing_agency": [],
        "social": {
            "facebook": {
                "likes": 0,
                "comments": 0,
                "shares": 0
            },
            "vk": {
                "shares": 0
            }
        }
    },
    "uuid": "1bb5baf24507a4abfd5cdd49f238c40b48ee37f5",
    "url": "https://profit.pakistantoday.com.pk/2025/10/09/pakistans-poverty-rate-at-30-5-rural-poverty-at-36-6-first-digital-panel-survey-reveals-key-insights/",
    "ord_in_thread": 0,
    "author": "News Desk",
    "published": "2025-10-09T05:00:00.000+03:00",
    "title": "Pakistan's poverty rate at 30.5%, rural poverty at 36.6%, first digital panel survey reveals key insights",
    "text": "The Pakistan Institute of Development Economics (PIDE) unveiled its landmark findings from the first digital Pakistan Panel Household Survey (PPHS) 2024, tracking over two decades of economic and social change. The survey, which covers 8,621 households nationwide, offers crucial data to guide policymaking in Pakistan, particularly in areas such as education, poverty, labor markets, and health.\nThe PPHS 2024 is the first fully digital survey conducted through tablets for real-time monitoring, improving data accuracy. It introduces new research modules, including learning poverty, disability, financial literacy, and child well-being. Notably, the survey shows that while literacy rates have improved, 34% of Grade 3–8 students still struggle with basic division problems, pointing to severe learning poverty.\nAffordability remains a key barrier to education, with 71% of parents citing financial constraints as the main reason for school dropouts. Middle- and matric-level dropout rates are 34% and 21%, respectively, reflecting significant challenges in education access.\nLabor market data shows mixed trends, with male labor force participation slightly declining from 80% to 78%, while female participation increased modestly from 23.7% to 26.9%. However, women continue to dominate agriculture and informal sectors, with limited access to higher-value industries.\nIn terms of intergenerational mobility, the survey found encouraging progress: 9% of younger individuals hold university degrees, compared to only 1% of their fathers. Furthermore, the survey noted a significant improvement in health indicators. Antenatal care coverage rose by 28.5 percentage points, while skilled birth attendance increased by 69.5 points. The rate of home births dropped significantly, and TT vaccination coverage rose by 35 points.\nThe survey also revealed concerning trends in food insecurity, with only 19.5% of households consistently affording desired meals, and 30% sometimes going without three meals a day. Inflation is identified as the most severe shock impacting livelihoods, affecting more than 60% of households.\nIn terms of poverty, Pakistan’s rate stands at 30.5%, with rural poverty at 36.6% and urban poverty at 17.8%. While rural poverty has declined from 46.1% to 37.5%, income inequality has increased, as upper-income groups’ consumption rises faster than that of lower-income households.\nSocial protection coverage has increased, with 22-23% of households benefiting from programs like BISP and Zakat, up from 10% in 2010. About 60% of households also report engaging in charitable giving, though mainly through informal channels.\nDr. Karim Khan, the seminar moderator, highlighted the importance of the PPHS as an invaluable resource for policy analysis and evidence-based decision-making. He noted that the survey’s findings will directly inform policies aimed at reducing learning poverty, expanding women’s economic participation, improving job quality, and investing in child well-being infrastructure.\nPIDE announced that the PPHS 2024 microdata will soon be publicly available to researchers and students, alongside a comprehensive 15-chapter technical report prepared by RASTA. Dr. Farooq expressed optimism that the dataset would support numerous PhD theses and policy papers, strengthening Pakistan’s evidence-based policy ecosystem.",
    "highlightText": "",
    "highlightTitle": "",
    "highlightThreadTitle": "",
    "language": "english",
    "sentiment": "negative",
    "categories": [
        "Economy, Business and Finance",
        "Social Issue",
        "Politics"
    ],
    "topics": [
        "Economy, Business and Finance->economy",
        "Social Issue->poverty",
        "Social Issue->demographics",
        "Politics->economic policy"
    ],
    "ai_allow": true,
    "has_canonical": false,
    "breaking": null,
    "webz_reporter": false,
    "external_links": [],
    "external_images": [],
    "internal_images": [],
    "entities": {
        "persons": [],
        "locations": [],
        "organizations": [
            {
                "name": "Pakistan Institute of Development Economics",
                "sentiment": "negative",
                "tickers": [
                    {
                        "ticker": null,
                        "exchange": null
                    }
                ]
            }
        ]
    },
    "syndication": {
        "syndicated": false,
        "syndicate_id": null,
        "first_syndicated": false
    },
    "trust": {
        "categories": [],
        "top_news": [
            "top_news_pk",
            "top_news"
        ],
        "bias": null,
        "source": {
            "type": null,
            "city": null,
            "state": null,
            "country": null,
            "domain_type": null,
            "agency": null,
            "organization_name": null
        }
    },
    "rating": null,
    "crawled": "2025-10-09T07:17:36.275+03:00",
    "updated": "2025-10-09T07:19:57.000+03:00"
}