{
    "thread": {
        "uuid": "d118ed419968554bd085427e62a3c3a6b62343f2",
        "url": "https://www.newsbreak.com/sun-post-1593298/4281135125687-city-of-robbinsdale-to-pay-1-175-million-settlement",
        "site_full": "www.newsbreak.com",
        "site": "newsbreak.com",
        "site_section": "https://www.newsbreak.com/sun-post-1593298",
        "site_categories": [
            "under_construction"
        ],
        "section_title": "Sun Post&#x27;s Home Page | NewsBreak",
        "site_title": "NewsBreak: Local News &amp; Alerts",
        "title": "City of Robbinsdale to pay $1.175 million settlement - NewsBreak",
        "title_full": "City of Robbinsdale to pay $1.175 million settlement - NewsBreak",
        "published": "2025-10-08T15:08:00.000+03:00",
        "replies_count": 0,
        "participants_count": 1,
        "site_type": "news",
        "country": "US",
        "main_image": "https://img.particlenews.com/img/id/2Glloc_15Tm0hkZ00",
        "performance_score": 0,
        "domain_rank": 2819,
        "domain_rank_updated": "2025-10-06T00:00:00.000+03:00",
        "licensing_agency": [],
        "social": {
            "facebook": {
                "likes": 0,
                "comments": 0,
                "shares": 0
            },
            "vk": {
                "shares": 0
            }
        }
    },
    "uuid": "d118ed419968554bd085427e62a3c3a6b62343f2",
    "url": "https://www.newsbreak.com/sun-post-1593298/4281135125687-city-of-robbinsdale-to-pay-1-175-million-settlement",
    "ord_in_thread": 0,
    "author": "Anja Wuolu",
    "published": "2025-10-08T15:08:00.000+03:00",
    "title": "City of Robbinsdale to pay $1.175 million settlement - NewsBreak",
    "text": "By Anja Wuolu ,\n16 hours ago\nAbout five years ago, area police officers responded to a Robbinsdale man who was drunk, suicidal and holding a gun. During the incident, the man was shot.\nAdam Nelson, a Robbinsdale resident in 2020, was shot with nine bullets by Crystal Police Officer Geoffrey Kusick, who was assisting the Robbinsdale Police Department at the time. Nelson survived the shooting, but according to the lawsuit, he was left with debilitating injuries that prevent him from working.\nThe incident was investigated by the Bureau of Criminal Apprehension and no charges were filed against Kusick by the Hennepin County Attorney. But, earlier this year, Nelson filed a civil lawsuit asking for $20 million.\n\"Recently, a tentative settlement was reached,\" City Manager Tim Sandvik said during a council meeting. \"The settlement includes payment to Mr. Nelson and the amount of $3.175 million. Of this amount, $2 million will be paid by the League of Minnesota Cities' insurance trust, and the remaining will be contributed by the city of Robbinsdale. The settlement resolves all the civil litigation stemming from the July 12, 2020 incident.\n\"The agreement allows the parties to avoid Protractor litigation, which may have taken several years to resolve. The settlement does not assume fault by any of the named parties in the city supports actions of all officers on scene as necessary and justified to protect public safety.\"\nThough discussion was mostly held in a closed session, the Robbinsdale City Council voted to accept this tentative settlement publicly on Oct. 7.\nAccording to Vicki Hruby, the attorney representing the city, \"The City of Robbinsdale is involved in this civil action as it requested Crystal officers, including Sgt. Geoffrey Kusick, to provide mutual aid during a welfare check on July 11, 2020. As the City requested this assistance, the City of Robbinsdale is the municipality involved in this lawsuit.\"\nCity Council Member Aaron Wagner commented briefly on the settlement, noting that it was difficult and they took it seriously.\n\"I think we worked together in a very real way to come up with a solution that was responsible,\" he said at the dais.",
    "highlightText": "",
    "highlightTitle": "",
    "highlightThreadTitle": "",
    "language": "english",
    "sentiment": "negative",
    "categories": [
        "Crime, Law and Justice",
        "Politics",
        "Social Issue"
    ],
    "topics": [
        "Crime, Law and Justice->police",
        "Crime, Law and Justice->court",
        "Politics->government"
    ],
    "ai_allow": true,
    "has_canonical": false,
    "breaking": null,
    "webz_reporter": false,
    "external_links": [
        "https://apg04.newzware.com/ss70v2/ecm/common/template.jsp?skin=isj&nwmodule=sso&init=nonsub&nwpage=sso&rpage=https%3A%2F%2Fapg04.newzware.com%2Ftncms%2Fauth%2Fbegin%2F%3Fprovider%3DNewzware%26return%3Dhttps%253A%252F%252Fwww.hometownsource.com%252",
        "https://img.particlenews.com/image.php?type=thumbnail_580x000&url=2Glloc_15Tm0hkZ00",
        "https://img.particlenews.com/image.php?url=2Glloc_15Tm0hkZ00",
        "https://apg04.newzware.com/ss70v2/ecm/common/template.jsp",
        "https://img.particlenews.com/image.php",
        "https://www.apg04.newzware.com/ss70v2/ecm/common/template.jsp?skin=isj&nwmodule=sso&init=nonsub&nwpage=sso&rpage=https%3A%2F%2Fapg04.newzware.com%2Ftncms%2Fauth%2Fbegin%2F%3Fprovider%3DNewzware%26return%3Dhttps%253A%252F%252Fwww.hometownsource.com%252",
        "https://www.img.particlenews.com/image.php?url=2Glloc_15Tm0hkZ00",
        "https://www.img.particlenews.com/image.php?type=thumbnail_580x000&url=2Glloc_15Tm0hkZ00"
    ],
    "external_images": [],
    "internal_images": [],
    "entities": {
        "persons": [
            {
                "name": "Anja Wuolu",
                "sentiment": "negative"
            },
            {
                "name": "Geoffrey Kusick",
                "sentiment": "none"
            },
            {
                "name": "Tim Sandvik",
                "sentiment": "none"
            },
            {
                "name": "Adam Nelson",
                "sentiment": "none"
            }
        ],
        "locations": [],
        "organizations": [
            {
                "name": "Robbinsdale Police Department",
                "sentiment": "none",
                "tickers": []
            },
            {
                "name": "League of Minnesota Cities",
                "sentiment": "none",
                "tickers": []
            }
        ]
    },
    "syndication": {
        "syndicated": false,
        "syndicate_id": "d118ed419968554bd085427e62a3c3a6b62343f2",
        "first_syndicated": true
    },
    "trust": {
        "categories": [
            "fake_news"
        ],
        "top_news": [],
        "bias": "center",
        "source": {
            "type": null,
            "city": null,
            "state": null,
            "country": null,
            "domain_type": null,
            "agency": null,
            "organization_name": null
        }
    },
    "rating": null,
    "crawled": "2025-10-09T07:18:00.740+03:00",
    "updated": "2025-10-09T07:20:44.000+03:00"
}