{
    "thread": {
        "uuid": "484f69d9c47e71011a77ec88e45d31de2684671b",
        "url": "https://www.thedailybeast.com/fox-contributor-makes-insane-claim-about-barron-trumps-dating-life/",
        "site_full": "www.thedailybeast.com",
        "site": "thedailybeast.com",
        "site_section": "https://news.google.com/search?q=about%20when%3A1h&hl=en-US&gl=US&ceid=US%3Aen",
        "site_categories": [
            "politics",
            "law_government_and_politics",
            "media",
            "top_news_us",
            "top_news"
        ],
        "section_title": "Google News - Search",
        "site_title": "The Daily Beast: The Latest in Politics, Media &amp; Entertainment News",
        "title": "Fox Contributor Makes Insane Claim About Barron Trump's Dating Life",
        "title_full": "Fox Contributor Makes Insane Claim About Barron Trump's Dating Life",
        "published": "2025-10-09T06:52:00.000+03:00",
        "replies_count": 0,
        "participants_count": 1,
        "site_type": "news",
        "country": "US",
        "main_image": "https://www.thedailybeast.com/resizer/v2/AVUZ6G65SREWTDJZH6NQC2SYTA.jpg?smart=true&amp;auth=c67bd0e2aed12a12ef438054f0efaab4432872621da9b1644251713dfb522027&amp;width=1200&amp;height=630",
        "performance_score": 2,
        "domain_rank": 2783,
        "domain_rank_updated": "2025-10-06T00:00:00.000+03:00",
        "licensing_agency": [],
        "social": {
            "facebook": {
                "likes": 23,
                "comments": 21,
                "shares": 6
            },
            "vk": {
                "shares": 0
            }
        }
    },
    "uuid": "484f69d9c47e71011a77ec88e45d31de2684671b",
    "url": "https://www.thedailybeast.com/fox-contributor-makes-insane-claim-about-barron-trumps-dating-life/",
    "ord_in_thread": 0,
    "author": "William Vaillancourt",
    "published": "2025-10-09T06:52:00.000+03:00",
    "title": "Fox Contributor Makes Insane Claim About Barron Trump's Dating Life",
    "text": "A Fox News contributor has made salacious claims surrounding Barron Trump’s love life.\nKennedy, the mononymous contributor to the right-wing channel, wrote Wednesday in the Daily Mail about the gossip she’s heard about the 19-year-old first son, who is in his sophomore year at New York University.\n“My college-aged daughters have plenty of friends who’ve gone to school with Barron and they’ve given me the lowdown on his reputation,” Kennedy wrote. “Some of these tattlers said he’s ‘weird,’ others claim he ‘doesn’t talk.’”\nKennedy added that Trump is “being slandered” on the dating app Tea, which allows women to consult with other women about men they’re dating or could date.\n“Poor Barron is on it and I’ve seen his profile,” Kennedy claimed. “Take this comment: ‘messy, played in my face, definitely dl, ran through, chopped.’”\nKennedy then included an interpretation from a “Gen Z translator”: “‘Barron is a dramatic person who pretended to play dumb while being disrespectful. He wanted to keep our union a secret, because we had intercourse and I didn’t hear from him again. He was unattractive.’”\nThe person who wrote that comment did so anonymously, wrote Kennedy, who added that she believes they “most likely never met him.”\n“But this is proof of what he has to deal with every friggin’ day,” she went on.\n“No wonder,” Kennedy added, that Trump [reportedly is taking] NYU classes in Washington, D.C. while living at the White House.\nThe White House did not immediately respond to a request for comment from the Daily Beast.\nMelania Trump admitted last year that it would be tough for her son to have a typical time at school, especially since his father would soon be president once again.\n“I don’t think it’s possible for him to be a normal student. His experience at college, it’s very different than any other kid,” she told Fox & Friends in December.\nThat would apply to a recent night in New York. At Trump Tower, Barron reportedly shut down a whole floor of the building for a date—a move that was strictly for security reasons.\nTrump, who is said to have suggested that his father’s 2024 campaign should embrace appearances on podcasts rather than traditional media interviews, was recently pitched on joining the board of TikTok by the president’s former social media producer. He hasn’t yet responded publicly.",
    "highlightText": "",
    "highlightTitle": "",
    "highlightThreadTitle": "",
    "language": "english",
    "sentiment": "negative",
    "categories": [
        "Politics",
        "Social Issue",
        "Human Interest"
    ],
    "topics": [
        "Politics->political campaigns",
        "Social Issue->dating and relationships",
        "Human Interest->celebrity"
    ],
    "ai_allow": true,
    "has_canonical": false,
    "breaking": true,
    "webz_reporter": false,
    "external_links": [
        "https://www.dailymail.co.uk/debate/article-15174447/barron-trump-messages-kennedy.html?login&signinStatus=authenticated&signinMethod=password&dataCaptured=false&flowVariant=standard_signin_nosubscribe¶m_code=35671r921vwmi0t2l04l¶m_state=eyJyZW1lbWJlck1lIjp0cnVlLCJyZWdTb3VyY2UiOiJuYXZpZ2F0aW9uIiwicmFuZG9tU3RhdGUiOiI2OWM2ODNjMy01OTVkLTQ1M2QtOWNiNC05YjkzNDdkZjc5YzIifQ%3D%3D¶m_info=%7B%22signinStatus%22%3A%22authenticated%22%2C%22signinMethod%22%3A%22password%22%2C%22dataCaptured%22%3Afalse%2C%22flowVariant%22%3A%22standard_signin_nosubscribe%22%7D¶m__host=www.dailymail.co.uk¶m_geolocation=row&base_fe_url=https%3A%2F%2Fwww.dailymail.co.uk%2F&validation_fe_uri=%2Fregistration%2Fp%2Fapi%2Ffield%2Fvalidation%2F&check_user_fe_uri=registration%2Fp%2Fapi%2Fuser%2Fuser_check%2F&isMobile=false",
        "https://dailymail.co.uk/debate/article-15174447/barron-trump-messages-kennedy.html?login&signinStatus=authenticated&signinMethod=password&dataCaptured=false&flowVariant=standard_signin_nosubscribe¶m_code=35671r921vwmi0t2l04l¶m_state=eyJyZW1lbWJlck1lIjp0cnVlLCJyZWdTb3VyY2UiOiJuYXZpZ2F0aW9uIiwicmFuZG9tU3RhdGUiOiI2OWM2ODNjMy01OTVkLTQ1M2QtOWNiNC05YjkzNDdkZjc5YzIifQ%3D%3D¶m_info=%7B%22signinStatus%22%3A%22authenticated%22%2C%22signinMethod%22%3A%22password%22%2C%22dataCaptured%22%3Afalse%2C%22flowVariant%22%3A%22standard_signin_nosubscribe%22%7D¶m__host=www.dailymail.co.uk¶m_geolocation=row&base_fe_url=https%3A%2F%2Fwww.dailymail.co.uk%2F&validation_fe_uri=%2Fregistration%2Fp%2Fapi%2Ffield%2Fvalidation%2F&check_user_fe_uri=registration%2Fp%2Fapi%2Fuser%2Fuser_check%2F&isMobile=false",
        "https://www.dailymail.co.uk/debate/article-15174447/barron-trump-messages-kennedy.html"
    ],
    "external_images": [],
    "internal_images": [],
    "entities": {
        "persons": [
            {
                "name": "Barron Trump",
                "sentiment": "negative"
            },
            {
                "name": "Kennedy",
                "sentiment": "neutral"
            }
        ],
        "locations": [],
        "organizations": [
            {
                "name": "Fox News",
                "sentiment": "negative",
                "tickers": [
                    {
                        "ticker": "FOX",
                        "exchange": "NASDAQ"
                    }
                ]
            },
            {
                "name": "New York University",
                "sentiment": "none",
                "tickers": [
                    {
                        "ticker": null,
                        "exchange": null
                    }
                ]
            },
            {
                "name": "Daily Mail",
                "sentiment": "none",
                "tickers": [
                    {
                        "ticker": null,
                        "exchange": null
                    }
                ]
            }
        ]
    },
    "syndication": {
        "syndicated": false,
        "syndicate_id": "484f69d9c47e71011a77ec88e45d31de2684671b",
        "first_syndicated": true
    },
    "trust": {
        "categories": [
            "fake_news"
        ],
        "top_news": [
            "top_news_us",
            "top_news"
        ],
        "bias": "left",
        "source": {
            "type": null,
            "city": null,
            "state": null,
            "country": null,
            "domain_type": null,
            "agency": null,
            "organization_name": null
        }
    },
    "rating": null,
    "crawled": "2025-10-09T07:25:26.364+03:00",
    "updated": "2025-10-09T07:28:07.000+03:00"
}