{
    "thread": {
        "uuid": "357f97e38f4c9093f950542691889244dcaadb4d",
        "url": "https://article.wn.com/view/2025/10/09/UTEP_footballs_free_fall_keeps_going_in_dismal_showing_again/",
        "site_full": "article.wn.com",
        "site": "wn.com",
        "site_section": "https://wn.com/football",
        "site_categories": [
            "media"
        ],
        "section_title": "World News - Football",
        "site_title": "World News",
        "title": "UTEP football's free fall keeps going in dismal showing against Liberty; Miners now 1-5 - Worldnews.com",
        "title_full": "UTEP football's free fall keeps going in dismal showing against Liberty; Miners now 1-5 - Worldnews.com",
        "published": "2025-10-09T03:00:00.000+03:00",
        "replies_count": 0,
        "participants_count": 0,
        "site_type": "news",
        "country": "US",
        "main_image": "",
        "performance_score": 0,
        "domain_rank": 8219,
        "domain_rank_updated": "2025-10-06T00:00:00.000+03:00",
        "licensing_agency": [],
        "social": {
            "facebook": {
                "likes": 0,
                "comments": 0,
                "shares": 0
            },
            "vk": {
                "shares": 0
            }
        }
    },
    "uuid": "357f97e38f4c9093f950542691889244dcaadb4d",
    "url": "https://article.wn.com/view/2025/10/09/UTEP_footballs_free_fall_keeps_going_in_dismal_showing_again/",
    "ord_in_thread": 0,
    "author": null,
    "published": "2025-10-09T03:00:00.000+03:00",
    "title": "UTEP football's free fall keeps going in dismal showing against Liberty; Miners now 1-5 - Worldnews.com",
    "text": "Maybe UTEP doesn't have a rock bottom after all.A game after plumbing offensive depths against Louisiana Tech, the Miners offered a reprise against a Liberty team that came in 129th nationally in rushing defense and 95th in total...\nMaybe UTEP doesn't have a rock bottom after all.A game after plumbing offensive depths against Louisiana Tech, the Miners offered a reprise against a Liberty team that came in 129th nationally in rushing defense and 95th in total...",
    "highlightText": "",
    "highlightTitle": "",
    "highlightThreadTitle": "",
    "language": "english",
    "sentiment": "negative",
    "categories": [
        "Sport",
        "Politics",
        "Social Issue"
    ],
    "topics": [
        "Sport->sport event",
        "Sport->american football",
        "Sport->sports record",
        "Politics->sports policies",
        "Social Issue->social condition"
    ],
    "ai_allow": true,
    "has_canonical": false,
    "breaking": null,
    "webz_reporter": false,
    "external_links": [],
    "external_images": [],
    "internal_images": [],
    "entities": {
        "persons": [
            {
                "name": "Louis",
                "sentiment": "negative"
            }
        ],
        "locations": [],
        "organizations": [
            {
                "name": "UTEP",
                "sentiment": "negative",
                "tickers": [
                    {
                        "ticker": null,
                        "exchange": null
                    }
                ]
            },
            {
                "name": "Louisiana Tech",
                "sentiment": "none",
                "tickers": [
                    {
                        "ticker": null,
                        "exchange": null
                    }
                ]
            }
        ]
    },
    "syndication": {
        "syndicated": false,
        "syndicate_id": null,
        "first_syndicated": false
    },
    "trust": {
        "categories": [
            "trusted_news"
        ],
        "top_news": [],
        "bias": "center",
        "source": {
            "type": null,
            "city": null,
            "state": null,
            "country": null,
            "domain_type": null,
            "agency": null,
            "organization_name": null
        }
    },
    "rating": null,
    "crawled": "2025-10-09T07:09:20.569+03:00",
    "updated": "2025-10-09T07:14:41.000+03:00"
}