{
    "thread": {
        "uuid": "ef9c3882d929387e8fee006be75f20c01f681286",
        "url": "https://thefederal.com/category/states/south/goa/goa-aap-chief-kalangutkar-resigns-quits-party-over-kejriwals-no-alliance-stand-210663",
        "site_full": "thefederal.com",
        "site": "thefederal.com",
        "site_section": "https://news.google.com/search?q=over%20when%3A1h&hl=en-US&gl=US&ceid=US%3Aen",
        "site_categories": [
            "media"
        ],
        "section_title": "Google News - Search",
        "site_title": "The Federal News | Top Headlines | National and World News",
        "title": "Goa AAP chief Kalangutkar resigns, quits party over Kejriwal's 'no-alliance' stand",
        "title_full": "Goa AAP chief Kalangutkar resigns, quits party over Kejriwal's 'no-alliance' stand",
        "published": "2025-10-09T07:04:00.000+03:00",
        "replies_count": 0,
        "participants_count": 1,
        "site_type": "news",
        "country": "IN",
        "main_image": "https://thefederal.com/h-upload/2025/10/09/568700-kalangutkaroptimized100.jpg",
        "performance_score": 0,
        "domain_rank": 148700,
        "domain_rank_updated": "2025-10-06T00:00:00.000+03:00",
        "licensing_agency": [],
        "social": {
            "facebook": {
                "likes": 0,
                "comments": 0,
                "shares": 0
            },
            "vk": {
                "shares": 0
            }
        }
    },
    "uuid": "ef9c3882d929387e8fee006be75f20c01f681286",
    "url": "https://thefederal.com/category/states/south/goa/goa-aap-chief-kalangutkar-resigns-quits-party-over-kejriwals-no-alliance-stand-210663",
    "ord_in_thread": 0,
    "author": "The Federal",
    "published": "2025-10-09T07:04:00.000+03:00",
    "title": "Goa AAP chief Kalangutkar resigns, quits party over Kejriwal's 'no-alliance' stand",
    "text": "Goa AAP chief Kalangutkar resigns, quits party over Kejriwal's 'no-alliance' stand\nKalangutkar claimed the people of Goa want all Opposition parties to unitedly fight against the BJP, and that Kejriwal's decision will give political and electoral advantage to the BJP\nGoa AAP working president Rajesh Kalangutkar on Wednesday (October 8) resigned from his post and the outfit, expressing unhappiness over the central leadership's stand of not forging an alliance with other Opposition parties for the 2027 assembly polls.\nDuring his just-concluded visit to Goa, Aam Aadmi Party (AAP) convenor Arvind Kejriwal made it clear that his outfit will not ally with any other political party in the coastal state, where the BJP is in power for 13 years now.\nAlso Read: Goa Assembly Speaker's election | AAP: Supported Congress nominee 'under protest'\nKalangutkar quits party\nKalangutkar said he has resigned from the post of state working president and also the primary membership of the party as he was upset with Kejriwal's pronouncement last week that the AAP will go it alone in the state polls.\nHe noted Kejriwal's position means Opposition votes will get divided in the state, thereby benefitting the ruling BJP.\nThe outgoing AAP leader had unsuccessfully contested the 2022 Goa assembly elections from the Mayem constituency.\nAlso Read: Kejriwal on AAP's bypoll wins: 'Semi-final to 2027'\n‘People want united opposition’\nKalangutkar claimed the people of Goa want all Opposition parties to unitedly fight against the BJP.\n\"But the announcement by Kejriwal means division of (Opposition) votes and this will give political and electoral advantage to the BJP,\" he reasoned.\nKejriwal was in Goa last weekend on a three-day visit during which he addressed a series of public meetings. The former Delhi CM had also addressed a meeting in Mayem, where Kalangutkar was present.\nThe AAP has two MLAs in the tiny tourist state, which has a 40-member assembly.\n(With agency inputs)",
    "highlightText": "",
    "highlightTitle": "",
    "highlightThreadTitle": "",
    "language": "english",
    "sentiment": "negative",
    "categories": [
        "Politics",
        "Social Issue",
        "Human Interest"
    ],
    "topics": [
        "Politics->political parties and movements",
        "Social Issue->social problem",
        "Human Interest->record and achievement"
    ],
    "ai_allow": true,
    "has_canonical": false,
    "breaking": true,
    "webz_reporter": false,
    "external_links": [],
    "external_images": [],
    "internal_images": [],
    "entities": {
        "persons": [
            {
                "name": "Rajesh Kalangutkar",
                "sentiment": "none"
            },
            {
                "name": "Arvind Kejriwal",
                "sentiment": "none"
            }
        ],
        "locations": [],
        "organizations": [
            {
                "name": "Congress",
                "sentiment": "none",
                "tickers": [
                    {
                        "ticker": null,
                        "exchange": null
                    }
                ]
            },
            {
                "name": "BJP",
                "sentiment": "none",
                "tickers": [
                    {
                        "ticker": null,
                        "exchange": null
                    }
                ]
            }
        ]
    },
    "syndication": {
        "syndicated": false,
        "syndicate_id": null,
        "first_syndicated": false
    },
    "trust": {
        "categories": [],
        "top_news": [],
        "bias": null,
        "source": {
            "type": null,
            "city": null,
            "state": null,
            "country": null,
            "domain_type": null,
            "agency": null,
            "organization_name": null
        }
    },
    "rating": null,
    "crawled": "2025-10-09T07:29:16.322+03:00",
    "updated": "2025-10-09T07:32:16.000+03:00"
}