{
    "thread": {
        "uuid": "c86cdcd257b78fdd17708849f0e994d76f4af044",
        "url": "https://columbiachronicle.com/campus/breaking-columbia-sees-sharp-enrollment-decline/",
        "site_full": "columbiachronicle.com",
        "site": "columbiachronicle.com",
        "site_section": "https://columbiachronicle.com/feed/atom/",
        "site_categories": [
            "media"
        ],
        "section_title": "The Columbia Chronicle",
        "site_title": "The Columbia Chronicle &#8211; We&#039;ve got you covered",
        "title": "Breaking: Columbia sees sharp enrollment decline",
        "title_full": "Breaking: Columbia sees sharp enrollment decline",
        "published": "2025-10-09T05:42:00.000+03:00",
        "replies_count": 0,
        "participants_count": 1,
        "site_type": "news",
        "country": "US",
        "main_image": "https://columbiachronicle.com/wp-content/uploads/2025/10/APPROVED-Campus_FA25Enrollment.jpg",
        "performance_score": 0,
        "domain_rank": 862517,
        "domain_rank_updated": "2025-10-06T00:00:00.000+03:00",
        "licensing_agency": [],
        "social": {
            "facebook": {
                "likes": 0,
                "comments": 0,
                "shares": 0
            },
            "vk": {
                "shares": 0
            }
        }
    },
    "uuid": "c86cdcd257b78fdd17708849f0e994d76f4af044",
    "url": "https://columbiachronicle.com/campus/breaking-columbia-sees-sharp-enrollment-decline/",
    "ord_in_thread": 0,
    "author": "Emma Jolly, Assistant Campus News Editor",
    "published": "2025-10-09T05:42:00.000+03:00",
    "title": "Breaking: Columbia sees sharp enrollment decline",
    "text": "Columbia’s fall enrollment fell by more than 1,000 students, dropping to 4,461 from 5,571 last fall, even as senior leaders said the total came in higher than expected.\nThe college enrolled 278 new transfer students and 632 first-year students this semester. In Fall 2024, Columbia enrolled 416 transfer students and 959 first-year students, according to the Office of Institutional Effectiveness.\n“These numbers underscore the importance of continued effort,” Emmanuel Lalande, the senior vice president of enrollment strategy and student success, told the Chronicle in an email.\nHe said Columbia is now on a path to “stabilize enrollment, elevate our brand, strengthen philanthropic engagement and improve operational efficiency.”\nAt a Faculty Senate meeting on Friday, Oct. 3, President and CEO Shantay Bolton told faculty that while the number of new students may seem low compared to previous years, college enrollment declines are happening nationally, and Columbia is not alone.\n“It’s not a story that we’re all in love with right now, but I think it also tells a story of the things that we can do to get ourselves out of this,” she said. “It’s not going to be a one-solution fix to getting enrollment stabilized.”\nAlthough Columbia has a fixed-cost business model that relies on tuition for its revenue, Bolton said she hopes to “stabilize and grow beyond this” by being more intentional about whom the college attracts and different ways to deliver its programs. Nearly 90% of Columbia’s students received some sort of financial aid last year.\n“I really do believe that together, with open collaboration, we can get there,” she added.\nIn 2019, before the pandemic, Columbia’s enrollment was 6,947, which was an increase from the year before. However, it has been steadily declining ever since, as the Chronicle previously reported.\nThough enrollment in Fall 2023 was still 6,529, since then, the college has faced enrollment challenges partly as a result of the part-time faculty strike that semester and also because of financial issues that have led to a ballooning deficit.\nTo cut costs and focus on what Columbia offers, the college eliminated and consolidated nearly half of its programs in 2024. This year, it laid off 43 full-time faculty.\nThe college anticipates that Spring 2026 enrollment will be right around 4,000 students, a further drop. To try to retain students, the college has launched a number of student retention initiatives, including one called “C3” that matches faculty with a small group of new students to help them navigate college, answer questions and build community.\nColumbia typically loses between 10 to 15% of its students from fall to spring, according to the Office of Institutional Effectiveness.\nFaculty Senate President Karla Fuller, a professor in the School of Film and Television, told the Chronicle she will take whatever good news she can get amidst everything going on.\n“I just can’t say enough about what a seemingly small good news point can do for folks that have been hearing a lot of stuff that’s not been going our way,” she said.\nFuller said she is looking forward to hearing more about Columbia’s strategy moving forward at the State of the College address next week, where faculty members expect “clear guidelines” regarding what’s to come.\n“We were waiting with bated breath for this number to come through,” she said, “it’s a very hopeful sign.”\nStudent Government Association President Jenna Davis, a junior fine arts major, said even though the student body is smaller, she appreciates the administration is taking the steps it needs to steady student enrollment.\n“Every student matters, and I am happy to hear it is higher than expected,” she said.\nBolton is set to deliver the State of the College address at 9:30 a.m. next Thursday, Oct. 9 in the Student Center.\nCopy edited by Manuel Nocera",
    "highlightText": "",
    "highlightTitle": "",
    "highlightThreadTitle": "",
    "language": "english",
    "sentiment": "negative",
    "categories": [
        "Education",
        "Social Issue",
        "Politics"
    ],
    "topics": [
        "Education->college and university",
        "Education->students",
        "Social Issue->mankind"
    ],
    "ai_allow": true,
    "has_canonical": false,
    "breaking": null,
    "webz_reporter": false,
    "external_links": [],
    "external_images": [],
    "internal_images": [],
    "entities": {
        "persons": [
            {
                "name": "Emmanuel Lalande",
                "sentiment": "none"
            },
            {
                "name": "Shantay Bolton",
                "sentiment": "none"
            }
        ],
        "locations": [],
        "organizations": [
            {
                "name": "Columbia",
                "sentiment": "none",
                "tickers": [
                    {
                        "ticker": "COLM",
                        "exchange": "NASDAQ"
                    }
                ]
            },
            {
                "name": "Office of Institutional Effectiveness",
                "sentiment": "none",
                "tickers": []
            }
        ]
    },
    "syndication": {
        "syndicated": false,
        "syndicate_id": null,
        "first_syndicated": false
    },
    "trust": {
        "categories": null,
        "top_news": [],
        "bias": null,
        "source": {
            "type": "local_news",
            "city": [
                "Columbia"
            ],
            "state": [
                "Illinois"
            ],
            "country": [
                "US"
            ],
            "domain_type": null,
            "agency": null,
            "organization_name": null
        }
    },
    "rating": null,
    "crawled": "2025-10-09T07:24:21.667+03:00",
    "updated": "2025-10-09T07:33:53.000+03:00"
}