{
    "thread": {
        "uuid": "fa96a326ccbea6f8d40eebc1c1a51e512badcfed",
        "url": "https://article.wn.com/view/2025/06/19/After_Fattah_1_Iran_Unleashes_Doomsday_Weapon_Khorramshahr_C",
        "site_full": "article.wn.com",
        "site": "wn.com",
        "site_section": "https://wn.com",
        "site_categories": [
            "media"
        ],
        "section_title": "World News",
        "site_title": "World News",
        "title": "After Fattah 1, Iran Unleashes \"Doomsday Weapon\" Khorramshahr, Can Israel's Iron Dome Handle It? - Worldnews.com",
        "title_full": "After Fattah 1, Iran Unleashes \"Doomsday Weapon\" Khorramshahr, Can Israel's Iron Dome Handle It? - Worldnews.com",
        "published": "2025-06-19T03:00:00.000+03:00",
        "replies_count": 0,
        "participants_count": 0,
        "site_type": "news",
        "country": "US",
        "main_image": "",
        "performance_score": 0,
        "domain_rank": 3835,
        "domain_rank_updated": "2025-06-03T00:00:00.000+03:00",
        "licensing_agency": [],
        "social": {
            "facebook": {
                "likes": 0,
                "comments": 0,
                "shares": 0
            },
            "vk": {
                "shares": 0
            }
        }
    },
    "uuid": "fa96a326ccbea6f8d40eebc1c1a51e512badcfed",
    "url": "https://article.wn.com/view/2025/06/19/After_Fattah_1_Iran_Unleashes_Doomsday_Weapon_Khorramshahr_C",
    "ord_in_thread": 0,
    "author": null,
    "published": "2025-06-19T03:00:00.000+03:00",
    "title": "After Fattah 1, Iran Unleashes \"Doomsday Weapon\" Khorramshahr, Can Israel's Iron Dome Handle It? - Worldnews.com",
    "text": "After firing 'Fattah 1' hypersonic missiles toward Israel, Iran has now reportedly unleashed the \"Doomsday weapon\" - the Khorramshahr, the most powerful missile in",
    "highlightText": "",
    "highlightTitle": "",
    "highlightThreadTitle": "",
    "language": "english",
    "sentiment": "negative",
    "categories": [
        "War, Conflict and Unrest",
        "Politics",
        "Social Issue"
    ],
    "topics": [
        "War, Conflict and Unrest->terrorist bombings",
        "War, Conflict and Unrest->act of terror",
        "War, Conflict and Unrest->international military intervention",
        "Politics->international relations",
        "Politics->defence",
        "Politics->political crisis",
        "Social Issue->communities"
    ],
    "ai_allow": true,
    "has_canonical": false,
    "breaking": null,
    "webz_reporter": false,
    "external_links": [],
    "entities": {
        "persons": [],
        "locations": [],
        "organizations": []
    },
    "syndication": {
        "syndicated": false,
        "syndicate_id": null,
        "first_syndicated": false
    },
    "trust": {
        "categories": [
            "trusted_news"
        ],
        "top_news": [],
        "bias": "center"
    },
    "rating": null,
    "crawled": "2025-06-19T07:29:20.832+03:00",
    "updated": "2025-06-19T04:34:35.000+00:00"
}