{
    "thread": {
        "uuid": "f3e10923d02d8fe855bf0f148c4fff2b539aec98",
        "url": "https://vir.com.vn/deputy-minister-of-home-affairs-suspended-from-duty-130858.html",
        "site_full": "vir.com.vn",
        "site": "vir.com.vn",
        "site_section": "https://vir.com.vn/money/stock-monitor",
        "site_categories": [],
        "section_title": "Stock Monitor",
        "site_title": "Vietnam Investment Review - VIR",
        "title": "Deputy Minister of Home Affairs suspended from duty",
        "title_full": "Deputy Minister of Home Affairs suspended from duty",
        "published": "2025-06-19T06:03:00.000+03:00",
        "replies_count": 0,
        "participants_count": 1,
        "site_type": "news",
        "country": "VN",
        "main_image": "https://vir.com.vn/stores/news_dataimages/2025/062025/19/09/in_social/deputy-minister-of-home-affairs-suspended-from-duty-20250619095528.jpg?randTime=1750306078",
        "performance_score": 0,
        "domain_rank": 28923,
        "domain_rank_updated": "2025-06-03T00:00:00.000+03:00",
        "licensing_agency": [],
        "social": {
            "facebook": {
                "likes": 0,
                "comments": 0,
                "shares": 0
            },
            "vk": {
                "shares": 0
            }
        }
    },
    "uuid": "f3e10923d02d8fe855bf0f148c4fff2b539aec98",
    "url": "https://vir.com.vn/deputy-minister-of-home-affairs-suspended-from-duty-130858.html",
    "ord_in_thread": 0,
    "author": "VNA",
    "published": "2025-06-19T06:03:00.000+03:00",
    "title": "Deputy Minister of Home Affairs suspended from duty",
    "text": "Hanoi- Prime Minister Pham Minh Chinh has signed a decision to suspend Deputy Minister of Home Affairs Nguyen Ba Hoan from his position pending further action by competent authorities.The suspension, effective under Decision No. 1178/QD-TTg dated June 17, entitles Hoan to 50% of his current salary, excluding leadership and managerial allowances.According to the Ministry of Public Security, Hoan, formerly Deputy Minister of Labour, Invalids and Social Affairs, is under investigation for allegedly taking bribes in connection with a case involving the Hoang Long Construction and Manpower Supply JSC and related units.Three other officials from the Department of Overseas Labour Management have also been prosecuted for the same charge.Investigators are looking into accounting violations causing serious consequences at the Hoang Long company.",
    "highlightText": "",
    "highlightTitle": "",
    "highlightThreadTitle": "",
    "language": "english",
    "sentiment": "negative",
    "categories": [
        "Politics",
        "Crime, Law and Justice",
        "Social Issue"
    ],
    "topics": [
        "Politics->political candidates",
        "Politics->economic policy",
        "Politics->government",
        "Crime, Law and Justice->law enforcement",
        "Crime, Law and Justice->judiciary",
        "Crime, Law and Justice->corruption",
        "Social Issue->social problem",
        "Social Issue->discrimination",
        "Social Issue->social services"
    ],
    "ai_allow": true,
    "has_canonical": false,
    "breaking": null,
    "webz_reporter": false,
    "external_links": [],
    "entities": {
        "persons": [
            {
                "name": "Pham Minh Chinh",
                "sentiment": "neutral"
            },
            {
                "name": "Nguyen Ba Hoan",
                "sentiment": "none"
            }
        ],
        "locations": [],
        "organizations": [
            {
                "name": "Hoang Long Construction and Manpower Supply JSC",
                "sentiment": "none",
                "tickers": []
            },
            {
                "name": "Department of Overseas Labour Management",
                "sentiment": "none",
                "tickers": []
            },
            {
                "name": "Ministry of Public Security",
                "sentiment": "none",
                "tickers": []
            },
            {
                "name": "Social Affairs",
                "sentiment": "none",
                "tickers": []
            }
        ]
    },
    "syndication": {
        "syndicated": false,
        "syndicate_id": null,
        "first_syndicated": false
    },
    "trust": {
        "categories": [],
        "top_news": [],
        "bias": null
    },
    "rating": null,
    "crawled": "2025-06-19T07:08:03.178+03:00",
    "updated": "2025-06-19T04:11:21.000+00:00"
}