{
    "thread": {
        "uuid": "a09cc35a744c4d06de6cc1220cc148b71f4dbd06",
        "url": "https://www.koha.net/en/kronike/sulm-fizik-ne-oborrin-e-gjykates-ne-suhareke-arrestohet-i-dyshuari",
        "site_full": "www.koha.net",
        "site": "koha.net",
        "site_section": "https://www.koha.net/en/kronike",
        "site_categories": [
            "media"
        ],
        "section_title": "    Chronicle - KOHA.net",
        "site_title": "Lajmet e fundit\n - KOHA.net",
        "title": "Physical attack in the court yard in Suhareka, suspect arrested",
        "title_full": "Physical attack in the court yard in Suhareka, suspect arrested",
        "published": "2025-06-18T15:00:00.000+03:00",
        "replies_count": 0,
        "participants_count": 1,
        "site_type": "news",
        "country": "CH",
        "main_image": "https://resources.koha.net/images/2025/February/08/d93bcce1-e05d-4f47-8486-7eed001bc7aa.webp?w=1200&amp;r=fill&amp;q=90",
        "performance_score": 0,
        "domain_rank": 51666,
        "domain_rank_updated": "2025-06-03T00:00:00.000+03:00",
        "licensing_agency": [],
        "social": {
            "facebook": {
                "likes": 0,
                "comments": 0,
                "shares": 0
            },
            "vk": {
                "shares": 0
            }
        }
    },
    "uuid": "a09cc35a744c4d06de6cc1220cc148b71f4dbd06",
    "url": "https://www.koha.net/en/kronike/sulm-fizik-ne-oborrin-e-gjykates-ne-suhareke-arrestohet-i-dyshuari",
    "ord_in_thread": 0,
    "author": "@portalikohanet",
    "published": "2025-06-18T15:00:00.000+03:00",
    "title": "Physical attack in the court yard in Suhareka, suspect arrested",
    "text": "A person has been arrested on suspicion of physical assault in the courtyard of the Courthouse in Suhareka.\nPolice spokesman Shaqir Bytyqi told KOMA that the suspect and the victim were parties to a court hearing.\nThe attack occurred with a sharp weapon during the morning hours.\nThe victim suffered injuries to his arm, for which he received medical attention.\n\"Today, on 18.06.2025, in the morning hours, while you were waiting in the courtyard of the Court in Suhareka, a person attacked another person with a strong tool. Both people were parties to a court session. The police immediately went to the scene and are investigating the case. The victim was given medical assistance, he suffered minor injuries to his arm from the blow. The suspect is at the police station being interviewed,\" said Bytyqi.\nThe Basic Court in Prizren has announced that the parties are involved in a case of minor bodily injury on December 28th of last year.",
    "highlightText": "",
    "highlightTitle": "",
    "highlightThreadTitle": "",
    "language": "english",
    "sentiment": "negative",
    "categories": [
        "Crime, Law and Justice",
        "Social Issue",
        "Politics"
    ],
    "topics": [
        "Crime, Law and Justice->investigation (criminal)",
        "Crime, Law and Justice->assault",
        "Crime, Law and Justice->arrest",
        "Social Issue->social problem",
        "Social Issue->juvenile delinquency",
        "Social Issue->communities",
        "Politics->government policy",
        "Politics->safety of citizens",
        "Politics->civil rights"
    ],
    "ai_allow": true,
    "has_canonical": false,
    "breaking": null,
    "webz_reporter": false,
    "external_links": [],
    "entities": {
        "persons": [
            {
                "name": "Shaqir Bytyqi",
                "sentiment": "none"
            }
        ],
        "locations": [
            {
                "name": "Suhareka",
                "sentiment": "none"
            }
        ],
        "organizations": []
    },
    "syndication": {
        "syndicated": false,
        "syndicate_id": null,
        "first_syndicated": false
    },
    "trust": {
        "categories": [],
        "top_news": [],
        "bias": null
    },
    "rating": null,
    "crawled": "2025-06-19T07:20:59.936+03:00",
    "updated": "2025-06-19T04:26:27.000+00:00"
}