{
    "thread": {
        "uuid": "10123f83b48779a6c1323832c3fec51f81bdc43e",
        "url": "https://timesofindia.indiatimes.com/city/visakhapatnam/my-phone-was-tapped-ys-sharmila-accuses-ex-cms-jagan-and-k-chandrashekar-rao-of-tapping-her-phone-seeks-probe/articleshow/121942658.cms",
        "site_full": "timesofindia.indiatimes.com",
        "site": "indiatimes.com",
        "site_section": "https://timesofindia.indiatimes.com/city/vijayawada",
        "site_categories": [
            "under_construction",
            "top_news_nz",
            "top_news_au",
            "top_news_ae",
            "top_news_us",
            "top_news_gb",
            "top_news_th",
            "top_news_sa",
            "top_news_sg",
            "top_news_ph",
            "top_news_hk",
            "top_news_nl",
            "top_news_qa",
            "top_news_ie",
            "top_news_pk",
            "top_news_id",
            "top_news_dk",
            "top_news_eg",
            "top_news_za",
            "top_news_my",
            "top_news_kw",
            "top_news_be",
            "top_news_in",
            "top_news_ca",
            "top_news_iq",
            "top_news"
        ],
        "section_title": "Vijayawada News, Latest Vijayawada News Headlines &amp; Live Updates, Breaking Vijayawada News Today - Times of India",
        "site_title": "News - Breaking News,  Latest News, India News, World News, Bollywood, Sports, Business and Political News | Times of India",
        "title": "'My phone was tapped': YS Sharmila accuses Ex-CMs Jagan and KCR of tapping her phone; seeks probe | Visakhapatnam News - Times of India",
        "title_full": "'My phone was tapped': YS Sharmila accuses Ex-CMs Jagan and KCR of tapping her phone; seeks probe | Visakhapatnam News - Times of India",
        "published": "2025-06-19T05:15:00.000+03:00",
        "replies_count": 0,
        "participants_count": 1,
        "site_type": "news",
        "country": "IN",
        "main_image": "https://static.toiimg.com/thumb/msid-121943599,width-1070,height-580,imgsize-1119951,resizemode-75,overlay-toi_sw,pt-32,y_pad-40/photo.jpg",
        "performance_score": 0,
        "domain_rank": 294,
        "domain_rank_updated": "2025-06-03T00:00:00.000+03:00",
        "licensing_agency": [],
        "social": {
            "facebook": {
                "likes": 0,
                "comments": 0,
                "shares": 0
            },
            "vk": {
                "shares": 0
            }
        }
    },
    "uuid": "10123f83b48779a6c1323832c3fec51f81bdc43e",
    "url": "https://timesofindia.indiatimes.com/city/visakhapatnam/my-phone-was-tapped-ys-sharmila-accuses-ex-cms-jagan-and-k-chandrashekar-rao-of-tapping-her-phone-seeks-probe/articleshow/121942658.cms",
    "ord_in_thread": 0,
    "author": "TNN",
    "published": "2025-06-19T05:15:00.000+03:00",
    "title": "'My phone was tapped': YS Sharmila accuses Ex-CMs Jagan and KCR of tapping her phone; seeks probe | Visakhapatnam News - Times of India",
    "text": "VISAKHAPATNAM: State Congress president YS Sharmila has made serious allegations regarding phone tapping against former chief ministers YS Jagan Mohan Reddy of Andhra Pradesh and K Chandrasekhar Rao of Telangana. She alleged that during her brother Jagan's tenure as CM, her phone, along with her husband's, were under surveillance in Telangana. She called upon the chief ministers of both Telugu states to conduct swift investigations into these claims. Sharmila referenced present Rajya Sabha member and her uncle YV Subba Reddy's confirmation of the surveillance. \"He confirmed the tapping of my phone. He came to my house in Hyderabad and made me hear an audio conversation from my phone. In the past, he had made false allegations against my family on the direction of Jagan, who in an attempt to grab the properties of his own nephew and niece,\" she said. Sharmila claimed Jagan attempted to \"restrict her financially and politically\" to favour then-chief minister KCR.\nEnd of Article Follow Us On Social Media Tired of too many ads? go ad free now Trending Stories In City Entire Website Tired of too many ads? go ad free now",
    "highlightText": "",
    "highlightTitle": "",
    "highlightThreadTitle": "",
    "language": "english",
    "sentiment": "negative",
    "categories": [
        "Politics",
        "Social Issue",
        "Crime, Law and Justice"
    ],
    "topics": [
        "Politics->civil rights",
        "Politics->political candidates",
        "Politics->political crisis",
        "Social Issue->social problem",
        "Social Issue->discrimination",
        "Social Issue->social condition",
        "Crime, Law and Justice->law enforcement",
        "Crime, Law and Justice->corruption",
        "Crime, Law and Justice->investigation (criminal)"
    ],
    "ai_allow": true,
    "has_canonical": false,
    "breaking": null,
    "webz_reporter": false,
    "external_links": [],
    "entities": {
        "persons": [
            {
                "name": "Jagan Mohan Reddy",
                "sentiment": "neutral"
            },
            {
                "name": "Sharmila",
                "sentiment": "none"
            }
        ],
        "locations": [],
        "organizations": [
            {
                "name": "Visakhapatnam News - Times",
                "sentiment": "negative",
                "tickers": []
            }
        ]
    },
    "syndication": {
        "syndicated": false,
        "syndicate_id": null,
        "first_syndicated": false
    },
    "trust": {
        "categories": [],
        "top_news": [
            "top_news_nz",
            "top_news_au",
            "top_news_ae",
            "top_news_us",
            "top_news_gb",
            "top_news_th",
            "top_news_sa",
            "top_news_sg",
            "top_news_ph",
            "top_news_hk",
            "top_news_nl",
            "top_news_qa",
            "top_news_ie",
            "top_news_pk",
            "top_news_id",
            "top_news_dk",
            "top_news_eg",
            "top_news_za",
            "top_news_my",
            "top_news_kw",
            "top_news_be",
            "top_news_in",
            "top_news_ca",
            "top_news_iq",
            "top_news"
        ],
        "bias": "center"
    },
    "rating": null,
    "crawled": "2025-06-19T07:26:43.711+03:00",
    "updated": "2025-06-20T05:09:13.000+00:00"
}