{
    "thread": {
        "uuid": "714dfac2b76dcca397e6278c2000005682be1a70",
        "url": "https://article.wn.com/view/2025/06/19/Alberta_lawyer_gives_up_licence_admits_to_improper_relations",
        "site_full": "article.wn.com",
        "site": "wn.com",
        "site_section": "https://wn.com/n.america-and-canada",
        "site_categories": [
            "media"
        ],
        "section_title": "World News - N.America &amp; Canada",
        "site_title": "World News",
        "title": "Alberta lawyer gives up licence, admits to improper relationship with complainant - Worldnews.com",
        "title_full": "Alberta lawyer gives up licence, admits to improper relationship with complainant - Worldnews.com",
        "published": "2025-06-19T03:00:00.000+03:00",
        "replies_count": 0,
        "participants_count": 0,
        "site_type": "news",
        "country": "US",
        "main_image": "",
        "performance_score": 0,
        "domain_rank": 3835,
        "domain_rank_updated": "2025-06-03T00:00:00.000+03:00",
        "licensing_agency": [],
        "social": {
            "facebook": {
                "likes": 0,
                "comments": 0,
                "shares": 0
            },
            "vk": {
                "shares": 0
            }
        }
    },
    "uuid": "714dfac2b76dcca397e6278c2000005682be1a70",
    "url": "https://article.wn.com/view/2025/06/19/Alberta_lawyer_gives_up_licence_admits_to_improper_relations",
    "ord_in_thread": 0,
    "author": null,
    "published": "2025-06-19T03:00:00.000+03:00",
    "title": "Alberta lawyer gives up licence, admits to improper relationship with complainant - Worldnews.com",
    "text": "A panel of law society benchers accepted the former Lethbridge Crown prosecutor's resignation at a hearing, along with an agreed statement of facts that included his admission to engaging in the relationship. read full story",
    "highlightText": "",
    "highlightTitle": "",
    "highlightThreadTitle": "",
    "language": "english",
    "sentiment": "negative",
    "categories": [
        "Crime, Law and Justice",
        "Social Issue",
        "Politics"
    ],
    "topics": [
        "Crime, Law and Justice->law",
        "Crime, Law and Justice->judiciary",
        "Crime, Law and Justice->court",
        "Social Issue->social problem",
        "Social Issue->discrimination",
        "Social Issue->abusive behaviour",
        "Politics->government",
        "Politics->civil rights",
        "Politics->political process"
    ],
    "ai_allow": true,
    "has_canonical": false,
    "breaking": null,
    "webz_reporter": false,
    "external_links": [
        "https://www.cbc.ca/news/canada/calgary/lethbridge-lawyer-gives-up-licence-1.7565225?cmp=rss",
        "https://cbc.ca/news/canada/calgary/lethbridge-lawyer-gives-up-licence-1.7565225?cmp=rss",
        "https://www.cbc.ca/news/canada/calgary/lethbridge-lawyer-gives-up-licence-1.7565225"
    ],
    "entities": {
        "persons": [],
        "locations": [],
        "organizations": []
    },
    "syndication": {
        "syndicated": false,
        "syndicate_id": null,
        "first_syndicated": false
    },
    "trust": {
        "categories": [
            "trusted_news"
        ],
        "top_news": [],
        "bias": "center"
    },
    "rating": null,
    "crawled": "2025-06-19T07:24:40.413+03:00",
    "updated": "2025-06-19T04:29:27.000+00:00"
}