{
    "thread": {
        "uuid": "0975de372580652b1fe160e3f142ff4f168fbda5",
        "url": "https://www.standardmedia.co.ke/rift-valley/article/2001522134/court-revokes-bond-for-man-in-sh12m-foreign-jobs-scam",
        "site_full": "www.standardmedia.co.ke",
        "site": "standardmedia.co.ke",
        "site_section": "https://www.standardmedia.co.ke/main-staging/world",
        "site_categories": [
            "media"
        ],
        "section_title": "    The Standard - Kenya &amp; World News | Latest and Breaking news\n ",
        "site_title": "The Standard - Kenya &amp; World News | Latest and Breaking news",
        "title": "Court revokes bond for man in Sh12m foreign jobs scam",
        "title_full": "Court revokes bond for man in Sh12m foreign jobs scam",
        "published": "2025-06-19T06:00:00.000+03:00",
        "replies_count": 0,
        "participants_count": 1,
        "site_type": "news",
        "country": "KE",
        "main_image": "https://cdn.standardmedia.co.ke/images/articles/thumbnails/KSFSkHCBHNGRdDEiaUMWlZUl6BoyekWZgaPQpTNO.jpg",
        "performance_score": 0,
        "domain_rank": 7557,
        "domain_rank_updated": "2025-06-03T00:00:00.000+03:00",
        "licensing_agency": [],
        "social": {
            "facebook": {
                "likes": 0,
                "comments": 0,
                "shares": 0
            },
            "vk": {
                "shares": 0
            }
        }
    },
    "uuid": "0975de372580652b1fe160e3f142ff4f168fbda5",
    "url": "https://www.standardmedia.co.ke/rift-valley/article/2001522134/court-revokes-bond-for-man-in-sh12m-foreign-jobs-scam",
    "ord_in_thread": 0,
    "author": "Lynn Kolongei",
    "published": "2025-06-19T06:00:00.000+03:00",
    "title": "Court revokes bond for man in Sh12m foreign jobs scam",
    "text": "An Eldoret court has revoked the bond granted to a man accused of defrauding 18 residents of Uasin Gishu County out of Sh12 million by falsely claiming he could secure them employment opportunities in Australia.\nPrincipal Magistrate Cherono Kesse cancelled Joseph Kipkoech Keino’s bond after he failed to attend both mediation and court sessions.",
    "highlightText": "",
    "highlightTitle": "",
    "highlightThreadTitle": "",
    "language": "english",
    "sentiment": "negative",
    "categories": [
        "Crime, Law and Justice",
        "Politics"
    ],
    "topics": [
        "Crime, Law and Justice->court",
        "Crime, Law and Justice->fraud",
        "Politics->civil rights",
        "Politics->political process",
        "Politics->government"
    ],
    "ai_allow": true,
    "has_canonical": false,
    "breaking": null,
    "webz_reporter": false,
    "external_links": [],
    "entities": {
        "persons": [
            {
                "name": "Joseph Kipkoech Keino",
                "sentiment": "none"
            },
            {
                "name": "Cherono Kesse",
                "sentiment": "none"
            }
        ],
        "locations": [],
        "organizations": []
    },
    "syndication": {
        "syndicated": false,
        "syndicate_id": null,
        "first_syndicated": false
    },
    "trust": {
        "categories": [],
        "top_news": [],
        "bias": "center"
    },
    "rating": null,
    "crawled": "2025-06-19T07:07:33.824+03:00",
    "updated": "2025-06-19T04:12:49.000+00:00"
}