{
    "thread": {
        "uuid": "40855d1c653abd5cf2fc37f3ba85622fd2a8ecb0",
        "url": "https://en.vijesti.me/news-b/society/763062/gorjanc-prelevic-institutions-in-montenegro-are-increasingly-tolerating-hate-speech",
        "site_full": "en.vijesti.me",
        "site": "vijesti.me",
        "site_section": "https://en.vijesti.me/news-b/society",
        "site_categories": [],
        "section_title": "Society | News | News",
        "site_title": "Vijesti online - Najnovije iz Crne Gore i svijeta",
        "title": "Gorjanc Prelević: Institutions in Montenegro are increasingly tolerating hate speech",
        "title_full": "Gorjanc Prelević: Institutions in Montenegro are increasingly tolerating hate speech",
        "published": "2025-06-18T11:55:00.000+03:00",
        "replies_count": 0,
        "participants_count": 1,
        "site_type": "news",
        "country": "ME",
        "main_image": "https://www.vijesti.me/data/images/2024/02/15/13/5548661_dsc-4565_share.jpg",
        "performance_score": 0,
        "domain_rank": 25578,
        "domain_rank_updated": "2025-06-03T00:00:00.000+03:00",
        "licensing_agency": [],
        "social": {
            "facebook": {
                "likes": 0,
                "comments": 0,
                "shares": 0
            },
            "vk": {
                "shares": 0
            }
        }
    },
    "uuid": "40855d1c653abd5cf2fc37f3ba85622fd2a8ecb0",
    "url": "https://en.vijesti.me/news-b/society/763062/gorjanc-prelevic-institutions-in-montenegro-are-increasingly-tolerating-hate-speech",
    "ord_in_thread": 0,
    "author": "@Vijestime",
    "published": "2025-06-18T11:55:00.000+03:00",
    "title": "Gorjanc Prelević: Institutions in Montenegro are increasingly tolerating hate speech",
    "text": "Instead of protecting democracy and human rights, institutions in Montenegro are increasingly tolerating hate speech, Tea Gorjanc Prelević, executive director of the Human Rights Action (HRA), announced today.\n\"A year after the warmongering statement by Marko Kovačević (President of the Municipality of Nikšić), the Administrative Board of the Assembly continues to ignore the request of the State Prosecutor's Office to lift his immunity, while the Prosecutor's Office does not react to it,\" Gorjanc Prelević pointed out in a statement on the occasion of the International Day against Hate Speech, June 18.\nShe added that the European Commission (EC) in its latest report pointed to serious problems of anti-LGBTIQ hate speech and political rhetoric.\n\"The Parliamentary Committee for Human Rights is headed by Jovan Vučurović, known for his homophobic statements, which further undermines the credibility of institutions. Also, religious leaders are increasingly encouraging hate speech, instead of promoting messages of peace and tolerance. Statements by the Metropolitans of the Serbian Orthodox Church (SPC), Metodije and Joanikije, about war criminals remain without an adequate institutional response, which further normalizes hate speech. The Ministry of Education has not yet reacted to the glorification of the Chetnik commander known for ethnic cleansing of Muslims in northern Montenegro,\" said Gorjanc Prelević.\nShe said that responsible authorities should recognize all these phenomena as serious threats to peace, social stability and the rule of law.\nGorjanc Prelević said that hate speech is a form of discrimination and a punishable offense.\n\"History teaches us that the most serious crimes - war crimes, crimes against humanity and genocide - began with hate speech. The normalization of hate speech in the public space of Montenegro seriously threatens the rule of law and social cohesion, has the potential to destabilize society and hinder membership in the European Union. It is necessary for institutions, especially the state prosecutor's office, to take responsibility and act proactively in suppressing hate speech,\" said Gorjanc Prelević.\nAccording to her, according to the United Nations Human Rights Committee, hate speech is widespread in all segments of Montenegrin society, from the internet and media to the education system.\n\"Political dissenters, ethnic and religious minorities, and LGBTQ people are particularly at risk. This year, the Committee specifically warned of the increase in war crimes denial, encouraged by politicians, as well as the insufficient response of the competent institutions,\" said Gorjanc Prelević.\nBonus video:",
    "highlightText": "",
    "highlightTitle": "",
    "highlightThreadTitle": "",
    "language": "english",
    "sentiment": "negative",
    "categories": [
        "Social Issue",
        "Politics",
        "Human Interest"
    ],
    "topics": [
        "Social Issue->demographics",
        "Social Issue->discrimination",
        "Social Issue->social problem",
        "Politics->political development",
        "Politics->censorship and freedom of speech",
        "Politics->human rights"
    ],
    "ai_allow": true,
    "has_canonical": false,
    "breaking": null,
    "webz_reporter": false,
    "external_links": [],
    "entities": {
        "persons": [
            {
                "name": "Tea Gorjanc Prelević",
                "sentiment": "none"
            },
            {
                "name": "Marko Kovačević",
                "sentiment": "none"
            },
            {
                "name": "Jovan Vučurović",
                "sentiment": "none"
            }
        ],
        "locations": [],
        "organizations": [
            {
                "name": "Human Rights Action",
                "sentiment": "none",
                "tickers": []
            },
            {
                "name": "EC",
                "sentiment": "none",
                "tickers": []
            }
        ]
    },
    "syndication": {
        "syndicated": false,
        "syndicate_id": null,
        "first_syndicated": false
    },
    "trust": {
        "categories": [],
        "top_news": [],
        "bias": null
    },
    "rating": null,
    "crawled": "2025-06-19T07:04:44.082+03:00",
    "updated": "2025-06-19T04:11:07.000+00:00"
}