{
    "thread": {
        "uuid": "aa3da98d8a69734c105de9d6b834cdff7e19c1b9",
        "url": "https://markets.financialcontent.com/stocks/article/accwirecq-2025-6-19-us-customs-suspects-evasion-of-adcvd-duties-on-oil-country-tubular-goods-from-china-by-thai-exporter",
        "site_full": "markets.financialcontent.com",
        "site": "financialcontent.com",
        "site_section": "https://markets.financialcontent.com/stocks/markets/news?type=press+release&currentpage=5",
        "site_categories": [
            "financial_news",
            "finance"
        ],
        "section_title": "Stock Market News | NSDQ, NYSE, and AMEX Stock Market News, Market News Categories, Market Indicators | FinancialContent ",
        "site_title": null,
        "title": "U.S. Customs Suspects Evasion of AD/CVD Duties on Oil Country Tubular Goods From China by Thai Exporter | FinancialContent",
        "title_full": "U.S. Customs Suspects Evasion of AD/CVD Duties on Oil Country Tubular Goods From China by Thai Exporter | FinancialContent",
        "published": "2025-06-19T07:00:00.000+03:00",
        "replies_count": 0,
        "participants_count": 1,
        "site_type": "news",
        "country": "US",
        "main_image": "",
        "performance_score": 0,
        "domain_rank": 5575,
        "domain_rank_updated": "2025-06-03T00:00:00.000+03:00",
        "licensing_agency": [],
        "social": {
            "facebook": {
                "likes": 0,
                "comments": 0,
                "shares": 0
            },
            "vk": {
                "shares": 0
            }
        }
    },
    "uuid": "aa3da98d8a69734c105de9d6b834cdff7e19c1b9",
    "url": "https://markets.financialcontent.com/stocks/article/accwirecq-2025-6-19-us-customs-suspects-evasion-of-adcvd-duties-on-oil-country-tubular-goods-from-china-by-thai-exporter",
    "ord_in_thread": 0,
    "author": "ACCESS Newswire",
    "published": "2025-06-19T07:00:00.000+03:00",
    "title": "U.S. Customs Suspects Evasion of AD/CVD Duties on Oil Country Tubular Goods From China by Thai Exporter | FinancialContent",
    "text": "WASHINGTON, D.C. / ACCESS Newswire / June 19, 2025 / The U.S. OCTG Manufacturers Association (\" USOMA \") announces that U.S. Customs and Border Protection agency (\"Customs\") preliminarily determined on May 13, 2025, that another Thai company, Boly Pipe Co., Ltd. (\"Boly Pipe\"), has transshipped Chinese OCTG to the United States through Thailand to evade the AD/CVD duties on Chinese OCTG. Customs is investigating the imports of OCTG from Boly Pipe by two U.S. importers, Commercial Steel Products LLC and JOL Tubular, Inc. The second company is an affiliate of Boly Pipe, and both affiliated companies are owned by a Chinese producer of OCTG.\nGuillermo Moreno, President of Tenaris in the U.S. and Chairman of USOMA, said, \"USOMA commends U.S. Customs for their commitment to investigating possible evasion of U.S. trade laws through strategies that cheat the U.S. government out of billions of dollars in duty revenue. The domestic OCTG industry is uniquely prepared to support our customers' activities with reliable, high-quality products.\"\nJacky Massaglia, Senior Vice President of Vallourec North America and the Vice Chairman of USOMA, agreed that \"Customs' second finding of evasion of the AD and CVD orders on Chinese OCTG through the false front of operations in Thailand demonstrates the persistent challenges U.S. producers face, even with trade orders in place. Only through strong enforcement can American manufacturing and American workers truly thrive. USOMA remains committed to working closely with U.S. Customs to identify and stop evasion wherever it occurs.\"\nCustoms had previously found in an Enforce and Protect Act (\"EAPA\") investigation that two Thai companies, Petroleum Equipment (Thailand) Co., Ltd. (\"PET\") and Thai Oil Pipe Co., Ltd. (\"TOP\"), had engaged in evasion with 10 named U.S. importers to falsely transship OCTG produced in China to the United States as a product of Thai origin. Customs took swift action to address that evasion and to collect the duties that were not paid on those imports.\nCustoms initiated this investigation after USOMA filed allegations pursuant to EAPA that provided evidence of transshipment through Thailand. Customs also discovered that Boly Pipe used the freight forwarder Yifan Shipping, whom Customs previously found may have transshipped OCTG for TOP and PET in the prior EAPA investigation.\nCustoms stated that it will implement the following interim measures based on its affirmative interim EAPA determination:\nSuspend liquidation of unliquidated entries entered on or after the date of initiation, February 5, 2025, and reject any entry summaries and require a re-file for those entries that are within the entry summary reject period;\nExtend liquidation of unliquidated entries that entered before the date of initiation, February 5, 2025;\nRequire \"live\" entry for all imports of certain oil country tubular goods claimed to be manufactured by Boly Pipe Co., Ltd., requiring the importers to submit proper documentation and all duties prior to release of the merchandise; and will\nEvaluate the importers' continuous bonds to determine if higher bonding requirements to cover potential AD and CVD duties are necessary.\nThe applicable AD duty rate is the \"PRC-Wide Entity\" rate of 99.14 percent, and the CVD rate is the \"All Others\" rate of an additional 27.08 percent.\nMedia Relations Contact:\nRoberto De Hoyos\nVice President Public Affairs\nrdehoyos@tenaris.com\nSOURCE: U.S. OCTG Manufacturers Association\nView the original press release on ACCESS Newswire",
    "highlightText": "",
    "highlightTitle": "",
    "highlightThreadTitle": "",
    "language": "english",
    "sentiment": "negative",
    "categories": [
        "Economy, Business and Finance",
        "Politics",
        "Social Issue"
    ],
    "topics": [
        "Economy, Business and Finance->foreign exchange market",
        "Economy, Business and Finance->financial service",
        "Economy, Business and Finance->business governance",
        "Politics->political process",
        "Politics->regulation of industry",
        "Politics->government policy",
        "Social Issue->social problem",
        "Social Issue->social condition"
    ],
    "ai_allow": true,
    "has_canonical": false,
    "breaking": false,
    "webz_reporter": false,
    "external_links": [
        "https://www.accessnewswire.com/newsroom/en/metals-and-mining/u.s.-customs-suspects-evasion-of-ad%2fcvd-duties-on-oil-country-tubular-goods-from-1041076",
        "https://www.usoma.us/",
        "https://www.accessnewswire.com/",
        "https://tracking.newsrpm.com/pixel?slug=accwirecq-2025-6-19-us-customs-suspects-evasion-of-adcvd-duties-on-oil-country-tubular-goods-from-china-by-thai-exporter",
        "https://app.accessnewswire.com/img.ashx?id=1041076",
        "https://www.tracking.newsrpm.com/pixel?slug=accwirecq-2025-6-19-us-customs-suspects-evasion-of-adcvd-duties-on-oil-country-tubular-goods-from-china-by-thai-exporter",
        "https://www.app.accessnewswire.com/img.ashx?id=1041076",
        "https://tracking.newsrpm.com/pixel",
        "https://www.usoma.us",
        "https://www.accessnewswire.com",
        "https://accessnewswire.com/",
        "https://accessnewswire.com/newsroom/en/metals-and-mining/u.s.-customs-suspects-evasion-of-ad%2fcvd-duties-on-oil-country-tubular-goods-from-1041076",
        "https://app.accessnewswire.com/img.ashx",
        "https://usoma.us/"
    ],
    "entities": {
        "persons": [
            {
                "name": "Guillermo Moreno",
                "sentiment": "none"
            },
            {
                "name": "Jacky Massaglia",
                "sentiment": "none"
            }
        ],
        "locations": [
            {
                "name": "D.C.",
                "sentiment": "none"
            }
        ],
        "organizations": [
            {
                "name": "Commercial Steel Products LLC",
                "sentiment": "none",
                "tickers": []
            },
            {
                "name": "Boly Pipe Co., Ltd.",
                "sentiment": "none",
                "tickers": []
            },
            {
                "name": "JOL Tubular, Inc",
                "sentiment": "none",
                "tickers": []
            },
            {
                "name": "Customs",
                "sentiment": "none",
                "tickers": []
            }
        ]
    },
    "syndication": {
        "syndicated": false,
        "syndicate_id": "aa3da98d8a69734c105de9d6b834cdff7e19c1b9",
        "first_syndicated": true
    },
    "trust": {
        "categories": [],
        "top_news": [],
        "bias": null
    },
    "rating": null,
    "crawled": "2025-06-19T07:21:29.936+03:00",
    "updated": "2025-06-19T04:26:26.000+00:00"
}