{
    "thread": {
        "uuid": "3c0b9275f389bfedb9b3313a31ec447e1cf3b6d3",
        "url": "https://beforeitsnews.com/politics/2024/11/tucker-carlson-this-current-white-house-is-being-run-by-satan-not-human-beings-redacted-3328877.html",
        "site_full": "beforeitsnews.com",
        "site": "beforeitsnews.com",
        "site_section": "https://beforeitsnews.com/v3/list/featured.html",
        "site_categories": [
            "media"
        ],
        "section_title": "Featured (Editor's Picks) | Before It's News",
        "title": "Tucker Carlson: This Current White House Is Being Run by Satan, Not Human Beings - Redacted | Politics | Before It's News",
        "title_full": "Tucker Carlson: This Current White House Is Being Run by Satan, Not Human Beings - Redacted | Politics | Before It's News",
        "published": "2024-11-25T00:43:00.000+02:00",
        "replies_count": 0,
        "participants_count": 1,
        "site_type": "news",
        "country": "US",
        "main_image": "https://beforeitsnews.com/contributor/upload/428376/images/A_Redacted2.jpg",
        "performance_score": 0,
        "domain_rank": 5321,
        "domain_rank_updated": "2024-11-18T23:00:00.000+02:00",
        "social": {
            "facebook": {
                "likes": 0,
                "comments": 0,
                "shares": 0
            },
            "vk": {
                "shares": 0
            }
        }
    },
    "uuid": "3c0b9275f389bfedb9b3313a31ec447e1cf3b6d3",
    "url": "https://beforeitsnews.com/politics/2024/11/tucker-carlson-this-current-white-house-is-being-run-by-satan-not-human-beings-redacted-3328877.html",
    "ord_in_thread": 0,
    "parent_url": null,
    "author": "@beforeitsnews",
    "published": "2024-11-25T00:43:00.000+02:00",
    "title": "Tucker Carlson: This Current White House Is Being Run by Satan, Not Human Beings - Redacted | Politics | Before It's News",
    "text": "Tucker Carlson: This Current White House Is Being Run by Satan, Not Human Beings - Redacted (Video)\nThis is a 24 November 2024 video.\nTucker Carlson joins Clayton Morris to talk about Trump’s cabinet choices, UFO’s and how the current White House is not run by human beings any longer.\nhttps://youtu.be/SZ_QeRjcmPE\nAnyone can\n[join](/v3/login/new/).\nAnyone can contribute.\nAnyone can become informed about their world.\n\"United We Stand\"\n[Click Here](/v3/login/new/)To Create Your Personal\n[Citizen Journalist](/v3/login/new/)Account Today, Be Sure To Invite Your Friends.\n[Before It’s News® is a community of individuals who report on what’s going on around them, from all around the world.\nAnyone can join.\nAnyone can contribute.\nAnyone can become informed about their world.\n\"United We Stand\" Click Here To Create Your Personal Citizen Journalist Account Today, Be Sure To Invite Your Friends.](https://www.herbanomic.com/product-page/lion-s-mane-whole-mind-nootropic-blend)\nLION'S MANE PRODUCT\n[Try Our Lion’s Mane WHOLE MIND Nootropic Blend 60 Capsules](http://www.herbanomic.com/product-page/lion-s-mane-whole-mind-nootropic-blend)\nMushrooms are having a moment. One fabulous fungus in particular, lion’s mane, may help improve memory, depression and anxiety symptoms. They are also an excellent source of nutrients that show promise as a therapy for dementia, and other neurodegenerative diseases. If you’re living with anxiety or depression, you may be curious about all the therapy options out there — including the natural ones.Our [Lion’s Mane WHOLE MIND Nootropic Blend](http://www.herbanomic.com/product-page/lion-s-mane-whole-mind-nootropic-blend) has been formulated to utilize the potency of Lion’s mane but also include the benefits of four other Highly Beneficial Mushrooms. Synergistically, they work together to Build your health through improving cognitive function and immunity regardless of your age. Our Nootropic not only improves your Cognitive Function and Activates your Immune System, but it benefits growth of Essential Gut Flora, further enhancing your Vitality.\nOur Formula includes:\nLion’s Mane Mushrooms which Increase Brain Power through nerve growth, lessen anxiety, reduce depression, and improve concentration. Its an excellent adaptogen, promotes sleep and improves immunity.\nShiitake Mushrooms which Fight cancer cells and infectious disease, boost the immune system, promotes brain function, and serves as a source of B vitamins.\nMaitake Mushrooms which regulate blood sugar levels of diabetics, reduce hypertension and boosts the immune system.\nReishi Mushrooms which Fight inflammation, liver disease, fatigue, tumor growth and cancer. They Improve skin disorders and soothes digestive problems, stomach ulcers and leaky gut syndrome.\nChaga Mushrooms which have anti-aging effects, boost immune function, improve stamina and athletic performance, even act as a natural aphrodisiac, fighting diabetes and improving liver function.\n[Try Our Lion’s Mane WHOLE MIND Nootropic Blend 60 Capsules](http://www.herbanomic.com/product-page/lion-s-mane-whole-mind-nootropic-blend) Today. Be 100% Satisfied or Receive a Full Money Back Guarantee. Order Yours Today by [Following This Link](http://www.herbanomic.com/product-page/lion-s-mane-whole-mind-nootropic-blend).\nComments\n-\n… OH… THIS IS GREAT\n…… LOOOK A THIS PIECE OF SHIT\n……TRUMP IS OFFICIALLY DEAD NOW\n….. WILL NOT BE RISING FROM THE GRAVE…\n………WILL NOT APPEAR WITH WINGS AND A HALO OVER MARA LAGO\n…. AND CORRUPT DEVIANT -DEVIOUS\n…. ** MY DADDY HAS BEEN CIA HEAD FOR OVER 40 YEARS **\n…. IS A LAUGHING STOCK…\n…… CARLTON TUCKER…\n…….. BETTER GO ASK CANCICE OWENS..WHAT DEEP STATE PLANTS DO FOR A FUTURE\n……….. AND YOU HAVE KIDS DIK HEAD…\n…………… WE ARE GONNA SHOVE WHO YOU ARE.. YOUR LIFE AND FAMILY LINE OF CORRUPTION\n……….. UP YOUR SONS AZZES…\n……. THE REAL MESSAGE IS.. *** YES ***\n……….. THE SONS PAY FOR THE SINS OF THE FATHERS…\n……. WHO SUCKERED AND PLAYED ON THE ENTIRE AMERICAN POPULATION\n…….. AS THOUGH HUMANITY WERE SUCKERS AND LOSERS TO BE PUT UPON\n………AND I AM TELLING TUCKER CARLSON…\n……………HUMANITY IS COMING FOR YOU\n…….. EVERY AFFECT … EVERY PSY-OP INNUENDO\n…………… WE ARE COMING FOR YOUR BOYS… THERE LIVES WILL BE MISERABLE\n……. ANYWHERE HER E IN THE US… A N Y W H E R E\n…… TAKE YOUR FUKKIN MONEY TO KEEP YOU WARM AND RUN BITCH\n……. FROM THIS POINT FORWARD. YOU WILL BE EXPOSED AS THE TRAITOR AND\n….. CONTROLLED CORRUPTION YOU INTENDED TO INSTILL IN THE BRAINWASHED\n………. AMERICAN POPULACE…\n…… WE SEE YOU… WE KNOW WHO YOU ARE… WHO YOUR…\n-\n…… WE SEE YOU… WE KNOW WHO YOU ARE… WHO YOUR FAMILY IS…\n……….. TRUMP IS DEAD DIK HEAD… AND YOU KNEW THAT\n….. AND FAKE TRUMP NARRATIVE YOU HAVE BEEN PUSHING\n……… ON THE MINDS TO CONTROL THE POPULACE NARRATIVE\n………….. THAT DIDN’T GO WELL FOR YOU…. IT JUST EXPOSED YOU FOR WHO YOU ARE\n….. AND WE LIKE THAT ABOUT YOU… NATION WIDE…\n…. HEY TUCKER… RUN DIK HEAD.. RUN…\n………. THIS AMERICAN POPULACE IS GONNA SEE WHO YOU ARE.. THROUGH YOUR FACADE\n……AND THERE IS NOT GOING TO BE ANY HOLDING THEM BACK…\n……….. YEAH DIK HEAD…. IT’S WAYYYYY PAST OVER….\n…… THE CORRUPTION AGINST HUMANIT THAT IS ** TUCKER CARLSON ** IS OVER\n-\n…. IS TUCKER SAYING.. HE IS SHOCKED.. THAT TRUMP IS DEAD ???\n……. I DON’T REALLY THINK HE IS ADMITTING THAT\n….. THAT FACT ENDS HIS TRUMP PARADE ACROSS THE NATION…\n….. BUT LOOK AT HIM IN THIS INTERVIEW…\n…. NOT SO HAPPY AND BUBBILY\n… NOT SO FUN AND PLAYFUL….\n…. NO FAKE AFFECT AT ALL… HMMMMMMMM\n……. LIFE SEEMS BLEAK FOR THE TUCKER CARLSON FAMILY….\n-\nMy Fellow Americans:\nDespite how they try to make it appear,…. JEWS run the White House, Congress, Senate, CIA, The Fed, etc, etc, etc,…\nSatan runs the White House, Jews Run the White House, Satan,…. Jews,… Jews,…. Satan,….\nSame thing.\nJD – US Marine: And Don’t Forget,… The JEWS (Satan) OWN Trump…\n.\n-\n….. NOT ANY MORE DIK HEAD…\n…. THE LAST TRUMP CLONE IS DEAD\n……. GET YOUR HEAD OUT OF YOUR AZZZ\n…. AND WAKE THE FUGGGGGGGG UP LOSER\n…..GOGUEN ON TRUMP CLONES\n[/alternative/2024/11/kim-goguen-full-situation-update-trump-clones-cia-agents-video-3825275.html](/alternative/2024/11/kim-goguen-full-situation-update-trump-clones-cia-agents-video-3825275.html)… TRUMP CLONES ARE ALL DEAD….\n…… AS WILL BE YOU IF YOU DON’T GET YOUR HEAD OUT OF YOUR AZZZZ\n…. TRUMP IS OFFICIALLY DEAD\n-\n-\n…. AND ** REDACTED **\n… STUPIDEST PIECE OF SHIT YOU EVER SAW\n…..YOU IDIOTS WHO PAY LITTLE ATTENTION TO ANYTHING\n…. WANT YOU TO KNOW…\n…..TRUMP WAS TRYING TO INCORPORATE CANADA INTO THE UNITES STATES\n……AS A FUKKIN NATION…\n…… LET ME HELP YOU UNDERSTAND… FUGGGGGGGGGG NO\n…… WE DOGGED THE BULLET THAT TIME…\n…… TRUMP ACTORS TO INCLUDE THE DEAD BIDEN HARRIS BUNCH\n….. WERE DOING EVERYTHING THEY POSSIBLY COULD TO THROW THIS NATION\n…………. OVER A BOTTOM LESS CLIFF….\n…… AND SPEAKING OF CLIFF\n…. CLIFF HIGH IS A BRAIN WASHING LIEING DECEIVING PIECE OF SHIT\n……. WE’RE COMING FOR CLIFF HIGH..\n….. HUMANITY IS GONNA TAKE HIM FOR A CAR RIDE UP THE COAST WHERE HE LIVES\n…… AND DRAG HIM BACK HOME TIED TO THE BUMPER TILL THERE IS NOTHING LEFT\n…. BUT A TETHERED ROPE END…\n-\nThe anunnaki Marduk runs the show as satan ….he established himself as the earth ruler and settled for a while in Phrygia organizing the Bilderbergs and other secret societies and because of their blood drinking and baby killing, the Russians and Persia kicked them out of that Ukraine area and they spread all over the globe.\nMarduk with his agenda, carefully planned the future for us as to create new technology that could match the Hibiru anunnaki’s and he has reached that stage now to take on Hibiru. As a longevity life form of 120 years x 3600 earth years, he could manifest as everyone of the important earth historical leaders and move among humans pretending to be the sun god Amen Ra. or the French sun god, of Versailles, etc. and always live in luxurious luxury while planning every step to complete his agenda, mostly obtaining proper weapons and testing them with wars and molding history to advance the weapons and technology. With his brilliance and harvesting mankind’s most brilliant minds, all went according to plan. His chosen hebrews were fooled by him.-\nThe “French sun god, of Versailles”, King Louis XIV ignored the heavenly request that France would be Consecrated to the Sacred Heart of Jesus. The request was passed on by Saint Margaret-Mary Alacoque, a french nun through her confessor Bl. Claude de la Colombiere, SJ. The “Sun King” was warned that if the Consecration was not done, within three generations, the kingship would be lost. King Louis XVI was toppled by the Zio-Masonic French Revolution, which was three generations later. God is not to be mocked.\nThis terrible lesson to mankind turned to Satan has not been learned. The same is happening now under our eyes. Back in Fatima, in 1917, similar heavenly demands were made, and this time it was Russia to be consecrated to the Immaculate Heart of Mary. Russia became destroyed by the Jew Bolsheviks, then on May 13, 1991, the Consecration was done secretly by the legitimate Pope Gregory XVIII. Russia has rejected the Zio-Communism and has turned to Jesus Christ Our Lord, through the veneration of His Mother, the BVM. God is clearly on the side of Russia, and the Satanic NWO is against God. Ignoring the Mother of God is an affront to God. Again, God is not to be mocked.\n-\nSECOND REPLY: Word from Our Lord Jesus Christ to the Italian mystic Maria Valtorta on Feb. 6, 1944. translated from the Italian: “Understand that it is not necessary to have great persecutions nor great schisms to combat Christ – - – there are sub-til attacks driven by governments against the word said throughout the words of My Vicar (he was Pius XII) – - – Those are guerrillas. From there followed the true assaults, the great moves, the imposing maneuvers and the cruel massacres.\nSatan is the captain of this army, which started at Jerusalem, at the bosom of the Sanhedrin, within the castes of the Pharisees, the scribes and the Sadducee and which found its flag bearer in Judas. It has become always more numerous throughout the centuries of anti-Christian persecutions. – - – new forms of governments. It will culminate in the Antichrist, which will oppose to my torrent of grace in a torrent of ferocity and blood in which you will be bogged down and fall. The majority will fall as emptied brutes, repleted and fattened with vice, troubled, poisoned, possessed by the devil under the effect of accursed doctrines, become satanical in words -blaspheming- in spirit, -negating and in the heart- which abjures. “-\nTo judge history, many pieces of information must be gathered to be as complete as possible, and then we may still miss some important bits that could change the reality and truthfullness of history. Thus the Bible and the Anunnaki history must be read in conjunction with each other at least. The Anunnaki has squabbles amongst themselves and they were seen as old Testament gods with a hebrew group selected as the chosen generic bloodline to serve one god and to destroy the other. The Enlil god as yahweh and the Enki as lucifer and son as Marduk satan, told a story of Marduk claiming earth and fighting against the Enlil forces. Marduk especially, created all the different religious and secret groups to enslave earthlings to get enough power to fight and conquer Hibiru and he controls the previous Enlil slaves, the hebrews, after Enlil left, with Marduk stranded, and that includes the RCC. The ‘x’ resembles the Amen Ra sun god of Egypt that Musk and the Chi rho of the RCC displays and they await Hibiru now to assist Marduk with his agenda.\n-\n-\n-\nGreat talk! It’s like the Greek philosophers of ancient times discussing the affairs of the world. One thing got me is when they discussed the social ravages caused by the feminist’s movement. We may conclude that Women’s Lib movement have rendered women SINGLE & STERILE.\n-\nWhy Benjamin Netanyahu will soon be tried in Israeli court and arrested [if not first assassinated by Israeli citizens]: Here is proof that will be coming out how it was SATANyahoo, not Hamas, who sabotaged the entire hostage debacle:\n-[https://www.youtube.com/watch?v=wEQbTGAbe5w](/v3/r2/?url=aHR0cHM6Ly93d3cueW91dHViZS5jb20vd2F0Y2g/dj13RVFiVEdBYmU1dw==)But those are not the only criminal charges Netanyahu will be tried for within Israel – see “The Bibi Files” the documentary:\n-[https://rumble.com/v5spfo8-the-bibi-files-this-is-the-documentary-not-to-be-missed-2024-documentary.html](/v3/r2/?url=aHR0cHM6Ly9ydW1ibGUuY29tL3Y1c3BmbzgtdGhlLWJpYmktZmlsZXMtdGhpcy1pcy10aGUtZG9jdW1lbnRhcnktbm90LXRvLWJlLW1pc3NlZC0yMDI0LWRvY3VtZW50YXJ5Lmh0bWw=)Of course, justice will not be fully served until ALL USA and European leaders who helped enable the Genocide efforts [which includes Trump by the way] are put behind bars, if not hanged:\n-\n[https://www.youtube.com/watch?v=SQARVNlCL24](/v3/r2/?url=aHR0cHM6Ly93d3cueW91dHViZS5jb20vd2F0Y2g/dj1TUUFSVk5sQ0wyNA==)\n-[https://www.youtube.com/watch?v=UFEFFuW75JI](/v3/r2/?url=aHR0cHM6Ly93d3cueW91dHViZS5jb20vd2F0Y2g/dj1VRkVGRnVXNzVKSQ==)-\nTrump to Lift ALL Restrictions On Israel In SHOCKING New Low [WAR IS PEACE - heard that before?]\n-[https://www.youtube.com/watch?v=2vD3maTyCRM](/v3/r2/?url=aHR0cHM6Ly93d3cueW91dHViZS5jb20vd2F0Y2g/dj0ydkQzbWFUeUNSTQ==) -\nIf the Israeli don’t act by themselves, then nothing will happen to anunnaki satanyahu, as the ICC may also be compromised like all other institutions of influence. The show of South Africa to accuse fellow globalist Israel of genocide, where at the same time, the ANC is allowing a slower genocide on whites in SA and Ramaphosa demanding the youth to be more aggressive and revolutionary like in the past, then it can be seen as an arranged accuzation to benefit SA and Israel. What happened with the previous warnings to Israel??….NOTHING… It is playing for time. On the BRICS bank note a genocide scene is portrayed of blacks killing white europeans and Putin and Ramaphosa approved the scene where other nations would show monuments and planes etc. Hamas fake hostages were given to Hamas by the IDF and treated well and used as propaganda and fake trades. Hamas was allowed into Israel to start a fake war and Hamas is a IDF agency.\n-\n-\nYes, Tucker. The white house is being run by Satan and Donald Trump has been the acting president for the past 4 years even though he has not been using the white house. The military knows that Biden is playing a fake roll and Biden , nor did his cabinet members actually make the war decisions and economic decisions that the MSMedia reports. It was Trump all along, under cover. And now we have 4 more years of HELL to get through.",
    "highlightText": "",
    "highlightTitle": "",
    "highlightThreadTitle": "",
    "language": "english",
    "sentiment": "negative",
    "categories": [
        "Politics"
    ],
    "ai_allow": true,
    "canonical": false,
    "webz_reporter": false,
    "external_links": [
        "https://www.herbanomic.com/product-page/lion-s-mane-whole-mind-nootropic-blend",
        "http://www.herbanomic.com/product-page/lion-s-mane-whole-mind-nootropic-blend",
        "http://herbanomic.com/product-page/lion-s-mane-whole-mind-nootropic-blend",
        "https://herbanomic.com/product-page/lion-s-mane-whole-mind-nootropic-blend"
    ],
    "external_images": [],
    "entities": {
        "persons": [
            {
                "name": "Tucker Carlson",
                "sentiment": "negative"
            },
            {
                "name": "Clayton Morris",
                "sentiment": "none"
            },
            {
                "name": "Trump",
                "sentiment": "none"
            }
        ],
        "organizations": [],
        "locations": []
    },
    "syndication": {
        "syndicated": false,
        "syndicate_id": null,
        "first_syndicated": false
    },
    "rating": null,
    "crawled": "2024-11-25T01:50:04.655+02:00",
    "updated": "2024-11-25T20:25:54.820+02:00"
}