{
    "thread": {
        "uuid": "0c362d24b202abdd59a3c44d244cfdd035882b39",
        "url": "https://techbullion.com/australia-scraps-plan-for-social-media-enabling-misinformation-to-pay-fine",
        "site_full": "techbullion.com",
        "site": "techbullion.com",
        "site_section": "https://www.techbullion.com",
        "site_categories": [
            "finance"
        ],
        "section_title": "TechBullion | Financial Technology News | Tech News",
        "title": "Australia Scraps Plan For Social Media Enabling Misinformation To Pay Fine",
        "title_full": "Australia Scraps Plan For Social Media Enabling Misinformation To Pay Fine",
        "published": "2024-11-24T18:26:00.000+02:00",
        "replies_count": 0,
        "participants_count": 1,
        "site_type": "news",
        "country": "US",
        "main_image": "https://techbullion.com/wp-content/uploads/2024/11/Australia-Scraps-Plan-For-Social-Media-Enabling-Misinformation-To-Pay-Fine.jpg",
        "performance_score": 0,
        "domain_rank": 7965,
        "domain_rank_updated": "2024-11-18T23:00:00.000+02:00",
        "social": {
            "facebook": {
                "likes": 0,
                "comments": 0,
                "shares": 0
            },
            "vk": {
                "shares": 0
            }
        }
    },
    "uuid": "0c362d24b202abdd59a3c44d244cfdd035882b39",
    "url": "https://techbullion.com/australia-scraps-plan-for-social-media-enabling-misinformation-to-pay-fine",
    "ord_in_thread": 0,
    "parent_url": null,
    "author": "Angela Scott-Briggs, TechBullion",
    "published": "2024-11-24T18:26:00.000+02:00",
    "title": "Australia Scraps Plan For Social Media Enabling Misinformation To Pay Fine",
    "text": "The government of [Australia](https://techbullion.com/australia-introduces-bill-to-ban-social-media-for-children-under-16/) announced on Sunday that it has abandoned plans to penalise internet companies up to 5% of their worldwide revenue for their inability to stop the spread of false material online.\nTakeAway Points:\n- Australia’s government said it had dropped plans to fine internet platforms up to 5% of their global revenue for failing to prevent the spread of misinformation online.\n- A breach of telecom companies that the United States said was linked to China has been reported to be the worst telecom hack in the nation’s history—by far.\n- The report stated that the hackers compromised the networks of “multiple telecommunications companies” and stole U.S. customer call records and communications from “a limited number of individuals who are primarily involved in government or political activity.”\n- However, Beijing has repeatedly denied claims by the U.S. government and others that it has used hackers to break into foreign computer systems.\nAustralia dumps fine payment plan\nAccording to the report, the bill was part of a wide-ranging regulatory crackdown by Australia, where leaders have complained that foreign-domiciled tech platforms are overriding the country’s sovereignty and come ahead of a federal election due within a year.\n“Based on public statements and engagements with Senators, it is clear that there is no pathway to legislate this proposal through the Senate,” Communications Minister Michelle Rowland said in a statement.\nRowland said the bill would have “ushered in an unprecedented level of transparency, holding big tech to account for their systems and processes to prevent and minimise the spread of harmful misinformation and disinformation online”.\nSome four-fifths of Australians wanted the spread of misinformation addressed, said the minister, whose centre-left Labor government has fallen behind the conservative opposition coalition in recent polling.\nThe Liberal-National coalition, as well as the Australian Greens and crossbench senators, all opposed the legislation, Sky News reported.\nGreens senator Sarah Hanson-Young called the government bill a “half-baked option” in remarks televised on Australian Broadcasting Corp. on Sunday.\nIndustry body DIGI, of which Meta is a member, previously said the proposed regime reinforced an existing anti-misinformation code.\nThe Worst Cyberattack In US Telecom History Is Suspected To Be Connected To China\nThe head of the Senate Intelligence Committee told the Washington Post on Thursday that a hack of telecom companies that the United States claimed was connected to China was the “worst telecom hack in our nation’s history—by far.”\n“Worst telecom hack in our nation’s history – by far,” the Senate Intelligence Committee chairman told the Washington Post Thursday, referring to a hacked telecom company that the United States claimed was connected to China.\nEarlier this month, U.S. authorities said China-linked hackers had intercepted surveillance data intended for American law enforcement agencies after breaking into an unspecified number of telecom companies.\nThe hackers compromised the networks of “multiple telecommunications companies” and stole U.S. customer call records and communications from “a limited number of individuals who are primarily involved in government or political activity,” according to a joint statement released by the FBI and the U.S. cyber watchdog agency CISA on Nov. 13.\nReactions and responses\nBeijing has repeatedly denied claims by the U.S. government and others that it has used hackers to break into foreign computer systems.\n“For quite some time, the US side has been floating all sorts of disinformation about threats of “Chinese hackers” to serve its own geopolitical purposes,” Liu Pengyu, spokesperson for China’s embassy in Washington, said in a statement sent on Friday. “China firmly opposes and combats all kinds of cyber attacks.”\nThere were also reports Chinese hackers targeted telephones belonging to then-presidential and vice presidential candidates Donald Trump and JD Vance, along with other senior political figures, raising widespread concern over the security of U.S. telecommunications infrastructure.\n“This is an ongoing effort by China to infiltrate telecom systems around the world, to exfiltrate huge amounts of data,” Mark Warner told the Washington Post.\nThe breach went further than the Biden administration has acknowledged, with hackers able to listen to telephone conversations and read text messages, Warner was cited as saying in a separate interview by the New York Times.\n“The barn door is still wide open, or mostly open,” he told the publication.",
    "highlightText": "",
    "highlightTitle": "",
    "highlightThreadTitle": "",
    "language": "english",
    "sentiment": "negative",
    "categories": [
        "Politics",
        "Social Issue"
    ],
    "ai_allow": true,
    "canonical": false,
    "webz_reporter": false,
    "external_links": [],
    "external_images": [],
    "entities": {
        "persons": [],
        "organizations": [],
        "locations": []
    },
    "syndication": {
        "syndicated": false,
        "syndicate_id": null,
        "first_syndicated": false
    },
    "rating": null,
    "crawled": "2024-11-25T00:54:23.105+02:00",
    "updated": "2024-11-25T00:54:23.105+02:00"
}