{
    "thread": {
        "uuid": "de06d918469a5c48c2a171ccf0cdd37b73882fcf",
        "url": "https://www.deccanherald.com/elections/karnataka/bypoll-win-is-no-clean-chit-to-ruling-congress-scams-says-chalavadi-3290209",
        "site_full": "www.deccanherald.com",
        "site": "deccanherald.com",
        "site_section": "https://www.deccanherald.com/features/books",
        "site_categories": [
            "media",
            "top_news_in",
            "top_news_kw",
            "top_news"
        ],
        "section_title": "Books News, Book Reviews, Book Features, Book Launches ",
        "title": "Bypoll win is no clean chit to ruling Congress' scams, says Chalavadi Narayanaswamy",
        "title_full": "Bypoll win is no clean chit to ruling Congress' scams, says Chalavadi Narayanaswamy",
        "published": "2024-11-24T22:22:00.000+02:00",
        "replies_count": 0,
        "participants_count": 1,
        "site_type": "news",
        "country": "IN",
        "main_image": "https://images.deccanherald.com/deccanherald%2F2024-11-24%2Fvuhhxib3%2Ffile7wfpo9yz8c5sf52xggj.jpg?rect=0%2C0%2C1200%2C630&amp;w=1200&amp;ar=40%3A21&amp;auto=format%2Ccompress&amp;ogImage=true&amp;mode=crop",
        "performance_score": 0,
        "domain_rank": 2918,
        "domain_rank_updated": "2024-11-18T23:00:00.000+02:00",
        "social": {
            "facebook": {
                "likes": 0,
                "comments": 0,
                "shares": 0
            },
            "vk": {
                "shares": 0
            }
        }
    },
    "uuid": "de06d918469a5c48c2a171ccf0cdd37b73882fcf",
    "url": "https://www.deccanherald.com/elections/karnataka/bypoll-win-is-no-clean-chit-to-ruling-congress-scams-says-chalavadi-3290209",
    "ord_in_thread": 0,
    "parent_url": null,
    "author": "DHNS",
    "published": "2024-11-24T22:22:00.000+02:00",
    "title": "Bypoll win is no clean chit to ruling Congress' scams, says Chalavadi Narayanaswamy",
    "text": "<p>Chikkodi (Belagavi dist): The outcome of bypolls to three Assembly constituencies cannot be construed as a clean chit to the scam-hit Congress government, Leader of the Opposition in Council Chalavadi Narayanaswamy said on Sunday.</p>.<p>Speaking to reporters here, Chalavadi Narayanaswamy said, “The Congress government was involved in more than 18 scams, including irregularities in the Valmiki ST Corporation and MUDA site allotment in the last one-and-a-half years. At this pace, the Siddaramaiah-led government will end up committing 60 scams.”</p>.<p>“Chief Minister Siddaramaiah should understand that the people’s mandate to the Congress in the by-election to three Assembly segments is no clean chit to the scam-hit state government,” he said.</p>.Scared contractors, officials helped in Congress victory: R Ashoka.<p>“The Congress has done enough damage to the country during its six-decade rule. In the name of saving the Constitution, the Congress gave the Waqf Board extra-constitutional powers by issuing a gazette notification in 1974. This resulted in the Waqf Board marking acres of agricultural properties in RTCs as waqf properties,” Narayanaswamy charged.</p>.<p>Prime Minister Narendra Modi has constituted a JPC on waqf and the Union government, with its proposed amendment to the 1995 Waqf Act, is keen to regulate the Board, he said.</p>.<p><strong>‘Appeasement politics’</strong></p>.<p>Meanwhile, Leader of Opposition in the Assembly R Ashoka, echoing similar views, said the Congress party’s victory in the bypolls is not a clean chit to Chief Minister Siddaramaiah in the MUDA scam.</p>.<p>“The MUDA site allotment case against Chief Minister Siddaramaiah is still in court. Only courts can give clean chit and not the elections,” Ashoka said while addressing a gathering in Taggalli in Srirangapatna, Mandya district.</p>.<p>Ashoka said, the Congress’ victory in the bypolls to Channapatna, Shiggaon and Sandur Assembly constituencies was due to its appeasement politics and money power. He added that his party’s fight will continue against the corruption of the Congress government.</p>",
    "highlightText": "",
    "highlightTitle": "",
    "highlightThreadTitle": "",
    "language": "english",
    "sentiment": "negative",
    "categories": [
        "Politics",
        "Social Issue",
        "Crime, Law and Justice"
    ],
    "ai_allow": true,
    "canonical": false,
    "webz_reporter": false,
    "external_links": [],
    "external_images": [],
    "entities": {
        "persons": [],
        "organizations": [],
        "locations": []
    },
    "syndication": {
        "syndicated": false,
        "syndicate_id": null,
        "first_syndicated": false
    },
    "rating": null,
    "crawled": "2024-11-25T01:05:56.955+02:00",
    "updated": "2024-11-25T01:05:56.955+02:00"
}