{
    "thread": {
        "uuid": "6d8dbd836113e296fffde7bf4a9245088fe83722",
        "url": "https://www.newsbreak.com/first-coast-news-524566/3873290432842-patterson-s-law-which-could-change-florida-child-abuse-investigations-passes-in-house-and-senate",
        "site_full": "www.newsbreak.com",
        "site": "newsbreak.com",
        "site_section": "https://www.newsbreak.com/first-coast-news-524566",
        "site_categories": [
            "under_construction"
        ],
        "section_title": "First Coast News&#x27;s Home Page | NewsBreak",
        "site_title": "NewsBreak: Local News &amp; Alerts",
        "title": "Patterson's Law, which could change Florida child abuse investigations, passes in House and Senate - NewsBreak",
        "title_full": "Patterson's Law, which could change Florida child abuse investigations, passes in House and Senate - NewsBreak",
        "published": "2025-03-27T00:45:00.000+02:00",
        "replies_count": 0,
        "participants_count": 0,
        "site_type": "news",
        "country": "US",
        "main_image": "https://img.particlenews.com/img/id/2SMGdw_0zxozZZJ00",
        "performance_score": 0,
        "domain_rank": 3154,
        "domain_rank_updated": "2025-03-24T23:00:00.000+02:00",
        "licensing_agency": [],
        "social": {
            "facebook": {
                "likes": 0,
                "comments": 0,
                "shares": 0
            },
            "vk": {
                "shares": 0
            }
        }
    },
    "uuid": "6d8dbd836113e296fffde7bf4a9245088fe83722",
    "url": "https://www.newsbreak.com/first-coast-news-524566/3873290432842-patterson-s-law-which-could-change-florida-child-abuse-investigations-passes-in-house-and-senate",
    "ord_in_thread": 0,
    "author": null,
    "published": "2025-03-27T00:45:00.000+02:00",
    "title": "Patterson's Law, which could change Florida child abuse investigations, passes in House and Senate - NewsBreak",
    "text": "Open in NewsBreak\n|\nSign in\nChoose your location\nSee all locations\nSign In\nAbout NewsBreak\nPartner with us\nFollow us\n©2024 NewsBreak. All Rights Reserved.\nFlorida\n· 50 minutes ago\nFirst Coast News\nPatterson’s Law, which could change Florida child abuse investigations, passes in House and Senate\n1\n0\nShare\nComments\nPost\nCommunity Policy\nYou may also like\nFirst Coast News\n28 ·\n11 hours ago\nABC Action News WFTS\n286 ·\n12 hours ago\nFOX 4 WFTX\n91 ·\n10 hours ago\nABC Action News WFTS\n37 ·\n14 days ago\nFirst Coast News\n753 ·\n02-14\nFirst Coast News\n6 ·\n56 minutes ago\nFOX 13 Tampa Bay\n774 ·\n19 days ago\nFirst Coast News\n1 ·\nlast hour\nABC Action News WFTS\n13 ·\n1 day ago\nComments\n/\nClose\nCommunity Policy",
    "highlightText": "",
    "highlightTitle": "",
    "highlightThreadTitle": "",
    "language": "english",
    "sentiment": "positive",
    "categories": [
        "Politics",
        "Social Issue"
    ],
    "topics": [
        "Politics->civil rights",
        "Politics->government policy",
        "Politics->fundamental rights",
        "Social Issue->children",
        "Social Issue->social problem",
        "Social Issue->social services"
    ],
    "ai_allow": true,
    "has_canonical": false,
    "breaking": false,
    "webz_reporter": false,
    "external_links": [],
    "entities": {
        "persons": [
            {
                "name": "Patterson",
                "sentiment": "neutral"
            }
        ],
        "locations": [
            {
                "name": "NewsBreak",
                "sentiment": "neutral"
            },
            {
                "name": "Florida",
                "sentiment": "neutral"
            },
            {
                "name": "Tampa Bay",
                "sentiment": "neutral"
            }
        ],
        "organizations": [
            {
                "name": "First Coast News",
                "sentiment": "neutral",
                "tickers": []
            },
            {
                "name": "House",
                "sentiment": "neutral",
                "tickers": []
            },
            {
                "name": "Senate",
                "sentiment": "neutral",
                "tickers": []
            },
            {
                "name": "FOX",
                "sentiment": "neutral",
                "tickers": []
            }
        ]
    },
    "syndication": {
        "syndicated": false,
        "syndicate_id": null,
        "first_syndicated": false
    },
    "trust": {
        "categories": []
    },
    "rating": null,
    "crawled": "2025-03-27T01:38:28.647+02:00",
    "updated": "2025-03-27T01:38:28.647+02:00"
}