{
    "thread": {
        "uuid": "966acbce78982609d0bcc5a8d8b09fb3ab726429",
        "url": "https://nypost.com/2025/03/26/us-news/cuomo-dominates-again-in-new-nyc-poll-but-democratic-socialist-zohran-mamdani-surges-into-second-place",
        "site_full": "nypost.com",
        "site": "nypost.com",
        "site_section": "https://nypost.com/rss",
        "site_categories": [
            "social",
            "top_news_pk",
            "top_news_gb",
            "top_news_il",
            "top_news_dk",
            "top_news_se",
            "top_news_nz",
            "top_news_au",
            "top_news_sg",
            "top_news_ie",
            "top_news_za",
            "top_news_ph",
            "top_news_us",
            "top_news_ca",
            "top_news_iq",
            "top_news_at",
            "top_news"
        ],
        "section_title": "New York Post",
        "site_title": "New York Post – Breaking News, Top Headlines, Photos & Videos",
        "title": "Cuomo dominates again in new NYC poll -- but Democratic Socialist Zohran Mamdani surges into second place",
        "title_full": "Cuomo dominates again in new NYC poll -- but Democratic Socialist Zohran Mamdani surges into second place",
        "published": "2025-03-27T01:27:00.000+02:00",
        "replies_count": 0,
        "participants_count": 1,
        "site_type": "news",
        "country": "US",
        "main_image": "https://nypost.com/wp-content/uploads/sites/2/2025/03/101159613.jpg?quality=75&amp;strip=all&amp;w=1024",
        "performance_score": 0,
        "domain_rank": 343,
        "domain_rank_updated": "2025-03-24T23:00:00.000+02:00",
        "licensing_agency": [],
        "social": {
            "facebook": {
                "likes": 0,
                "comments": 0,
                "shares": 0
            },
            "vk": {
                "shares": 0
            }
        }
    },
    "uuid": "966acbce78982609d0bcc5a8d8b09fb3ab726429",
    "url": "https://nypost.com/2025/03/26/us-news/cuomo-dominates-again-in-new-nyc-poll-but-democratic-socialist-zohran-mamdani-surges-into-second-place",
    "ord_in_thread": 0,
    "author": "Carl Campanile",
    "published": "2025-03-27T01:27:00.000+02:00",
    "title": "Cuomo dominates again in new NYC poll -- but Democratic Socialist Zohran Mamdani surges into second place",
    "text": "Ex-Gov. Andrew Cuomo holds a commanding lead in the Democratic primary race for New York City mayor while Democratic Socialist Zohran Mamdani has surged into second place, according to a new poll released Wednesday.\nCuomo is supported by 38% of Democratic primary voters followed by Mamdani with 10%, Mayor Eric Adams with 8%, city Comptroller Brad Lander and state Sen. Jessica Ramos with 6% apiece, former Comptroller Scott Stringer with 5% and 4% each for Council Speaker Adrienne Adams and state Sen. Zellnor Myrie, the Emerson College/Pix11/The Hill survey found.\nNearly one in five Democrats — 18% — are undecided or support someone else.\n3 Ex-Gov. Andrew Cuomo has a commanding lead to be the primary candidate for the Democratic Party in the race for New York City Mayor, according to a new poll released Wednesday. William Farrington Another 2% of Dems favored financier Whitney Tilson followed by former Assemblyman Michael Blake with 1%.\nCuomo’s support increased from 33% to 38%, up five points since the Emerson pollster last surveyed the race in early February, before he entered the race on March 1.\nMamdani’s backing shot up from barely registering at 1% in February to 10% in the latest poll — surpassing all the other candidates except Cuomo.\nIt’s the third poll this week showing Mamdani surging into second place, but still way behind Cuomo.\nA separate survey released by the liberal think tank Data for Progress earlier Wednesday had Cuomo in the lead with 39% support followed by Mamdani with 15% and everyone else in single digits.\nThe Democratic primary will be held June 24, preceded by a week of early voting.\nIt’s Cuomo’s race to lose, said Spencer Kimball, executive director of Emerson College Polling.\n“With about three months until the Democratic Primary, Governor Cuomo has emerged as the\ntop candidate in the race, with no clear alternative emerging among Democratic voters,” said Kimball.\n3 Rep. Zohran Mamdani has risen to second place, receiving 10% of support from Democratic primary voters. Getty Images The survey also found that Cuomo is in a strong position to win a ranked choice voting primary.\nHe is the second choice of 10% of voters.\nHis strength is among minority and older voters, the pollster said\nThe survey shows Cuomo pulling nearly half of both black (47%) and Hispanc voters (45%), the poll found.\n“Cuomo’s support generally increases as voters’ age increases, going from 21% among voters\nunder 30 to 44% of voters over 70,” Kimball said.\n3 Mayor Eric Adams currently sits in third place, receiving only 8% of support. Robert Miller Ramos and Mamdani split the youth voters under age 30 at 16% each.\nIn a hypothetical general election with Eric Adams running as an independent candidate, 43%\nwould vote for Cuomo, 13% for Republican nominee Curtis Sliwa, 11% Mayor\nAdams, and 4% independent Jim Walden.\nEric Adams’ support dipped from 10% in February to 8% in the Democratic primary from last month’s survey, and Stringer’s support fell from 8% to 5% in Emerson’s new poll.\nAdrienne Adams recently entered the race, and it’s the first time the Emerson Poll tested her support in a mayoral primary. She registered support from 4% of Democrats.\nAs for the issues, 63% of voters want the next mayor to stand up to President Trump, while 28% would rather see the City Hall work, with 9% unsure.\nKeep up with today’s most important news Stay up on the very latest with Evening Update.\nThanks for signing up! Enter your email address\nPlease provide a valid email address. By clicking above you agree to the Terms of Use and Privacy Policy .\nNever miss a story.\nCheck out more newsletters A third of voters say the next mayor’s top priority should be public safety and crime, while 23%\nthink it should be housing, 10% addressing the migrant crisis, 7% healthcare, 6% homelessness, 5% jobs and 4% education.\nNearly half of voters — 46% — said New York should remain a sanctuary city, while 34% want the local government to repeal its sanctuary laws. Nineteen percent are unsure.\nThe cost of housing is the biggest economic challenge for 35% of city voters, followed by 29% who cited the cost of groceries, and then 5% of respondents who cited taxes.\nNearly half of voters – 48% — think the subway system is becoming less safe, while 20% think it is becoming more safe, and one-third said it’s about the same as before.\nVoters are split on whether congestion pricing should continue to enter Manhattan: 44% think it should not continue, 42% think it should continue and 14% are unsure.\n“White voters are most supportive of congestion pricing continuing, at 51%, while Black and Asian voters oppose it most strongly at 53% and 52% respectively,” Kimball said.\nThe Emerson College Polling survey queried 653 registered Democrats from March 21-24, and has a margin of error of plus or minus 3.8 percentage points, via text on smartphone and automated calls on landlines.",
    "highlightText": "",
    "highlightTitle": "",
    "highlightThreadTitle": "",
    "language": "english",
    "sentiment": "positive",
    "categories": [
        "Politics",
        "Social Issue"
    ],
    "topics": [
        "Politics->national elections",
        "Politics->political candidates",
        "Politics->political campaigns",
        "Social Issue->demographics",
        "Social Issue->social condition",
        "Social Issue->social problem"
    ],
    "ai_allow": true,
    "has_canonical": false,
    "breaking": true,
    "webz_reporter": false,
    "external_links": [],
    "entities": {
        "persons": [],
        "locations": [],
        "organizations": []
    },
    "syndication": {
        "syndicated": false,
        "syndicate_id": null,
        "first_syndicated": false
    },
    "trust": {
        "categories": []
    },
    "rating": null,
    "crawled": "2025-03-27T01:30:55.552+02:00",
    "updated": "2025-03-27T06:57:38.796+02:00"
}