{
    "thread": {
        "uuid": "a4c4d626424923362e13c82f91b3fbb0df0fc192",
        "url": "https://www.newsbreak.com/news/3873311150514-staunton-church-awarded-virginia-250-preservation-fund-grant",
        "site_full": "www.newsbreak.com",
        "site": "newsbreak.com",
        "site_section": "https://newsbreak.com/staunton-va",
        "site_categories": [
            "under_construction"
        ],
        "section_title": "Staunton, VA Local News and More | NewsBreak",
        "site_title": "NewsBreak: Local News &amp; Alerts",
        "title": "Staunton church awarded Virginia 250 Preservation Fund grant - NewsBreak",
        "title_full": "Staunton church awarded Virginia 250 Preservation Fund grant - NewsBreak",
        "published": "2025-03-27T01:00:00.000+02:00",
        "replies_count": 0,
        "participants_count": 1,
        "site_type": "news",
        "country": "US",
        "main_image": "https://img.particlenews.com/img/id/2wIxIV_0zxqIQRF00",
        "performance_score": 0,
        "domain_rank": 3154,
        "domain_rank_updated": "2025-03-24T23:00:00.000+02:00",
        "licensing_agency": [],
        "social": {
            "facebook": {
                "likes": 0,
                "comments": 0,
                "shares": 0
            },
            "vk": {
                "shares": 0
            }
        }
    },
    "uuid": "a4c4d626424923362e13c82f91b3fbb0df0fc192",
    "url": "https://www.newsbreak.com/news/3873311150514-staunton-church-awarded-virginia-250-preservation-fund-grant",
    "ord_in_thread": 0,
    "author": "Olivia Whitehouse",
    "published": "2025-03-27T01:00:00.000+02:00",
    "title": "Staunton church awarded Virginia 250 Preservation Fund grant - NewsBreak",
    "text": "WHSV\nwebsite\nStaunton\nStaunton church awarded Virginia 250 Preservation Fund grant\nBy Olivia Whitehouse,43 minutes ago\nSTAUNTON, Va. (WHSV) - Trinity Episcopal Church in Staunton was awarded a Virginia 250 Preservation Fund Grant worth $516,000 to support efforts to make the property accessible and appealing for those who enter the space. Bill Frazier, an architectural historian and member of the church, said that when he saw...",
    "highlightText": "",
    "highlightTitle": "",
    "highlightThreadTitle": "",
    "language": "english",
    "sentiment": "positive",
    "categories": [
        "Social Issue",
        "Politics"
    ],
    "topics": [
        "Social Issue->social services",
        "Social Issue->charity",
        "Social Issue->communities",
        "Politics->cultural policies",
        "Politics->government policy",
        "Politics->local government and authority"
    ],
    "ai_allow": true,
    "has_canonical": false,
    "breaking": false,
    "webz_reporter": false,
    "external_links": [],
    "entities": {
        "persons": [
            {
                "name": "Olivia Whitehouse,43",
                "sentiment": "positive"
            },
            {
                "name": "Bill Frazier",
                "sentiment": "neutral"
            }
        ],
        "locations": [
            {
                "name": "STAUNTON",
                "sentiment": "positive"
            },
            {
                "name": "Va.",
                "sentiment": "positive"
            }
        ],
        "organizations": [
            {
                "name": "WHSV",
                "sentiment": "positive",
                "tickers": []
            },
            {
                "name": "Staunton\nStaunton",
                "sentiment": "positive",
                "tickers": []
            },
            {
                "name": "Virginia 250 Preservation Fund",
                "sentiment": "positive",
                "tickers": []
            },
            {
                "name": "Trinity Episcopal Church",
                "sentiment": "positive",
                "tickers": []
            }
        ]
    },
    "syndication": {
        "syndicated": false,
        "syndicate_id": null,
        "first_syndicated": false
    },
    "trust": {
        "categories": []
    },
    "rating": null,
    "crawled": "2025-03-27T01:45:21.222+02:00",
    "updated": "2025-03-27T01:45:21.222+02:00"
}