{
    "thread": {
        "uuid": "ba452622a580e2ab9c712e575be26e4ce226a850",
        "url": "https://www.lesprom.com/de/news/JPJ-Wood_invests_in_board_scanner_at_Juupajoki_sawmill_in_Finland_118102",
        "site_full": "www.lesprom.com",
        "site": "lesprom.com",
        "site_section": "https://www.lesprom.com/de",
        "site_categories": [
            "woodworking",
            "hobbies_and_interests"
        ],
        "section_title": "Lesprom Network  | Globaler B2B-Marktplatz für Holz und Schnittholz",
        "site_title": null,
        "title": "JPJ-Wood invests in board scanner at Juupajoki sawmill in Finland",
        "title_full": "JPJ-Wood invests in board scanner at Juupajoki sawmill in Finland",
        "published": "2025-03-27T00:03:00.000+02:00",
        "replies_count": 0,
        "participants_count": 1,
        "site_type": "news",
        "country": "RU",
        "main_image": "https://www.lesprom.com/assets/files/news_fs/sQadUSmtpDrR4bz8uouM.jpg",
        "performance_score": 0,
        "domain_rank": 190228,
        "domain_rank_updated": "2025-03-24T23:00:00.000+02:00",
        "licensing_agency": [],
        "social": {
            "facebook": {
                "likes": 0,
                "comments": 0,
                "shares": 0
            },
            "vk": {
                "shares": 0
            }
        }
    },
    "uuid": "ba452622a580e2ab9c712e575be26e4ce226a850",
    "url": "https://www.lesprom.com/de/news/JPJ-Wood_invests_in_board_scanner_at_Juupajoki_sawmill_in_Finland_118102",
    "ord_in_thread": 0,
    "author": "Lesprom Network",
    "published": "2025-03-27T00:03:00.000+02:00",
    "title": "JPJ-Wood invests in board scanner at Juupajoki sawmill in Finland",
    "text": "JPJ-Wood Oy, a family-owned sawmill established in 1994, is located in Juupajoki, Pirkanmaa, Finland. As a significant wood processor, the company strives to stay at the forefront of industry development. To ensure this, they regularly invest in the latest technology from Finnos Oy.\n\"We have already previously invested in the Fusion system for log sorting, Log Yard Control for log yard management, Lite XR for sawmill feeding, and this summer, the Board Scanner will be installed for our green sorting,\" says Markus Luodelahti, CEO and owner of JPJ-Wood.\n\"The investments were driven by the need for a new and more reliable X-ray measurement system for log sorting. Additionally, the sawmill infeed scanner had reached the end of its lifecycle. Finnos provided a comprehensive solution that met our needs,\" Luodelahti explains.\n\"The accuracy of log measurement and grading is critical to the sawmill’s operations and profitability. Thanks to reliable measurement, each log can be sawn individually and as profitably as possible,\" he states.\nFinnos is the forerunner in AI-based X-ray technology offering superior log X-ray solutions for sawmill, pulp, energy and plywood industries.",
    "highlightText": "",
    "highlightTitle": "",
    "highlightThreadTitle": "",
    "language": "english",
    "sentiment": "positive",
    "categories": [
        "Economy, Business and Finance",
        "Politics",
        "Social Issue"
    ],
    "topics": [
        "Economy, Business and Finance->business strategy and marketing",
        "Economy, Business and Finance->products and services",
        "Social Issue->demographics",
        "Social Issue->social services",
        "Social Issue->social networking"
    ],
    "ai_allow": true,
    "has_canonical": false,
    "breaking": false,
    "webz_reporter": false,
    "external_links": [],
    "entities": {
        "persons": [],
        "locations": [],
        "organizations": []
    },
    "syndication": {
        "syndicated": false,
        "syndicate_id": null,
        "first_syndicated": false
    },
    "trust": {
        "categories": []
    },
    "rating": null,
    "crawled": "2025-03-27T00:14:37.744+02:00",
    "updated": "2025-03-27T00:14:37.744+02:00"
}