{
    "thread": {
        "uuid": "ca9d6c0082f446d985df92c38d03d158218a5456",
        "url": "https://in.marketscreener.com/quote/stock/INTEGRA-RESOURCES-CORP-43412750/news/Integra-Reports-Fourth-Quarter-And-Year-End-2024-Results-Demonstrating-Excellent-Performance-From-F-49443939",
        "site_full": "in.marketscreener.com",
        "site": "marketscreener.com",
        "site_section": "https://in.marketscreener.com/news/companies/",
        "site_categories": [],
        "section_title": "Stock Market Listed Companies News - MarketScreener India",
        "site_title": null,
        "title": "Integra Reports Fourth Quarter And Year End 2024 Results, Demonstrating Excellent Performance From Florida Canyon Mine And Strengthened Financial Position | MarketScreener India",
        "title_full": "Integra Reports Fourth Quarter And Year End 2024 Results, Demonstrating Excellent Performance From Florida Canyon Mine And Strengthened Financial Position | MarketScreener India",
        "published": "2025-03-27T00:19:00.000+02:00",
        "replies_count": 0,
        "participants_count": 1,
        "site_type": "news",
        "country": "IN",
        "main_image": "https://in.marketscreener.com/images/twitter_MS_fdnoir.png",
        "performance_score": 0,
        "domain_rank": 3606,
        "domain_rank_updated": "2025-03-24T23:00:00.000+02:00",
        "licensing_agency": [],
        "social": {
            "facebook": {
                "likes": 0,
                "comments": 0,
                "shares": 0
            },
            "vk": {
                "shares": 0
            }
        }
    },
    "uuid": "ca9d6c0082f446d985df92c38d03d158218a5456",
    "url": "https://in.marketscreener.com/quote/stock/INTEGRA-RESOURCES-CORP-43412750/news/Integra-Reports-Fourth-Quarter-And-Year-End-2024-Results-Demonstrating-Excellent-Performance-From-F-49443939",
    "ord_in_thread": 0,
    "author": "MarketScreener",
    "published": "2025-03-27T00:19:00.000+02:00",
    "title": "Integra Reports Fourth Quarter And Year End 2024 Results, Demonstrating Excellent Performance From Florida Canyon Mine And Strengthened Financial Position | MarketScreener India",
    "text": "March 26 (Reuters) - Integra Resources Corp:\n* INTEGRA REPORTS FOURTH QUARTER AND YEAR END 2024 RESULTS, DEMONSTRATING EXCELLENT PERFORMANCE FROM FLORIDA CANYON MINE AND STRENGTHENED FINANCIAL POSITION\n* INTEGRA RESOURCES CORP QTRLY ADJUSTED EPS $0.02\n* INTEGRA RESOURCES CORP - GOLD PRODUCTION FROM NOV 8 TO DEC 31, 2024 WAS 10,984 OZ Source text: Further company coverage:\nThis article is reserved for members Unlock the article: REGISTER NOW! 100% Free Registration Already a customer? Log In Share © Reuters - 2025",
    "highlightText": "",
    "highlightTitle": "",
    "highlightThreadTitle": "",
    "language": "english",
    "sentiment": "positive",
    "categories": [
        "Economy, Business and Finance",
        "Politics",
        "Social Issue"
    ],
    "topics": [
        "Economy, Business and Finance->financial service",
        "Economy, Business and Finance->business reporting and performance",
        "Economy, Business and Finance->investment and opinion pieces",
        "Politics->government",
        "Politics->economic policy",
        "Social Issue->social services",
        "Social Issue->communities",
        "Social Issue->social condition"
    ],
    "ai_allow": true,
    "has_canonical": false,
    "breaking": false,
    "webz_reporter": false,
    "external_links": [
        "https://twitter.com/intent/tweet?text=Integra",
        "https://wa.me/?text=https%3A%2F%2Fwww.marketscreener.com%2Fquote%2Fstock%2FINTEGRA-RESOURCES-CORP-43412750%2Fnews%2FIntegra-Reports-Fourth-Quarter-And-Year-End-2024-Results-Demonstrating-Excellent-Performance-From-F-49443939%2F%3Futm_source%3Dwhatsapp%26utm_medium%3Dsocial%26utm_campaign%3Dshare",
        "https://www.facebook.com/sharer/sharer.php?u=https%3A%2F%2Fwww.marketscreener.com%2Fquote%2Fstock%2FINTEGRA-RESOURCES-CORP-43412750%2Fnews%2FIntegra-Reports-Fourth-Quarter-And-Year-End-2024-Results-Demonstrating-Excellent-Performance-From-F-49443939%2F%3Futm_source%3Dfacebook%26utm_medium%3Dsocial%26utm_campaign%3Dshare",
        "https://www.linkedin.com/shareArticle?mini=true&url=https%3A%2F%2Fwww.marketscreener.com%2Fquote%2Fstock%2FINTEGRA-RESOURCES-CORP-43412750%2Fnews%2FIntegra-Reports-Fourth-Quarter-And-Year-End-2024-Results-Demonstrating-Excellent-Performance-From-F-49443939%2F%3Futm_source%3Dlinkedin%26utm_medium%3Dsocial%26utm_campaign%3Dshare&title=Integra",
        "https://telegram.me/share/url?url=https%3A%2F%2Fwww.marketscreener.com%2Fquote%2Fstock%2FINTEGRA-RESOURCES-CORP-43412750%2Fnews%2FIntegra-Reports-Fourth-Quarter-And-Year-End-2024-Results-Demonstrating-Excellent-Performance-From-F-49443939%2F%3Futm_source%3Dtelegram%26utm_medium%3Dsocial%26utm_campaign%3Dshare",
        "https://facebook.com/sharer/sharer.php?u=https%3A%2F%2Fwww.marketscreener.com%2Fquote%2Fstock%2FINTEGRA-RESOURCES-CORP-43412750%2Fnews%2FIntegra-Reports-Fourth-Quarter-And-Year-End-2024-Results-Demonstrating-Excellent-Performance-From-F-49443939%2F%3Futm_source%3Dfacebook%26utm_medium%3Dsocial%26utm_campaign%3Dshare",
        "https://telegram.me/share/url",
        "https://wa.me/",
        "https://www.facebook.com/sharer/sharer.php",
        "https://www.linkedin.com/shareArticle",
        "https://linkedin.com/shareArticle?mini=true&url=https%3A%2F%2Fwww.marketscreener.com%2Fquote%2Fstock%2FINTEGRA-RESOURCES-CORP-43412750%2Fnews%2FIntegra-Reports-Fourth-Quarter-And-Year-End-2024-Results-Demonstrating-Excellent-Performance-From-F-49443939%2F%3Futm_source%3Dlinkedin%26utm_medium%3Dsocial%26utm_campaign%3Dshare&title=Integra",
        "https://www.telegram.me/share/url?url=https%3A%2F%2Fwww.marketscreener.com%2Fquote%2Fstock%2FINTEGRA-RESOURCES-CORP-43412750%2Fnews%2FIntegra-Reports-Fourth-Quarter-And-Year-End-2024-Results-Demonstrating-Excellent-Performance-From-F-49443939%2F%3Futm_source%3Dtelegram%26utm_medium%3Dsocial%26utm_campaign%3Dshare",
        "https://www.twitter.com/intent/tweet?text=Integra",
        "https://twitter.com/intent/tweet",
        "https://www.wa.me/?text=https%3A%2F%2Fwww.marketscreener.com%2Fquote%2Fstock%2FINTEGRA-RESOURCES-CORP-43412750%2Fnews%2FIntegra-Reports-Fourth-Quarter-And-Year-End-2024-Results-Demonstrating-Excellent-Performance-From-F-49443939%2F%3Futm_source%3Dwhatsapp%26utm_medium%3Dsocial%26utm_campaign%3Dshare"
    ],
    "entities": {
        "persons": [],
        "locations": [
            {
                "name": "FLORIDA CANYON",
                "sentiment": "positive"
            }
        ],
        "organizations": [
            {
                "name": "Integra Resources Corp:",
                "sentiment": "positive",
                "tickers": []
            },
            {
                "name": "INTEGRA RESOURCES CORP - GOLD PRODUCTION",
                "sentiment": "positive",
                "tickers": []
            },
            {
                "name": "Reuters",
                "sentiment": "neutral",
                "tickers": []
            }
        ]
    },
    "syndication": {
        "syndicated": false,
        "syndicate_id": null,
        "first_syndicated": false
    },
    "trust": {
        "categories": []
    },
    "rating": null,
    "crawled": "2025-03-27T01:37:28.856+02:00",
    "updated": "2025-03-27T01:37:28.856+02:00"
}