{
    "thread": {
        "uuid": "d807c42ba5d17fa0b40db99e412387d459ccbe5a",
        "url": "https://www.ctvnews.ca/barrie/video/2025/03/26/court-holds-up-tinys-short-term-rental-bylaw-in-landmark-ruling",
        "site_full": "www.ctvnews.ca",
        "site": "ctvnews.ca",
        "site_section": "https://news.google.com/search?q=up%20when%3A1h&hl=en-US&gl=US&ceid=US%3Aen",
        "site_categories": [
            "under_construction",
            "top_news_ca",
            "top_news"
        ],
        "section_title": "Google News - Search",
        "site_title": "CTV News – Breaking News and Video, Canada News Today",
        "title": "Court holds up Tiny's short-term rental bylaw in landmark ruling - CTVNews",
        "title_full": "Court holds up Tiny's short-term rental bylaw in landmark ruling - CTVNews",
        "published": "2025-03-27T00:46:00.000+02:00",
        "replies_count": 0,
        "participants_count": 0,
        "site_type": "news",
        "country": "CA",
        "main_image": "https://www.ctvnews.ca/resizer/v2/https%3A%2F%2Fd3g70guqh4mw9g.cloudfront.net%2F03-26-2025%2Ft_8757f32603dc419ba6808f4082032def_name_26_BAR_TINYTWPSTR18_RPT_transfer_frame_2286.png?smart=true&amp;auth=67cbb4aeab1fa0f3ce3f26b22a32825fc630fef8746dff470e894544ffd23ca7&amp;width=1200&amp;height=630",
        "performance_score": 0,
        "domain_rank": 936,
        "domain_rank_updated": "2025-03-24T23:00:00.000+02:00",
        "licensing_agency": [],
        "social": {
            "facebook": {
                "likes": 0,
                "comments": 0,
                "shares": 0
            },
            "vk": {
                "shares": 0
            }
        }
    },
    "uuid": "d807c42ba5d17fa0b40db99e412387d459ccbe5a",
    "url": "https://www.ctvnews.ca/barrie/video/2025/03/26/court-holds-up-tinys-short-term-rental-bylaw-in-landmark-ruling",
    "ord_in_thread": 0,
    "author": null,
    "published": "2025-03-27T00:46:00.000+02:00",
    "title": "Court holds up Tiny's short-term rental bylaw in landmark ruling - CTVNews",
    "text": "Skip to main content\nSign In\nBarrie\nEdmonton\nLondon\nMontreal\nToronto\nWindsor\nWinnipeg\nElection 2025\nCTV News Now\nLive\nIn Pictures\nTrump's Tariffs\nHealth\nEntertainment\nLifestyle\nClimate & Environment\nSci-Tech\nSports\nOpinion\nHighly Engaged\nShopping Trends\nOpens in new window\nContact Us\nStox\nNewsletters\nBNN Bloomberg\nOpens in new window\nCP24\nOpens in new window\nADVERTISEMENT\nBarrie Watch\nCourt holds up Tiny’s short-term rental bylaw in landmark ruling\nTiny Township won a court battle over short-term rental rules.",
    "highlightText": "",
    "highlightTitle": "",
    "highlightThreadTitle": "",
    "language": "english",
    "sentiment": "positive",
    "categories": [
        "Politics",
        "Social Issue",
        "Human Interest"
    ],
    "topics": [
        "Politics->election",
        "Politics->local government and authority",
        "Politics->political process",
        "Social Issue->fraternal and community group",
        "Social Issue->social services",
        "Human Interest->ceremony"
    ],
    "ai_allow": true,
    "has_canonical": false,
    "breaking": true,
    "webz_reporter": false,
    "external_links": [],
    "entities": {
        "persons": [
            {
                "name": "Stox",
                "sentiment": "neutral"
            }
        ],
        "locations": [
            {
                "name": "Barrie",
                "sentiment": "neutral"
            },
            {
                "name": "Edmonton",
                "sentiment": "neutral"
            },
            {
                "name": "London",
                "sentiment": "neutral"
            },
            {
                "name": "Montreal",
                "sentiment": "neutral"
            },
            {
                "name": "Toronto",
                "sentiment": "neutral"
            },
            {
                "name": "Windsor\nWinnipeg",
                "sentiment": "neutral"
            },
            {
                "name": "Pictures",
                "sentiment": "neutral"
            },
            {
                "name": "Tiny Township",
                "sentiment": "neutral"
            }
        ],
        "organizations": [
            {
                "name": "Trump's Tariffs\nHealth\nEntertainment\nLifestyle\nClimate & Environment",
                "sentiment": "neutral",
                "tickers": []
            },
            {
                "name": "Sci-Tech",
                "sentiment": "neutral",
                "tickers": []
            },
            {
                "name": "BNN Bloomberg",
                "sentiment": "neutral",
                "tickers": []
            },
            {
                "name": "Opens",
                "sentiment": "neutral",
                "tickers": []
            },
            {
                "name": "Barrie Watch\nCourt",
                "sentiment": "neutral",
                "tickers": []
            },
            {
                "name": "Tiny",
                "sentiment": "neutral",
                "tickers": []
            }
        ]
    },
    "syndication": {
        "syndicated": false,
        "syndicate_id": null,
        "first_syndicated": false
    },
    "trust": {
        "categories": []
    },
    "rating": null,
    "crawled": "2025-03-27T01:05:43.637+02:00",
    "updated": "2025-03-27T01:05:43.637+02:00"
}