{
    "thread": {
        "uuid": "a3585ef224531ec36c6de28406545027ab2e5696",
        "url": "https://www.newsbreak.com/first-coast-news-524566/3873308269708-patterson-s-law-which-could-change-florida-child-abuse-investigations-passes-in-house-and-senate",
        "site_full": "www.newsbreak.com",
        "site": "newsbreak.com",
        "site_section": "https://www.newsbreak.com/first-coast-news-524566",
        "site_categories": [
            "under_construction"
        ],
        "section_title": "First Coast News&#x27;s Home Page | NewsBreak",
        "site_title": "NewsBreak: Local News &amp; Alerts",
        "title": "Patterson's Law, which could change Florida child abuse investigations, passes in House and Senate - NewsBreak",
        "title_full": "Patterson's Law, which could change Florida child abuse investigations, passes in House and Senate - NewsBreak",
        "published": "2025-03-27T00:45:00.000+02:00",
        "replies_count": 0,
        "participants_count": 1,
        "site_type": "news",
        "country": "US",
        "main_image": "https://img.particlenews.com/img/id/467AHx_0zxq6ucA00",
        "performance_score": 0,
        "domain_rank": 3154,
        "domain_rank_updated": "2025-03-24T23:00:00.000+02:00",
        "licensing_agency": [],
        "social": {
            "facebook": {
                "likes": 0,
                "comments": 0,
                "shares": 0
            },
            "vk": {
                "shares": 0
            }
        }
    },
    "uuid": "a3585ef224531ec36c6de28406545027ab2e5696",
    "url": "https://www.newsbreak.com/first-coast-news-524566/3873308269708-patterson-s-law-which-could-change-florida-child-abuse-investigations-passes-in-house-and-senate",
    "ord_in_thread": 0,
    "author": "First Coast News",
    "published": "2025-03-27T00:45:00.000+02:00",
    "title": "Patterson's Law, which could change Florida child abuse investigations, passes in House and Senate - NewsBreak",
    "text": "Open in NewsBreak\n|\nSign in\nChoose your location\nSee all locations\nSign In\nAbout NewsBreak\nPartner with us\nFollow us\n©2024 NewsBreak. All Rights Reserved.\nFirst Coast News\n·\npublisher · 86.9K followers\nFlorida\nPatterson’s Law, which could change Florida child abuse investigations, passes in House and Senate\n50 minutes ago\nIf approved, this law would take effect in July.\nRead full article\nRead in NewsBreak\nComments\nPost\nCommunity Policy\nYOU MAY ALSO LIKE\nComments\n/\nClose\nCommunity Policy",
    "highlightText": "",
    "highlightTitle": "",
    "highlightThreadTitle": "",
    "language": "english",
    "sentiment": "positive",
    "categories": [
        "Politics",
        "Social Issue"
    ],
    "topics": [
        "Politics->government policy",
        "Politics->civil rights",
        "Social Issue->social services",
        "Social Issue->children",
        "Social Issue->discrimination"
    ],
    "ai_allow": true,
    "has_canonical": false,
    "breaking": false,
    "webz_reporter": false,
    "external_links": [],
    "entities": {
        "persons": [
            {
                "name": "Patterson",
                "sentiment": "neutral"
            }
        ],
        "locations": [
            {
                "name": "NewsBreak",
                "sentiment": "neutral"
            },
            {
                "name": "Florida",
                "sentiment": "neutral"
            }
        ],
        "organizations": [
            {
                "name": "First Coast News",
                "sentiment": "neutral",
                "tickers": []
            },
            {
                "name": "House",
                "sentiment": "neutral",
                "tickers": []
            },
            {
                "name": "Senate",
                "sentiment": "neutral",
                "tickers": []
            }
        ]
    },
    "syndication": {
        "syndicated": false,
        "syndicate_id": null,
        "first_syndicated": false
    },
    "trust": {
        "categories": []
    },
    "rating": null,
    "crawled": "2025-03-27T01:38:31.366+02:00",
    "updated": "2025-03-27T01:38:31.366+02:00"
}