{
    "thread": {
        "uuid": "3de959df6c7a5c2d7195cfc3ae25e8033c1319ce",
        "url": "https://www.newsbreak.com/the-us-sun-513995/3686091449470-keir-starmer-warned-that-pandering-to-icc-over-call-for-netanyahu-s-arrest-risks-rift-between-uk-us",
        "site_full": "www.newsbreak.com",
        "site": "newsbreak.com",
        "site_section": "https://www.newsbreak.com/the-us-sun-513995",
        "site_categories": [
            "under_construction"
        ],
        "section_title": "The US Sun&#x27;s Home Page | NewsBreak",
        "title": "",
        "title_full": "",
        "published": "2024-11-22T23:59:00.000+02:00",
        "replies_count": 0,
        "participants_count": 1,
        "site_type": "news",
        "country": "",
        "main_image": "https://img.particlenews.com/img/id/0VqzxY_0wyBZNpq00?type=thumbnail_1600x1200",
        "performance_score": 0,
        "domain_rank": 3674,
        "domain_rank_updated": "2024-11-18T23:00:00.000+02:00",
        "social": {
            "facebook": {
                "likes": 0,
                "comments": 0,
                "shares": 0
            },
            "vk": {
                "shares": 0
            }
        }
    },
    "uuid": "3de959df6c7a5c2d7195cfc3ae25e8033c1319ce",
    "url": "https://www.newsbreak.com/the-us-sun-513995/3686091449470-keir-starmer-warned-that-pandering-to-icc-over-call-for-netanyahu-s-arrest-risks-rift-between-uk-us",
    "ord_in_thread": 0,
    "parent_url": null,
    "author": "NewsBreak Original",
    "published": "2024-11-22T23:59:00.000+02:00",
    "title": "",
    "text": "By Noa Hoffman ,\n2 hours ago PANDERING to the International Criminal Court risks a rift between Britain and Donald Trump, Sir Keir Starmer was warned yesterday.\nIt came as Downing Street signalled that the PM would comply with an ICC warrant to arrest Benjamin Netanyahu if he travelled to the UK.\nKeir Starmer was warned that pandering to the International Criminal Court risks a rift between Britain and Donald Trump Alamy Downing Street signalled that the PM would comply with an ICC warrant to arrest Benjamin Netanyahu if he travelled to the UK Reuters A No10 spokesman said: “The UK will always comply with its legal obligations as set out by domestic law and indeed international law.”\nIt saw Downing Street insisting that Israel remains an important “ally” – while refusing to rule out putting its PM in handcuffs .\nSenior Trump allies reacted with fury to the ICC judgment, following President Biden branding it “outrageous”.\nRepublican Senator Lindsey Graham yesterday threatened to introduce a Bill punishing states that follow ICC diktats.\nThe Senator said: “I will be introducing legislation that puts other countries on notice – If you aid and abet the ICC after their action against the State of Israel, you can expect consequences from the United States.\n“Any nation that joins with the ICC after this outrage is a partner in a reckless act that tramples the rule of law.”\nIncoming Senate Republican Leader John Thune pledged to bring a Bill to Capitol Hill sanctioning the ICC.\nHe said: “The ICC’s arrest warrant against Prime Minister Netanyahu and former Defence Minister Gallant is outrageous, unlawful, and dangerous.”\nSir Keir’s spokesman said work had been done to build bridges with Trump’s team amid fears of a fresh row with the US, which is not an ICC member.\nUnder the ICC Act, if Netanyahu steps foot in Britain, a Cabinet Minister – most likely Foreign Secretary David Lammy – must seek the warrant from a domestic court.\nOn Friday an onslaught of foreign leaders blasted the ruling by the foreign “kangaroo” court.\nAustrian Prime Minister Alexander Schallenberg said: “The ICC decision is utterly incomprehensible.\n“This decision is a disservice to the Court‘s credibility.”\nHungarian Prime Minister Viktor Orban said: “The ICC arrest warrant against Prime Minister Netanyahu is brazen, cynical and completely unacceptable.\n“I invited Prime Minister Netanyahu for an official visit to Hungary, where we will guarantee his freedom and safety.”\nBoth the outgoing-Joe Biden and incoming-Donald Trump administrations slammed the ruling, with some Republican senators even vowing repercussions for any state that complies with it.\nReform Deputy Leader Richard Tice said: “The ICC has disgraced itself with clear bias and Starmer has shown he is kowtowing to global institutions to the detriment of our key international relationships.”\nYesterday, Home Secretary Yvette Cooper refused to say whether she would greenlight Mr Netanyahu being locked up in Britain.\nShe told Sky News: “That’s not a matter for me as Home Secretary.\n“The International Criminal Court is of course independent and we respect its independence and the role that it has.”\nShadow Justice Secretary Robert Jenrick said: “Labour’s position is absurd.\n“By accepting the decision of this Kangaroo Court, Starmer and Lammy risk weakening our relationship with our most important ally again.\n“Starmer can’t say whether the leader of an ally of the UK would be arrested on arrival at Heathrow, but he’s happy to shake hands with the tyrannical Xi Jinping.\n“It’s madness.”",
    "highlightText": "",
    "highlightTitle": "",
    "highlightThreadTitle": "",
    "language": "english",
    "sentiment": "negative",
    "categories": [
        "Politics",
        "Social Issue"
    ],
    "ai_allow": true,
    "canonical": false,
    "webz_reporter": false,
    "external_links": [
        "https://www.the-sun.com/who/yvette-cooper/",
        "https://img.particlenews.com/image.php?url=0VqzxY_0wyBZNpq00",
        "https://www.the-sun.com/where/downing-street/",
        "https://www.the-sun.com/who/robert-jenrick/",
        "https://www.the-sun.com/news/12940211/benjamin-netanyahu-arrest-warrant-hamas-icc/",
        "https://www.the-sun.com/who/joe-biden/",
        "https://www.the-sun.com/who/sir-keir-starmer/",
        "https://www.the-sun.com/news/12944881/keir-starmer-arrest-warrant-netanyahu/",
        "https://www.the-sun.com/news/11717025/hungarian-president-viktor-orban-horror-crash-cop-killed/",
        "https://img.particlenews.com/image.php?type=thumbnail_580x000&url=3gIpW1_0wyBZNpq00",
        "https://www.the-sun.com/who/donald-trump/",
        "https://img.particlenews.com/image.php?url=3gIpW1_0wyBZNpq00",
        "https://img.particlenews.com/image.php?type=thumbnail_580x000&url=0VqzxY_0wyBZNpq00",
        "https://www.the-sun.com/who/joe-biden",
        "https://www.img.particlenews.com/image.php?url=0VqzxY_0wyBZNpq00",
        "https://the-sun.com/news/12944881/keir-starmer-arrest-warrant-netanyahu/",
        "https://the-sun.com/news/12940211/benjamin-netanyahu-arrest-warrant-hamas-icc/",
        "https://the-sun.com/who/donald-trump/",
        "https://the-sun.com/who/joe-biden/",
        "https://www.the-sun.com/who/yvette-cooper",
        "https://www.img.particlenews.com/image.php?type=thumbnail_580x000&url=0VqzxY_0wyBZNpq00",
        "https://the-sun.com/who/sir-keir-starmer/",
        "https://www.the-sun.com/news/12940211/benjamin-netanyahu-arrest-warrant-hamas-icc",
        "https://www.the-sun.com/who/robert-jenrick",
        "https://www.the-sun.com/where/downing-street",
        "https://the-sun.com/who/yvette-cooper/",
        "https://www.img.particlenews.com/image.php?url=3gIpW1_0wyBZNpq00",
        "https://www.the-sun.com/who/sir-keir-starmer",
        "https://www.the-sun.com/who/donald-trump",
        "https://the-sun.com/news/11717025/hungarian-president-viktor-orban-horror-crash-cop-killed/",
        "https://the-sun.com/who/robert-jenrick/",
        "https://www.the-sun.com/news/11717025/hungarian-president-viktor-orban-horror-crash-cop-killed",
        "https://the-sun.com/where/downing-street/",
        "https://www.img.particlenews.com/image.php?type=thumbnail_580x000&url=3gIpW1_0wyBZNpq00",
        "https://img.particlenews.com/image.php",
        "https://www.the-sun.com/news/12944881/keir-starmer-arrest-warrant-netanyahu"
    ],
    "external_images": [],
    "entities": {
        "persons": [
            {
                "name": "Noa Hoffman",
                "sentiment": "neutral"
            },
            {
                "name": "Benjamin Netanyahu",
                "sentiment": "none"
            },
            {
                "name": "Lindsey Graham",
                "sentiment": "none"
            },
            {
                "name": "Keir Starmer",
                "sentiment": "none"
            },
            {
                "name": "Donald Trump",
                "sentiment": "none"
            },
            {
                "name": "Biden",
                "sentiment": "none"
            }
        ],
        "organizations": [
            {
                "name": "International Criminal Court",
                "sentiment": "neutral"
            }
        ],
        "locations": []
    },
    "syndication": {
        "syndicated": false,
        "syndicate_id": "3de959df6c7a5c2d7195cfc3ae25e8033c1319ce",
        "first_syndicated": true
    },
    "rating": null,
    "crawled": "2024-11-23T00:18:00.155+02:00",
    "updated": "2024-11-23T02:03:26.362+02:00"
}