{
    "thread": {
        "uuid": "77e301a1633accc22530ef1c18f037feef030485",
        "url": "https://www.lifenews.com/2024/11/22/132-members-of-congress-take-first-step-towards-defunding-planned-parenthood",
        "site_full": "www.lifenews.com",
        "site": "lifenews.com",
        "site_section": "https://news.whatfinger.com/feed",
        "site_categories": [
            "health"
        ],
        "section_title": "Whatfinger Wire News",
        "title": "132 Members of Congress Take First Step Towards Defunding Planned Parenthood - LifeNews.com",
        "title_full": "132 Members of Congress Take First Step Towards Defunding Planned Parenthood - LifeNews.com",
        "published": "2024-11-22T20:06:00.000+02:00",
        "replies_count": 0,
        "participants_count": 1,
        "site_type": "news",
        "country": "US",
        "main_image": "https://www.lifenews.com/wp-content/uploads/2016/04/defundplannedparenthood31.png",
        "performance_score": 0,
        "domain_rank": 13161,
        "domain_rank_updated": "2024-11-18T23:00:00.000+02:00",
        "social": {
            "facebook": {
                "likes": 0,
                "comments": 0,
                "shares": 0
            },
            "vk": {
                "shares": 0
            }
        }
    },
    "uuid": "77e301a1633accc22530ef1c18f037feef030485",
    "url": "https://www.lifenews.com/2024/11/22/132-members-of-congress-take-first-step-towards-defunding-planned-parenthood",
    "ord_in_thread": 0,
    "parent_url": null,
    "author": "Michael Finan",
    "published": "2024-11-22T20:06:00.000+02:00",
    "title": "132 Members of Congress Take First Step Towards Defunding Planned Parenthood - LifeNews.com",
    "text": "In a bicameral letter led by House Pro-Life Caucus Co-Chair Rep. Chris Smith (R-NJ), Sen. Marsha Blackburn (R-TN), Rep. Robert Aderholt (R-AL), and Rep. Claudia Tenney (R-NY), 112 Members of Congress today asked the Government Accountability Office (GAO) to investigate and report on the amount of federal funding that has been awarded to abortion providers—including the Planned Parenthood Federation of America and the International Planned Parenthood Federation—over the past three years. Among the 81 House Members and 31 Senators who signed the letter are the top three leaders of the new Congress: House Speaker Mike Johnson (R-LA), Senate Majority Leader John Thune (R-SD), and House Majority Leader Steve Scalise (R-LA). LifeNews is on TruthSocial. Please follow us here . “We are writing to request updated information on federal funding for Federally Qualified Health Centers (FQHCs), Planned Parenthood Federation of America, International Planned Parenthood Federation, MSI Reproductive Choices, and four domestic abortion providers,” the lawmakers wrote. The lawmakers noted the GAO has prepared several congressionally requested reports on federal funding for these organizations over the years. According to its most recent report, the abortion industry had siphoned off nearly $2 billion federal taxpayer dollars between fiscal years 2019-2021. “We are grateful for the past products and respectfully request that the GAO provide a similar report covering fiscal years 2022-2024.” “Proper oversight of public funds and programs is crucial for determining the value of the goods and services provided to and funded by American taxpayers. The information sought in this inquiry is instrumental for policymakers and the public alike,” the lawmakers wrote. “It is our hope that this report will provide greater insight as Congress considers funding levels and provides increased transparency and openness for our constituencies and the general public,” the lawmakers said.",
    "highlightText": "",
    "highlightTitle": "",
    "highlightThreadTitle": "",
    "language": "english",
    "sentiment": "negative",
    "categories": [
        "Politics",
        "Social Issue"
    ],
    "ai_allow": true,
    "canonical": false,
    "webz_reporter": false,
    "external_links": [
        "https://chrissmith.house.gov/UploadedFiles/2024-11-22_-_Bicameral_Member_Request_Letter_-_GAO_Report_on_Abortion_Groups.pdf",
        "https://www.google.com/url?q=https://chrissmith.house.gov/UploadedFiles/2024-11-22_-_Bicameral_Member_Request_Letter_-_GAO_Report_on_Abortion_Groups.pdf&source=gmail&ust=1732396946177000&usg=AOvVaw2b6zr3t7e_TjSsMetgZ2S0",
        "https://truthsocial.com/@LifeNews",
        "https://www.chrissmith.house.gov/UploadedFiles/2024-11-22_-_Bicameral_Member_Request_Letter_-_GAO_Report_on_Abortion_Groups.pdf",
        "https://www.google.com/url",
        "https://www.truthsocial.com/@LifeNews",
        "https://google.com/url?q=https://chrissmith.house.gov/UploadedFiles/2024-11-22_-_Bicameral_Member_Request_Letter_-_GAO_Report_on_Abortion_Groups.pdf&source=gmail&ust=1732396946177000&usg=AOvVaw2b6zr3t7e_TjSsMetgZ2S0"
    ],
    "external_images": [],
    "entities": {
        "persons": [],
        "organizations": [],
        "locations": []
    },
    "syndication": {
        "syndicated": false,
        "syndicate_id": "77e301a1633accc22530ef1c18f037feef030485",
        "first_syndicated": true
    },
    "rating": null,
    "crawled": "2024-11-23T00:16:20.605+02:00",
    "updated": "2024-11-23T00:29:20.589+02:00"
}