{
    "thread": {
        "uuid": "a4c08130911b949b767e667acc78dc3a5fc8802b",
        "url": "https://www.news-journal.com/news/state/paxton-can-t-be-deposed-under-oath-in-whistleblower-lawsuit-texas-supreme-court-says/article_9fe44680-a91f-11ef-a0b1-b7bcffba104a.html",
        "site_full": "www.news-journal.com",
        "site": "news-journal.com",
        "site_section": "https://www.news-journal.com/",
        "site_categories": [
            "media"
        ],
        "section_title": "Longview News-Journal | Longview, TX",
        "title": "Paxton can’t be deposed under oath in whistleblower lawsuit, Texas Supreme Court says | Texas | news-journal.com",
        "title_full": "Paxton can’t be deposed under oath in whistleblower lawsuit, Texas Supreme Court says | Texas | news-journal.com",
        "published": "2024-11-23T00:17:00.000+02:00",
        "replies_count": 0,
        "participants_count": 1,
        "site_type": "news",
        "country": "US",
        "main_image": "https://bloximages.newyork1.vip.townnews.com/news-journal.com/content/tncms/assets/v3/editorial/3/04/30477212-4bf5-11ee-aff9-37b7b20e1e19/64f7358665ab8.image.jpg?crop=1763%2C926%2C0%2C124&amp;resize=1200%2C630&amp;order=crop%2Cresize",
        "performance_score": 0,
        "domain_rank": 17517,
        "domain_rank_updated": "2024-11-18T23:00:00.000+02:00",
        "social": {
            "facebook": {
                "likes": 0,
                "comments": 0,
                "shares": 0
            },
            "vk": {
                "shares": 0
            }
        }
    },
    "uuid": "a4c08130911b949b767e667acc78dc3a5fc8802b",
    "url": "https://www.news-journal.com/news/state/paxton-can-t-be-deposed-under-oath-in-whistleblower-lawsuit-texas-supreme-court-says/article_9fe44680-a91f-11ef-a0b1-b7bcffba104a.html",
    "ord_in_thread": 0,
    "parent_url": null,
    "author": "Zach Despart Texas Tribune",
    "published": "2024-11-23T00:17:00.000+02:00",
    "title": "Paxton can’t be deposed under oath in whistleblower lawsuit, Texas Supreme Court says | Texas | news-journal.com",
    "text": "Attorney General Ken Paxton will not have to sit for a deposition in a longstanding lawsuit filed by four former senior aides who said he improperly fired them after they reported him to the FBI, the Texas Supreme Court ruled Friday.\nIt is a victory for Paxton, who has managed to avoid testifying about allegations of corruption, bribery and abuse of office despite this civil lawsuit, an impeachment trial and a federal criminal investigation. It’s also a blow to the whistleblowers, who have sought for years to question Paxton under oath.\n“Ken Paxton is offering to stick his own client, the people of Texas, with an unlimited money judgment,” said Tom Nesbitt, who represents former deputy attorney general Blake Brickman. “He’s doing it for one reason, to avoid having to give testimony about his own personal corruption. That is an act of malpractice so brazen it could have only sprung from the mind of Ken Paxton, and today the Supreme Court endorsed it.”\nPaxton’s office, in a statement, called the ruling a “major win” against “wasteful, politically-motivated litigation.”\nThe whistleblowers sought to question under oath Paxton and three of his current top deputies: First Assistant Brent Webster, chief of staff Lesley French and senior adviser Michelle Smith. But the Supreme Court overturned a trial court order scheduling those depositions.\nThe justices said since the attorney general’s office has agreed not to contest the lawsuit, which alleges that Paxton violated the state’s Whistleblower Act, their sworn testimony is unnecessary.\n“While we agree with the former employees that OAG’s concessions do not preclude all discovery, we agree with OAG that the trial court abused its discretion in ordering the depositions of these four witnesses without considering that the only fact issue on which those witnesses are likely to provide information — OAG’s liability under the Whistleblower Act — is now uncontested,” the opinion states.\nThe decision was unanimous, although Justice Evan Young did not participate.\nThe four whistleblowers — Brickman, Mark Penley, David Maxwell and Ryan Vassar — were among a group of senior advisers who reported Paxton to the FBI in September 2020, concerned about what they viewed as his increasingly bizarre and inappropriate behavior with a friend and Austin real estate investor named Nate Paul. In the days and weeks after their meeting with federal agents, which they reported to Paxton, the attorney general fired them.\nSign Up for Newsletters Email* Select Newsletters to Sign Up For News Updates Breaking News Sports Digest Obituaries and Death Notices Submit The current status of the federal criminal investigation is unknown, but court documents from the 5th U.S. Circuit Court of Appeals show that in June Justice Department lawyers were trying to secure testimony from witnesses in a grand jury investigation involving Paxton.\nThe whistleblowers sued Paxton in November 2020, alleging their dismissals were illegal under state law. Paxton disagreed but offered to settle the suit and pay the whistleblowers $3.3 million. To fund that settlement, however, Paxton needs an appropriation from the Legislature.\nWhen he asked the Texas House in 2023 for the money, lawmakers wanted him to publicly answer questions about why Texas taxpayers should foot the bill. The House’s ethics committee began investigating him.\nIn May of that year, the Texas House impeached Paxton on corruption and bribery charges based heavily on the whistleblowers’ testimony. They alleged Paxton abused his office to do favors for Paul, including by hiring an outside lawyer to investigate claims made by Paul, providing Paul confidential law enforcement documents, intervening in a lawsuit involving a charity and two of Paul’s companies and issuing an opinion Paul’s lawyers used to delay foreclosure sales of several properties.\nIn return, House investigators claimed that Paul paid for renovations at an Austin home owned by Paxton and his wife and also employed a woman with whom Paxton was having an extramarital affair.\nAfter a two-week, high-profile trial, the Texas Senate acquitted Paxton of 16 charges and dismissed the remaining four.\nThe whistleblower lawsuit remains, however. Paxton in January said he would no longer contest the facts of the case — despite the fact that the allegations by the whistleblowers were similar to the ones his lawyers had vigorously disputed during the impeachment trial.\nPaxton said he was eager to end the “wasteful litigation” and would “not allow my office to be distracted by these disgruntled former employees and their self-serving sideshow.” He said the settlement should not be construed as an admission of guilt.",
    "highlightText": "",
    "highlightTitle": "",
    "highlightThreadTitle": "",
    "language": "english",
    "sentiment": "negative",
    "categories": [
        "Politics",
        "Crime, Law and Justice"
    ],
    "ai_allow": false,
    "canonical": false,
    "webz_reporter": false,
    "external_links": [
        "https://mroberts.activehosted.com/proc.php?jsonp=true",
        "https://mroberts.activehosted.com/proc.php",
        "https://mroberts.activehosted.com/proc.php?",
        "https://ads.empowerlocal.co/adserve/;ID=181918;size=0x0;setID=588479;type=js;sw=",
        "https://fonts.bunny.net/css?family=ibm-plex-sans:400,600);",
        "https://mroberts.activehosted.com/proc.php",
        "https://www.mroberts.activehosted.com/proc.php?",
        "https://www.mroberts.activehosted.com/proc.php",
        "https://www.ads.empowerlocal.co/adserve/;ID=181918;size=0x0;setID=588479;type=js;sw=",
        "https://www.fonts.bunny.net/css?family=ibm-plex-sans:400,600);",
        "https://www.mroberts.activehosted.com/proc.php?jsonp=true",
        "https://fonts.bunny.net/css"
    ],
    "external_images": [],
    "entities": {
        "persons": [
            {
                "name": "Ken Paxton",
                "sentiment": "negative"
            },
            {
                "name": "Blake Brickman",
                "sentiment": "none"
            },
            {
                "name": "Tom Nesbitt",
                "sentiment": "none"
            }
        ],
        "organizations": [
            {
                "name": "Texas Supreme Court",
                "sentiment": "neutral"
            },
            {
                "name": "FBI",
                "sentiment": "none"
            }
        ],
        "locations": []
    },
    "syndication": {
        "syndicated": false,
        "syndicate_id": null,
        "first_syndicated": false
    },
    "rating": null,
    "crawled": "2024-11-23T00:50:22.589+02:00",
    "updated": "2024-11-28T02:07:58.272+02:00"
}