{
    "thread": {
        "uuid": "7215f64e1cf60b746063c9808e874889aef723d2",
        "url": "https://journalnow.com/news/state-regional/government-politics/mark-robinson-cnn-defamation-lawsuit/article_7cdfd4e8-a8e7-11ef-a1f9-d3b3a264f1d5.html",
        "site_full": "journalnow.com",
        "site": "journalnow.com",
        "site_section": "http://www.journalnow.com/search/?q=&t=article&l=100&d=&d1=&d2=&s=start_time&sd=desc&nsa=eedition&c%5B%5D=news,news/*&f=rss",
        "site_categories": [
            "media"
        ],
        "section_title": "journalnow.com - RSS Results in news,news/* of type article",
        "title": "CNN claims Robinson's defamation lawsuit 'political theater'",
        "title_full": "CNN claims Robinson's defamation lawsuit 'political theater'",
        "published": "2024-11-22T23:45:00.000+02:00",
        "replies_count": 0,
        "participants_count": 1,
        "site_type": "news",
        "country": "US",
        "main_image": "https://bloximages.newyork1.vip.townnews.com/journalnow.com/content/tncms/assets/v3/editorial/7/cd/7cdfd4e8-a8e7-11ef-a1f9-d3b3a264f1d5/6740e2e5adf90.preview.jpg?crop=1400%2C735%2C363%2C219&amp;resize=1200%2C630&amp;order=crop%2Cresize",
        "performance_score": 0,
        "domain_rank": 8844,
        "domain_rank_updated": "2024-11-18T23:00:00.000+02:00",
        "social": {
            "facebook": {
                "likes": 0,
                "comments": 0,
                "shares": 0
            },
            "vk": {
                "shares": 0
            }
        }
    },
    "uuid": "7215f64e1cf60b746063c9808e874889aef723d2",
    "url": "https://journalnow.com/news/state-regional/government-politics/mark-robinson-cnn-defamation-lawsuit/article_7cdfd4e8-a8e7-11ef-a1f9-d3b3a264f1d5.html",
    "ord_in_thread": 0,
    "parent_url": null,
    "author": "RICHARD CRAVER Staff Reporter",
    "published": "2024-11-22T23:45:00.000+02:00",
    "title": "CNN claims Robinson's defamation lawsuit 'political theater'",
    "text": "CNN is calling the lawsuit filed by Republican Lt. Gov. Mark Robinson “political theater” in asking a federal judge to dismiss the complaint.\nThe cable network also claims the lawsuit “fails to plausibly allege a claim for defamation.”\nCNN filed its formal 20-page dismissal request Thursday in federal court in the Eastern District of N.C. — a week after calling the complaint “meritless.” The lawsuit also includes Louis Love Money of Greensboro.\n“Defamation lawsuits are not intended to be political theater,” CNN said. “Yet, it appears that is precisely why plaintiff Mark Robinson brings this suit against Cable News Network.\nRobinson was handily defeated for governor by Democratic Attorney General Josh Stein by a 54.9% to 40.1% margin even as Trump won North Carolina by a 50.9% to 47.6% margin over Vice President Kamala Harris.\nPeople are also reading…\nRobinson’s lawsuit was filed Oct. 14 — nearly a month after CNN’s explosive Sept. 19 report on comments Robinson allegedly wrote in a forum on porn website Nude Africa between 2008 and 2012. Robinson has denied the claims in the CNN report.\nThe Binnall Law Group filed a joint lawsuit against CNN and Money for defamation and election interference. The law firm has represented President-elect Donald Trump.\nMoney worked in several of Greensboro’s windowless, 24-hour video-pornography stores where he claimed in media reports Robinson was a frequent customer in the 1990s and early 2000s. Robinson has referred to Money as a grifter.\nCNN claims Money is being sued as a co-defendant in an attempt to keep the lawsuit in Wake County Superior Court. CNN said Money is being sued for “unrelated statements made about (Robinson) at different times.”\nMoney filed a dismissal motion Nov. 4. The case was sent from Wake County Superior Court to federal court Nov. 14. The lawsuit was made eligible for mediation Tuesday.\n‘Minisoldr’\nThe essence of the CNN report is its reporting that Robinson used the name “minisoldr” in writing on NudeAfrica, a porn website, that he was a “Black Nazi” and that not only did he support a return of slavery, but wanted to own slaves.\nCNN reported many of Robinson’s comments were sexual and lewd in nature, some involving his interest in transgender pornography and posting “And yeah I’m a ‘perv’ too!”\nCNN said it is reporting “only a small portion of Robinson’s comments on the website given their graphic nature.”\nRobinson claims in his lawsuit that his personal information — name, date of birth, passwords and the email address — had been “previously compromised by multiple data breaches.”\n“Any person could have purchased and/or used Lt. Gov. Robinson’s data to create accounts all over the internet. As CNN is aware, people who create accounts on websites like NudeAfrica, AdultFriendFinder, and Ashley Madison, prefer not to use their own names and identities for obvious reasons.”\nPart of the complaint is a request requiring CNN to show how it documented the details in its report.\nCNN reported the connection to Robinson was made “by matching a litany of biographical details and a shared email address between the two.”\nCNN said Robinson’s lawsuit claims “are untethered from actual facts, that CNN acted with knowing falsity when it published was minisoldr because he is sure that someone, somewhere, fabricated the minisoldr posts.”\n“Based on this guesswork, Robinson proceeds to invest an implausible theory that CNN acted with actual malice and should have never published this highly newsworthy article because maybe it is possible that someone (who he does not name) could have triangulated various bits of digital information (all of which predates Robinson’s time as a political figure in North Carolina by almost 10 years), fabricated the minisoldr posts, and then somehow manipulated the time stamps on the fake posts so they looked like they were made between 2008 and 2012.\n“And he does so despite the fact that he alleges not a single strand of plausible evidence supporting that theory.”\nRegarding Robinson’s claim made during a news conference that CNN committed “a journalistic hit job in order to interfere with an election,” the network responded by claiming “Robinson did not and cannot plausibly allege facts that show CNN published the article with actual malice, i.e., with the subjective awareness of probably falsity.”\n“In fact, the amended complaint does not include a single allegation demonstrating that CNN doubted the veracity of its reporting.”\nRobinson claims\nRobinson is seeking $50 million in damages and a retraction from CNN.\nThat amount was reduced to “in excess of $25,000” in a subsequent filing, a procedural move based on North Carolina law that requires plaintiffs to state only whether damages are below or above $25,000.\nThe CNN response says a member of Robinson’s governor campaign posted on X that “when the full set of facts are presented to a jury, they are likely to award Robinson far in excess of $50 million.”\nRobinson attorney Jesse Binnall accused CNN of “going beyond journalistic standards” in its reporting and “is showing actual malice.”\n“This is a high-tech lynching on a candidate who has been targeted from Day One by folks who disagree with me politically and want to see me destroyed,” Robinson said at the filing of his lawsuit. “It is one of the greatest example of political interference in this state’s history, and quite possibly the nation’s history.”\nHowever, neither Robinson, Binnall nor the lawsuit have provided in court documents so far any specific evidence of fraud by CNN, or what they consider as representing false statements.\nBinnall said the lawsuit was filed in part to compel CNN to disclose its reporting techniques and to compel those with knowledge about CNN’s reporting to testify in court.\nIt is standard journalism procedures not to reveal the identity of sources, particularly if revealing their identity could put them at risk of personal or reputational harm.\nHowever, a lawsuit also allows CNN’s attorneys to subpoena Robinson’s records as well.",
    "highlightText": "",
    "highlightTitle": "",
    "highlightThreadTitle": "",
    "language": "english",
    "sentiment": "negative",
    "categories": [
        "Politics",
        "Social Issue",
        "Crime, Law and Justice"
    ],
    "ai_allow": false,
    "canonical": false,
    "webz_reporter": false,
    "external_links": [],
    "external_images": [],
    "entities": {
        "persons": [
            {
                "name": "Mark Robinson",
                "sentiment": "negative"
            },
            {
                "name": "Kamala Harris",
                "sentiment": "none"
            },
            {
                "name": "Josh Stein",
                "sentiment": "none"
            }
        ],
        "organizations": [
            {
                "name": "CNN",
                "sentiment": "negative"
            },
            {
                "name": "Cable News Network",
                "sentiment": "none"
            }
        ],
        "locations": []
    },
    "syndication": {
        "syndicated": false,
        "syndicate_id": null,
        "first_syndicated": false
    },
    "rating": null,
    "crawled": "2024-11-23T00:43:58.044+02:00",
    "updated": "2024-11-28T01:31:39.202+02:00"
}