{
    "thread": {
        "uuid": "142ac0b512e7f33dcd1af8b08ec3ea2ede79202a",
        "url": "https://flipboard.com/topic/developingcountries/us-and-ukraine-sign-deal-to-form-reconstruction-investment-fund-washington-says/f-709c59dc2c%2Ffrance24.com",
        "site_full": "flipboard.com",
        "site": "flipboard.com",
        "site_section": "https://flipboard.com/topic/developingcountries",
        "site_categories": [
            "family_and_parenting",
            "eldercare"
        ],
        "section_title": "Discover More in Developing Countries on Flipboard",
        "site_title": "Flipboard: Your Social Magazine",
        "title": "🔴 US and Ukraine sign deal to form reconstruction investment fund, Washington says | Flipboard",
        "title_full": "🔴 US and Ukraine sign deal to form reconstruction investment fund, Washington says | Flipboard",
        "published": "2025-05-01T00:51:00.000+03:00",
        "replies_count": 0,
        "participants_count": 1,
        "site_type": "news",
        "country": "US",
        "main_image": "https://s.france24.com/media/display/c7020fba-e2bc-11ee-a10d-005056a90284/w:1280/p:16x9/breaking_en_1920x1080.jpg",
        "performance_score": 0,
        "domain_rank": 1240,
        "domain_rank_updated": "2025-04-22T00:00:00.000+03:00",
        "licensing_agency": [],
        "social": {
            "facebook": {
                "likes": 0,
                "comments": 0,
                "shares": 0
            },
            "vk": {
                "shares": 0
            }
        }
    },
    "uuid": "142ac0b512e7f33dcd1af8b08ec3ea2ede79202a",
    "url": "https://flipboard.com/topic/developingcountries/us-and-ukraine-sign-deal-to-form-reconstruction-investment-fund-washington-says/f-709c59dc2c%2Ffrance24.com",
    "ord_in_thread": 0,
    "author": "France 24",
    "published": "2025-05-01T00:51:00.000+03:00",
    "title": "🔴 US and Ukraine sign deal to form reconstruction investment fund, Washington says | Flipboard",
    "text": "🔴 US and Ukraine sign deal to form reconstruction investment fund, Washington says 🔴 US and Ukraine sign deal to form reconstruction investment fund, Washington says Get the latest Breaking News Alerts from France 24 in real time on Facebook and Twitter: @BreakingF24\nFrance 24 • 35m",
    "highlightText": "",
    "highlightTitle": "",
    "highlightThreadTitle": "",
    "language": "english",
    "sentiment": "positive",
    "categories": [
        "Politics",
        "Economy, Business and Finance",
        "War, Conflict and Unrest"
    ],
    "topics": [
        "Politics->economic policy",
        "Politics->international relations",
        "Politics->foreign aid",
        "Economy, Business and Finance->investment and opinion pieces",
        "Economy, Business and Finance->business financing",
        "Economy, Business and Finance->financial and economic news",
        "War, Conflict and Unrest->post-war reconstruction"
    ],
    "ai_allow": true,
    "has_canonical": false,
    "breaking": false,
    "webz_reporter": false,
    "external_links": [],
    "entities": {
        "persons": [],
        "locations": [
            {
                "name": "Ukrain",
                "sentiment": "none"
            }
        ],
        "organizations": []
    },
    "syndication": {
        "syndicated": false,
        "syndicate_id": null,
        "first_syndicated": false
    },
    "trust": {
        "categories": [],
        "bias": null,
        "source": {
            "type": null,
            "city": null,
            "state": null,
            "country": null,
            "domain_type": null,
            "agency": null,
            "organization_name": null
        }
    },
    "rating": null,
    "crawled": "2025-05-01T01:30:17.118+03:00",
    "updated": "2025-04-30T22:40:45.000+00:00"
}