{
    "thread": {
        "uuid": "34419ddc9eeceab7caaae0c37757eccb07fa3271",
        "url": "https://www.wtxl.com/thomasville/major-upgrades-planned-for-remington-avenue-to-enhance-safety-and-accessibility",
        "site_full": "www.wtxl.com",
        "site": "wtxl.com",
        "site_section": "https://news.google.com/search?q=to%20when%3A1h&hl=en-US&gl=US&ceid=US%3Aen",
        "site_categories": [
            "media"
        ],
        "section_title": "Google News - Search",
        "site_title": "WTXL ABC 27 | Tallahassee, Crawfordville, Valdosta News, Weather, Sports",
        "title": "Major upgrades planned for Remington Avenue to enhance safety and accessibility",
        "title_full": "Major upgrades planned for Remington Avenue to enhance safety and accessibility",
        "published": "2025-05-01T01:29:00.000+03:00",
        "replies_count": 0,
        "participants_count": 1,
        "site_type": "news",
        "country": "US",
        "main_image": "https://ewscripps.brightspotcdn.com/dims4/default/4047907/2147483647/strip/true/crop/1280x672+0+24/resize/1200x630!/quality/90/?url=https%3A%2F%2Fcf.cdn.uplynk.com%2Fause1%2Fslices%2F8e8%2Fa97ad276f83142cda1b35edbfd83fcc1%2F8e890f487d4a40bbb3779f71cccd4014%2Fposter_719fe68b2acc4040a385e5288b4b49da.jpg",
        "performance_score": 0,
        "domain_rank": 30048,
        "domain_rank_updated": "2025-04-22T00:00:00.000+03:00",
        "licensing_agency": [],
        "social": {
            "facebook": {
                "likes": 0,
                "comments": 0,
                "shares": 0
            },
            "vk": {
                "shares": 0
            }
        }
    },
    "uuid": "34419ddc9eeceab7caaae0c37757eccb07fa3271",
    "url": "https://www.wtxl.com/thomasville/major-upgrades-planned-for-remington-avenue-to-enhance-safety-and-accessibility",
    "ord_in_thread": 0,
    "author": "Layan Abu Tarboush",
    "published": "2025-05-01T01:29:00.000+03:00",
    "title": "Major upgrades planned for Remington Avenue to enhance safety and accessibility",
    "text": "- Construction begins May 19 and is expected to take about 300 days to complete.\n- Key features include a roundabout, a new traffic signal, and a raised median to reduce crashes.\n- Watch the video to see what other features will be added.\nBROADCAST TRANSCRIPT:\nYou've probably seen signs that look like this popping up all along Remington Avenue.\nwell, that's because construction is finally starting on a project the city first proposed years ago.\nI first told you about the plan back in November — now construction's starting, and I'm showing you what's changed and what neighbors can expect.\nThe city says the main goal here is to make Remington Avenue safer, especially by slowing drivers down and fixing the road's wear and tear.\n\"It's still moving forward. So the notice to proceed was signed, and construction is supposed to begin in the field in earnest on site on May 19th,\" said Harmon.\nMark Harmon, the city's Chief Building Official, tells me the planning started years ago, but the project ran into big delays when construction bids came in way over budget.\n\"The original conceived budget was around $8-9 million. We had budgeted up to about $13 million, and the project bids came back, the lowest bid came back at $22 million,\" said Harmon.\nBecause of that price jump, the city had to cut some things out, like landscaping and extra design features\n\"And so the original project grew in scope to include streetscape, trees, landscaping, sidewalks, pand edestrian access. Those are some of the elements we had to pare down. We still tried to include all of the refurbishing of the roadway, addressing utilities that needed to be resolved before the road gets replaced, so we don't come back and cut the road up, as well as controlling traffic,\" said Harmon.\nWhat's still the design? A roundabout at Kern, Remington, and Reed.\nA new traffic light at Covington.\nAnd a raised concrete divider near East Pinetree to stop people from making dangerous turns — a big concern after several crashes in that area.\n\"We have about 10,000 passes a day on that road, and most of those occur between the hours of 7 a.m. and 9 p.m. So it can be pretty intense at times,\" said Harmon.\nThis road gets a lot of traffic—it also runs past Thomasville High School and Remington Park, where kids and families often walk nearby.\n\"I believe it might be up to par, because you've got a lot of children out here that need a sidewalk, you know, walking around. I believe it might do good for the community,\" said Henderson.\nI met Nathan Henderson while he was working on landscaping nearby, he's often around Remington and says he sees people walking here all the time.\n\"Because if you get in a wreck and hurt somebody, you know, nobody would want to go through that, you know? Safety first,\" said Henderson.\nWhile neighbors are getting ready for construction to start on May 19th.\nThe city says they'll send out email alerts and post updates on their website to let people know about changes or road closures.\nWant to see more local news? Visit the WTXL ABC 27 Website.\nStay in touch with us anywhere, anytime.",
    "highlightText": "",
    "highlightTitle": "",
    "highlightThreadTitle": "",
    "language": "english",
    "sentiment": "positive",
    "categories": [
        "Environment",
        "Social Issue",
        "Politics"
    ],
    "topics": [
        "Social Issue->social condition",
        "Social Issue->public housing",
        "Social Issue->social services",
        "Politics->local government and authority",
        "Politics->safety of citizens",
        "Politics->local government policy"
    ],
    "ai_allow": true,
    "has_canonical": false,
    "breaking": true,
    "webz_reporter": false,
    "external_links": [],
    "entities": {
        "persons": [],
        "locations": [],
        "organizations": []
    },
    "syndication": {
        "syndicated": false,
        "syndicate_id": "34419ddc9eeceab7caaae0c37757eccb07fa3271",
        "first_syndicated": true
    },
    "trust": {
        "categories": [],
        "bias": "center",
        "source": {
            "type": null,
            "city": null,
            "state": null,
            "country": null,
            "domain_type": null,
            "agency": null,
            "organization_name": null
        }
    },
    "rating": null,
    "crawled": "2025-05-01T01:37:35.100+03:00",
    "updated": "2025-04-30T22:47:28.000+00:00"
}