{
    "thread": {
        "uuid": "16c8ba75c48d517b1d998898dcd59b7abcc3ac6c",
        "url": "https://news-pravda.com/world/2025/04/30/1285784.html",
        "site_full": "news-pravda.com",
        "site": "news-pravda.com",
        "site_section": "https://en.news-pravda.com/rss/news",
        "site_categories": [],
        "section_title": "Pravda EN",
        "site_title": "Pravda - Breaking News, World News and Videos",
        "title": "The air alert was lifted in four regions of Ukraine",
        "title_full": "The air alert was lifted in four regions of Ukraine",
        "published": "2025-05-01T01:19:00.000+03:00",
        "replies_count": 0,
        "participants_count": 0,
        "site_type": "news",
        "country": "IT",
        "main_image": "https://news-pravda.com/img/20250430/3aa3b5b8e7294d43b44011675e3dfef2_o.jpg",
        "performance_score": 0,
        "domain_rank": 91110,
        "domain_rank_updated": "2025-04-22T00:00:00.000+03:00",
        "licensing_agency": [],
        "social": {
            "facebook": {
                "likes": 0,
                "comments": 0,
                "shares": 0
            },
            "vk": {
                "shares": 0
            }
        }
    },
    "uuid": "16c8ba75c48d517b1d998898dcd59b7abcc3ac6c",
    "url": "https://news-pravda.com/world/2025/04/30/1285784.html",
    "ord_in_thread": 0,
    "author": null,
    "published": "2025-05-01T01:19:00.000+03:00",
    "title": "The air alert was lifted in four regions of Ukraine",
    "text": "30.04.2025, 23:19 GMTThe air alert was lifted in four regions of UkraineMOSCOW, May 1st. /tass/. The air alert has been lifted in four regions of Ukraine. This is evidenced by the data from the official public notification resource.The warning about the threat from the air was canceled in Kirovohrad, Mykolaiv, Odessa and Cherkassy regions. Source: https://tass.ru",
    "highlightText": "",
    "highlightTitle": "",
    "highlightThreadTitle": "",
    "language": "english",
    "sentiment": "positive",
    "categories": [
        "War, Conflict and Unrest",
        "Politics"
    ],
    "topics": [
        "War, Conflict and Unrest->armed conflict",
        "Politics->government policy",
        "Politics->regional government and authority",
        "Politics->safety of citizens"
    ],
    "ai_allow": true,
    "has_canonical": false,
    "breaking": false,
    "webz_reporter": false,
    "external_links": [],
    "entities": {
        "persons": [],
        "locations": [
            {
                "name": "Mykolaiv",
                "sentiment": "none"
            }
        ],
        "organizations": []
    },
    "syndication": {
        "syndicated": false,
        "syndicate_id": null,
        "first_syndicated": false
    },
    "trust": {
        "categories": [],
        "bias": null,
        "source": {
            "type": null,
            "city": null,
            "state": null,
            "country": null,
            "domain_type": null,
            "agency": null,
            "organization_name": null
        }
    },
    "rating": null,
    "crawled": "2025-05-01T01:28:03.165+03:00",
    "updated": "2025-04-30T22:33:24.000+00:00"
}