{
    "thread": {
        "uuid": "0a346d09495782f8e1e85dbcbd8000bb8c16ef2e",
        "url": "https://local.newsbreak.com/kare-11-524527/3986658206571-officials-break-ground-at-rice-creek-commons-in-arden-hills",
        "site_full": "local.newsbreak.com",
        "site": "newsbreak.com",
        "site_section": "https://local.newsbreak.com/kare-11-524527",
        "site_categories": [],
        "section_title": "KARE 11&#x27;s Home Page | NewsBreak",
        "site_title": "404 Not Found",
        "title": "Officials break ground at Rice Creek Commons in Arden Hills - NewsBreak",
        "title_full": "Officials break ground at Rice Creek Commons in Arden Hills - NewsBreak",
        "published": "2025-05-01T00:59:00.000+03:00",
        "replies_count": 0,
        "participants_count": 1,
        "site_type": "news",
        "country": "US",
        "main_image": "https://img.particlenews.com/img/id/4SukhV_10m2aQeC00",
        "performance_score": 0,
        "domain_rank": 3139,
        "domain_rank_updated": "2025-04-22T00:00:00.000+03:00",
        "licensing_agency": [],
        "social": {
            "facebook": {
                "likes": 0,
                "comments": 0,
                "shares": 0
            },
            "vk": {
                "shares": 0
            }
        }
    },
    "uuid": "0a346d09495782f8e1e85dbcbd8000bb8c16ef2e",
    "url": "https://local.newsbreak.com/kare-11-524527/3986658206571-officials-break-ground-at-rice-creek-commons-in-arden-hills",
    "ord_in_thread": 0,
    "author": "KARE 11",
    "published": "2025-05-01T00:59:00.000+03:00",
    "title": "Officials break ground at Rice Creek Commons in Arden Hills - NewsBreak",
    "text": "Arden Hills\nOfficials break ground at Rice Creek Commons in Arden Hills\n18 minutes ago\nARDEN HILLS, Minn. — Officials in Ramsey County broke ground on a massive development in Arden Hills Wednesday. Rice Creek Commons is on what used to be the Twin Cities Army Ammunition Plant, and will now be home to much more. \"Today's groundbreaking is the first of many to...",
    "highlightText": "",
    "highlightTitle": "",
    "highlightThreadTitle": "",
    "language": "english",
    "sentiment": "positive",
    "categories": [
        "Politics",
        "Economy, Business and Finance"
    ],
    "topics": [
        "Politics->local government and authority",
        "Politics->government policy",
        "Economy, Business and Finance->business strategy and marketing",
        "Economy, Business and Finance->construction and property",
        "Economy, Business and Finance->business and market analysis"
    ],
    "ai_allow": true,
    "has_canonical": false,
    "breaking": false,
    "webz_reporter": false,
    "external_links": [],
    "entities": {
        "persons": [],
        "locations": [
            {
                "name": "Hills",
                "sentiment": "none"
            },
            {
                "name": "County",
                "sentiment": "none"
            }
        ],
        "organizations": []
    },
    "syndication": {
        "syndicated": false,
        "syndicate_id": null,
        "first_syndicated": false
    },
    "trust": {
        "categories": [],
        "bias": "center",
        "source": {
            "type": null,
            "city": null,
            "state": null,
            "country": null,
            "domain_type": null,
            "agency": null,
            "organization_name": null
        }
    },
    "rating": null,
    "crawled": "2025-05-01T01:20:18.449+03:00",
    "updated": "2025-04-30T22:24:51.000+00:00"
}