{
    "thread": {
        "uuid": "5bc306a78573aead8c5d668b11ffb4d7619864d3",
        "url": "https://news-pravda.com/usa/2025/04/30/1285761.html",
        "site_full": "news-pravda.com",
        "site": "news-pravda.com",
        "site_section": "https://news-pravda.com/usa",
        "site_categories": [],
        "section_title": "USA - Pravda EN",
        "site_title": "Pravda - Breaking News, World News and Videos",
        "title": "POTUS: \"We cut your taxes from almost 40% down to 21% - Pravda EN",
        "title_full": "POTUS: \"We cut your taxes from almost 40% down to 21% - Pravda EN",
        "published": "2025-05-01T01:11:00.000+03:00",
        "replies_count": 0,
        "participants_count": 0,
        "site_type": "news",
        "country": "IT",
        "main_image": "https://news-pravda.com/img/20250430/8285aab8993d5e71cfec44e4b57f0c14_o.jpg",
        "performance_score": 0,
        "domain_rank": 91110,
        "domain_rank_updated": "2025-04-22T00:00:00.000+03:00",
        "licensing_agency": [],
        "social": {
            "facebook": {
                "likes": 0,
                "comments": 0,
                "shares": 0
            },
            "vk": {
                "shares": 0
            }
        }
    },
    "uuid": "5bc306a78573aead8c5d668b11ffb4d7619864d3",
    "url": "https://news-pravda.com/usa/2025/04/30/1285761.html",
    "ord_in_thread": 0,
    "author": null,
    "published": "2025-05-01T01:11:00.000+03:00",
    "title": "POTUS: \"We cut your taxes from almost 40% down to 21% - Pravda EN",
    "text": "POTUS: \"We cut your taxes from almost 40% down to 21%\nPOTUS: \"We cut your taxes from almost 40% down to 21%. Now, we're bringing your taxes down from 21% to 15% — IF you build your product, make your product in the USA. \"\nJoin@SGTnewsNetwork\nPOTUS: \"We cut your taxes from almost 40% down to 21%. Now, we're bringing your taxes down from 21% to 15% — IF you build your product, make your product in the USA. \"\nJoin@SGTnewsNetwork",
    "highlightText": "",
    "highlightTitle": "",
    "highlightThreadTitle": "",
    "language": "english",
    "sentiment": "positive",
    "categories": [
        "Economy, Business and Finance",
        "Politics"
    ],
    "topics": [
        "Economy, Business and Finance->macro economics",
        "Economy, Business and Finance->financial and economic news",
        "Economy, Business and Finance->business financing",
        "Politics->economic policy",
        "Politics->government policy",
        "Politics->taxation"
    ],
    "ai_allow": true,
    "has_canonical": false,
    "breaking": false,
    "webz_reporter": false,
    "external_links": [
        "https://t.me/SGTnewsNetwork",
        "https://www.t.me/SGTnewsNetwork"
    ],
    "entities": {
        "persons": [],
        "locations": [],
        "organizations": []
    },
    "syndication": {
        "syndicated": false,
        "syndicate_id": null,
        "first_syndicated": false
    },
    "trust": {
        "categories": [],
        "bias": null,
        "source": {
            "type": null,
            "city": null,
            "state": null,
            "country": null,
            "domain_type": null,
            "agency": null,
            "organization_name": null
        }
    },
    "rating": null,
    "crawled": "2025-05-01T01:22:18.606+03:00",
    "updated": "2025-04-30T23:18:15.000+00:00"
}