{
    "thread": {
        "uuid": "6313a7eb4edd3b0b7b8d137a971cffc021ee9242",
        "url": "https://www.wmbfnews.com/video/2025/05/01/you-have-protect-your-citizens-lake-city-mayor-urges-teens-respect-community",
        "site_full": "www.wmbfnews.com",
        "site": "wmbfnews.com",
        "site_section": "https://news.google.com/search?q=your%20when%3A1h&hl=en-US&gl=US&ceid=US%3Aen",
        "site_categories": [
            "media"
        ],
        "section_title": "Google News - Search",
        "site_title": "WMBF | Myrtle Beach, Florence",
        "title": "'You have to protect your citizens': Lake City mayor urges teens to respect the community",
        "title_full": "'You have to protect your citizens': Lake City mayor urges teens to respect the community",
        "published": "2025-05-01T01:43:00.000+03:00",
        "replies_count": 0,
        "participants_count": 1,
        "site_type": "news",
        "country": "US",
        "main_image": "https://gray-wmbf-prod.gtv-cdn.com/resizer/v2/https%3A%2F%2Fdo0bihdskp9dy.cloudfront.net%2F04-30-2025%2Ft_0732fe8aac234348887e4d68bcae43d9_name_Screenshot_2025_04_30_182224.png?auth=e48f34f6a08954913d287cb550812502fe438e8a8d7a12e3b4364cd0eef1f9a6&amp;width=1200&amp;height=600&amp;smart=true",
        "performance_score": 0,
        "domain_rank": 20712,
        "domain_rank_updated": "2025-04-22T00:00:00.000+03:00",
        "licensing_agency": [],
        "social": {
            "facebook": {
                "likes": 0,
                "comments": 0,
                "shares": 0
            },
            "vk": {
                "shares": 0
            }
        }
    },
    "uuid": "6313a7eb4edd3b0b7b8d137a971cffc021ee9242",
    "url": "https://www.wmbfnews.com/video/2025/05/01/you-have-protect-your-citizens-lake-city-mayor-urges-teens-respect-community",
    "ord_in_thread": 0,
    "author": "@wmbfnews",
    "published": "2025-05-01T01:43:00.000+03:00",
    "title": "'You have to protect your citizens': Lake City mayor urges teens to respect the community",
    "text": "Updated: 4 hours ago\nAs the summer begins, tourism season is in full swing, bringing in tourists and J-1 students.\nUpdated: 4 hours ago\nCoker University is offering support to students affected by recent university closure announcements in the Carolinas.\nUpdated: 4 hours ago\nThe Loris High School community is mourning the loss of one of its own after a deadly shooting.\nUpdated: 4 hours ago\nArtFields is in full swing, and the town of Lake City is the canvas for the art that celebrates the South.\nMBPD chief on officer-involved shooting: ‘This random act of violence brought tragedy to our community’\nUpdated: 4 hours ago\nThe Myrtle Beach police chief and mayor came together on Wednesday to provide information on a deadly officer-involved shooting over the weekend, where they ensured that safety is a top priority.\nUpdated: 4 hours ago\nThe Darlington County Sheriff’s Office is investigating an armed robbery in the Hartsville area.",
    "highlightText": "",
    "highlightTitle": "",
    "highlightThreadTitle": "",
    "language": "english",
    "sentiment": "positive",
    "categories": [
        "Social Issue",
        "Politics"
    ],
    "topics": [
        "Social Issue->teenagers",
        "Social Issue->social condition",
        "Social Issue->communities",
        "Politics->safety of citizens",
        "Politics->local government policy",
        "Politics->local government and authority"
    ],
    "ai_allow": true,
    "has_canonical": false,
    "breaking": true,
    "webz_reporter": false,
    "external_links": [],
    "entities": {
        "persons": [],
        "locations": [],
        "organizations": []
    },
    "syndication": {
        "syndicated": false,
        "syndicate_id": null,
        "first_syndicated": false
    },
    "trust": {
        "categories": [],
        "bias": null,
        "source": {
            "type": null,
            "city": null,
            "state": null,
            "country": null,
            "domain_type": null,
            "agency": null,
            "organization_name": null
        }
    },
    "rating": null,
    "crawled": "2025-05-01T01:59:51.320+03:00",
    "updated": "2025-04-30T23:06:07.000+00:00"
}