{
    "thread": {
        "uuid": "d04a339651dd538f4b4ae4035d29b3112f63125e",
        "url": "https://www.jamaicaobserver.com/2025/04/30/house-approves-bills-increase-penalties-murder",
        "site_full": "www.jamaicaobserver.com",
        "site": "jamaicaobserver.com",
        "site_section": "http://caribbeanbusinessreport.com/allwoman",
        "site_categories": [
            "media"
        ],
        "section_title": "Business - Jamaica Observer",
        "site_title": "Home - Jamaica Observer",
        "title": "House approves bills to increase penalties for murder",
        "title_full": "House approves bills to increase penalties for murder",
        "published": "2025-05-01T01:06:00.000+03:00",
        "replies_count": 0,
        "participants_count": 1,
        "site_type": "news",
        "country": "US",
        "main_image": "https://www.jamaicaobserver.com/jamaicaobserver/news/wp-content/uploads/sites/4/2025/04/DSC_2248-1024x683.jpg",
        "performance_score": 0,
        "domain_rank": 8607,
        "domain_rank_updated": "2025-04-22T00:00:00.000+03:00",
        "licensing_agency": [],
        "social": {
            "facebook": {
                "likes": 0,
                "comments": 0,
                "shares": 0
            },
            "vk": {
                "shares": 0
            }
        }
    },
    "uuid": "d04a339651dd538f4b4ae4035d29b3112f63125e",
    "url": "https://www.jamaicaobserver.com/2025/04/30/house-approves-bills-increase-penalties-murder",
    "ord_in_thread": 0,
    "author": "SHEREITA GRIZZLE Staff reporter grizzles com",
    "published": "2025-05-01T01:06:00.000+03:00",
    "title": "House approves bills to increase penalties for murder",
    "text": "House approves bills to increase penalties for murder\nKINGSTON, Jamaica – The House of Representatives on Tuesday (April 29) passed three bills that seek to appropriately treat with and increase the penalties for the offence of murder under Jamaican law.\nThe bills are the Offences Against the Person (Amendment) Bill, the Criminal Justice (Administration) (Amendment) Bill and the Child Care Protection (Amendment) Bill.\nClosing the debate on the bills, Minister of Justice, Delroy Chuck, said the bills represent a necessary and deliberate response to the levels of violent crime in the society, particularly those involving the most heinous offence, murder.\n“Jamaica continues to grapple with unacceptably high levels of homicide. These are not just statistics. They represent real lives lost – sons, daughters, mothers, fathers –taken in acts of cold violence that tear families and communities apart,” Chuck said.\n“While this Government continues to invest in crime prevention, intelligence-driven policing, and social intervention programmes, it is also imperative that the justice system reflects the seriousness of the crimes that continue to undermine public order and confidence in the rule of law,” he added.\nThe bills are the result of extensive consultation through the Joint Select Committee process convened from as far back as 2023.\nThe committee received oral and written feedback from the United Nations Children’s Fund (UNICEF), the Jamaican Bar Association, the Office of the Children’s Advocate, the Office of the Public Defender, Jamaican Psychological Society, the Office of the Director of Public Prosecutions, Faculty of Law UWI, Mona, civil society stakeholders, and members of the public.\nRegarding the Offences Against the Person (Amendment) Bill, Chuck said the Joint Select Committee lowered the penalties related to non-capital murder. The mandatory minimum penalty proposed now is 30 years, instead of 45.\n“Where a term of years has been imposed, the period that must be served before becoming eligible for parole is proposed to be 20 years, instead of 35 years,” he added.\nAs it pertains to the Criminal Justice (Administration) (Amendment) Bill, it seeks to amend section 42 (F) of the Criminal Justice (Administration) Act by increasing the term of years to be deemed as “life imprisonment” from 30 years to 50 years, where the offence committed is murder.\n“The starting point for calculating the reduction in the sentence is usually life imprisonment, and the aim of this proposed amendment is to maintain an incentive scheme for defendants to plead guilty, while ensuring that the reduced sentence is not inordinately low, having regard to the serious nature of the offence,” Chuck informed.\nFor the Child Care and Protection (Amendment) Bill, the proposal is that if the child is convicted of capital murder, he/she shall be sentenced to a term of imprisonment for life or to a term not less than 30 years; however, the child will be eligible for parole after serving 15 years.\nIf the child is convicted of non-capital murder, he/she shall be sentenced to a term of imprisonment for life or for such other term as the court considers appropriate. The court will also have the latitude to determine the years that must be served before the child becomes eligible for parole.\n“The provisions of the bill are carefully designed to be proportionate, constitutional, and respectful of the rights of all persons, including the right to due process and the possibility of rehabilitation in cases where it is genuinely warranted,” Chuck said.\nMeanwhile, the minister said every Jamaican has the right to feel safe in their home, in their community, and in their country.\n“If we are to uphold that right, we must ensure that our laws are firm, fair and responsive to the challenges we face. These Bills are not the sole answer to the crime problem, but they are a necessary part of the solution, a signal that the State takes seriously its duty to protect life and uphold justice,” Chuck emphasised.\n– JIS",
    "highlightText": "",
    "highlightTitle": "",
    "highlightThreadTitle": "",
    "language": "english",
    "sentiment": "positive",
    "categories": [
        "Crime, Law and Justice",
        "Politics"
    ],
    "topics": [
        "Crime, Law and Justice->criminal law",
        "Crime, Law and Justice->prosecution and prosecutors",
        "Crime, Law and Justice->law enforcement",
        "Politics->legislative body",
        "Politics->government policy",
        "Politics->safety of citizens"
    ],
    "ai_allow": true,
    "has_canonical": false,
    "breaking": false,
    "webz_reporter": false,
    "external_links": [],
    "entities": {
        "persons": [],
        "locations": [],
        "organizations": []
    },
    "syndication": {
        "syndicated": false,
        "syndicate_id": null,
        "first_syndicated": false
    },
    "trust": {
        "categories": [],
        "bias": null,
        "source": {
            "type": null,
            "city": null,
            "state": null,
            "country": null,
            "domain_type": null,
            "agency": null,
            "organization_name": null
        }
    },
    "rating": null,
    "crawled": "2025-05-01T01:44:06.621+03:00",
    "updated": "2025-04-30T22:48:10.000+00:00"
}