{
    "thread": {
        "uuid": "51f21b4390b87fa18ef3b0a5bc3513ae88a01c72",
        "url": "https://www.kten.com/news/ukraine-us-say-minerals-deal-ready-as-kyiv-hails-sharing/article_40deb704-8c21-50e0-a907-8232287d342c.html",
        "site_full": "www.kten.com",
        "site": "kten.com",
        "site_section": "http://www.kten.com/search/?f=rss&t=article&c=news&l=50&s=start_time&sd=desc",
        "site_categories": [
            "media",
            "education",
            "business"
        ],
        "section_title": "www.kten.com - RSS Results in news of type article",
        "site_title": "kten.com | KTEN - Your source for Texoma news, sports and weather",
        "title": "Ukraine, US say minerals deal ready as Kyiv hails sharing",
        "title_full": "Ukraine, US say minerals deal ready as Kyiv hails sharing",
        "published": "2025-05-01T00:31:00.000+03:00",
        "replies_count": 0,
        "participants_count": 1,
        "site_type": "news",
        "country": "US",
        "main_image": "https://bloximages.chicago2.vip.townnews.com/kten.com/content/tncms/assets/v3/editorial/9/39/939332d4-9d0c-576d-b565-01948b3dd277/68128541136fe.image.jpg?crop=341%2C341%2C85%2C0&amp;resize=200%2C200&amp;order=crop%2Cresize",
        "performance_score": 0,
        "domain_rank": 44952,
        "domain_rank_updated": "2025-04-22T00:00:00.000+03:00",
        "licensing_agency": [],
        "social": {
            "facebook": {
                "likes": 0,
                "comments": 0,
                "shares": 0
            },
            "vk": {
                "shares": 0
            }
        }
    },
    "uuid": "51f21b4390b87fa18ef3b0a5bc3513ae88a01c72",
    "url": "https://www.kten.com/news/ukraine-us-say-minerals-deal-ready-as-kyiv-hails-sharing/article_40deb704-8c21-50e0-a907-8232287d342c.html",
    "ord_in_thread": 0,
    "author": "Shaun TANDON with Ania TSOUKANOVA in Kyiv AFP",
    "published": "2025-05-01T00:31:00.000+03:00",
    "title": "Ukraine, US say minerals deal ready as Kyiv hails sharing",
    "text": "The United States and Ukraine said Wednesday they could sign a long-anticipated minerals deal within the day, with Kyiv saying it secured promises of control over its resources.\nPresident Donald Trump has demanded rights to Ukraine's mineral wealth, vital to new technologies, after demanding compensation for the billions of dollars in US weapons sent since Russia invaded just over three years ago.",
    "highlightText": "",
    "highlightTitle": "",
    "highlightThreadTitle": "",
    "language": "english",
    "sentiment": "positive",
    "categories": [
        "Politics",
        "Economy, Business and Finance"
    ],
    "topics": [
        "Politics->international relations",
        "Politics->economic policy",
        "Economy, Business and Finance->business and market analysis",
        "Economy, Business and Finance->investment and opinion pieces",
        "Economy, Business and Finance->financial and economic news"
    ],
    "ai_allow": false,
    "has_canonical": true,
    "breaking": false,
    "webz_reporter": false,
    "external_links": [],
    "entities": {
        "persons": [
            {
                "name": "Donald Trump",
                "sentiment": "none"
            }
        ],
        "locations": [],
        "organizations": []
    },
    "syndication": {
        "syndicated": false,
        "syndicate_id": "51f21b4390b87fa18ef3b0a5bc3513ae88a01c72",
        "first_syndicated": true
    },
    "trust": {
        "categories": [],
        "bias": null,
        "source": {
            "type": null,
            "city": null,
            "state": null,
            "country": null,
            "domain_type": null,
            "agency": null,
            "organization_name": null
        }
    },
    "rating": null,
    "crawled": "2025-05-01T01:25:23.084+03:00",
    "updated": "2025-04-30T22:32:07.000+00:00"
}