{
    "thread": {
        "uuid": "84e95b9b7c58282598caaac0a91d7781aa273bf2",
        "url": "https://flipboard.com/topic/philadelphiathingstodo/prince-edward-dedicates-bicentennial-bell-during-philadelphia-visit/f-bd3f703b63%2Fwhyy.org",
        "site_full": "flipboard.com",
        "site": "flipboard.com",
        "site_section": "https://flipboard.com/topic/philadelphiathingstodo",
        "site_categories": [
            "family_and_parenting",
            "eldercare"
        ],
        "section_title": "Discover More in Philadelphia Things to Do on Flipboard",
        "site_title": "Flipboard: Your Social Magazine",
        "title": "Prince Edward dedicates Bicentennial Bell during Philadelphia visit | Flipboard",
        "title_full": "Prince Edward dedicates Bicentennial Bell during Philadelphia visit | Flipboard",
        "published": "2025-05-01T00:50:58.654+03:00",
        "replies_count": 0,
        "participants_count": 1,
        "site_type": "news",
        "country": "US",
        "main_image": "https://ic-cdn.flipboard.com/whyy.org/70a48e3f7889876d293760b21b446b35c3473158/_medium.jpeg",
        "performance_score": 0,
        "domain_rank": 1240,
        "domain_rank_updated": "2025-04-22T00:00:00.000+03:00",
        "licensing_agency": [],
        "social": {
            "facebook": {
                "likes": 0,
                "comments": 0,
                "shares": 0
            },
            "vk": {
                "shares": 0
            }
        }
    },
    "uuid": "84e95b9b7c58282598caaac0a91d7781aa273bf2",
    "url": "https://flipboard.com/topic/philadelphiathingstodo/prince-edward-dedicates-bicentennial-bell-during-philadelphia-visit/f-bd3f703b63%2Fwhyy.org",
    "ord_in_thread": 0,
    "author": "whyy.org - Zoë Read",
    "published": "2025-05-01T00:50:58.654+03:00",
    "title": "Prince Edward dedicates Bicentennial Bell during Philadelphia visit | Flipboard",
    "text": "Prince Edward dedicates Bicentennial Bell during Philadelphia visit Queen Elizabeth II gifted the bell to the United States from Great Britain during her July 1976 visit. From Philly and the Pa. suburbs to South Jersey …\nwhyy.org - Zoë Read • Now",
    "highlightText": "",
    "highlightTitle": "",
    "highlightThreadTitle": "",
    "language": "english",
    "sentiment": "positive",
    "categories": [
        "Arts, Culture and Entertainment",
        "Politics"
    ],
    "topics": [
        "Arts, Culture and Entertainment->cultural development",
        "Arts, Culture and Entertainment->monument and heritage site",
        "Politics->government",
        "Politics->international relations",
        "Politics->diplomacy"
    ],
    "ai_allow": true,
    "has_canonical": false,
    "breaking": false,
    "webz_reporter": false,
    "external_links": [],
    "entities": {
        "persons": [
            {
                "name": "Edward",
                "sentiment": "neutral"
            }
        ],
        "locations": [
            {
                "name": "South Jersey",
                "sentiment": "none"
            },
            {
                "name": "Philly",
                "sentiment": "none"
            }
        ],
        "organizations": []
    },
    "syndication": {
        "syndicated": false,
        "syndicate_id": null,
        "first_syndicated": false
    },
    "trust": {
        "categories": [],
        "bias": null,
        "source": {
            "type": null,
            "city": null,
            "state": null,
            "country": null,
            "domain_type": null,
            "agency": null,
            "organization_name": null
        }
    },
    "rating": null,
    "crawled": "2025-05-01T00:50:58.654+03:00",
    "updated": "2025-04-30T21:57:02.000+00:00"
}