{
    "thread": {
        "uuid": "c2aafe48ef86cd6c7401288b946733142da38b59",
        "url": "https://www.knkx.org/tacoma/2024-11-27/firefighters-voice-frustrations-over-struggling-tacoma-city-budget",
        "site_full": "www.knkx.org",
        "site": "knkx.org",
        "site_section": "https://www.knkx.org/going-deep",
        "site_categories": [
            "music",
            "entertainment"
        ],
        "section_title": "Going Deep | KNKX Public Radio",
        "title": "Firefighters voice frustrations over struggling Tacoma city budget",
        "title_full": "Firefighters voice frustrations over struggling Tacoma city budget",
        "published": "2024-11-27T23:07:00.000+02:00",
        "replies_count": 0,
        "participants_count": 1,
        "site_type": "news",
        "country": "US",
        "main_image": "https://npr.brightspotcdn.com/dims4/default/d8f39bc/2147483647/strip/true/crop/2048x1075+0+213/resize/1200x630!/quality/90/?url=http%3A%2F%2Fnpr-brightspot.s3.amazonaws.com%2F76%2F79%2Fa9b42f24432f861d3de35e3fcb29%2F464108366-1239478864198794-6186681729214825352-n.jpg",
        "performance_score": 0,
        "domain_rank": 43397,
        "domain_rank_updated": "2024-11-25T23:00:00.000+02:00",
        "social": {
            "facebook": {
                "likes": 0,
                "comments": 0,
                "shares": 0
            },
            "vk": {
                "shares": 0
            }
        }
    },
    "uuid": "c2aafe48ef86cd6c7401288b946733142da38b59",
    "url": "https://www.knkx.org/tacoma/2024-11-27/firefighters-voice-frustrations-over-struggling-tacoma-city-budget",
    "ord_in_thread": 0,
    "parent_url": null,
    "author": "Lauren Gallup",
    "published": "2024-11-27T23:07:00.000+02:00",
    "title": "Firefighters voice frustrations over struggling Tacoma city budget",
    "text": "Firefighters voice frustrations over struggling Tacoma city budget\nThe City of Tacoma has a budget problem; its expenses are higher than its revenue. That means the city has a projected structural deficit of $24 million for the 2025-26 biennial budget.\nStaff and city council members have been working to balance that, and one thing they’re proposing cutting has a lot of community members upset.\nOne idea to lessen that deficit is to cut 16 rover positions that the Tacoma Fire Department implemented last year to respond to more employee leave.\nRover firefighters are not assigned to a particular shift but instead, float to different stations where there is a need. Like substitute teachers, these first responders fill in when a colleague can’t work.\nGetting rid of these positions would put $4.2 million back into the general fund.\n“That’s 4.2 million that they’re trying to take away from a budget that we don’t have. We need every dollar that we can get for fire,” said Allyson Hinzman, who is president of the International Association of Firefighters Local 31, which represents Tacoma firefighters.\nThe staffing method has helped lessen overtime. Fire Chief Sionna Stallings-Ala’ilima said there would be months when over 50 employees were being given mandatory overtime in 2023; this year it’s been around 10 a month.\nIf the city moves forward with this proposal, no firefighters would lose their jobs; the 16 rovers would be reassigned to specific shifts. But just like if there were no substitute teachers, that could mean fewer options when a firefighter is on leave. If there weren’t enough staff to fill shifts, the department would have to choose whether to implement mandatory overtime or “brownout” a station. That means taking it out of service for stretches of time to flex staffing.\nThe fire department has been underfunded in Tacoma for years, Hinzman said.\n“What we need is steady funding to help with the fleet replacement program, to help get the number of personnel that we need to do the job and provide adequate level service, and then also to upgrade our facilities on top of that,” Hinzman said.\nA levy presented to Tacoma voters this fall would have brought in an estimated $30 million a year to help fund the department. $10 million of that would have gone toward existing expenses and $20 million to new expenditures. The levy failed.\nMany Tacoma firefighters attended a public hearing on the budget on Nov. 19. Many voiced their frustrations with how they feel the city has not met department needs for years.\n“Study after study throughout the decades have shown that we need more rigs, more stations and more people on the ground,” shared firefighter Kris Hampton. “Yet here we are looking at a cut, which is absolutely going to lead to scary, dangerous times to our citizens.”\nThe Tacoma Fire Department is short on personnel, with older stations and older apparatus. It doesn’t have a program for fleet replacement of fire apparatus. During the public hearing, firefighters shared how this can impact their ability to respond.\n“Last Sunday, I was driving an ambulance with a patient in the back, and our transmission slipped several times. I didn’t know if we were going to make it to the emergency room,” said Kate van den Brant, who has been with the department since 2008.\nWhile the\n[proposed budget for the department](https://city-tacoma-wa-budget-book.cleargov.com/15974/city-departments/fire) has actually gone up from the last budget, Hinzman and others take issue with how dollars are being allocated.\nAbout $3 million is allocated for the department’s Holistic Outreach Promoting Engagement (HOPE) program, which Hinzman and others say doesn’t have enough support at this time to be functional and help firefighters. The team was established in 2023 to respond to behavioral health crises.\nAccording to Hinzman, HOPE responds to less than one call a day and because of a lack of programs in the county. Often firefighters are dispatched to these calls as well, to take community members experiencing behavioral health crises into the emergency room.\n“It’s just been very frustrating to see millions be put into this program when they’re not set up for success and we have critical core services that are underfunded in the city,” Hinzman said.\nThat program is funded by the\n[Mental Health and Substance Use Disorder Sales Tax](https://www.cityoftacoma.org/government/city_departments/neighborhood_and_community_services/mental_health_and_substance_use_disorders).\nCity council members debated funding allocation in a study session the day after the city council meeting.\nMayor Victoria Woodards shared her commitment to the fire department during the meeting, as well as her thought process behind the decision making.\n“We have to look at the entire system,” Woodards said. “I understand the frustration that the HOPE team isn’t working the way we wanted it to and it isn’t supporting fire, but it is supporting our community and we have to give it a chance to work.”\nOne future option for the department could be leaving the city.\n“We understand that right now with how we do business, we’re not providing an adequate level of service to the citizens of Tacoma, so let’s look at some other alternatives,” Hinzman said.\nThe position of the union is that the department should seriously consider leaving the city’s jurisdiction and becoming a fire district, according to Hinzman.\n“We’re at that breaking point, and the amount of money it’s going to make fire whole is truly something that’s going to be very difficult for the city to overcome,” Hinzman said.\nOne firefighter, Jon Quon, summed up the frustration of many of his colleagues:\n“We, the willing, led by the unqualified, have done so much with so little for so long that we now attempt the impossible with nothing at all,” Quon said",
    "highlightText": "",
    "highlightTitle": "",
    "highlightThreadTitle": "",
    "language": "english",
    "sentiment": "negative",
    "categories": [
        "Politics"
    ],
    "ai_allow": true,
    "canonical": false,
    "webz_reporter": false,
    "external_links": [
        "https://www.cityoftacoma.org/government/city_departments/neighborhood_and_community_services/mental_health_and_substance_use_disorders",
        "https://city-tacoma-wa-budget-book.cleargov.com/15974/city-departments/fire",
        "https://cityoftacoma.org/government/city_departments/neighborhood_and_community_services/mental_health_and_substance_use_disorders",
        "https://www.city-tacoma-wa-budget-book.cleargov.com/15974/city-departments/fire"
    ],
    "external_images": [],
    "entities": {
        "persons": [
            {
                "name": "Allyson Hinzman",
                "sentiment": "none"
            }
        ],
        "organizations": [
            {
                "name": "Tacoma Fire Department",
                "sentiment": "none"
            }
        ],
        "locations": []
    },
    "syndication": {
        "syndicated": false,
        "syndicate_id": "c2aafe48ef86cd6c7401288b946733142da38b59",
        "first_syndicated": true
    },
    "rating": null,
    "crawled": "2024-11-28T00:46:46.977+02:00",
    "updated": "2024-11-28T00:46:46.977+02:00"
}