{
    "thread": {
        "uuid": "844e0093f9f6d83a1af5bacf0e82738c359d0b5c",
        "url": "https://newsnownigeria.ng/would-russia-attack-spain-in-the-event-of-world-war-iii-this-is-what-russian-television-says",
        "site_full": "newsnownigeria.ng",
        "site": "newsnownigeria.ng",
        "site_section": "https://www.newsnownigeria.ng",
        "site_categories": [],
        "section_title": "Home - News Now Nigeria",
        "title": "Would Russia attack Spain in the event of World War III? This is what Russian television says",
        "title_full": "Would Russia attack Spain in the event of World War III? This is what Russian television says",
        "published": "2024-11-27T21:40:00.000+02:00",
        "replies_count": 0,
        "participants_count": 1,
        "site_type": "news",
        "country": "US",
        "main_image": "",
        "performance_score": 0,
        "domain_rank": 110373,
        "domain_rank_updated": "2024-11-25T23:00:00.000+02:00",
        "social": {
            "facebook": {
                "likes": 0,
                "comments": 0,
                "shares": 0
            },
            "vk": {
                "shares": 0
            }
        }
    },
    "uuid": "844e0093f9f6d83a1af5bacf0e82738c359d0b5c",
    "url": "https://newsnownigeria.ng/would-russia-attack-spain-in-the-event-of-world-war-iii-this-is-what-russian-television-says",
    "ord_in_thread": 0,
    "parent_url": null,
    "author": "Chijioke Obinna",
    "published": "2024-11-27T21:40:00.000+02:00",
    "title": "Would Russia attack Spain in the event of World War III? This is what Russian television says",
    "text": "The Russian president, Vladimir Putin, has approved a doctrine for allow responses with nuclear weapons against attacks that threaten the sovereignty of Russia and Belarus. In this context, tension in the war between Russia and Ukraine has increased in recent days after Joe Bien authorized kyiv to launch long-range ATACMS missiles (owned by the US) at the Kremlin. Attack, by the way, that Zelensky’s army carried out just 48 hours after Biden’s green light.\nIn this context, and with more and more voices warning of a third world war, the russian television has issued images showing that countries in Europe would be attacked by Russia in a hypothetical response from the Kremlin against NATO.\nAlmost the entire European territory appears threatened. This is how the presenter explains it: “All European capitals are threatened if our Kaliningrad missiles They attack Berlin, Warsaw, all the Baltic countries, Prague, Bucharest and Paris.” To tell the truth, The video is about a television piece that from Russia It was issued last July, but has been put back on the table, after Putin’s threat to use nuclear weapons.\nSpecial attention to Great Britain While Spain is not marked in red on the map, the presenter does highlight that Russia will pay “special attention to Great Britain”, since it is its “traditional enemy”. In the video, the presenter even goes so far as to say that: “ “all it takes is three missiles and civilization would collapse.”\nXavier Colás, collaborator of Onda Cero, has explained in Al Rojo Vivo in statements collected by La Sexta that this information is what is called Putin’s “madhouse Z”: “The Kremlin’s propaganda apparatus creates several rooms for each Russian to get into. “Whatever you want. Anyone who wants to radicalize can go to those gatherings.”",
    "highlightText": "",
    "highlightTitle": "",
    "highlightThreadTitle": "",
    "language": "english",
    "sentiment": "negative",
    "categories": [
        "War, Conflict and Unrest",
        "Politics",
        "Social Issue"
    ],
    "ai_allow": true,
    "canonical": false,
    "webz_reporter": false,
    "external_links": [],
    "external_images": [],
    "entities": {
        "persons": [
            {
                "name": "Vladimir Putin",
                "sentiment": "none"
            },
            {
                "name": "Joe Bien",
                "sentiment": "none"
            },
            {
                "name": "Zelensky",
                "sentiment": "none"
            },
            {
                "name": "Biden",
                "sentiment": "none"
            }
        ],
        "organizations": [
            {
                "name": "NATO",
                "sentiment": "none"
            }
        ],
        "locations": [
            {
                "name": "Kremlin",
                "sentiment": "none"
            },
            {
                "name": "Europe",
                "sentiment": "none"
            }
        ]
    },
    "syndication": {
        "syndicated": false,
        "syndicate_id": null,
        "first_syndicated": false
    },
    "rating": null,
    "crawled": "2024-11-28T00:23:22.623+02:00",
    "updated": "2024-11-28T00:23:22.623+02:00"
}