{
    "thread": {
        "uuid": "134fb596141c0a00fea9d5ccdde3a8b4b0ad9f4b",
        "url": "https://www.thetrumpet.com/30511-germany-charges-four-suspected-hamas-members",
        "site_full": "www.thetrumpet.com",
        "site": "thetrumpet.com",
        "site_section": "https://thetrumpet.com",
        "site_categories": [
            "media"
        ],
        "section_title": "theTrumpet.com | World News, Economics and Analysis Based on Bible Prophecy",
        "title": "Germany Charges Four Suspected Hamas Members | theTrumpet.com",
        "title_full": "Germany Charges Four Suspected Hamas Members | theTrumpet.com",
        "published": "2024-11-27T02:00:00.000+02:00",
        "replies_count": 0,
        "participants_count": 0,
        "site_type": "news",
        "country": "US",
        "main_image": "",
        "performance_score": 0,
        "domain_rank": 40695,
        "domain_rank_updated": "2024-11-25T23:00:00.000+02:00",
        "social": {
            "facebook": {
                "likes": 0,
                "comments": 0,
                "shares": 0
            },
            "vk": {
                "shares": 0
            }
        }
    },
    "uuid": "134fb596141c0a00fea9d5ccdde3a8b4b0ad9f4b",
    "url": "https://www.thetrumpet.com/30511-germany-charges-four-suspected-hamas-members",
    "ord_in_thread": 0,
    "parent_url": null,
    "author": null,
    "published": "2024-11-27T02:00:00.000+02:00",
    "title": "Germany Charges Four Suspected Hamas Members | theTrumpet.com",
    "text": "Germany Charges Four Suspected Hamas Members\nGerman prosecutors on Monday charged four suspected Hamas members who were setting up weapons storage sites in Europe.\n- Two men born in Lebanon, an Egyptian citizen and a Dutch man were suspected of holding high positions within Hamas and having direct ties to senior officials in the organization’s military wing.\n- One of the Lebanese men set up a weapons storage facility for Hamas in Bulgaria in 2019, with contents that included ammunition and a Kalashnikov assault rifle.\n- That year, the same man also cleared out a weapons depot in Denmark and brought at least one pistol from there to Germany.\n- All four men left Germany between June and December 2023 to search for another Hamas weapons depot in Poland.\nTargeting Jews: The prosecutors said Hamas has set up underground weapons depots in countries across Europe to prepare for potential attacks against Jews or Jewish institutions. The storage sites are maintained by foreign agents with European residency, who can be mobilized at short notice.\nProsecutors said possible targets in Germany were the Israeli embassy in Berlin, the U.S. airbase in Ramstein and the Tempelhof Airport.\nClashing civilizations: Since the October 7 Hamas attacks on Israel, Europe’s fear of Islamic terrorist groups has intensified, prompting it to take more decisive action. Your Bible prophesies tensions between Europe and Iran-backed radical Islam will escalate into a clash that starts the next global war.\nTo learn about this prophecy in detail, read our Trends article “[Why the Trumpet Watches Iran and Europe Heading for a Clash of Civilizations](https://www.thetrumpet.com/15726-iran-and-europe-heading-for-a-clash-of-civilizations).”",
    "highlightText": "",
    "highlightTitle": "",
    "highlightThreadTitle": "",
    "language": "english",
    "sentiment": "negative",
    "categories": [
        "Crime, Law and Justice",
        "Politics"
    ],
    "ai_allow": true,
    "canonical": false,
    "webz_reporter": false,
    "external_links": [],
    "external_images": [],
    "entities": {
        "persons": [],
        "organizations": [
            {
                "name": "Hamas",
                "sentiment": "negative"
            }
        ],
        "locations": [
            {
                "name": "Europe",
                "sentiment": "none"
            }
        ]
    },
    "syndication": {
        "syndicated": false,
        "syndicate_id": null,
        "first_syndicated": false
    },
    "rating": null,
    "crawled": "2024-11-28T00:22:59.250+02:00",
    "updated": "2024-11-28T00:22:59.250+02:00"
}