{
    "thread": {
        "uuid": "cf8179be4186ae147a37a882b6e397f0057f2c5d",
        "url": "https://in.marketscreener.com/quote/index/HONG-KONG-HANG-SENG-101835/news/Tech-stocks-drag-US-indexes-lower-as-tariff-talk-clouds-markets-48477997",
        "site_full": "in.marketscreener.com",
        "site": "marketscreener.com",
        "site_section": "https://in.marketscreener.com/quote/index/hong-kong-hang-seng-101835/news",
        "site_categories": [],
        "section_title": "HONG KONG HANG SENG Stock Market News (Hong Kong S.E.) - MarketScreener",
        "title": "Tech stocks drag US indexes lower as tariff talk clouds markets - MarketScreener",
        "title_full": "Tech stocks drag US indexes lower as tariff talk clouds markets - MarketScreener",
        "published": "2024-11-27T21:20:00.000+02:00",
        "replies_count": 0,
        "participants_count": 1,
        "site_type": "news",
        "country": "IN",
        "main_image": "https://in.marketscreener.com/images/reuters/2024-08/2024-08-29T185939Z_1_LYNXMPEK7S0RR_RTROPTP_3_DELL-TECH-SETTLEMENT-FEE.JPG",
        "performance_score": 0,
        "domain_rank": 3951,
        "domain_rank_updated": "2024-11-25T23:00:00.000+02:00",
        "social": {
            "facebook": {
                "likes": 0,
                "comments": 0,
                "shares": 0
            },
            "vk": {
                "shares": 0
            }
        }
    },
    "uuid": "cf8179be4186ae147a37a882b6e397f0057f2c5d",
    "url": "https://in.marketscreener.com/quote/index/HONG-KONG-HANG-SENG-101835/news/Tech-stocks-drag-US-indexes-lower-as-tariff-talk-clouds-markets-48477997",
    "ord_in_thread": 0,
    "parent_url": null,
    "author": "MarketScreener",
    "published": "2024-11-27T21:20:00.000+02:00",
    "title": "Tech stocks drag US indexes lower as tariff talk clouds markets - MarketScreener",
    "text": "(Reuters) - A look at the day ahead in Asian markets.\nInvestors were grappling with fresh U.S. inflation data and its implications for Federal Reserve policy along with continued fallout from Donald Trump's tariff pledges as trading in the U.S. was thinning out ahead of the Thanksgiving holiday.\nAsian markets were waking up to a tepid day for U.S. equities, with technology shares leading major indexes lower. Shares of Dell and HP sank after weak forecasts from the personal computer makers, weighing on the tech sector.\nData showed the personal consumption expenditures (PCE) price index -- an inflation gauge followed by the Fed -- rose 2.3% in the 12 months through October, a slight uptick from the prior month.\nTraders were still expecting another interest rate cut when the Fed meets in mid-December, with Fed futures showing that expectations of a 25 basis point reduction remained intact following the PCE data.\nInvestors were trying to sort through the potential fallout from Trump's pledge earlier this week of big tariffs on Canada, Mexico and China, which has rattled assets including currencies and auto shares.\nFor example, Goldman Sachs economists estimated the tariffs, if implemented, would increase U.S. core PCE inflation by 0.9%. Meanwhile, Mexico's president warned the country would retaliate if Trump followed through with his 25% across-the-board tariff, a move her government warned could kill 400,000 U.S. jobs.\nWith tariffs as a continued specter, major Asian indexes posted mixed sessions on Wednesday.\nJapan's Nikkei ended lower, with automakers leading the losses, amid concerns about the impact of Trump's tariff plans and a stronger yen.\nBut key China equity gauges gained more than 1%, as data showed a less sharp decline in the country's industrial profits and traders bet that Beijing will provide stimulus to counter risks from the U.S. tariffs.\nIn India, a Reuters poll of equity analysts found that equity markets will take time to recover from their recent sell-off because they remain overvalued, with last week's Adani indictments only adding to the pain.\nBeyond the U.S., central bank policy was in focus elsewhere globally. New Zealand's central bank cut rates on Wednesday for a third time in four months, and flagged more substantial easing.\nThe Bank of Korea is up next. The BOK is expected to keep its key policy rate at 3.25% on Thursday to support the Korean won against a strong U.S. dollar, according to a Reuters poll of economists, who forecast at least three rate cuts next year.\nThe end of the week is expected to bring more eventful data in Asia, with GDP figures due in India and Taiwan on Friday, along with Tokyo CPI data.\n\"Black Friday\" -- the day after Thanksgiving -- also marks the unofficial start of U.S. holiday shopping season. The extent to which inflation-challenged shoppers flock to deals will be of interest to markets, with consumer spending making up more than two-thirds of U.S. economic activity.\nHere are key developments that could provide more direction to markets on Thursday:\n- Bank of Korea monetary policy meeting\n- Australia capex data (Q3)\n- Germany CPI (Nov)\n(Reporting by Lewis Krauskopf; Editing by Bill Berkrot)\nBy Lewis Krauskopf\nShare © Reuters - 2024",
    "highlightText": "",
    "highlightTitle": "",
    "highlightThreadTitle": "",
    "language": "english",
    "sentiment": "negative",
    "categories": [
        "Economy, Business and Finance",
        "Politics",
        "Social Issue"
    ],
    "ai_allow": true,
    "canonical": false,
    "webz_reporter": false,
    "external_links": [
        "https://www.facebook.com/sharer/sharer.php?u=https%3A%2F%2Fwww.marketscreener.com%2Fquote%2Findex%2FHONG-KONG-HANG-SENG-101835%2Fnews%2FTech-stocks-drag-US-indexes-lower-as-tariff-talk-clouds-markets-48477997%2F%3Futm_source%3Dfacebook%26utm_medium%3Dsocial%26utm_campaign%3Dshare",
        "https://www.linkedin.com/shareArticle?mini=true&url=https%3A%2F%2Fwww.marketscreener.com%2Fquote%2Findex%2FHONG-KONG-HANG-SENG-101835%2Fnews%2FTech-stocks-drag-US-indexes-lower-as-tariff-talk-clouds-markets-48477997%2F%3Futm_source%3Dlinkedin%26utm_medium%3Dsocial%26utm_campaign%3Dshare&title=Tech",
        "https://wa.me/?text=https%3A%2F%2Fwww.marketscreener.com%2Fquote%2Findex%2FHONG-KONG-HANG-SENG-101835%2Fnews%2FTech-stocks-drag-US-indexes-lower-as-tariff-talk-clouds-markets-48477997%2F%3Futm_source%3Dwhatsapp%26utm_medium%3Dsocial%26utm_campaign%3Dshare",
        "https://cdn.zonebourse.com/static/resize/464/261//images/reuters/2024-08/2024-08-29T185939Z_1_LYNXMPEK7S0RR_RTROPTP_3_DELL-TECH-SETTLEMENT-FEE.JPG",
        "https://telegram.me/share/url?url=https%3A%2F%2Fwww.marketscreener.com%2Fquote%2Findex%2FHONG-KONG-HANG-SENG-101835%2Fnews%2FTech-stocks-drag-US-indexes-lower-as-tariff-talk-clouds-markets-48477997%2F%3Futm_source%3Dtelegram%26utm_medium%3Dsocial%26utm_campaign%3Dshare",
        "https://twitter.com/intent/tweet?text=Tech",
        "https://www.wa.me/?text=https%3A%2F%2Fwww.marketscreener.com%2Fquote%2Findex%2FHONG-KONG-HANG-SENG-101835%2Fnews%2FTech-stocks-drag-US-indexes-lower-as-tariff-talk-clouds-markets-48477997%2F%3Futm_source%3Dwhatsapp%26utm_medium%3Dsocial%26utm_campaign%3Dshare",
        "https://facebook.com/sharer/sharer.php?u=https%3A%2F%2Fwww.marketscreener.com%2Fquote%2Findex%2FHONG-KONG-HANG-SENG-101835%2Fnews%2FTech-stocks-drag-US-indexes-lower-as-tariff-talk-clouds-markets-48477997%2F%3Futm_source%3Dfacebook%26utm_medium%3Dsocial%26utm_campaign%3Dshare",
        "https://www.cdn.zonebourse.com/static/resize/464/261//images/reuters/2024-08/2024-08-29T185939Z_1_LYNXMPEK7S0RR_RTROPTP_3_DELL-TECH-SETTLEMENT-FEE.JPG",
        "https://telegram.me/share/url",
        "https://www.twitter.com/intent/tweet?text=Tech",
        "https://wa.me/",
        "https://www.facebook.com/sharer/sharer.php",
        "https://www.linkedin.com/shareArticle",
        "https://twitter.com/intent/tweet",
        "https://linkedin.com/shareArticle?mini=true&url=https%3A%2F%2Fwww.marketscreener.com%2Fquote%2Findex%2FHONG-KONG-HANG-SENG-101835%2Fnews%2FTech-stocks-drag-US-indexes-lower-as-tariff-talk-clouds-markets-48477997%2F%3Futm_source%3Dlinkedin%26utm_medium%3Dsocial%26utm_campaign%3Dshare&title=Tech",
        "https://www.telegram.me/share/url?url=https%3A%2F%2Fwww.marketscreener.com%2Fquote%2Findex%2FHONG-KONG-HANG-SENG-101835%2Fnews%2FTech-stocks-drag-US-indexes-lower-as-tariff-talk-clouds-markets-48477997%2F%3Futm_source%3Dtelegram%26utm_medium%3Dsocial%26utm_campaign%3Dshare"
    ],
    "external_images": [],
    "entities": {
        "persons": [
            {
                "name": "Donald Trump",
                "sentiment": "none"
            }
        ],
        "organizations": [
            {
                "name": "Reuters",
                "sentiment": "negative"
            },
            {
                "name": "Federal Reserve",
                "sentiment": "none"
            },
            {
                "name": "Dell",
                "sentiment": "none"
            }
        ],
        "locations": []
    },
    "syndication": {
        "syndicated": false,
        "syndicate_id": "cf8179be4186ae147a37a882b6e397f0057f2c5d",
        "first_syndicated": true
    },
    "rating": null,
    "crawled": "2024-11-28T00:05:35.842+02:00",
    "updated": "2024-11-28T00:05:35.842+02:00"
}