{
    "thread": {
        "uuid": "96b80fcc8b3cb15e5ac9eafabbb2560214abc834",
        "url": "https://hotair.com/john-s-2/2024/11/27/all-out-of-joy-trumps-cabinet-picks-face-bomb-threats-swatting-n3797418",
        "site_full": "hotair.com",
        "site": "hotair.com",
        "site_section": "https://hotair.com/christian-toto/2024/11/12/off-the-beaten-path-celebrities-assemble-for-cash-n3796938",
        "site_categories": [
            "media",
            "law_government_and_politics",
            "politics"
        ],
        "section_title": "Off the Beaten Path: Celebrities, Assemble ... For Cash? &ndash; HotAir",
        "title": "All Out of Joy: Trump's Cabinet Picks Face Bomb Threats, Swatting",
        "title_full": "All Out of Joy: Trump's Cabinet Picks Face Bomb Threats, Swatting",
        "published": "2024-11-28T00:40:00.000+02:00",
        "replies_count": 0,
        "participants_count": 1,
        "site_type": "news",
        "country": "US",
        "main_image": "https://media.townhall.com/cdn/hodl/2024/198/bffafcb5-3290-4f3f-a09d-420be582c87a.jpg",
        "performance_score": 0,
        "domain_rank": 8809,
        "domain_rank_updated": "2024-11-25T23:00:00.000+02:00",
        "social": {
            "facebook": {
                "likes": 0,
                "comments": 0,
                "shares": 0
            },
            "vk": {
                "shares": 0
            }
        }
    },
    "uuid": "96b80fcc8b3cb15e5ac9eafabbb2560214abc834",
    "url": "https://hotair.com/john-s-2/2024/11/27/all-out-of-joy-trumps-cabinet-picks-face-bomb-threats-swatting-n3797418",
    "ord_in_thread": 0,
    "parent_url": null,
    "author": "John Sexton",
    "published": "2024-11-28T00:40:00.000+02:00",
    "title": "All Out of Joy: Trump's Cabinet Picks Face Bomb Threats, Swatting",
    "text": "Earlier today I wrote about a deranged man threatening to murder President-elect Trump and his family. Also today there are stories circulating about the threats made against some of Trump's cabinet picks. If you tell people often enough that one candidate is Hitler, some people are going to believe it and act on it.\nAdvertisement Several of the people President-elect Donald J. Trump has picked to be cabinet nominees or for White House positions received threats on Tuesday night and Wednesday morning, a transition spokeswoman said...\nKaroline Leavitt, a spokeswoman for the Trump transition team, said several cabinet nominees and others were targeted with “violent, un-American threats to their lives and those who live with them.”\nReports are saying that nearly a dozen individuals haven been targeted in the last 24 hours. So far only some of the names have been released .\nSources told Fox News Digital that John Ratcliffe, the nominee to be CIA director, Pete Hegseth, the nominee for secretary of defense, and Rep. Elise Stefanik, the nominee for UN ambassador, were among those targeted. Brooke Rollins, who Trump has tapped to be secretary of agriculture, and Lee Zeldin, Trump's nominee to be EPA administrator, separately revealed they were also targeted.\nZeldin posted this on on X a couple hours ago.\nA pipe bomb threat targeting me and my family at our home today was sent in with a pro-Palestinian themed message. My family and I were not home at the time and are safe. We are working with law enforcement to learn more as this situation develops. We are thankful for the swift…\n— Lee Zeldin (@leezeldin) November 27, 2024 Advertisement His statement concludes, \"...thankful for the swift actions taken by local officers to keep our family, neighbors, and local community secure.\" Here's the statement from Brooke Rollins.\nThis morning, we learned that a threat was issued against our home and family. Thanks to the swift efforts by the @fortworthpd , we were unharmed and quickly returned home. I want to express my deep gratitude to the law-enforcement professionals who did their utmost, in both speed… https://t.co/C5RiEcJ7ai\n— Brooke Rollins (@BrookeLRollins) November 27, 2024 Her statement concludes, \"... who did their utmost, in both speed and expertise, to protect us — as they protect our community every single day.\" And one from Rep. Lori Chavez-DeRemer who was picked as Trump's Labor Secretary.\nLast night, my family and I were targeted with a pipe bomb threat at our Oregon home. Thanks to the quick response of the Clackamas County Sheriff’s Office, we are safe. We deeply appreciate their dedication to protecting our community. Full statement: https://t.co/C3x2Yvbs4b pic.twitter.com/LfvRaSNgGC\n— Lori Chavez-DeRemer (@LChavezDeRemer) November 27, 2024 Here's the statement from Rep. Elise Stefanik:\nOffice of Chairwoman Stefanik released the following statement:\n“This morning, Congresswoman Elise Stefanik, her husband, and their three year old son were driving home to Saratoga County from Washington for Thanksgiving when they were informed of a bomb threat to their…\n— Elise Stefanik (@EliseStefanik) November 27, 2024 Advertisement It reads:\n“This morning, Congresswoman Elise Stefanik, her husband, and their three year old son were driving home to Saratoga County from Washington for Thanksgiving when they were informed of a bomb threat to their residence. New York State, County law enforcement, and U.S. Capitol Police responded immediately with the highest levels of professionalism. We are incredibly appreciative of the extraordinary dedication of law enforcement officers who keep our communities safe 24/7. We want to share our best wishes to the Upstate NY community for a happy and safe Thanksgiving. We are especially grateful to our law enforcement officers and military families who are on duty over the holiday season.”\nSomeone also targeted a home in Florida where one of Matt Gaetz' relatives lives .\n\"We received notification of a bomb threat referencing former Congressman Matt Gaetz's supposed mailbox at a home in the Niceville area around 9 a.m. this morning,\" the Okaloosa County Sheriffs Office posted on Facebook. \"A family member resides at the address but former Congressman Gaetz is NOT a resident. The mailbox however was cleared and no devices were located. The immediate area was also searched with negative results.\"\nSo far it seems Pete Hegseth and John Ratcliffe have not released statements of their own. The FBI has released a statement saying they are aware of the threats. The White House also released a statement saying President Biden is aware of the situation.\nAdvertisement Obviously this was a coordinated effort. Someone or some group put together this list of home addresses for Trump's nominees and carried this out. I think we all know how the media would have treated this if Harris had won and her cabinet was receiving bomb threats. Regardless of who was responsible the media would have rushed to point to this as a sign that Republicans were violent lunatics. But with the shoe on the other foot we probably won't be getting those columns about Democrats. The \"climate of hate\" only works in one direction as far as the media is concerned.",
    "highlightText": "",
    "highlightTitle": "",
    "highlightThreadTitle": "",
    "language": "english",
    "sentiment": "negative",
    "categories": [
        "Politics",
        "Social Issue",
        "Crime, Law and Justice"
    ],
    "ai_allow": true,
    "canonical": false,
    "webz_reporter": false,
    "external_links": [
        "https://www.nytimes.com/2024/11/27/us/politics/trump-administration-picks-bomb-threats.html",
        "https://www.foxnews.com/politics/trump-cabinet-nominees-appointees-targeted-violent-unamerican-threats",
        "https://nytimes.com/2024/11/27/us/politics/trump-administration-picks-bomb-threats.html",
        "https://foxnews.com/politics/trump-cabinet-nominees-appointees-targeted-violent-unamerican-threats"
    ],
    "external_images": [],
    "entities": {
        "persons": [
            {
                "name": "Karoline Leavitt",
                "sentiment": "none"
            },
            {
                "name": "Donald J. Trump",
                "sentiment": "none"
            },
            {
                "name": "Hitler",
                "sentiment": "none"
            }
        ],
        "organizations": [],
        "locations": []
    },
    "syndication": {
        "syndicated": false,
        "syndicate_id": "96b80fcc8b3cb15e5ac9eafabbb2560214abc834",
        "first_syndicated": true
    },
    "rating": null,
    "crawled": "2024-11-28T00:51:14.208+02:00",
    "updated": "2024-12-08T04:11:59.308+02:00"
}