{
    "thread": {
        "uuid": "d2683981d1cf89e2481c6474ab8f6303cdd3a7ad",
        "url": "https://www.kvue.com/article/news/local/texas/armed-drones-school-safety-tasers-pepper-spray/269-cfefcae2-e68f-4e9e-aae5-8b74f9992a5e",
        "site_full": "www.kvue.com",
        "site": "kvue.com",
        "site_section": "http://rssfeeds.kvue.com/_/20/109730458/kvue/home",
        "site_categories": [
            "media"
        ],
        "section_title": "KVUE - News",
        "title": "A new bill proposes armed drones and increased funding for school security in Texas",
        "title_full": "A new bill proposes armed drones and increased funding for school security in Texas",
        "published": "2024-11-28T00:03:00.000+02:00",
        "replies_count": 0,
        "participants_count": 1,
        "site_type": "news",
        "country": "US",
        "main_image": "https://media.kvue.com/assets/KVUE/images/c8626d7a-090d-49ed-8dec-74e2abb85ae0/20241127T215818/c8626d7a-090d-49ed-8dec-74e2abb85ae0_1140x641.jpg",
        "performance_score": 0,
        "domain_rank": 7161,
        "domain_rank_updated": "2024-11-25T23:00:00.000+02:00",
        "social": {
            "facebook": {
                "likes": 0,
                "comments": 0,
                "shares": 0
            },
            "vk": {
                "shares": 0
            }
        }
    },
    "uuid": "d2683981d1cf89e2481c6474ab8f6303cdd3a7ad",
    "url": "https://www.kvue.com/article/news/local/texas/armed-drones-school-safety-tasers-pepper-spray/269-cfefcae2-e68f-4e9e-aae5-8b74f9992a5e",
    "ord_in_thread": 0,
    "parent_url": null,
    "author": "John Diaz",
    "published": "2024-11-28T00:03:00.000+02:00",
    "title": "A new bill proposes armed drones and increased funding for school security in Texas",
    "text": "AUSTIN, Texas — A new bill aimed at beefing up school security could include armed drones guarding Texas schools.\nThe bill filed by State Rep. Ryan Guillen will be taken up during the 89th Texas Legislative session that begins in January.\nGuillen's bill focuses on strengthening safety and mental health support in Texas public schools by using armed security officers, which has already been a [challenge for many school districts](/article/news/politics/texas-legislature/texas-schools-armed-guard-law-update/269-9377fdfd-60fe-4a6b-bd75-205ce2a8de94). It also offers using drones armed with \"less lethal\" capabilities like pepper spray \"or other mechanisms\" as an alternative.\nIncluded in the bill is an increase in school safety funding from $10 per student to $100, which schools could spend on expenses like hiring security guards or starting a drone program. The flexibility would allow schools to meet the requirement of an officer or drone for every 200 students.\nThere would still be a baseline of at least one armed officer on campus with the bill.\nThe idea of armed drones isn't new. Taser developer Axon said in 2022 that it was building drones that would \"prevent the next Uvalde, Sandy Hook or Columbine.\"\nAxon, which sells Tasers and police body cameras, initially floated the idea of a police drone to its ethics board and a group of experts. However, some were worried about weaponizing drones in over-policed communities of color.\nAxon founder and CEO Rick Smith said he made the idea of a Taser-equipped drone in schools public after he was \"catastrophically disappointed\" in the response by law enforcement at Robb Elementary School, which led to 19 students and two teachers being killed.\nSmith added that a public conversation about how police can safely confront attackers could increase safety.\n“This is an idea that should get into the public's consciousness while our minds are open to it,\" Smith said. \"The world is going to change and people are going to forget this pain ... People are going to focus a lot more on what could go wrong, rather than the pain of this problem we need to solve.\"\nTexas is projected to have about a $20 billion surplus when it begins its legislative session on Jan. 14, 2025.",
    "highlightText": "",
    "highlightTitle": "",
    "highlightThreadTitle": "",
    "language": "english",
    "sentiment": "negative",
    "categories": [
        "Crime, Law and Justice",
        "Politics",
        "Social Issue"
    ],
    "ai_allow": true,
    "canonical": false,
    "webz_reporter": false,
    "external_links": [],
    "external_images": [],
    "entities": {
        "persons": [],
        "organizations": [],
        "locations": []
    },
    "syndication": {
        "syndicated": false,
        "syndicate_id": "d2683981d1cf89e2481c6474ab8f6303cdd3a7ad",
        "first_syndicated": true
    },
    "rating": null,
    "crawled": "2024-11-28T00:23:09.769+02:00",
    "updated": "2024-11-28T00:23:09.769+02:00"
}