{
    "thread": {
        "uuid": "e9881aeb09da573bda676c18c2431f6f0dde4046",
        "url": "https://www.nzherald.co.nz/nz/chief-inspector-speaks-on-rimutaka-prison-review/UKJNSFI2ALQOE7INFGZXIEOP2A",
        "site_full": "www.nzherald.co.nz",
        "site": "nzherald.co.nz",
        "site_section": "https://nzherald.co.nz/northern-advocate",
        "site_categories": [
            "science",
            "geology",
            "top_news_au",
            "top_news_nz",
            "top_news"
        ],
        "section_title": "The Northern Advocate - Latest Local News &amp; Updates from Northland - NZ Herald",
        "title": "Chief Inspector speaks on Rimutaka Prison review",
        "title_full": "Chief Inspector speaks on Rimutaka Prison review",
        "published": "2024-11-27T10:33:00.000+02:00",
        "replies_count": 0,
        "participants_count": 1,
        "site_type": "news",
        "country": "NZ",
        "main_image": "https://www.nzherald.co.nz/resizer/v2/GH4AWT4RRJCVDA2MCOTTSQJJPI.jpg?auth=27fa1927fcc691a019253a99d8b2bf9029a54cb5588a82cc486b99f4d0ae8e9f&amp;width=1200&amp;height=675&amp;quality=70&amp;smart=true",
        "performance_score": 0,
        "domain_rank": 1193,
        "domain_rank_updated": "2024-11-25T23:00:00.000+02:00",
        "social": {
            "facebook": {
                "likes": 0,
                "comments": 0,
                "shares": 0
            },
            "vk": {
                "shares": 0
            }
        }
    },
    "uuid": "e9881aeb09da573bda676c18c2431f6f0dde4046",
    "url": "https://www.nzherald.co.nz/nz/chief-inspector-speaks-on-rimutaka-prison-review/UKJNSFI2ALQOE7INFGZXIEOP2A",
    "ord_in_thread": 0,
    "parent_url": null,
    "author": "@nzherald",
    "published": "2024-11-27T10:33:00.000+02:00",
    "title": "Chief Inspector speaks on Rimutaka Prison review",
    "text": "Chief Inspector Janis Adair has released an inspection report showing understaffing issues at Rimutaka Prison. Video / NZ Corrections Steve Taylor on the increased levels of arsenic reported in the Waikato River Water Services Authority head of operations Steve Taylor speaks about the reports of increased levels of arsenic in the Waikato River which feeds into water supplies. Kea Kids News: Kiwi kid protest leader keeps up the fight for his family in Gaza Reporter Noelle is in Auckland where every weekend for the past year, 9-year-old Ali has led protests and marches to raise awareness about his family’s plight in war-torn Gaza. Mitch James' final interview with Mike Hosking as a musician Kiwi singer Mitch James has his final interview as a musician with Mike Hosking. Video / Newstalk ZB Stone from Mt Erebus gifted to the Ministry for Culture and Heritage on 45-year anniversary Forty-five years ago today, 257 people died when a passenger plane crashed into Mt Erebus in Antarctica. Video / Te Ao Inquiry into the Covid 19 response and 45yrs since Erebus crash | NZ Herald News Update Inquiry into the Covid 19 response, Fatal Waikato crash and 45yrs since Air NZ Erebus crash. Inside the Rovers: From the Heart Napier City Rovers’ Fergus Neil and Adam Hewson made a special visit to Ronald McDonald House on Saturday, then hours later their team delivered big time on the pitch. The Great New Zealand Road Trip: The rise and rise of Sounds Air From humble beginnings with just one plane, a small airline has been transformed into a critical regional New Zealand lifeline, with more than 320 flights a week. Arapaki to open in Term 1, 2025 The first charter school announced to open under the Government’s new regime will be based on an Australian model. Video / George Heard OCR decision: Reserve Bank swings the axe The Reserve Bank of New Zealand has cut the Official Cash Rate by 50 basis points, taking it from 4.75% to 4.25%. Video / NZ Herald Tim Bray on the magic of children's theatre In March, the Tim Bray Theatre Company launched a fundraiser. Today, it announced its closure due to founder Tim Bray's battle with incurable cancer, not financial pressures. OCR decision: Reserve Bank swings the axe The Reserve Bank of New Zealand has cut the Official Cash Rate by 50 basis points, taking it from 4.75% to 4.25%. Video / NZ Herald Erin Routliffe: New Zealand's newest tennis great Erin Routliffe shares her journey from rock bottom to top of the tennis world. NZ Herald Live: Christopher Luxon and Nicola Willis speak on OCR news Christopher Luxon and Nicola Willis speak to media on the OCR news Moana 2 - 2024 official trailer Dwayne 'The Rock' Johnson, Temuera Morrison, Awhimai Fraser and Auliʻi Cravalho star in Walt Disney Animation Studio's highly anticipated sequel Moana 2. Video / Disney The Kiwi boy who loved Bluey: 7-year-old Caiden MacGibbon farewelled 7-year-old Caiden MacGibbon has passed away at home, Caiden was farewelled in a private at-home service on Monday. Video / Carson Bluck Israeli strikes Lebanese capital and drop in worker mental health scores | NZ Herald News Update Israeli strikes Lebanese capital, official cash rate decision due today, a drop in worker mental health scores and Former MP Nikki Kaye has died. Pou returns after 650 days Ngāti Kahungunu says it's a welcome sight. Video / Te Ao NZ's secret radioactive waste facility The storage facility, made with concrete and steel, was kept secret at the request of the Health Ministry. Video / Ben Dickens / Michael Morrah / Corey Fleming The Great NZ Road Trip: Masterton to Wellington Why new night refuge in Masterton is breaking some rules to repair some hearts. Wellington's new music venue Ethan Manera interviews the owners of Wellington's new music venue, Meow Nui. Video / Mark Mitchell House fire in Wellington Emergency services are responding to a house fire in the Wellington suburb of Kelburn. Video / Ethan Manera Former National Party minister Nikki Kaye has died after battle with cancer Former National Party minister Nikki Kaye has died after battle with cancer. Video / Carson Bluck Whangārei Hospital on track Health Minister Dr Shane Reti says all stages of the Whangārei Hospital redevelopment are on track. Video / Denise Piper Former National Party minister Nikki Kaye has died after battle with cancer Former National Party minister Nikki Kaye has died after battle with cancer. Video / Carson Bluck Herald Live: Christopher Luxon speaks to media at Mystery Creek Christopher Luxon speaks to the media at Mystery Creek Events Centre. Video / NZ Herald Luke Bradford speaks about GPs' waitlist warning Royal NZ College of General Practitioners medical director Luke Bradford speaks with Ryan Bridge about concerns over patients needing hospital treatment not making the waitlist. Shane Reti and Lester Levy announce funding to help boost Health NZ's clinical workforce Health Minister Dr Shane Reti and Health NZ Commissioner Professor Lester Levy say the new roles are aimed at reducing waiting times. Video / Denise Piper Nikki Kaye makes her valedictory speech to the House in July 2020 'Through the toughest moments of our lives we learn the most': Nikki Kaye's final speech to Parliament in 2020. Heretic 2024 official trailer Hugh Grant, Sophie Thatcher, and Chloe East star in A24's new release. Chris Hipkins reacts to news of Nikki Kaye's death Chris Hipkins reacts to news of former National Party minister Nikki Kaye's death while speaking to Kerre Woodham. Video / Newstalk ZB Former National MP Nikki Kaye on Great Barrier Island Former National MP Nikki Kaye on Great Barrier Island. Video / Mark Mitchell ... Michel Mulipola discusses his animation debut with Disney’s Moana 2 Michel Mulipola discusses his animation debut with Disney’s Moana 2 and his role in shaping its story. Video / Te Ao IShowSpeed's Vertigo jump in Rotorua IShowSpeed walked away from Velocity Valley's Vertigo ride saying it was f***en sick his YouTube live stream portraying he had hurt himself. Video / Velocity Valley Christopher Luxon discusses Cook Strait ferries The Government has promised a decision on the future of Interislander by the end of the year. Video / Newstalk ZB Watch Live: Chris Hipkins takes talkback with Kerre Woodham Chris Hipkins takes talkback with Kerre Woodham Watch Live : Christopher Luxon live with Mike Hosking Christopher Luxon live with Mike Hosking David Seymour on the coalition's first year in power Adam Pearse and Claire Trevett interview Act leader David Seymour on the coalition's first year in power. Video / Mark Mitchell",
    "highlightText": "",
    "highlightTitle": "",
    "highlightThreadTitle": "",
    "language": "english",
    "sentiment": "negative",
    "categories": [
        "Crime, Law and Justice",
        "Politics"
    ],
    "ai_allow": true,
    "canonical": false,
    "webz_reporter": false,
    "external_links": [],
    "external_images": [],
    "entities": {
        "persons": [],
        "organizations": [],
        "locations": []
    },
    "syndication": {
        "syndicated": false,
        "syndicate_id": null,
        "first_syndicated": false
    },
    "rating": null,
    "crawled": "2024-11-28T00:25:18.581+02:00",
    "updated": "2024-11-28T00:25:18.581+02:00"
}