{
    "thread": {
        "uuid": "343542fdf3be403ee726e7d1d3a724765341d74d",
        "url": "https://www.straitstimes.com/world/europe/belarus-opposition-leader-urges-people-to-avoid-protesting-against-election",
        "site_full": "www.straitstimes.com",
        "site": "straitstimes.com",
        "site_section": "https://www.straitstimes.com/news/world/rss.xml",
        "site_categories": [
            "media",
            "health",
            "cold_and_flu",
            "top_news_sg",
            "top_news_ph",
            "top_news_my",
            "top_news"
        ],
        "section_title": "The Straits Times World News",
        "title": "Belarus opposition leader urges people to avoid protesting against election | The Straits Times",
        "title_full": "Belarus opposition leader urges people to avoid protesting against election | The Straits Times",
        "published": "2024-11-27T20:08:00.000+02:00",
        "replies_count": 0,
        "participants_count": 1,
        "site_type": "news",
        "country": "",
        "main_image": "https://static1.straitstimes.com.sg/s3fs-public/styles/large30x20/public/articles/2024/11/28/LYNXNPEKAQ0OT-1.jpg?VersionId=x.AUPpnT75RXM9ZIEou0Rsh6klymkcLX",
        "performance_score": 0,
        "domain_rank": 1181,
        "domain_rank_updated": "2024-11-25T23:00:00.000+02:00",
        "social": {
            "facebook": {
                "likes": 0,
                "comments": 0,
                "shares": 0
            },
            "vk": {
                "shares": 0
            }
        }
    },
    "uuid": "343542fdf3be403ee726e7d1d3a724765341d74d",
    "url": "https://www.straitstimes.com/world/europe/belarus-opposition-leader-urges-people-to-avoid-protesting-against-election",
    "ord_in_thread": 0,
    "parent_url": null,
    "author": "straitstimes.com",
    "published": "2024-11-27T20:08:00.000+02:00",
    "title": "Belarus opposition leader urges people to avoid protesting against election | The Straits Times",
    "text": "OTTAWA - The exiled leader of the Belarusian opposition is advising people in the Eastern European nation not to protest against elections in January, saying it is too risky to intervene in a ritual expected to hand President Alexander Lukashenko a seventh term.\nLukashenko's election win in 2020 triggered unprecedented demonstrations by protesters accusing him of rigging the poll.\nPolice quelled the protests and human rights groups say some 30,000 were detained for various periods of time.\nSviatlana Tsikhanouskaya, who ran against Lukashenko in 2020 and later went into exile, said she feared another crackdown if people went out into the streets this time.\n\"We can't allow protests at the moment, because for four years people experience such brutal repressions,\" she told Reuters in an interview on Tuesday in Ottawa.\n\"These so-called elections are not the trigger that people need. So I'm asking people not to sacrifice themselves,\" she said.\nIf Belarusians were forced to go to the polls, she said, they could choose an existing option on the ballot form allowing them to vote against all the candidates - in effect not registering a vote for anyone standing for office.\n\"We ask them to put this tick in front of 'Against Everybody' ... if you are not forced to go to the polling station, you can ignore (the election),\" she said.\nLukashenko and his supporters deny he has rigged elections and say the overwhelming majority of voters back him.\n\"I don't decide whether or not I am in power or not. ... The people entrusted me with this high office,\" he told reporters in July 2023.\nThe Belarus interior ministry last week said police would conduct drills ahead of the election to ensure that \"manifestations of extremism and terrorism\" were prevented.\nIn a statement issued to Reuters on Wednesday, Tsikhanouskaya said: \"We are not asking people to give up but rather to continue protesting in safe and meaningful ways ... I am not encouraging people to take to the streets.\"\nThe Belarus interior ministry last week said police would conduct drills ahead of the election to ensure that \"manifestations of extremism and terrorism\" were prevented.\nLukashenko, 70, who has been in power in the former Soviet state since 1994 and is a close ally of Russian President Vladimir Putin, is running for a seventh term in office on Jan. 26.\nTsikhanouskaya, who is now based in Lithuania and has a heavy security presence, called on the international community not to recognize the results and said democracies \"might be braver\", in particular by imposing more sanctions.\n\"I understand it might somehow disturb (the) comfortable life of citizens of your countries, but sometimes it's necessary to sacrifice a little bit of comfort for bigger aims,\" she said.\nDespite the police presence, and the fact that 500,000 people left the country of 9 million after 2020, people are forming underground movements in acts of defiance against Lukashenko, she said.\n\"Our fight, our task is to weaken him economically, to weaken him politically,\" she said, predicting that as soon as the repressions ended, people would be in the streets again.\n\"When the moment comes, believe me, people will be vocal, people will be visible.\"\nSince July, Lukashenko has issued six sets of pardons for political prisoners. Human rights groups say more than 1,200 detainees labeled as political prisoners remain in detention.\nTsikhanouskaya's husband Syarhei Tsikhanouski has been in jail since 2020 after being barred from taking part in the election that his wife contested instead. REUTERS\nJoin ST's Telegram channel and get the latest breaking news delivered to you.",
    "highlightText": "",
    "highlightTitle": "",
    "highlightThreadTitle": "",
    "language": "english",
    "sentiment": "negative",
    "categories": [
        "Politics",
        "Social Issue",
        "Human Interest"
    ],
    "ai_allow": true,
    "canonical": false,
    "webz_reporter": false,
    "external_links": [
        "https://t.me/TheStraitsTimes",
        "https://www.t.me/TheStraitsTimes"
    ],
    "external_images": [],
    "entities": {
        "persons": [],
        "organizations": [],
        "locations": []
    },
    "syndication": {
        "syndicated": false,
        "syndicate_id": null,
        "first_syndicated": false
    },
    "rating": null,
    "crawled": "2024-11-28T00:12:36.451+02:00",
    "updated": "2024-11-28T00:12:36.451+02:00"
}