{
    "thread": {
        "uuid": "f1ca3f459124696f84f311abbae39d46629d5188",
        "url": "https://www.wnd.com/2024/11/sabotage-chinas-power-over-undersea-cables-threatens-global-security",
        "site_full": "www.wnd.com",
        "site": "wnd.com",
        "site_section": "http://mobile.wnd.com/feed",
        "site_categories": [
            "tech",
            "web_clip_art"
        ],
        "section_title": "WorldNetDaily",
        "title": "‘Sabotage’: China’s power over undersea cables threatens global security",
        "title_full": "‘Sabotage’: China’s power over undersea cables threatens global security",
        "published": "2024-11-28T00:02:00.000+02:00",
        "replies_count": 0,
        "participants_count": 1,
        "site_type": "news",
        "country": "US",
        "main_image": "https://www.wnd.com/wp-content/uploads/2024/11/fiber-optic-cables.jpg",
        "performance_score": 0,
        "domain_rank": 4285,
        "domain_rank_updated": "2024-11-25T23:00:00.000+02:00",
        "social": {
            "facebook": {
                "likes": 0,
                "comments": 0,
                "shares": 0
            },
            "vk": {
                "shares": 0
            }
        }
    },
    "uuid": "f1ca3f459124696f84f311abbae39d46629d5188",
    "url": "https://www.wnd.com/2024/11/sabotage-chinas-power-over-undersea-cables-threatens-global-security",
    "ord_in_thread": 0,
    "parent_url": null,
    "author": "Andrew Powell",
    "published": "2024-11-28T00:02:00.000+02:00",
    "title": "‘Sabotage’: China’s power over undersea cables threatens global security",
    "text": "Warning bells are going off over the increasing threat China poses to the world’s data, and the vast network of undersea fiber optic cables that connects almost the entire globe to the internet.\nAccording to a report from [Regtechtimes,](https://www.msn.com/en-us/news/world/china-s-secret-grip-on-undersea-cables-a-hidden-power-shift-threatening-global-stability/ar-AA1uRdCA?ocid=msedgntp&pc=SMTS&cvid=655b33e7b3b645ba9a0e4014f273ffe4&ei=71) the internet often takes multiple paths before it reaches its destination, travellng along undersea internet cables that criss-cross along vast areas of sea and ocean through a process called routing protocols. Software-Defined Networking is an advanced technology that can change data routes and allow data to travel more efficiently.\nWhile this system is valuable, it also brings risk as data can be spied on, manipulated, slowed down or blocked. China is a leading investor in SDN technology, and a number of Chinese companies with ties to the Chinese Communist Party are some of the largest investors.\n[Get the hottest, most important news stories on the Internet – delivered FREE to your inbox as soon as they break! Take just 30 seconds and sign up for WND's Email News Alerts!](https://wnd-news-alerts.beehiiv.com/subscribe)\n“Through these tools, China can secretly redirect internet traffic through its own networks, even when the data wasn’t supposed to pass through its territory,” the report states, adding one cable which connects Europe and Africa called PEACE can be redirected through Chinese systems despite it physically avoiding China.\nThe report further notes China has been mapping the ocean floor in great detail using underwater robots and research vessels, collecting data in the South China Sea, the Arctic, and the Indian Ocean. The mapping helps China plan submarine routes, locations of sensors, the deployment of underwater weapons – and exposes the location of undersea internet cables.\nDW News reported last week there were suspicions China intentionally severed two fiber optic cables in the Baltic Sea, one connecting Finland to Germany, and the other between Sweden and Lithuania.\nThe Danish Navy reportedly said it had shadowed a Chinese cargo ship leaving the Baltic Sea after the cables had been cut. German Defense Minister Boris Pistorius called the incident an act of sabotage.\n“Nobody believes that these cables were cut by mistake. I don’t believe the theory that it was anchors that accidentally caused damage to these cables. So we have to conclude without knowing exactly who did it, that it was a hybrid action… We must also assume, without knowing it of course, that it is sabotage,” Pistorius said.\nKadri Liik, a senior policy fellow at the European Council on Foreign Relations, said assuming the act was indeed sabotage, it would likely benefit the entity who carried it out by disrupting operations in the area.\n“Always such things create problems. You need to send crews to repair it, you need to have spare capacity, and certain things [are] actually harder to repair than others,” Liik said.",
    "highlightText": "",
    "highlightTitle": "",
    "highlightThreadTitle": "",
    "language": "english",
    "sentiment": "negative",
    "categories": [
        "Politics",
        "Social Issue",
        "War, Conflict and Unrest"
    ],
    "ai_allow": true,
    "canonical": false,
    "webz_reporter": false,
    "external_links": [],
    "external_images": [],
    "entities": {
        "persons": [],
        "organizations": [],
        "locations": []
    },
    "syndication": {
        "syndicated": false,
        "syndicate_id": null,
        "first_syndicated": false
    },
    "rating": null,
    "crawled": "2024-11-28T00:33:32.695+02:00",
    "updated": "2024-11-28T03:39:05.492+02:00"
}