{
    "thread": {
        "uuid": "1ac468091dc425eed9afd33277db396d229112ac",
        "url": "https://africa.businessinsider.com/news/elon-musk-just-deepened-his-rivalry-with-sam-altman/q6mm6bb",
        "site_full": "africa.businessinsider.com",
        "site": "businessinsider.com",
        "site_section": "https://africa.businessinsider.com/news",
        "site_categories": [
            "media",
            "top_news_nz",
            "top_news_au",
            "top_news_ae",
            "top_news_us",
            "top_news_gb",
            "top_news_th",
            "top_news_sg",
            "top_news_rs",
            "top_news_ph",
            "top_news_hk",
            "top_news_qa",
            "top_news_ie",
            "top_news_pk",
            "top_news_se",
            "top_news_id",
            "top_news_dk",
            "top_news_za",
            "top_news_my",
            "top_news_il",
            "top_news_kw",
            "top_news_fi",
            "top_news_ca",
            "top_news"
        ],
        "section_title": "BI news | Business Insider Africa",
        "title": "Elon Musk just deepened his rivalry with Sam Altman",
        "title_full": "Elon Musk just deepened his rivalry with Sam Altman",
        "published": "2024-11-27T23:25:00.000+02:00",
        "replies_count": 0,
        "participants_count": 1,
        "site_type": "news",
        "country": "US",
        "main_image": "https://ocdn.eu/pulscms-transforms/1/FNGktkuTURBXy85ZGI3MmRjMi1jOGNjLTRjNWItOGRiMy00NmRhMzBiZjdmN2EuanBlZ5GTBc0EsM0Cdg",
        "performance_score": 0,
        "domain_rank": 124,
        "domain_rank_updated": "2024-11-25T23:00:00.000+02:00",
        "social": {
            "facebook": {
                "likes": 0,
                "comments": 0,
                "shares": 0
            },
            "vk": {
                "shares": 0
            }
        }
    },
    "uuid": "1ac468091dc425eed9afd33277db396d229112ac",
    "url": "https://africa.businessinsider.com/news/elon-musk-just-deepened-his-rivalry-with-sam-altman/q6mm6bb",
    "ord_in_thread": 0,
    "parent_url": null,
    "author": "Alex Bitter",
    "published": "2024-11-27T23:25:00.000+02:00",
    "title": "Elon Musk just deepened his rivalry with Sam Altman",
    "text": "[Elon Musk](https://www.businessinsider.com/elon-musk-twitter-x-links-lazy-linking-2024-11)'s xAI is reportedly close to unveiling a chatbot app similar to OpenAI's ChatGPT.\n- The app could arrive as soon as December, The Wall Street Journal reported.\n- It would be another sign that Musk and xAI want to challenge OpenAI directly.\nRecommended articles\nxAI could release the chatbot app as soon as December, The\n[Wall Street Journal](https://www.wsj.com/tech/ai/elon-musk-x-open-ai-03ff1ead?mod=hp_lead_pos6) reported Wednesday. The company did not immediately respond to a request for comment from Business Insider.\nThe app, if it materializes, would be another sign that xAI and Musk are trying to take on ChatGPT-maker\n[OpenAI](https://www.businessinsider.com/history-of-openai-company-chatgpt-elon-musk-founded-2022-12). Musk cofounded OpenAI but left the company in 2018. He has sued OpenAI and its cofounder and CEO Sam Altman twice, most recently alleging he was \"deceived\" into cofounding the company.\nMusk founded xAI last year. Since then, the company has provided services to his other ventures, such as AI customer support for\n[Starlink](https://www.businessinsider.com/category/starlink) and Grok, a chatbot only available to paid subscribers of X, the social network formerly known as Twitter that Musk acquired in 2022. A chatbot app would be its first product offered directly to consumers.\n[xAI's valuation](https://www.businessinsider.com/xai-value-twitter-funding-elon-musk-x-2024-11) has hit $50 billion, the Journal reported earlier this month. The artificial-intelligence startup is now worth more than the $44 billion Musk paid to acquire X.\nInvestors who backed Musk's acquisition of Twitter have registered losses on paper since the deal. On Wednesday, the\n[Financial Times](https://www.ft.com/content/5c9ca1f6-b6fe-4c96-84e2-38e3eee90f3b) reported that Musk gave a quarter of xAI's shares to those investors, a move that could make up for those losses.\nxAI's valuation is still smaller than that of OpenAI, which was last valued at\n[$157 billion](https://www.businessinsider.com/openai-investors-latest-funding-round-2024-10) in its latest funding round in October. It also generates less revenue. xAI is \"on pace to surpass $100 million annually,\" the Journal reported on Wednesday. OpenAI, meanwhile, expects revenue of $3.7 billion in 2024, the Journal reported earlier.",
    "highlightText": "",
    "highlightTitle": "",
    "highlightThreadTitle": "",
    "language": "english",
    "sentiment": "negative",
    "categories": [
        "Science and Technology",
        "Politics",
        "Corporate News and Profiles"
    ],
    "ai_allow": true,
    "canonical": false,
    "webz_reporter": false,
    "external_links": [
        "https://www.wsj.com/tech/ai/elon-musk-x-open-ai-03ff1ead?mod=hp_lead_pos6",
        "https://www.ft.com/content/5c9ca1f6-b6fe-4c96-84e2-38e3eee90f3b",
        "https://ft.com/content/5c9ca1f6-b6fe-4c96-84e2-38e3eee90f3b",
        "https://wsj.com/tech/ai/elon-musk-x-open-ai-03ff1ead?mod=hp_lead_pos6",
        "https://www.wsj.com/tech/ai/elon-musk-x-open-ai-03ff1ead"
    ],
    "external_images": [],
    "entities": {
        "persons": [],
        "organizations": [],
        "locations": []
    },
    "syndication": {
        "syndicated": false,
        "syndicate_id": null,
        "first_syndicated": false
    },
    "rating": null,
    "crawled": "2024-11-28T00:02:56.111+02:00",
    "updated": "2024-11-28T00:02:56.111+02:00"
}