{
    "thread": {
        "uuid": "dc8ed30a3da548cab4412b7e6279f9c175662b4f",
        "url": "https://newsable.asianetnews.com/markets/trump-orders-pentagon-to-restart-nuclear-tests-after-over-30-years-on-equal-basis-with-rivals-watch-these-defense-stocks-articleshow-3hhfv5n",
        "site_full": "newsable.asianetnews.com",
        "site": "asianetnews.com",
        "site_section": "https://newsable.asianetnews.com",
        "site_categories": [
            "media",
            "top_news_in",
            "top_news_ae",
            "top_news_qa",
            "top_news_sa",
            "top_news_kw",
            "top_news"
        ],
        "section_title": "Latest News, National News, Top News Headlines Today, Bollywood, Cricket, World | Asianet Newsable",
        "site_title": "Latest News, National News, Top News Headlines Today, Bollywood, Cricket, World | Asianet Newsable",
        "title": "Trump Orders Pentagon To Restart Nuclear Tests After Over 30 Years 'On Equal Basis' With Rivals: Watch These Defense Stocks",
        "title_full": "Trump Orders Pentagon To Restart Nuclear Tests After Over 30 Years 'On Equal Basis' With Rivals: Watch These Defense Stocks",
        "published": "2025-10-30T08:39:00.000+02:00",
        "replies_count": 0,
        "participants_count": 1,
        "site_type": "news",
        "country": "IN",
        "main_image": "https://static.asianetnews.com/images/w-1280,h-720,format-jpg,imgid-external,imgname-image-540bdb26-2d39-404a-8ad7-2327c9e3a422.webp",
        "performance_score": 0,
        "domain_rank": 27155,
        "domain_rank_updated": "2025-10-26T23:00:00.000+02:00",
        "licensing_agency": [],
        "social": {
            "facebook": {
                "likes": 0,
                "comments": 0,
                "shares": 0
            },
            "vk": {
                "shares": 0
            }
        }
    },
    "uuid": "dc8ed30a3da548cab4412b7e6279f9c175662b4f",
    "url": "https://newsable.asianetnews.com/markets/trump-orders-pentagon-to-restart-nuclear-tests-after-over-30-years-on-equal-basis-with-rivals-watch-these-defense-stocks-articleshow-3hhfv5n",
    "ord_in_thread": 0,
    "author": "@AsianetNewsEN",
    "published": "2025-10-30T08:39:00.000+02:00",
    "title": "Trump Orders Pentagon To Restart Nuclear Tests After Over 30 Years 'On Equal Basis' With Rivals: Watch These Defense Stocks",
    "text": "Moscow reportedly tested an atomic-powered torpedo drone, which can carry nuclear weapons, on Wednesday.\n- The Republican President’s comments come amid a rise in Russia’s tests of so-called nuclear-capable super weapons in recent weeks.\n- Defense firms such as RTX, General Dynamics, Northrup Grumman, Boeing, and Lockheed Martin stand to benefit from increased spending.\n- “Because of other countries' testing programs, I have instructed the Department of War to start testing our Nuclear Weapons on an equal basis.” — Trump.\nDefense stocks were in focus after President Donald Trump said on Wednesday that the U.S. will begin testing nuclear weapons, citing recent tests carried out by rivals.\nAdd Asianet Newsable as a Preferred Source\n“Because of other countries' testing programs, I have instructed the Department of War to start testing our Nuclear Weapons on an equal basis. That process will begin immediately,” Trump wrote on Truth Social.\nThe Republican President’s comments come amid a rise in Russia’s tests of so-called nuclear-capable super weapons in recent weeks, as per a Bloomberg News report. Moscow reportedly tested an atomic-powered torpedo drone, which can carry nuclear weapons, on Wednesday, days after carrying out launches of its long-distance cruise missile.\nWhen Did The US And Russia Last Conduct Nuclear Tests?\nThe U.S. last tested a nuclear bomb way back in September 1992 in an underground facility in Nevada, before President George H.W. Bush paused such tests by issuing a moratorium. The reversal of the decades-old U.S. nuclear policy could once again start a global nuclear arms race.\nMoscow’s last test was in 1990, before the fall of the Soviet Union. Both sides have since relied on testing intercontinental ballistic missiles with mock weapons and computer modeling to examine the weapons.\nDuring Trump’s first term, the U.S. withdrew from a nuclear disarmament treaty with Russia, citing Moscow's violation of the treaty through the production of banned missiles. He also mentioned China's absence, a growing nuclear power, as one of the key drawbacks of the treaty.\nAccording to a report by the Stockholm International Peace Research Institute (SIPRI) earlier this year, Beijing now holds at least 600 nuclear warheads, with the Chinese military adding nearly 100 warheads per year on average since 2023.\nWhich Companies Could Benefit?\nWhile Trump did not clarify whether the U.S. would carry out nuclear explosions or it would test nuclear-capable missiles, an increase in testing would likely see more contracts for aerospace and defense players in the U.S.\nLast year, Northrop Grumman secured a $3.5 billion contract from the U.S. Navy to create the mission systems integrator for the Navy's new generation of aircraft, designed for emergency command of nuclear-armed forces. In 2015, the company nabbed the contract to develop the stealthy B-21 bomber, before getting another contract in 2019 to create a successor to the Minuteman III ICBM, which has been in service since the 1970s.\nLockheed Martin also holds a contract to build the re-entry vehicle for the upcoming Sentinel ICBMs, as well as a $383 million contract to modernize the Trident II D5 nuclear missile. Another defense firm, RTX, is developing the engines for the B-21 bomber through its Pratt & Whitney unit, as well as a Long Range Standoff stealthy cruise missile.\nBoeing was awarded a $2.8 billion contract for the Evolved Strategic Satellite Communications (ESS) program to provide space-based nuclear, command, control, and communications services to the U.S. nuclear command. Boeing also provides support to the guidance subsystem of the Minuteman missiles. Another firm, General Dynamics, is building a dozen nuclear-capable submarines that will carry the bulk of the nuclear warheads.\nRetail sentiment on Stocktwits about Lockheed Martin, Northrup Grumman, and RTX was in the ‘bearish’ territory at the time of writing, while traders were ‘bullish’ about Boeing.\nRTX stock has gained 50.8% this year, while Northrup stock and General Dynamics shares are up 24% and 30%, respectively, all outperforming the benchmark S&P 500 and Nasdaq indices. Boeing shares have risen nearly 20% but Lockheed stock has fallen 0.1% after concerns over its F-35 program.\nFor updates and corrections, email newsroom[at]stocktwits[dot]com.<",
    "highlightText": "",
    "highlightTitle": "",
    "highlightThreadTitle": "",
    "language": "english",
    "sentiment": "negative",
    "categories": [
        "War, Conflict and Unrest",
        "Politics"
    ],
    "topics": [
        "War, Conflict and Unrest->international military intervention",
        "Politics->defence",
        "Politics->nuclear policy"
    ],
    "ai_allow": true,
    "has_canonical": true,
    "breaking": true,
    "webz_reporter": false,
    "external_links": [
        "https://www.google.com/preferences/source?q=newsable.asianetnews.com",
        "https://www.google.com/preferences/source",
        "https://google.com/preferences/source?q=newsable.asianetnews.com"
    ],
    "external_images": [],
    "internal_images": [],
    "entities": {
        "persons": [
            {
                "name": "Donald Trump",
                "sentiment": "none"
            }
        ],
        "locations": [],
        "organizations": [
            {
                "name": "General Dynamics",
                "sentiment": "none",
                "tickers": [
                    {
                        "ticker": "GD",
                        "exchange": "NYSE"
                    }
                ]
            },
            {
                "name": "Lockheed Martin",
                "sentiment": "none",
                "tickers": [
                    {
                        "ticker": "LMT",
                        "exchange": "NYSE"
                    }
                ]
            },
            {
                "name": "Boeing",
                "sentiment": "none",
                "tickers": [
                    {
                        "ticker": "BA",
                        "exchange": "NYSE"
                    }
                ]
            }
        ]
    },
    "syndication": {
        "syndicated": false,
        "syndicate_id": null,
        "first_syndicated": false
    },
    "trust": {
        "categories": [],
        "top_news": [
            "top_news_in",
            "top_news_ae",
            "top_news_qa",
            "top_news_sa",
            "top_news_kw",
            "top_news"
        ],
        "bias": null,
        "source": {
            "type": null,
            "city": null,
            "state": null,
            "country": null,
            "domain_type": null,
            "agency": null,
            "organization_name": null
        }
    },
    "rating": null,
    "crawled": "2025-10-30T08:48:50.893+02:00",
    "updated": "2025-10-30T08:52:35.000+02:00"
}