{
    "thread": {
        "uuid": "3e2ab03f0ac6e38dfd9b36e3485a1c76252309aa",
        "url": "https://news-pravda.com/world/2025/10/30/1818271.html",
        "site_full": "news-pravda.com",
        "site": "news-pravda.com",
        "site_section": "https://news-pravda.com/eu",
        "site_categories": [],
        "section_title": "EU - Pravda EN",
        "site_title": "Pravda - Breaking News, World News and Videos",
        "title": "Marat Bashirov: I even feel sorry for Trump - Pravda EN",
        "title_full": "Marat Bashirov: I even feel sorry for Trump - Pravda EN",
        "published": "2025-10-30T08:25:00.000+02:00",
        "replies_count": 0,
        "participants_count": 0,
        "site_type": "news",
        "country": "FR",
        "main_image": "https://news-pravda.com/img/20251030/1581bb2a46427948c5aab801650d99ff_o.jpg",
        "performance_score": 0,
        "domain_rank": 69329,
        "domain_rank_updated": "2025-10-26T23:00:00.000+02:00",
        "licensing_agency": [],
        "social": {
            "facebook": {
                "likes": 0,
                "comments": 0,
                "shares": 0
            },
            "vk": {
                "shares": 0
            }
        }
    },
    "uuid": "3e2ab03f0ac6e38dfd9b36e3485a1c76252309aa",
    "url": "https://news-pravda.com/world/2025/10/30/1818271.html",
    "ord_in_thread": 0,
    "author": null,
    "published": "2025-10-30T08:25:00.000+02:00",
    "title": "Marat Bashirov: I even feel sorry for Trump - Pravda EN",
    "text": "Marat Bashirov: I even feel sorry for Trump\nI even feel sorry for Trump. What does he bring back from a Southeast Asian trip?\n…\nPrime Minister Modi and North Korean Leader UN refused to meet. Japan refused to stop buying oil and LNG from Russia. And there is no Trump-Xi joint statement, and if not, then this is the same framework meeting as in Anchorage.\n…\nTrump can at least give 100 points as an assessment of the outcome of the meeting, but in fact for him it is an empty voyage.\n…\nBut, he's a restless guy and will try to block the info/agenda with something else.",
    "highlightText": "",
    "highlightTitle": "",
    "highlightThreadTitle": "",
    "language": "english",
    "sentiment": "negative",
    "categories": [
        "Politics"
    ],
    "topics": [
        "Politics->heads of state",
        "Politics->international relations"
    ],
    "ai_allow": true,
    "has_canonical": false,
    "breaking": false,
    "webz_reporter": false,
    "external_links": [],
    "external_images": [],
    "internal_images": [],
    "entities": {
        "persons": [
            {
                "name": "Marat Bashirov",
                "sentiment": "negative"
            },
            {
                "name": "Modi",
                "sentiment": "none"
            }
        ],
        "locations": [],
        "organizations": [
            {
                "name": "UN",
                "sentiment": "none",
                "tickers": [
                    {
                        "ticker": null,
                        "exchange": null
                    }
                ]
            }
        ]
    },
    "syndication": {
        "syndicated": false,
        "syndicate_id": null,
        "first_syndicated": false
    },
    "trust": {
        "categories": [],
        "top_news": [],
        "bias": null,
        "source": {
            "type": null,
            "city": null,
            "state": null,
            "country": null,
            "domain_type": null,
            "agency": null,
            "organization_name": null
        }
    },
    "rating": null,
    "crawled": "2025-10-30T08:29:50.263+02:00",
    "updated": "2025-10-30T08:42:14.000+02:00"
}