{
    "thread": {
        "uuid": "b9b7e39e59e73cc688a6baf3bfe79cd7b348ece5",
        "url": "https://www.newsbreak.com/wtxl-abc-27-news-563679/4321083750195-desantis-blasts-house-property-tax-proposals-says-only-1-should-go-to-ballot",
        "site_full": "www.newsbreak.com",
        "site": "newsbreak.com",
        "site_section": "https://www.newsbreak.com/wtxl-abc-27-news-563679",
        "site_categories": [
            "under_construction"
        ],
        "section_title": "WTXL ABC 27 News&#x27;s Home Page | NewsBreak",
        "site_title": "NewsBreak: Local News &amp; Alerts",
        "title": "DeSantis blasts house property tax proposals, says only 1 should go to ballot - NewsBreak",
        "title_full": "DeSantis blasts house property tax proposals, says only 1 should go to ballot - NewsBreak",
        "published": "2025-10-29T21:07:00.000+02:00",
        "replies_count": 0,
        "participants_count": 1,
        "site_type": "news",
        "country": "US",
        "main_image": "https://img.particlenews.com/img/id/1CjJZR_1670y9sU00",
        "performance_score": 0,
        "domain_rank": 2819,
        "domain_rank_updated": "2025-10-26T23:00:00.000+02:00",
        "licensing_agency": [],
        "social": {
            "facebook": {
                "likes": 0,
                "comments": 0,
                "shares": 0
            },
            "vk": {
                "shares": 0
            }
        }
    },
    "uuid": "b9b7e39e59e73cc688a6baf3bfe79cd7b348ece5",
    "url": "https://www.newsbreak.com/wtxl-abc-27-news-563679/4321083750195-desantis-blasts-house-property-tax-proposals-says-only-1-should-go-to-ballot",
    "ord_in_thread": 0,
    "author": "Forrest Saunders",
    "published": "2025-10-29T21:07:00.000+02:00",
    "title": "DeSantis blasts house property tax proposals, says only 1 should go to ballot - NewsBreak",
    "text": "By Forrest Saunders ,\n10 hours ago Gov. Ron DeSantis made clear Wednesday he’s not on board with the Florida House’s multi-pronged approach to property tax reform, calling the chamber’s newly unveiled package \"milquetoast\" and warning it could doom efforts to deliver real relief to homeowners.\nAt a press event in Tampa , DeSantis said the House’s eight proposals , seven of which are constitutional amendments, all designed to give voters a menu of options for cutting or capping local property taxes in 2026, are the wrong approach. He argued that offering multiple measures would confuse voters and make it harder for any one proposal to reach the 60% threshold needed for passage.\nWATCH:\nDeSantis blasts house property tax proposals as 'half measures,' says only 1 plan should go to 2026 ballot\"You have to have one amendment,\" DeSantis said. “It’s got to be very clearly written and give people a chance to vote for it. What you don’t do is put five on there… It offends me because they think you're stupid enough for them to tell you, 'Oh no, we're supportive of you. We put it up. We put stuff on the ballot. We tried.' They can't think you're that stupid, right?\"\nThe governor’s comments come two weeks after House Speaker Danny Perez (R–Miami) announced a slate of proposed ballot measures and one bill based on recommendations from the House Select Committee on Property Taxes. Those include options to phase out or eliminate non-school homestead property taxes, add exemptions for seniors and insured homeowners, and tighten limits on how fast property values can rise.\nPerez framed the effort as a chance to let voters, not politicians, decide:\n\"If we have faith in the voters to elect us, we should not be afraid to let them be a part of the conversation about the taxes they pay,\" Perez wrote in the Oct. 16 memo .\nBut DeSantis dismissed the House package as uninspired and unserious, saying none of the ideas “would get people excited.” Instead, he said his administration is still developing a single, broader amendment — one focused squarely on homesteaded Florida residents, whom he believes should eventually pay no property tax at all.\nIn response, Perez fired back in a statement Wednesday:\n\"The governor’s comments can only be interpreted in two ways. Either he’s being small and petty, or he has just revealed something significant today about his mysterious property tax plan. The House has proposed eliminating all non-school homestead property taxes. The Governor weirdly called that ‘milquetoast.’ That can only mean the Governor has just announced that he will be proposing to abolish all property taxes including school taxes. I look forward to seeing the Governor’s proposed budget where he makes up for the $21 billion for schools that he plans to cut.\"\nDeSantis, meanwhile, said his administration is still developing a single, broader amendment — one focused squarely on homesteaded Florida residents, whom he believes should eventually pay no property tax at all.\n\"You have a home, you're homesteaded. You should own it. You shouldn't be taxed— it shouldn't be an ATM for the local government,\" DeSantis said. \"That’s the vision we want to see.\"\nStill, the governor acknowledged the challenge of structuring such a plan to avoid unintended consequences, like incentivizing out-of-state buyers to flock to Florida or cutting too deeply into local government budgets that fund law enforcement and education.\nDeSantis also took aim at past legislative drafting practices, complaining that many recent ballot measures have failed because “some lawyer on staff drafts something nobody can understand.” He said his team is focused on crafting \"clear, simple language\" that voters can trust and understand.\nIn the meantime, the House readies to move its proposals through the committee process. Rep. Toby Overdorf (R–Palm City), who co-chairs the property tax panel, said lawmakers intentionally filed multiple resolutions so voters could choose which, if any, to adopt.\n\"What we're doing and trying to do is to make sure that the residents of Florida, ultimately the voters, will have the opportunity to make a decision as to what they want to do surrounding their property taxes,\" Overdorf told Capitol Reporter Forrest Saunders recently. \"If we give voters a variety of choices, that’s what we felt was most appropriate.\"\nDemocrats, however, have warned that the proposals could devastate local governments. House Minority Leader Fentrice Driskell (D-Tampa) said the plan risks undermining essential public services and shifting financial burdens onto smaller counties.\n\"What firehouse would he come and close in Tampa? What police station would he close in Orlando?\" Driskell said. \"Those are the sorts of activities that our property taxes go to, and we would be, I think, leaving the state in local communities in a situation where it would cause harm.\"\nDeSantis brushed off the criticism, saying his administration will protect school and public safety funding while cracking down on wasteful local spending.\nThe governor’s final proposal is expected sometime soon, ahead of the 2026 ballot deadline. It could set up another sharp divide between the executive branch and the House, this time over how far, and how fast, Florida should go on property tax reform.\nLatest Florida News from Tampa Bay 28\n2",
    "highlightText": "",
    "highlightTitle": "",
    "highlightThreadTitle": "",
    "language": "english",
    "sentiment": "negative",
    "categories": [
        "Politics"
    ],
    "topics": [
        "Politics->political campaigns",
        "Politics->government",
        "Politics->taxation"
    ],
    "ai_allow": true,
    "has_canonical": false,
    "breaking": null,
    "webz_reporter": false,
    "external_links": [
        "https://img.particlenews.com/image.php?url=1CjJZR_1670y9sU00",
        "https://x.com/FBSaunders/status/1978894496529043907",
        "https://rumble.com/v70xx8m-governor-desantis-announces-results-of-higher-education-and-h-1b-audits-at-.html?e9s=src_v1_s%2Csrc_v1_s_o&sci=9d068312-e6a3-4018-888a-d2340d149b0b",
        "https://www.wptv.com/news/state/florida-house-rolls-out-sweeping-slate-of-property-tax-proposals-for-2026-ballot",
        "https://img.particlenews.com/image.php?type=thumbnail_580x000&url=1CjJZR_1670y9sU00",
        "https://www.img.particlenews.com/image.php?type=thumbnail_580x000&url=1CjJZR_1670y9sU00",
        "https://wptv.com/news/state/florida-house-rolls-out-sweeping-slate-of-property-tax-proposals-for-2026-ballot",
        "https://www.x.com/FBSaunders/status/1978894496529043907",
        "https://www.img.particlenews.com/image.php?url=1CjJZR_1670y9sU00",
        "https://img.particlenews.com/image.php",
        "https://www.rumble.com/v70xx8m-governor-desantis-announces-results-of-higher-education-and-h-1b-audits-at-.html?e9s=src_v1_s%2Csrc_v1_s_o&sci=9d068312-e6a3-4018-888a-d2340d149b0b",
        "https://rumble.com/v70xx8m-governor-desantis-announces-results-of-higher-education-and-h-1b-audits-at-.html"
    ],
    "external_images": [],
    "internal_images": [],
    "entities": {
        "persons": [
            {
                "name": "Forrest Saunders",
                "sentiment": "negative"
            },
            {
                "name": "Ron DeSantis",
                "sentiment": "negative"
            }
        ],
        "locations": [],
        "organizations": [
            {
                "name": "House",
                "sentiment": "none",
                "tickers": [
                    {
                        "ticker": null,
                        "exchange": null
                    }
                ]
            }
        ]
    },
    "syndication": {
        "syndicated": false,
        "syndicate_id": null,
        "first_syndicated": false
    },
    "trust": {
        "categories": [
            "fake_news"
        ],
        "top_news": [],
        "bias": "center",
        "source": {
            "type": null,
            "city": null,
            "state": null,
            "country": null,
            "domain_type": null,
            "agency": null,
            "organization_name": null
        }
    },
    "rating": null,
    "crawled": "2025-10-30T07:16:47.977+02:00",
    "updated": "2025-10-30T07:20:14.000+02:00"
}