{
    "thread": {
        "uuid": "4ef43a090dbae4625a8b689a7962dc7925c56e2c",
        "url": "https://leadership.ng/sule-lamido-mutfwang-and-the-pdp/",
        "site_full": "leadership.ng",
        "site": "leadership.ng",
        "site_section": "https://leadership.ng/afroblackish-unveils-new-single-ironu",
        "site_categories": [
            "media"
        ],
        "section_title": "Afroblackish Unveils New Single ‘Ironu’",
        "site_title": "Leadership News - Nigeria News, Nigerian Newspaper, Breaking News And More",
        "title": "Sule Lamido, Mutfwang And The PDP",
        "title_full": "Sule Lamido, Mutfwang And The PDP",
        "published": "2025-10-30T07:07:00.000+02:00",
        "replies_count": 0,
        "participants_count": 1,
        "site_type": "news",
        "country": "NG",
        "main_image": "https://leadership.ng/wp-content/uploads/2025/10/Screenshot-2025-10-30-053907.jpg",
        "performance_score": 0,
        "domain_rank": 55550,
        "domain_rank_updated": "2025-10-26T23:00:00.000+02:00",
        "licensing_agency": [],
        "social": {
            "facebook": {
                "likes": 0,
                "comments": 0,
                "shares": 0
            },
            "vk": {
                "shares": 0
            }
        }
    },
    "uuid": "4ef43a090dbae4625a8b689a7962dc7925c56e2c",
    "url": "https://leadership.ng/sule-lamido-mutfwang-and-the-pdp/",
    "ord_in_thread": 0,
    "author": "Toby Moses",
    "published": "2025-10-30T07:07:00.000+02:00",
    "title": "Sule Lamido, Mutfwang And The PDP",
    "text": "Plagued by internal conflicts and factionalism, which have weakened its foundation, including a lingering post-2023 election crisis and previous internal quarrels that have left it divided and vulnerable, the PDP is in a state of severe decline.\nThis is a party that had all the opportunities of turning Nigeria into the proverbial Eldorado, but failed with distinction. Not only did the PDP fail to change Nigeria, but it also ‘installed’ one of the most inept leaderships this country has ever had, making it possible for the ruling All Progressives Congress (APC) to assume power in 2015, and the rest is now history.\nA Tiger and its stripes\nNow, caught between being alive and dead, the PDP, which is preparing for its national convention, has succeeded in proving to Nigerians that the tiger does not change its stripes. How else can one explain the sort of treatment the party meted out to former Governor of Jigawa State and one of its most loyal founding fathers, Sule Lamido?\nI hate to recall that the PDP denied Lamido, who is angling to contest for its national chairman at the forthcoming convention, a nomination form. Before Lamido declared his intention to contest, a section of PDP members, led by the all-powerful governors, had zeroed in on former Minister of Special Duties and Intergovernmental Affairs, Tanimu Kabir Turaki, as the consensus candidate for the national chairmanship.\nOne would have thought that a party desperately struggling to reinvent itself would guard against the mistakes that forged its piteous fate. But certainly not the PDP, a party that has become notorious for falling into familiar traps. And that is why those running its affairs find nothing wrong in denying Sule Lamido access to the nomination form, even though they are well aware that such an action could further weaken the already wobbling party.\nAt 77, former Governor Lamido is one of the most loyal founding fathers of the opposition PDP. This is one man who has remained faithful to the party against all odds. He could have defected to the APC or, better still, told whoever cares to listen that he has retired from politics, and then covertly worked for the current administration, which has continued to offer Nigerians renewed hopelessness, as some of his contemporaries are doing. However, Baba Sule Lamido chose to stand firmly with the PDP like the Rock of Gibraltar, and as one of its remaining voices of conscience.\nEven on the strength of this, the guys currently running the show at the PDP should have accorded him that respect and made the form available for him to purchase. But instead of allowing him to buy the form, campaign, and then face delegates to determine his fate at the convention, these individuals would rather deny him the form.\nCuriously, some party members claimed that Lamido had no access to the nomination form for two reasons. One was that he sought to buy the form late, storming the secretariat at a time when he should have been discussing submission. Secondly, they claimed he went in search of the form at the wrong venue. Laughable excuses!\nIt’s simple. The forces currently struggling for control of the PDP, which are numerous, even though they are merely flogging a dead horse, know too well that Lamido is independent-minded and cannot be remotely controlled.\nThey also know that allowing him to enter the contest could upstage so many things. That is why they ensured that he was denied the nomination form. Sad. But that is PDP for you.\nBut did Lamido not see it coming? What was he expecting from a party that relies heavily on funding from someone who has done very incalculable damage to it? What can any dedicated member expect from a party that lacks the guts to suspend its members who are hobnobbing with the ruling party at its expense?\nI am surprised that, despite belonging and remaining faithful to a party that most Nigerians believe has built its reputation around manipulation, Lamido appears to be astonished that he was barred from accessing the chairmanship nomination form.\nIt is clear that when you belong to a party with PDP’s kind of history, you should expect anything and everything, including being prevented from purchasing a nomination form to vie for an office in a national convention that is expected to help the party reposition itself. I feel for Lamido and the few committed party members who have chosen to remain with the PDP. But are they not aware that things will continue to get worse?\nLessons for Mutfwang\nGiven the treatment meted out to former Governor Lamido, I am compelled to offer free advice to Governor Caleb Mutfwang, who recently stated that he was under pressure to defect from the PDP to the APC.\nMutfwang said, despite the pressure on him to defect, he would not leave the PDP. My one piece of advice is for the governor to, without delay, dump the opposition PDP.\nIt is true, as Mutfwang said, that only God and the people who voted him into office have the authority to determine his political allegiance. However, one fact that has remained irrefutable is that if Mutfwang stays in the PDP, he will have no platform to seek re-election, as the PDP is effectively dead.\nBut it appears the options before Mutfwang are limited. Even though he has repeatedly acted in ways that suggest he is likely to defect to the APC, like three of his colleagues: Governors Peter Mbah of Enugu, Umo Eno of Akwa Ibom, and Sheriff Oborevwori of Delta, APC stakeholders in Plateau State have publicly opposed his joining their party.\nAs it stands, the road to APC appears closed for Governor Mutfwang, who claims to be under pressure from individuals known only to him.\nThe emergence of Nentawe Yilwatda, who in 2023 contested against Governor Mutfwang but lost despite the incumbency factor, has further compounded the governor’s plight. It is highly improbable that a Nentawe would be happy to see Mutfwang defect to the APC, as that would automatically make him the party’s leader in the state and, most likely, the sole gubernatorial candidate.\nI am sure that the APC in Plateau, basking in the euphoria of a strong federal might amidst the fact that the president is seeking re-election, would rather have Mutfwang, who is now a political orphan in view of the impending burial of the PDP, remain where he is. I feel for him.\nAs things stand, Governor Mutfwang shares the same fate as Governor Adeleke of Osun. For the two, their supposed movement to the APC has been blocked by some vested interests in their states. Their platform, the PDP, has since become a relic of the past and is now merely surviving at the mercy of some individuals who are holding on to it for a political bargain.\nWhile this may be a terrible state to find oneself in, it is often at times like these that political strategists hone their skills and prove their mettle. Interestingly, both governors were elected based on popular votes and the determined will of their citizens. Since they emerged as governors against all odds, disdaining the ruling APC’s federal might, they can do it again. Good enough, the National Assembly is working on the Electoral Act to accommodate independent candidacy. That may be an option for them.",
    "highlightText": "",
    "highlightTitle": "",
    "highlightThreadTitle": "",
    "language": "english",
    "sentiment": "negative",
    "categories": [
        "Politics",
        "Social Issue"
    ],
    "topics": [
        "Politics->political crisis",
        "Politics->political parties and movements",
        "Politics->election",
        "Social Issue->social condition"
    ],
    "ai_allow": true,
    "has_canonical": false,
    "breaking": false,
    "webz_reporter": false,
    "external_links": [],
    "external_images": [],
    "internal_images": [],
    "entities": {
        "persons": [
            {
                "name": "Sule Lamido",
                "sentiment": "neutral"
            }
        ],
        "locations": [],
        "organizations": [
            {
                "name": "All Progressives Congress",
                "sentiment": "none",
                "tickers": [
                    {
                        "ticker": null,
                        "exchange": null
                    }
                ]
            },
            {
                "name": "APC",
                "sentiment": "none",
                "tickers": [
                    {
                        "ticker": null,
                        "exchange": null
                    }
                ]
            }
        ]
    },
    "syndication": {
        "syndicated": false,
        "syndicate_id": null,
        "first_syndicated": false
    },
    "trust": {
        "categories": [],
        "top_news": [],
        "bias": null,
        "source": {
            "type": null,
            "city": null,
            "state": null,
            "country": null,
            "domain_type": null,
            "agency": null,
            "organization_name": null
        }
    },
    "rating": null,
    "crawled": "2025-10-30T07:13:17.202+02:00",
    "updated": "2025-10-30T07:18:00.000+02:00"
}