{
    "thread": {
        "uuid": "b0c463d7663705e0ab4b998270b2afeae083ce43",
        "url": "https://lewisbrisbois.com/newsroom/legal-alerts/new-ofac-sanctions-adversely-impact-rosneft-and-lukoil-extra-diligence-requ",
        "site_full": "lewisbrisbois.com",
        "site": "lewisbrisbois.com",
        "site_section": "https://lewisbrisbois.com/newsroom",
        "site_categories": [],
        "section_title": "Newsroom - Lewis Brisbois Bisgaard &amp; Smith LLP",
        "site_title": "Home - Lewis Brisbois Bisgaard & Smith LLP - Lewis Brisbois Bisgaard &amp; Smith LLP",
        "title": "New OFAC Sanctions Adversely Impact Rosneft and Lukoil: Extra Diligence Required - Lewis Brisbois Bisgaard & Smith LLP",
        "title_full": "New OFAC Sanctions Adversely Impact Rosneft and Lukoil: Extra Diligence Required - Lewis Brisbois Bisgaard & Smith LLP",
        "published": "2025-10-29T02:00:00.000+02:00",
        "replies_count": 0,
        "participants_count": 0,
        "site_type": "news",
        "country": "US",
        "main_image": "",
        "performance_score": 0,
        "domain_rank": 340508,
        "domain_rank_updated": "2025-10-26T23:00:00.000+02:00",
        "licensing_agency": [],
        "social": {
            "facebook": {
                "likes": 0,
                "comments": 0,
                "shares": 0
            },
            "vk": {
                "shares": 0
            }
        }
    },
    "uuid": "b0c463d7663705e0ab4b998270b2afeae083ce43",
    "url": "https://lewisbrisbois.com/newsroom/legal-alerts/new-ofac-sanctions-adversely-impact-rosneft-and-lukoil-extra-diligence-requ",
    "ord_in_thread": 0,
    "author": null,
    "published": "2025-10-29T02:00:00.000+02:00",
    "title": "New OFAC Sanctions Adversely Impact Rosneft and Lukoil: Extra Diligence Required - Lewis Brisbois Bisgaard & Smith LLP",
    "text": "New OFAC Sanctions Adversely Impact Rosneft and Lukoil: Extra Diligence Required\nWashington, D.C. (October 29, 2025) - On October 22, 2025, the U.S. Department of the Treasury’s Office of Foreign Assets Control (OFAC) imposed further sanctions (Sanctions) as a “result of Russia’s lack of serious commitment to a peace process to end the war in Ukraine.” The Sanctions implement Executive Order 14024 (EO 14024), (as amended by Executive Order 14114) and apply to the two largest oil companies in Russia, Open Joint Stock Company Rosneft Oil Company (Rosneft) and Public Joint-Stock Company Lukoil (Lukoil), including more than 30 of their subsidiaries (Companies). In addition, the Sanctions cover “[a]ll entities owned 50 percent or more, directly or indirectly, by Rosneft and Lukoil, … even if not designated by OFAC.”\nThe Sanctions provide that all property and interests in property of the Companies that are in the United States or in the possession or control of U.S. persons are blocked and must be reported to OFAC. Importantly, both companies and U.S. and foreign financial institutions may risk exposure to sanctions for engaging in certain transactions or activities with the Companies.\nConcurrently with the issuance of the Sanctions, on October 15, 2025, the UK sanctioned Rosneft and Lukoil (UK Sanctions), and on October 23, 2025, the European Union (EU) adopted its 19th package of sanctions against Russia (Package). The Package substantially increases the pressure on the Russian economy, targeting key sectors such as energy, finance, the military industrial base, and special economic zones. Significantly, it expedites the ban on Rosneft’s and Gazpromneft’s oil and gas imports into the EU.\nImplications\nThe impact of the U.S. and UK Sanctions and the EU Package are significant. Businesses have until November 21, 2025 (U.S.), and November 28 (UK), to wind down transactions with the Companies, and these deadlines will apply to existing relationships between service providers and the Companies. The Companies daily export around two-thirds of Russia’s oil and those recipients will have to find other sources. Additionally, all transactions of the Companies that are based in dollars will be subjected to sanctions, further disrupting business.\nLukoil could be severely impacted and has announced it is seeking to sell its international assets. As the second largest oil producer in Russia, such a sale could have far-reaching consequences. It is estimated that Lukoil has about 5,300 service stations across 19 countries, including almost 200 in the U.S. It also operates several refineries in Europe and owns several ships to transport its product.\nIt is unclear how the U.S.-operated Lukoil service stations will be impacted. Most are owned locally and franchised by Lukoil. While some might receive product from Lukoil-owned refineries, many are supplied by U.S. refineries. Even if locally owned, it is not clear what kind of payments that might be due to Lukoil, such as for brand licensing, royalty payments, or franchise fees, will be affected.\nGeneral License No. 128, issued by OFAC simultaneously with the Sanctions, provides some direction for Lukoil service stations. It states that “all transactions prohibited by Executive Order (E.O.) 14024 that are ordinarily incident and necessary to the purchase of goods and services from, or the maintenance, operation, or wind down of Lukoil retail service stations located outside of the Russian Federation… are authorized through 12:01 eastern standard time, November 21, 2025, provided that any payment, directly or indirectly, to a blocked person—other than blocked Lukoil Retail Service Stations—is made into a blocked account in accordance with the Russian Harmful Foreign Activities Sanctions Regulations….” Payments to be made to Lukoil after this date must be paid into a blocked account. Locally owned stations may choose to re-brand and cancel any further transactions with Lukoil in order to avoid the risks of being sanctioned.\nFinancial Considerations\nBoth U.S. and foreign financial institutions must exercise extra diligence as a result of the Sanctions. Banks and insurance companies that have provided products and services to the Companies must cease doing so, including dealing with any entity that is 50% or more owned or controlled by them. General License No. 126, which authorizes the wind down of transactions with the Companies until November 21, 2025, requires that any payments made to the Companies must be made into a blocked account.\nThis could have enormous ramifications. Virtually all commercial transactions involve financing. Foreign financial institutions that conduct or facilitate significant transactions or provide any service involving Russia’s military-industrial base, including any persons blocked pursuant to E.O. 14024, risk being sanctioned by OFAC. Additionally, insurance companies that insure or re-insure ships owned by the Companies must engage in extra diligence.\nU.S. banks and insurance companies that work with foreign banks and insurance companies must ensure that they are not participants in any transactions that are covered by the Sanctions and the Package. As foreign financial institutions are unwinding their relationship with the newly sanctioned entities, extra diligence is needed to ensure that foreign banks no longer are providing products or services to the Companies’ refineries, ships, service stations, or any other entity that is owned or controlled by the Companies or their 50%-owned subsidiaries.\nThe EU Package imposes new restrictions that include additional banks in the transaction ban and implement new bans on Russia’s payment card and payment system; the Package also sanctions certain cryptocurrencies and exchanges used to evade sanctions.\nTakeaways\nThe Sanctions and Package substantially increase the pressure on Russia by striking at its two largest petroleum producers, which provide products worldwide, and significantly in Europe. U.S. companies, including service providers, that have business relationships with the Companies will need to examine those arrangements to ensure compliance with the new Sanctions. Mostly locally owned Lukoil service stations in the U.S. are particularly impacted, as it is unclear if they can operate under the Lukoil name or whether they must associate with another oil company to continue to do business. U.S. financial institutions that have correspondent relationships with foreign financial institutions that provided services to the Companies must increase their diligence as a result of the new sanctions. Foreign financial institutions must cease doing business with the Companies or risk significant OFAC sanctions.\nLewis Brisbois’s attorneys are actively engaged in the wide range of legal issues in this area and are advising clients on managing legal and business risk as events continue to develop at an accelerated pace. For more information, contact the authors or editor of this alert. Visit our Ukraine Conflict, International Trade, Export, Import and Investment Controls & National Security Practice page for additional alerts in this area.\nAuthors:\nThomas A. Brooks, Partner\nJane C. Luxton, Managing Partner - Washington, D.C.\nEditor:\nAndrew Pidgirsky, Partner and Chair of Ukraine Conflict, International Trade, Export, Import and Investment Controls & National Security Practice\nRelated Practices\nRelated Attorneys\nPartners\n-\n-\nAndrew Pidgirsky\nPartner\nHouston, TX\nDallas, TX\nNew York, NY\n832.548.3015\n[[email protected]](https://lewisbrisbois.com/cdn-cgi/l/email-protection#aaebc4ced8cfdd84fac3cecdc3d8d9c1d3eac6cfddc3d9c8d8c3d9c8c5c3d984c9c5c7)Attorney Bio\nSeminars & Webinars\n-\nNovember 20, 2025 • General Webinar Series\nCareful Contract Drafting & the Litigation That Follows: The Pitfalls & Protections. -\nDecember 18, 2025 • General Webinar Series\nEthics II: Advanced Legal Issues Involving AI\nMore Seminars & Webinars",
    "highlightText": "",
    "highlightTitle": "",
    "highlightThreadTitle": "",
    "language": "english",
    "sentiment": "negative",
    "categories": [
        "Economy, Business and Finance",
        "Politics"
    ],
    "topics": [
        "Economy, Business and Finance->corporate governance and csr",
        "Economy, Business and Finance->business service",
        "Politics->economic sanction",
        "Politics->regulation of industry"
    ],
    "ai_allow": true,
    "has_canonical": false,
    "breaking": null,
    "webz_reporter": false,
    "external_links": [
        "https://ofac.treasury.gov/media/57936/download?inline",
        "https://www.lukoil.com/PressCenter/Pressreleases/Pressrelease/on-international-assets-of-lukoil-group",
        "https://ofac.treasury.gov/media/934706/download?inline",
        "https://ec.europa.eu/commission/presscorner/detail/en/ip_25_2491",
        "https://home.treasury.gov/news/press-releases/sb0290",
        "https://ofac.treasury.gov/media/934716/download?inline",
        "https://www.gov.uk/government/news/huge-blow-for-putins-war-machine-as-uk-sanctions-russian-oil",
        "https://ofac.treasury.gov/media/934716/download",
        "https://www.ofac.treasury.gov/media/934716/download?inline",
        "https://www.ofac.treasury.gov/media/57936/download?inline",
        "https://ofac.treasury.gov/media/934706/download",
        "https://lukoil.com/PressCenter/Pressreleases/Pressrelease/on-international-assets-of-lukoil-group",
        "https://gov.uk/government/news/huge-blow-for-putins-war-machine-as-uk-sanctions-russian-oil",
        "https://www.home.treasury.gov/news/press-releases/sb0290",
        "https://www.ofac.treasury.gov/media/934706/download?inline",
        "https://ofac.treasury.gov/media/57936/download",
        "https://www.ec.europa.eu/commission/presscorner/detail/en/ip_25_2491"
    ],
    "external_images": [],
    "internal_images": [],
    "entities": {
        "persons": [],
        "locations": [
            {
                "name": "D.C.",
                "sentiment": "none"
            }
        ],
        "organizations": [
            {
                "name": "Open Joint Stock Company Rosneft Oil Company",
                "sentiment": "none",
                "tickers": [
                    {
                        "ticker": "ROSN",
                        "exchange": "MOEX"
                    }
                ]
            },
            {
                "name": "Public Joint-Stock Company Lukoil",
                "sentiment": "none",
                "tickers": []
            },
            {
                "name": "OFAC",
                "sentiment": "none",
                "tickers": [
                    {
                        "ticker": null,
                        "exchange": null
                    }
                ]
            }
        ]
    },
    "syndication": {
        "syndicated": false,
        "syndicate_id": null,
        "first_syndicated": false
    },
    "trust": {
        "categories": [],
        "top_news": [],
        "bias": null,
        "source": {
            "type": "newsroom",
            "city": null,
            "state": null,
            "country": null,
            "domain_type": null,
            "agency": null,
            "organization_name": null
        }
    },
    "rating": null,
    "crawled": "2025-10-30T08:09:18.999+02:00",
    "updated": "2025-10-30T08:11:51.000+02:00"
}