{
    "thread": {
        "uuid": "8270ff8ce9d538ab90340ecd42d6873cdc34d956",
        "url": "https://www.lokmattimes.com/maharashtra/banjara-community-protest-for-st-quota-anticipating-major-road-blockade-police-strengthen-security-on-samruddhi-expressway-a525/",
        "site_full": "www.lokmattimes.com",
        "site": "lokmattimes.com",
        "site_section": "https://lokmattimes.com/#nofollow",
        "site_categories": [],
        "section_title": "Latest News, Today's Breaking News, Top Headlines related to India, World, Maharashtra, Business, Sports, & Entertainment at Lokmat Times",
        "site_title": "Latest News, Today's Breaking News, Top Headlines related to India, World, Maharashtra, Business, Sports, & Entertainment at Lokmat Times",
        "title": "Banjara Community Protest for ST Quota: Anticipating Major Road Blockade, Police Strengthen Security on Samruddhi Expressway - www.lokmattimes.com",
        "title_full": "Banjara Community Protest for ST Quota: Anticipating Major Road Blockade, Police Strengthen Security on Samruddhi Expressway - www.lokmattimes.com",
        "published": "2025-10-30T07:14:40.757+02:00",
        "replies_count": 0,
        "participants_count": 1,
        "site_type": "news",
        "country": "IN",
        "main_image": "https://d3pc1xvrcw35tl.cloudfront.net/ln/images/1200x900/samruddhi-expressway-banjara-st-reservation-protest_2025101029617.png",
        "performance_score": 0,
        "domain_rank": 98936,
        "domain_rank_updated": "2025-10-26T23:00:00.000+02:00",
        "licensing_agency": [],
        "social": {
            "facebook": {
                "likes": 0,
                "comments": 0,
                "shares": 0
            },
            "vk": {
                "shares": 0
            }
        }
    },
    "uuid": "8270ff8ce9d538ab90340ecd42d6873cdc34d956",
    "url": "https://www.lokmattimes.com/maharashtra/banjara-community-protest-for-st-quota-anticipating-major-road-blockade-police-strengthen-security-on-samruddhi-expressway-a525/",
    "ord_in_thread": 0,
    "author": "/author/lokmat-english-desk/",
    "published": "2025-10-30T07:14:40.757+02:00",
    "title": "Banjara Community Protest for ST Quota: Anticipating Major Road Blockade, Police Strengthen Security on Samruddhi Expressway - www.lokmattimes.com",
    "text": "Banjara Community Protest for ST Quota: Anticipating Major Road Blockade, Police Strengthen Security on Samruddhi Expressway\nBy Lokmat Times Desk | Updated: October 30, 2025 10:28 IST2025-10-30T10:27:34+5:302025-10-30T10:28:47+5:30\nAuthorities in Maharashtra have deployed around 800 police officers and personnel along the Samruddhi Highway in Malegaon, Washim district, ...\nAuthorities in Maharashtra have deployed around 800 police officers and personnel along the Samruddhi Highway in Malegaon, Washim district, ahead of a proposed road blockade by members of the Banjara community demanding Scheduled Tribe (ST) reservation. Washim Superintendent of Police (SP) Anuj Tare stated that the protest is expected to take place on both the Samruddhi Mahamarg and national highways, under the jurisdiction of the Malegaon Police Station. Although no official permission has been granted for the demonstration, extensive security arrangements have been made. The deployment includes five Deputy Superintendents of Police (DySPs), 13 Police Inspectors (PIs), 50 Assistant Police Inspectors (APIs), and over 700 officers. Tare added that all necessary precautions are being taken to ensure law and order and to prevent any untoward incidents.\n— ANI (@ANI)\n[#WATCH]| Maharashtra: Anuj Tare, Washim SP says, \"A road blockade has been planned today by the Banjara community, which falls under the jurisdiction of the Malegaon police station. The road blockade is expected at Samruddhi highway, and the national highway. We have not granted…[https://t.co/sTC4sDXFJx][pic.twitter.com/vfP1rRXXhK][October 30, 2025]\n— ANI (@ANI)\n[#WATCH]| Maharashtra: Around 800 police officers and personnel are on the Samruddhi Highway in Malegaon, Washim district, as the Banjara community is going to hold a road blockade, demanding ST reservations.[pic.twitter.com/IiqrGlgtbd][October 30, 2025]\nRecently, a 32-year-old man in Beed district committed suicide over the same demand for ST status, reported news agency PTI. The deceased, identified as Pravin Baburao Jadhav from Kekat Pangri village in Georai tehsil, reportedly posted a video on social media before taking his life, expressing anguish over the government’s inaction on the Banjara community’s reservation demand, reported news agency PTI. His death triggered fresh unrest, with locals staging a blockade on the Dhule–Solapur road to press for government intervention. Police said Jadhav was upset about the state’s recent decision to recognize eligible Marathas as Kunbis for OBC reservation, questioning why Banjaras were being excluded from ST benefits. Authorities have registered a case of accidental death at Georai police station, and further investigation is underway, according to Deputy Superintendent of Police Anil Katake.\nOpen in app",
    "highlightText": "",
    "highlightTitle": "",
    "highlightThreadTitle": "",
    "language": "english",
    "sentiment": "negative",
    "categories": [
        "Social Issue",
        "Politics"
    ],
    "topics": [
        "Social Issue->national or ethnic minority",
        "Social Issue->communities",
        "Politics->political crisis",
        "Politics->civil rights"
    ],
    "ai_allow": true,
    "has_canonical": false,
    "breaking": false,
    "webz_reporter": false,
    "external_links": [],
    "external_images": [],
    "internal_images": [],
    "entities": {
        "persons": [
            {
                "name": "Anuj Tare",
                "sentiment": "none"
            }
        ],
        "locations": [
            {
                "name": "Samruddhi Highway",
                "sentiment": "none"
            },
            {
                "name": "Maharashtra",
                "sentiment": "none"
            }
        ],
        "organizations": []
    },
    "syndication": {
        "syndicated": false,
        "syndicate_id": null,
        "first_syndicated": false
    },
    "trust": {
        "categories": [],
        "top_news": [],
        "bias": null,
        "source": {
            "type": null,
            "city": null,
            "state": null,
            "country": null,
            "domain_type": null,
            "agency": null,
            "organization_name": null
        }
    },
    "rating": null,
    "crawled": "2025-10-30T07:14:40.757+02:00",
    "updated": "2025-10-30T07:28:36.000+02:00"
}