{
    "thread": {
        "uuid": "205b999efa881abab8d01c25fe87246a768e677b",
        "url": "https://www.hindustantimes.com/world-news/us-news/naomi-seibt-why-german-activist-known-as-europe-s-anti-greta-wants-us-asylum-death-threats-from-antifa-persecuti-101761805823866.html",
        "site_full": "www.hindustantimes.com",
        "site": "hindustantimes.com",
        "site_section": "https://news.google.com/search?q=why%20when%3A1h&hl=en-US&gl=US&ceid=US%3Aen",
        "site_categories": [
            "media",
            "top_news_pk",
            "top_news_gb",
            "top_news_kw",
            "top_news_sa",
            "top_news_nz",
            "top_news_au",
            "top_news_sg",
            "top_news_ie",
            "top_news_za",
            "top_news_ph",
            "top_news_ae",
            "top_news_us",
            "top_news_in",
            "top_news_ca",
            "top_news_my",
            "top_news_iq",
            "top_news_qa",
            "top_news"
        ],
        "section_title": "Google News - Search",
        "site_title": "News: Today’s News Headlines, Breaking News India, World News and Cricket News | Hindustan Times",
        "title": "Naomi Seibt: Why German activist, Europe's 'Anti-Greta,' wants US asylum: 'Persecution, death threats from Antifa' | Hindustan Times",
        "title_full": "Naomi Seibt: Why German activist, Europe's 'Anti-Greta,' wants US asylum: 'Persecution, death threats from Antifa' | Hindustan Times",
        "published": "2025-10-30T08:43:00.000+02:00",
        "replies_count": 0,
        "participants_count": 1,
        "site_type": "news",
        "country": "IN",
        "main_image": "https://www.hindustantimes.com/ht-img/img/2025/10/30/1600x900/huipwer_1761806488149_1761806493507.jpg",
        "performance_score": 0,
        "domain_rank": 825,
        "domain_rank_updated": "2025-10-26T23:00:00.000+02:00",
        "licensing_agency": [],
        "social": {
            "facebook": {
                "likes": 0,
                "comments": 0,
                "shares": 18
            },
            "vk": {
                "shares": 0
            }
        }
    },
    "uuid": "205b999efa881abab8d01c25fe87246a768e677b",
    "url": "https://www.hindustantimes.com/world-news/us-news/naomi-seibt-why-german-activist-known-as-europe-s-anti-greta-wants-us-asylum-death-threats-from-antifa-persecuti-101761805823866.html",
    "ord_in_thread": 0,
    "author": "@httweets",
    "published": "2025-10-30T08:43:00.000+02:00",
    "title": "Naomi Seibt: Why German activist, Europe's 'Anti-Greta,' wants US asylum: 'Persecution, death threats from Antifa' | Hindustan Times",
    "text": "Naomi Seibt: Why German activist, Europe’s ‘Anti-Greta,’ wants US asylum: ‘Persecution, death threats from Antifa’\nNaomi Seibt, known as Europe’s “Anti-Greta,” has applied for asylum in the US, saying “I am the bridge between Germany and the MAGA movement.”\nGerman activist Naomi Seibt, known as Europe’s “Anti-Greta,” has applied for asylum in the US. In a video posted on social media, the 25-year-old said she faces government repression and threats in Germany because of her views on climate change, migration and free speech.\nSeibt filed the request under Section 208 of the US Immigration and Nationality Act. In a statement to Fox News Digital, she said her “goal is to become an American citizen” and that in her home country, she is afraid of being exposed to “imprisonment or physical harm.”\n‘I continue to receive death threats from Antifa’\nIn a video shared on X, Seibt said she is the “first European to seek asylum in the United States of America under President Trump's new proposal for a refugee mandate, because I am facing persecution in my home country Germany for my political views, for my support for the AfD party, the only opposition party in Germany, and most importantly for my advocacy for free speech.”\nRead More | German YouTuber gets self-driving Tesla cab. Elon Musk responds to ‘surreal’ video\n“I have become the target of severe government and intelligence surveillance and harassment. My communications have been intercepted and my family has been stalked by reporters for the state media for whom we pay taxes and I continue to receive death threats from Antifa,” Seibt said, adding that police had refused to help her.\nShe added, “President Trump has correctly identified Antifa as a terrorist organisation but meanwhile the German government silently condone these attacks on their own citizens as if they are soldiers for their agenda.”\nSeibt said that the Europe is becoming a “breeding ground for tyranny,” but in contrast, America “still treats the right to free speech as sacred”. “The reason why the German government and intelligence gained an interest in me is because I was the very first young English-speaking influencer to openly align with the AfD party, right of centre political views and most importantly I supported President Trump since he came down the golden escalator in 2015 and announced that he was running for president,” she said. “Trump's election victory was the crack in the matrix that terrified globalist tyrants and now I am the bridge between Germany and the MAGA movement which the European Union desperately wants to burn.”\nRead More | American man picks Germany over US for work culture: ‘The greatest perk is…’\nSiebt added, “I am seeking protection under the United States government to expose the truth about the tyranny of Germany and the European Union who have made the MAGA administration their enemies. And I encourage everybody in Europe to stand up for what MAGA represents and turn it into MEGA.”\nSupport from Elon Musk\nSeibt has said that her political viewpoints and activism efforts caught Elon Musk's attention, as reported by Fox News Digital. \"I made a post during the European elections in June 2024, where I said, \"My name is Naomi Seibt, and I'm voting for the AfD.\" That was the very first time that Elon Musk himself interacted with me,\" Seibt said.\nSeibt claimed that Musk is aware of the danger in Europe, and has offered her support. \"Over the course of last year, I was obviously retweeted a lot by Elon Musk, and I interacted with him personally in private messages just about what’s going on in Germany,\" she said. \"Elon has been terrified of going to Europe and knows that there is an extremely high threat and has confirmed this to me personally. That’s when I made the decision to apply for asylum myself. He gave me his approval for that.\"\nSeibt added, \"As soon as I would leave the United States of America, I would be at great risk of being arrested for my free speech. I have explained most of these things to Elon and keep him updated every now and then on what's going on, and so he is quite aware.”\nUS Newscovering politics, crime, weather, local events, and sports highlights. Get the latest on\nDonald Trumpand American politics also realtime updates on\nIndonesia ferry fire.\nUS Newscovering politics, crime, weather, local events, and sports highlights. Get the latest on\nDonald Trumpand American politics also realtime updates on\nIndonesia ferry fire.\nNews/\nWorld News/\nUS News/ Naomi Seibt: Why German activist, Europe’s ‘Anti-Greta,’ wants US asylum: ‘Persecution, death threats from Antifa’",
    "highlightText": "",
    "highlightTitle": "",
    "highlightThreadTitle": "",
    "language": "english",
    "sentiment": "negative",
    "categories": [
        "Politics",
        "Social Issue"
    ],
    "topics": [
        "Politics->human rights",
        "Politics->political dissent",
        "Social Issue->discrimination",
        "Social Issue->social problem"
    ],
    "ai_allow": true,
    "has_canonical": false,
    "breaking": true,
    "webz_reporter": false,
    "external_links": [],
    "external_images": [],
    "internal_images": [],
    "entities": {
        "persons": [
            {
                "name": "Naomi Seibt",
                "sentiment": "negative"
            },
            {
                "name": "Trump",
                "sentiment": "none"
            }
        ],
        "locations": [
            {
                "name": "Europe",
                "sentiment": "none"
            }
        ],
        "organizations": [
            {
                "name": "Hindustan Times",
                "sentiment": "negative",
                "tickers": [
                    {
                        "ticker": null,
                        "exchange": null
                    }
                ]
            },
            {
                "name": "Fox News Digital",
                "sentiment": "none",
                "tickers": [
                    {
                        "ticker": null,
                        "exchange": null
                    }
                ]
            }
        ]
    },
    "syndication": {
        "syndicated": false,
        "syndicate_id": null,
        "first_syndicated": false
    },
    "trust": {
        "categories": [
            "fake_news"
        ],
        "top_news": [
            "top_news_pk",
            "top_news_gb",
            "top_news_kw",
            "top_news_sa",
            "top_news_nz",
            "top_news_au",
            "top_news_sg",
            "top_news_ie",
            "top_news_za",
            "top_news_ph",
            "top_news_ae",
            "top_news_us",
            "top_news_in",
            "top_news_ca",
            "top_news_my",
            "top_news_iq",
            "top_news_qa",
            "top_news"
        ],
        "bias": "center",
        "source": {
            "type": null,
            "city": null,
            "state": null,
            "country": null,
            "domain_type": null,
            "agency": null,
            "organization_name": null
        }
    },
    "rating": null,
    "crawled": "2025-10-30T08:49:18.099+02:00",
    "updated": "2025-10-31T09:06:52.000+02:00"
}