{
    "thread": {
        "uuid": "1e3acf361d699c652099a488ec8a15212d3b22e0",
        "url": "https://article.wn.com/view/2025/10/30/Trump_hints_at_US_resuming_nuclear_tests_after_30_years_cite/",
        "site_full": "article.wn.com",
        "site": "wn.com",
        "site_section": "https://wn.com/business",
        "site_categories": [
            "media"
        ],
        "section_title": "World News - Business",
        "site_title": "World News",
        "title": "Trump hints at US resuming nuclear tests after 30 years, cites Russia-China parity - Worldnews.com",
        "title_full": "Trump hints at US resuming nuclear tests after 30 years, cites Russia-China parity - Worldnews.com",
        "published": "2025-10-30T02:00:00.000+02:00",
        "replies_count": 0,
        "participants_count": 1,
        "site_type": "news",
        "country": "US",
        "main_image": "",
        "performance_score": 0,
        "domain_rank": 8219,
        "domain_rank_updated": "2025-10-26T23:00:00.000+02:00",
        "licensing_agency": [],
        "social": {
            "facebook": {
                "likes": 0,
                "comments": 0,
                "shares": 0
            },
            "vk": {
                "shares": 0
            }
        }
    },
    "uuid": "1e3acf361d699c652099a488ec8a15212d3b22e0",
    "url": "https://article.wn.com/view/2025/10/30/Trump_hints_at_US_resuming_nuclear_tests_after_30_years_cite/",
    "ord_in_thread": 0,
    "author": "System",
    "published": "2025-10-30T02:00:00.000+02:00",
    "title": "Trump hints at US resuming nuclear tests after 30 years, cites Russia-China parity - Worldnews.com",
    "text": "Thursday, 30 October 2025\nThe announcement, made on Truth Social minutes before his... read full story\nAnswer for your question of the article will be displayed here ...",
    "highlightText": "",
    "highlightTitle": "",
    "highlightThreadTitle": "",
    "language": "english",
    "sentiment": "negative",
    "categories": [
        "Politics"
    ],
    "topics": [
        "Politics->international relations",
        "Politics->government policy",
        "Politics->nuclear policy"
    ],
    "ai_allow": true,
    "has_canonical": false,
    "breaking": null,
    "webz_reporter": false,
    "external_links": [],
    "external_images": [],
    "internal_images": [],
    "entities": {
        "persons": [],
        "locations": [],
        "organizations": []
    },
    "syndication": {
        "syndicated": false,
        "syndicate_id": null,
        "first_syndicated": false
    },
    "trust": {
        "categories": [
            "trusted_news"
        ],
        "top_news": [],
        "bias": "center",
        "source": {
            "type": null,
            "city": null,
            "state": null,
            "country": null,
            "domain_type": null,
            "agency": null,
            "organization_name": null
        }
    },
    "rating": null,
    "crawled": "2025-10-30T08:07:47.145+02:00",
    "updated": "2025-10-30T08:11:30.000+02:00"
}