{
    "thread": {
        "uuid": "7ff37844f8ddc46930dfef8e8de1d3e6e73156bb",
        "url": "https://californiaglobe.com/fr/jewish-families-suing-sequoia-union-high-school-district-in-silicon-valley-over-rampant-anti-semitism",
        "site_full": "californiaglobe.com",
        "site": "californiaglobe.com",
        "site_section": "https://www.californiaglobe.com",
        "site_categories": [
            "media"
        ],
        "section_title": "California Globe &#8211; California Political News",
        "title": "Jewish Families Suing Sequoia Union High School District in Silicon Valley Over Rampant Anti-Semitism",
        "title_full": "Jewish Families Suing Sequoia Union High School District in Silicon Valley Over Rampant Anti-Semitism",
        "published": "2024-11-30T17:52:00.000+02:00",
        "replies_count": 0,
        "participants_count": 1,
        "site_type": "news",
        "country": "US",
        "main_image": "",
        "performance_score": 0,
        "domain_rank": 27750,
        "domain_rank_updated": "2024-11-25T23:00:00.000+02:00",
        "social": {
            "facebook": {
                "likes": 0,
                "comments": 0,
                "shares": 0
            },
            "vk": {
                "shares": 0
            }
        }
    },
    "uuid": "7ff37844f8ddc46930dfef8e8de1d3e6e73156bb",
    "url": "https://californiaglobe.com/fr/jewish-families-suing-sequoia-union-high-school-district-in-silicon-valley-over-rampant-anti-semitism",
    "ord_in_thread": 0,
    "parent_url": null,
    "author": "Evan Gahr",
    "published": "2024-11-30T17:52:00.000+02:00",
    "title": "Jewish Families Suing Sequoia Union High School District in Silicon Valley Over Rampant Anti-Semitism",
    "text": "Left-wing anti-Semitism has infested California schools like UCLA and UC Davis , but the world’s oldest hatred has also taken hold on the high school leve l. Now some parents are fighting back in a new federal lawsuit filed earlier this month.\nSix Jewish families are suing the Sequoia Union High School District in Silicon Valley over rampant anti-Seitism their kids experienced in high school as administrators stood by and allowed it to fester. In one case, a student who complained about anti-Semitic harassment was told it was his own fault.\nThe lawsuit says school leaders at Woodside High School and Menlo-Atherton High School did not take repeated complaints seriously, and describes one harrowing incident after another–including students subjected to anti-Semitic slurs, Nazi graffiti and teachers turning their classrooms into Israel bashing forums.\nThe lawsuit cites “egregious failures” by school administrators in their response to anti-Semitism and “indifference to it.”\nThe administration’s “tepid response to the Oct. 7 attacks exacerbated the already pervasive antisemitism within its schools. Jewish students faced a barrage of taunts, slurs and hateful remarks, culminating in the appearance of two giant swastikas on campus grounds,” the complaint says. “Rather than addressing the escalating incidents, SUHSD officials shifted blame onto the victims, refused to engage with concerned parents, and used superficial ‘investigations’ to whitewash legitimate concerns.”\n“When SUHSD parents and students raised concerns—through emails, petitions, and formal complaints—the District responded with bureaucratic obfuscation and outright denial, demonstrating a deliberate indifference to SUHSD’s Jewish students. Emails were ignored, and meetings were canceled, without explanation,” the lawsuit says. “The District’s administrators and trustees have consistently and deliberately refused to take concrete action to stem the scourge of antisemitism on their campuses, to the detriment of Jewish SUHSD students who, subjected to harassment and ridicule from both peers and teachers, have been forced to endure an increasingly hostile learning environment\nOne parent is suing because her son was subjected to anti-Semitic insults and abuse by a bunch of other students. But when the boy complained administrators told him he brought the abuse on himself.\nThe parents are suing as guardians for their kids who attend Woodside High School and Menlo-Atherton High School. The lawsuit was filed in the United States District Court for the Northern District of California, San Francisco Division. It charges violations of the First Amendment guarantee to freedom of speech and freedom of religion, and violation of Title VI of the 1964 Civil Rights Act, which has been interpreted to prohibit discrimination based on religion by educational institutions that receive federal funds.\nThe defendants include Woodside High Principal Karen Van Putten, Menlo-Atherton High School Principal Karl Losekoot, Sequoia Union Superintendent Crystal Leach, the Sequoia School Board members, and Gregory Gruszynski, a history teacher at Woodside High School who the complaint says turned his classroom into a pro-Hamas bastion browbeating a Jewish student who disagreed with him.\nThe lawsuit says that Gruszynski taught “pro-Hamas propaganda under the guise of teaching 10th-grade World History.”\nHe displayed a “Free Palestine sticker” on his classroom wall and described Hamas as just a “political party. “\nHe “urged students to draw a false equivalence between Hamas, a U.S.-designated terrorist organization, and the State of Israel…. [and] asked students rhetorically, ‘How different is Israel from Hamas?’\nGruszynski also ridiculed an openly Jewish student in the class and “coerced her into endorsing his biased and ahistorical views to achieve satisfactory grades on exams.”\n“The girl repeatedly returned home in tears after suffering through Gruszynski’s classes,” the lawsuit says.\nBut when her parents complained to administrators they were given the run around by administrators who violated California law by refusing them access to all of Gruszynksi’s course materials.\nThe lawsuit is asking that Gruszynski be dismissed.\nAnother teacher of his ilk even introduced anti-Israel material into geometry lessons, the complaint says.\nThe lawsuit describes a series of harrowing anti-Semitic incidents that students endured with tepid responses from administrators who tried to whitewash what occurred and even blamed the victims.\nMargarette Kesselman is a plaintiff on behalf of her son over the anti-Semitic bullying he endured as a sophomore at Menlo-Atherton High School. Several days after the Hamas October 7 attack, he was called a “kike” by a group of students who told him his family should “burn in hell” and “all Israel supporters should be killed.”\nThe boy filed an incident report with the school. But in response, “administrators blamed [him] for his own harassment and suggested he relocate to a different class to avoid ‘provoking’ the main antisemitic perpetrator.”\nAnother girl at the school was told by a teaching assistant to hide her Star of David Jewelry or she would “get what she deserved” and another teacher told a student that he could tell she was Jewish “by her nose.”\nOne substitute teacher upon learning a student was Jewish proceeded to make grotesque Holocaust jokes. “How do you fit 10,000 Jews in a Volkswagen?” she asked. “In the ashtray.”\nAdministrators continually whitewashed the anti-Semitism that was reported to them. The most grotesque instance of this was probably after two swastikas were etched in the pavement outside Woodside High School on November 1, 2023.\nTwo days later Woodside High School principal Karen Van Putten emailed the entire school community and said “extensive investigation” by administrators and the San Mateo Sheriff’s Department established that the swastikas were really just “spiritual symbol[s] from Japanese Buddhism known as Manji popularized by [animation].”\nThe lawsuit says the Sheriff’s Department conducted no such investigation and reached no such conclusion. This was just Van Putten repeating the line that the student caught drawing the swastikas offered.\n“In truth, the District’s purportedly “extensive” investigation was a sham, concluded in under two days, and the “confirm[ation]” was merely a rubber-stamping of the perpetrator’s own selfserving story, which SUHSD administrators quickly accepted, lest they be forced to confront the growing tide of antisemitism within their schools. Even worse, VAN PUTTEN lied. Contrary to VAN PUTTEN’s assertion that the San Mateo County Sheriff’s Department participated in the “investigation,” the Department has no record of receiving any reports about swastika incidents on or around November 1, 2023. SUHSD administrators failed to take meaningful action to protect Jewish students in the wake of this overt hostility toward Jews.”\nIt is really shocking that administrators entrusted with the safety of high school kids would prove so indifferent to anti-Semites preying on them.\nLori Lowenthal Marcus, one of the lawyers for the Jewish families, told the California Globe that, “Public school employees and administrators must understand and obey the law and their district’s policies and regulations that require them to respond to antisemitism in education as they would any other form of discrimination. That requirement includes the prohibition on teachers from acting on their own personal beliefs in the classroom when those beliefs constitute antisemitism.”\nShe also blamed warped ethnic studies classes for infusing public schools with anti-Semitism because Jews are demonized as oppressors. “The aspect of ethnic studies that incites antisemitism, and this is categorically true of what is called “liberated” or “critical” ethnic studies is the baked-in presentation that not only are Jews deemed white and so oppressors, but that the Jewish people are presented in these courses as land-stealing, ethnic cleansing colonists in their own native Homeland,” Marcus emailed. “The blatant and maliciously false claim that Jews are not indigenous to the land of Israel leads to the false view that Jews have stolen the land from others and have and are continuing to commit crimes and so are deserving of hatred, displacement and even mass murder. That effort to marinate public school students in Jew Hatred and Jewish State Hatred must be fought and defeated.”\nSequoia Union High School District spokeswoman Naomi Hunger did not respond to a request for comment.\nMarcus said the District’s response to the lawsuit is due on December 12th.",
    "highlightText": "",
    "highlightTitle": "",
    "highlightThreadTitle": "",
    "language": "english",
    "sentiment": "negative",
    "categories": [
        "Crime, Law and Justice",
        "Social Issue",
        "Politics"
    ],
    "topics": null,
    "ai_allow": true,
    "canonical": false,
    "webz_reporter": false,
    "external_links": [
        "https://deborahproject.org/wp-content/uploads/2024/11/AS-FILED-24-cv-8015_Kasle-et-al-v.-Van-Putten-et-al._COMPL_DKT1pdf.pdf",
        "https://www.google.com/url?q=https://californiaglobe.com/fr/ucla-mob-rule-overruled/&source=gmail&ust=1733013088371000&usg=AOvVaw3pmc4CvrT2dtlHWn7Kt80h",
        "https://www.google.com/url?q=https://californiaglobe.com/fl/uc-davis-makes-top-25-list-of-most-antisemitic-colleges-in-2024/&source=gmail&ust=1733013088371000&usg=AOvVaw1R2PIpjfOxHTHHrdWdxnSx",
        "https://www.google.com/url?q=https://californiaglobe.com/fr/shocking-new-developments-in-lawsuit-jewish-groups-filed-against-santa-ana-school-district/&source=gmail&ust=1733013088371000&usg=AOvVaw2DIFQ3fzP2cQAGd4yFBaFk",
        "https://www.google.com/url?q=https://deborahproject.org/wp-content/uploads/2024/11/AS-FILED-24-cv-8015_Kasle-et-al-v.-Van-Putten-et-al._COMPL_DKT1pdf.pdf&source=gmail&ust=1733013088371000&usg=AOvVaw3VKNN52hc42Yx9JICc7nZ_",
        "https://www.google.com/url",
        "https://google.com/url?q=https://californiaglobe.com/fl/uc-davis-makes-top-25-list-of-most-antisemitic-colleges-in-2024/&source=gmail&ust=1733013088371000&usg=AOvVaw1R2PIpjfOxHTHHrdWdxnSx",
        "https://www.deborahproject.org/wp-content/uploads/2024/11/AS-FILED-24-cv-8015_Kasle-et-al-v.-Van-Putten-et-al._COMPL_DKT1pdf.pdf",
        "https://google.com/url?q=https://californiaglobe.com/fr/ucla-mob-rule-overruled/&source=gmail&ust=1733013088371000&usg=AOvVaw3pmc4CvrT2dtlHWn7Kt80h",
        "https://google.com/url?q=https://californiaglobe.com/fr/shocking-new-developments-in-lawsuit-jewish-groups-filed-against-santa-ana-school-district/&source=gmail&ust=1733013088371000&usg=AOvVaw2DIFQ3fzP2cQAGd4yFBaFk",
        "https://google.com/url?q=https://deborahproject.org/wp-content/uploads/2024/11/AS-FILED-24-cv-8015_Kasle-et-al-v.-Van-Putten-et-al._COMPL_DKT1pdf.pdf&source=gmail&ust=1733013088371000&usg=AOvVaw3VKNN52hc42Yx9JICc7nZ_"
    ],
    "external_images": [],
    "entities": {
        "persons": [],
        "organizations": [
            {
                "name": "UCLA",
                "sentiment": "negative"
            },
            {
                "name": "Sequoia Union High School District",
                "sentiment": "none"
            },
            {
                "name": "Woodside High School",
                "sentiment": "none"
            }
        ],
        "locations": [
            {
                "name": "Silicon",
                "sentiment": "none"
            }
        ]
    },
    "syndication": {
        "syndicated": false,
        "syndicate_id": null,
        "first_syndicated": false
    },
    "rating": null,
    "crawled": "2024-12-01T00:52:27.686+02:00",
    "updated": "2024-12-01T00:52:27.686+02:00"
}