{
    "thread": {
        "uuid": "4d939b2971479d16ba5985e4aab7b2565e28c706",
        "url": "https://www.si.com/high-school/florida/jimmie-tyson-steps-down-as-lincoln-florida-head-football-coach-01jdzfxz00ta",
        "site_full": "www.si.com",
        "site": "si.com",
        "site_section": "https://www.si.com/high-school",
        "site_categories": [
            "sports"
        ],
        "section_title": "High School On SI - Sports Illustrated",
        "title": "Jimmie Tyson steps down as Lincoln (Florida) head football coach",
        "title_full": "Jimmie Tyson steps down as Lincoln (Florida) head football coach",
        "published": "2024-11-30T23:57:00.000+02:00",
        "replies_count": 0,
        "participants_count": 1,
        "site_type": "news",
        "country": "US",
        "main_image": "https://images2.minutemediacdn.com/image/upload/c_crop,w_4888,h_2749,x_0,y_0/c_fill,w_1440,ar_16:9,f_auto,q_auto,g_auto/shape/cover/sport/Tyson-f79071550bc4b8c0e2b94b5b635a663c.jpg",
        "performance_score": 0,
        "domain_rank": 1265,
        "domain_rank_updated": "2024-11-25T23:00:00.000+02:00",
        "social": {
            "facebook": {
                "likes": 0,
                "comments": 0,
                "shares": 1
            },
            "vk": {
                "shares": 0
            }
        }
    },
    "uuid": "4d939b2971479d16ba5985e4aab7b2565e28c706",
    "url": "https://www.si.com/high-school/florida/jimmie-tyson-steps-down-as-lincoln-florida-head-football-coach-01jdzfxz00ta",
    "ord_in_thread": 0,
    "parent_url": null,
    "author": "Andy Villamarzo",
    "published": "2024-11-30T23:57:00.000+02:00",
    "title": "Jimmie Tyson steps down as Lincoln (Florida) head football coach",
    "text": "According to 4Quarters Online, Tyson after four seasons has decided to end his tenure as lead man of the Trojans Andy Villamarzo | 2 Hours Ago\nTrojans defensive coordinator Jimmie Tyson observes the action as Lincoln beats Bainbridge 28-6 at Gene Cox Stadium on Thursday, Aug. 30, 2018. Lincoln Bainbridge 2018 414 / Brian Miller/Democrat via Imagn Content Services, LLC",
    "highlightText": "",
    "highlightTitle": "",
    "highlightThreadTitle": "",
    "language": "english",
    "sentiment": "negative",
    "categories": [
        "Sport",
        "Human Interest",
        "Politics"
    ],
    "topics": null,
    "ai_allow": true,
    "canonical": false,
    "webz_reporter": false,
    "external_links": [
        "https://apps.apple.com/lr/app/sblive-sports/id1550337702#?platform=iphone",
        "https://scorebooklive.com/florida/football/scores",
        "https://play.google.com/store/apps/details?id=com.scorebooklive.sblivesports&hl=en_US&gl=US&pli=1",
        "https://www.play.google.com/store/apps/details?id=com.scorebooklive.sblivesports&hl=en_US&gl=US&pli=1",
        "https://www.apps.apple.com/lr/app/sblive-sports/id1550337702#?platform=iphone",
        "https://www.scorebooklive.com/florida/football/scores",
        "https://apps.apple.com/lr/app/sblive-sports/id1550337702#",
        "https://play.google.com/store/apps/details"
    ],
    "external_images": [],
    "entities": {
        "persons": [],
        "organizations": [],
        "locations": []
    },
    "syndication": {
        "syndicated": false,
        "syndicate_id": null,
        "first_syndicated": false
    },
    "rating": null,
    "crawled": "2024-12-01T00:38:33.430+02:00",
    "updated": "2024-12-01T02:23:50.637+02:00"
}