{
    "thread": {
        "uuid": "92b651641df28d1f2a75e873c9f63f377c5185b4",
        "url": "https://www.stheadline.com/realtime-world/3406525/%E6%95%98%E5%88%A9%E4%BA%9E%E5%8F%8D%E5%B0%8D%E6%B4%BE%E6%AD%A6%E8%A3%9D%E6%8E%A7%E5%88%B6%E9%98%BF%E5%8B%92%E9%A0%97%E6%A9%9F%E5%A0%B4-%E6%94%BF%E5%BA%9C%E8%BB%8D%E6%92%92%E5%87%BA%E7%AC%AC%E5%9B%9B%E5%A4%A7%E5%9F%8E%E5%B8%82%E5%93%88%E9%A6%AC",
        "site_full": "www.stheadline.com",
        "site": "stheadline.com",
        "site_section": "https://www.stheadline.com/realtimenews/即時",
        "site_categories": [
            "media",
            "top_news_hk",
            "top_news_tw",
            "top_news"
        ],
        "section_title": "星島頭條-全面網羅多元優質內容",
        "title": "敘利亞反對派武裝控制阿勒頗機場 政府軍撒出第四大城市哈馬",
        "title_full": "敘利亞反對派武裝控制阿勒頗機場 政府軍撒出第四大城市哈馬",
        "published": "2024-12-01T00:29:00.000+02:00",
        "replies_count": 0,
        "participants_count": 1,
        "site_type": "news",
        "country": "HK",
        "main_image": "https://image.hkhl.hk/f/1200p0/0x0/100/none/31dbeb008b040a43cd773e77ec3c035d/2024-12/3YNIU7X7OJL6BEKCH2KSFBL7IQ.jpeg",
        "performance_score": 0,
        "domain_rank": 21286,
        "domain_rank_updated": "2024-11-25T23:00:00.000+02:00",
        "social": {
            "facebook": {
                "likes": 0,
                "comments": 0,
                "shares": 0
            },
            "vk": {
                "shares": 0
            }
        }
    },
    "uuid": "92b651641df28d1f2a75e873c9f63f377c5185b4",
    "url": "https://www.stheadline.com/realtime-world/3406525/%E6%95%98%E5%88%A9%E4%BA%9E%E5%8F%8D%E5%B0%8D%E6%B4%BE%E6%AD%A6%E8%A3%9D%E6%8E%A7%E5%88%B6%E9%98%BF%E5%8B%92%E9%A0%97%E6%A9%9F%E5%A0%B4-%E6%94%BF%E5%BA%9C%E8%BB%8D%E6%92%92%E5%87%BA%E7%AC%AC%E5%9B%9B%E5%A4%A7%E5%9F%8E%E5%B8%82%E5%93%88%E9%A6%AC",
    "ord_in_thread": 0,
    "parent_url": null,
    "author": "敘利亞反對派武裝控制阿勒頗機場 政府軍撒出第四大城市哈馬",
    "published": "2024-12-01T00:29:00.000+02:00",
    "title": "敘利亞反對派武裝控制阿勒頗機場 政府軍撒出第四大城市哈馬",
    "text": "0) { var resizeTimer; $(window).resize(function() { clearTimeout(resizeTimer); resizeTimer = setTimeout(resizeFunction, 1000); }); } function resizeFunction() { const isMobileAds = isMobile() && (typeof adUnits_m === 'object' && adUnits_m.length ===undefined); const isWebAds = !isMobile() && (typeof adUnits === 'object' && adUnits.length ===undefined); const debugLog = message => debug_mode && console.log(\"resizeFunction: \",message); const resizeAds = (selector, adType, isMobile) => { $(selector).each(function () { if ($(this).children().length === 0) { var divid = $(this).attr('id'); const i = $(this).data(`${adType}-index`); if (i in (isMobile ? adUnits_m[adType] : adUnits[adType])) { const a = (isMobile ? adUnits_m[adType] : adUnits[adType])[i]; debugLog(`Resize ${isMobile ? 'MWEB' : 'WEB'} ${adType}: Code:${a.code} DIV: ${a.divid} or ${divid}`); const slot = googletag.defineSlot(a.code, JSON.parse(a.sizes), divid); Object.entries(page_level_kv).forEach(( [key, value]) => { slot.setTargeting(key, value); }); slot.addService(googletag.pubads()); googletag.display(divid); } } }); }; debugLog(`isMobileAds ${isMobileAds} || isWebAds ${isWebAds}`); if (isMobileAds || isWebAds) { debugLog(`Resized? IsMobile=${isMobileAds}`); const adTypes = ['billborad', 'lrec', 'footer', 'popup', '1x1', 'gallery_leaderboard', 'gallery_flipad', 'inarticlebanner']; adTypes.forEach(adType => { debugLog(`For ${adType}: div[id^=\"${adType}\"]${isMobileAds ? '[id$=\"_m\"]' : ':not([id$=\"_m\"])'}`); resizeAds(`div[id^=\"${adType}\"]${isMobileAds ? '[id$=\"_m\"]' : ':not([id$=\"_m\"])'}`, adType, isMobileAds); }); } else { debugLog(\"Do Nothing during resize\"); } const keyimgSelector = isMobile() ? \"#keyimg_m\" : \"#keyimg\"; // if (!isMobile() || ($(keyimgSelector).length && !$(keyimgSelector).attr(\"data-fancybox\"))) { // $(keyimgSelector).attr(\"data-fancybox\", isMobile() ? \"gallery\" : \"\"); // } if(isMobile() && $(keyimgSelector).length ){ $('#keyimg').attr(\"data-fancybox\", \"exclude\"); $('#keyimg_m').attr(\"data-fancybox\", \"gallery\"); }else{ $('#keyimg').attr(\"data-fancybox\", \"gallery\"); $('#keyimg_m').attr(\"data-fancybox\", \"exclude\"); } [\"1\", \"2\", \"3\"].forEach(number => { const id = `#img_gallery_flipad${number}${isMobile() ? '-m' : ''}`; const $element = $(id); if ($element.length && isMobile() !== $element.attr(\"id\").endsWith(\"-m\")) { $element.attr(\"id\", isMobile() ? `${id}-m` : id); } }); if (!isMobile() && $(\".share-box\").is(\":hidden\")) { $(\".share-box\").show(); } } function PreviousPos(sitename,index) { if(checkCookie()){ setCookie(\"PreviousPos\", sitename+\".\"+index, 10); } } function RelatedPos(sitename,index) { if(checkCookie()){ setCookie(\"RelatedPos\", sitename+\".\"+index, 10); } } function cckevent(hamhame,btn,lnk) { window.digitalData = {...ClickAA}; window.digitalData.click.outbound = lnk; //evar 16 window.digitalData.click.clickbutton = btn; //evar 6 window.digitalData.page.hamham = hamhame; //evar 44 if( typeof _satellite !== \"undefined\"){ _satellite.track(\"click\", window.digitalData); } ga_cd_dataE = {...ClickGA}; ga_cd_dataE[\"outbound_links\"] = lnk; //evar 16 ga_cd_dataE[\"clickbutton\"] = btn; //evar 6 ga_cd_dataE[\"hamham\"] = hamhame; //evar 44 dataLayer.push(ga_cd_dataE); } 港聞 娛樂 最Hit 即時 中國 國際 星島申訴王 財經 地產 生活 健康 教育 體育 大灣區 專欄 馬經 TV PLUS 更多 港聞 社會 政情 突發 時事熱話 娛樂 即時娛樂 影視圈 星級品味 中國 即時中國 大國外交 兩岸熱話 奇聞趣事 國際 即時國際 環球拆局 趣聞熱話 星島申訴王 放蛇直擊 我要讚佢 區區申訴 提防騙子 申訴熱話 人人申訴 財經 投資理財 宏觀經濟 商業創科 股市 ESG 區塊鏈 地產 樓市動向 新盤速遞 筍盤推介 海外置業 家居裝修 生活 飲食 好去處 旅遊 時尚購物 生活百科 Art Can 汽車 健康 食用安全 保健養生 減肥運動 醫生教室 教育 教育新聞 升學攻略 高等教育 學習教室 知識轉移 親子 體育 即時體育 足球世界 波盤王 專家點睇 大灣區 跨境理財 置業灣區 灣區教育 吃喝玩樂 馬經 馬圈快訊 名家專欄 晨操動態 TV 時事台 娛樂台 產經台 生活台 直播Live PLUS 專欄 企業 ST+ 港聞 娛樂 最Hit 即時 中國 國際 星島申訴王 財經 地產 生活 健康 教育 體育 大灣區 專欄 馬經 TV PLUS 旗下品牌\n星島網 星島電子報 頭條日報 The Standard 東周刊 親子王 caz buyer 東Touch PCM 電腦廣場 Oh!爸媽 JobMarket 頭條揾工 EDUPLUS 星島環球 頭條金融報 頭條馬網 星島頭條 資訊生活服務平台\n一APP生活「Sync」到 《星島頭條》流動應用程式(APP)是一個結合生活、新聞資訊、視頻、個人化功能及生活實用小工具的綜合平台。 了解更多 關於我們 聯絡我們 隱私政策聲明 使用條款 版權及免責聲明 幫助及反饋 我要爆料 Copyright © 2024 SingTao Ltd.All rights reserved. 主頁 國際 即時國際 敘利亞反對派武裝控制阿勒頗機場 政府軍撒出第四大城市哈馬 即時國際 更新時間：06:29 2024-12-01\n發佈時間：06:29 2024-12-01 字體大小 敘利亞反對派武裝發動攻擊，進入該國第二大城市阿勒頗，並控制大部分地方包括機場；政府軍則從阿勒頗撒出。自周三起，衝突已造成300多人死亡。\n總部位於英國的敘利亞人權觀察組織 (SOHR) 稱，自周三開始以來，已有 300 多人喪生，其中包括至少 20 名平民。根據《SOHR》報道，叛軍已經控制了阿勒頗機場和附近的數十個城鎮。叛軍還宣布宵禁，並將持續到週日。另外，敘利亞人權觀察組織指，政府軍已從阿勒頗以南約140公里的第四大城市哈馬撤出。\n阿薩德總統週六發表講話，誓言「面對所有恐怖分子及其支持者，捍衛敘利亞的穩定和領土完整」。阿薩德的辦公室引述他的話說：「（敘利亞）有能力在其盟友和朋友的幫助下擊敗和消滅他們，無論他們的恐怖襲擊有多激烈。」\n敘利亞軍隊表示，叛軍從阿勒頗和伊德利卜前線的多軸發起廣泛進攻，叛軍已進入該市「大部分地區」。聲明稱，衝突已造成數十名士兵被殺，部隊已暫時從阿勒頗撤出，「以準備反攻」。\n↓立即下載星島頭條App↓\n↓立即下載星島頭條App↓",
    "highlightText": "",
    "highlightTitle": "",
    "highlightThreadTitle": "",
    "language": "english",
    "sentiment": "negative",
    "categories": [
        "War, Conflict and Unrest",
        "Politics",
        "Politics"
    ],
    "topics": null,
    "ai_allow": true,
    "canonical": false,
    "webz_reporter": false,
    "external_links": [
        "https://image.hkhl.hk/f/1440p0/0x0/100/none/390d3470b3cf482714ec8bf73f5b54cc/2024-12/3YNIU7X7OJL6BEKCH2KSFBL7IQ.jpeg",
        "https://www.eduplus.hk/",
        "https://cazbuyer.my-magazine.me/",
        "https://www.sthlstatic.com/sthl/assets/images/logo-dark.svg",
        "https://www.facebook.com/stheadlinehk/",
        "https://www.sthlstatic.com/sthl/assets/icons/ico-social-youtube.svg",
        "https://www.pcmarket.com.hk/",
        "https://www.sthlstatic.com/sthl/assets/images/logo.svg",
        "https://play.google.com/store/apps/details?id=singtao.android.hkheadline&hl=zh_HK&gl=US&utm_source=google+play+store",
        "https://www.jobmarket.com.hk/",
        "https://www.youtube.com/c/SingTaoHeadline/",
        "https://easttouch.my-magazine.me/main/",
        "https://www.stnn.cc/",
        "https://www.headlinejobs.hk/",
        "https://www.sthlstatic.com/sthl/assets/images/logo-stepaper.jpeg",
        "https://apps.apple.com/hk/app/%E9%A0%AD%E6%A2%9D%E6%97%A5%E5%A0%B1/id348023216?utm_source=ios",
        "https://image.hkhl.hk/f/1920p0/0x0/100/none/03f8f98be65c9f4b7632b96636712a09/2024-12/3YNIU7X7OJL6BEKCH2KSFBL7IQ.jpeg",
        "https://www.sthlstatic.com/sthl/assets/images/logo-singtao.svg",
        "https://www.sthlstatic.com/sthl/assets/icons/share-copy-link.svg",
        "https://www.sthlstatic.com/sthl/assets/icons/share_fb.svg",
        "https://www.linkedin.com/company/sing-tao-news-corporation-limited-%E6%98%9F%E5%B3%B6%E6%96%B0%E8%81%9E%E9%9B%86%E5%9C%98/",
        "https://www.googletagmanager.com/ns.html?id=GTM-PHTVG2B",
        "https://bit.ly/3Ol1S5H",
        "https://paper.headlinefinance.hk/",
        "https://www.ohpama.com/",
        "https://image.hkhl.hk/f/1024p0/0x0/100/none/5a272fe7e3c7f51275a5a8c9c5b24adb/2024-12/3YNIU7X7OJL6BEKCH2KSFBL7IQ.jpeg",
        "https://www.sthlstatic.com/sthl/assets/icons/ico-social-instagram.svg",
        "https://www.thestandard.com.hk/",
        "https://www.sthlstatic.com/sthl/assets/icons/share-e-mail.svg",
        "https://www.sthlstatic.com/sthl/assets/icons/share-whatsapp.svg",
        "https://www.sthlstatic.com/sthl/assets/icons/ico-social-linkedin.svg",
        "https://image.hkhl.hk/f/640p0/0x0/100/none/efeef45beeb2f1f93fc25d66b86a2c3f/2024-12/3YNIU7X7OJL6BEKCH2KSFBL7IQ.jpeg",
        "https://sb.scorecardresearch.com/p?c1=2&c2=9053246&cv=3.6&cj=1",
        "https://www.sthlstatic.com/sthl/assets/icons/ico-social-facebook.svg",
        "https://www.sthlstatic.com/sthl/assets/icons/plus-icon.svg",
        "https://e.infogram.com/f3414dde-f901-49fe-bf90-c60280eef982?src=embed",
        "https://www.instagram.com/singtaoheadline/",
        "https://linkedin.com/company/sing-tao-news-corporation-limited-%E6%98%9F%E5%B3%B6%E6%96%B0%E8%81%9E%E9%9B%86%E5%9C%98/",
        "https://sthlstatic.com/sthl/assets/images/logo-dark.svg",
        "https://sthlstatic.com/sthl/assets/images/logo-stepaper.jpeg",
        "https://instagram.com/singtaoheadline/",
        "https://sthlstatic.com/sthl/assets/icons/ico-social-linkedin.svg",
        "https://jobmarket.com.hk/",
        "https://sthlstatic.com/sthl/assets/images/logo.svg",
        "https://easttouch.my-magazine.me/main",
        "https://youtube.com/c/SingTaoHeadline/",
        "https://www.apps.apple.com/hk/app/%E9%A0%AD%E6%A2%9D%E6%97%A5%E5%A0%B1/id348023216?utm_source=ios",
        "https://sthlstatic.com/sthl/assets/icons/share_fb.svg",
        "https://sb.scorecardresearch.com/p",
        "https://www.ohpama.com",
        "https://www.youtube.com/c/SingTaoHeadline",
        "https://www.sb.scorecardresearch.com/p?c1=2&c2=9053246&cv=3.6&cj=1",
        "https://play.google.com/store/apps/details",
        "https://facebook.com/stheadlinehk/",
        "https://www.image.hkhl.hk/f/1024p0/0x0/100/none/5a272fe7e3c7f51275a5a8c9c5b24adb/2024-12/3YNIU7X7OJL6BEKCH2KSFBL7IQ.jpeg",
        "https://paper.headlinefinance.hk",
        "https://www.cazbuyer.my-magazine.me/",
        "https://www.headlinejobs.hk",
        "https://www.eduplus.hk",
        "https://www.image.hkhl.hk/f/1440p0/0x0/100/none/390d3470b3cf482714ec8bf73f5b54cc/2024-12/3YNIU7X7OJL6BEKCH2KSFBL7IQ.jpeg",
        "https://thestandard.com.hk/",
        "https://apps.apple.com/hk/app/%E9%A0%AD%E6%A2%9D%E6%97%A5%E5%A0%B1/id348023216",
        "https://ohpama.com/",
        "https://www.e.infogram.com/f3414dde-f901-49fe-bf90-c60280eef982?src=embed",
        "https://sthlstatic.com/sthl/assets/icons/share-whatsapp.svg",
        "https://www.jobmarket.com.hk",
        "https://www.thestandard.com.hk",
        "https://stnn.cc/",
        "https://www.paper.headlinefinance.hk/",
        "https://www.stnn.cc",
        "https://headlinejobs.hk/",
        "https://sthlstatic.com/sthl/assets/icons/ico-social-instagram.svg",
        "https://cazbuyer.my-magazine.me",
        "https://www.googletagmanager.com/ns.html",
        "https://googletagmanager.com/ns.html?id=GTM-PHTVG2B",
        "https://sthlstatic.com/sthl/assets/icons/ico-social-youtube.svg",
        "https://www.pcmarket.com.hk",
        "https://www.bit.ly/3Ol1S5H",
        "https://sthlstatic.com/sthl/assets/icons/share-e-mail.svg",
        "https://www.image.hkhl.hk/f/640p0/0x0/100/none/efeef45beeb2f1f93fc25d66b86a2c3f/2024-12/3YNIU7X7OJL6BEKCH2KSFBL7IQ.jpeg",
        "https://www.easttouch.my-magazine.me/main/",
        "https://sthlstatic.com/sthl/assets/icons/share-copy-link.svg",
        "https://www.instagram.com/singtaoheadline",
        "https://www.facebook.com/stheadlinehk",
        "https://www.linkedin.com/company/sing-tao-news-corporation-limited-%E6%98%9F%E5%B3%B6%E6%96%B0%E8%81%9E%E9%9B%86%E5%9C%98",
        "https://sthlstatic.com/sthl/assets/images/logo-singtao.svg",
        "https://eduplus.hk/",
        "https://sthlstatic.com/sthl/assets/icons/ico-social-facebook.svg",
        "https://www.play.google.com/store/apps/details?id=singtao.android.hkheadline&hl=zh_HK&gl=US&utm_source=google+play+store",
        "https://pcmarket.com.hk/",
        "https://sthlstatic.com/sthl/assets/icons/plus-icon.svg",
        "https://e.infogram.com/f3414dde-f901-49fe-bf90-c60280eef982",
        "https://www.image.hkhl.hk/f/1920p0/0x0/100/none/03f8f98be65c9f4b7632b96636712a09/2024-12/3YNIU7X7OJL6BEKCH2KSFBL7IQ.jpeg"
    ],
    "external_images": [],
    "entities": {
        "persons": [],
        "organizations": [],
        "locations": []
    },
    "syndication": {
        "syndicated": false,
        "syndicate_id": null,
        "first_syndicated": false
    },
    "rating": null,
    "crawled": "2024-12-01T01:01:58.342+02:00",
    "updated": "2024-12-01T01:01:58.342+02:00"
}