{
    "thread": {
        "uuid": "dbf654ed7cb386d4358581811ca1cc34eaf18a51",
        "url": "https://www.dailycommercial.com/story/sports/college/ucf/2024/11/30/ucf-knights-football-gus-malzahn-fsu-seminoles/76259003007",
        "site_full": "www.dailycommercial.com",
        "site": "dailycommercial.com",
        "site_section": "https://www.golf.einnews.com/live_feed",
        "site_categories": [
            "social"
        ],
        "section_title": "Live Feed Wire - Golf News Today - EIN Presswire",
        "title": "Gus Malzahn resigns as UCF Knights football coach to be FSU OC",
        "title_full": "Gus Malzahn resigns as UCF Knights football coach to be FSU OC",
        "published": "2024-11-30T23:57:00.000+02:00",
        "replies_count": 0,
        "participants_count": 1,
        "site_type": "news",
        "country": "US",
        "main_image": "https://www.gannett-cdn.com/authoring/authoring-images/2024/11/10/NDNJ/76168025007-usatsi-24723481.jpg?auto=webp&crop=5310,2988,x0,y276&format=pjpg&width=1200",
        "performance_score": 0,
        "domain_rank": 42602,
        "domain_rank_updated": "2024-11-25T23:00:00.000+02:00",
        "social": {
            "facebook": {
                "likes": 0,
                "comments": 0,
                "shares": 0
            },
            "vk": {
                "shares": 0
            }
        }
    },
    "uuid": "dbf654ed7cb386d4358581811ca1cc34eaf18a51",
    "url": "https://www.dailycommercial.com/story/sports/college/ucf/2024/11/30/ucf-knights-football-gus-malzahn-fsu-seminoles/76259003007",
    "ord_in_thread": 0,
    "parent_url": null,
    "author": ", Daily Commercial",
    "published": "2024-11-30T23:57:00.000+02:00",
    "title": "Gus Malzahn resigns as UCF Knights football coach to be FSU OC",
    "text": "UCF head coach Gus Malzahn leaves Knights to be Florida State offensive coordinator Chris Boyle Daytona Beach News-Journal Show Caption\nHide Caption\nUCF Knights football coach Gus Malzahn talks Ted Roof firing UCF head coach Gus Malzahn discussed firing defensive coordinator Ted Roof and ceding offensive play-calling duties to Tim Harris Jr. Monday. Since his arrival in 2021, Gus Malzahn has called UCF the \"future of college football.\" As of Saturday morning, UCF's future no longer includes the veteran head coach.\nMalzahn resigned Saturday, one day after completing his fourth season in charge of the Knights , to become the offensive coordinator at Florida State, according to a report from ESPN's Pete Thamel. The 59-year-old went 28-24 overall at UCF but posted a lowly 5-13 mark in conference games since joining the Big 12.\nIn his first 11 seasons as a college head coach, Malzahn never experienced a losing record. He exits UCF on the heels of consecutive sub-.500 finishes, with defeats in eight of his last nine games.\nUCF Knights football takeaways: RJ Harvey breaks TD record in dismal loss to Utah\nMalzahn has a long relationship with Florida State coach Mike Norvell, who was a graduate assistant at Tulsa in 2007 and '08 while Malzahn served as assistant head coach, co-offensive coordinator and quarterbacks coach.\nThe search for Malzahn's replacement will begin immediately but comes at an inopportune time with regards to roster retention and construction. The early signing period for high school football athletes opens Wednesday, and the NCAA transfer portal window runs from Dec. 9-28.\nSeven Knights — junior kicker Colton Boomer, sophomore defensive end Kaven Call, redshirt senior offensive tackle Wes Dorsey, junior linebacker Kam Moore, senior safety Bryon Threats, junior wide receiver Xavier Townsend and senior safety William Wells — opted out during the season to protect their eligibility with intentions to transfer. True freshman quarterback EJ Colson , who went 8 of 12 for 70 yards with one touchdown and one interception versus Utah, announced he would be leaving the program roughly an hour after the game ended.\nUCF's roster was already going to be gutted due to graduation losses, most notably running back RJ Harvey, wide receiver Kobe Hudson, cornerback BJ Adams and defensive tackle Ricky Barber. But the sudden coaching uncertainty also increases the likelihood for a mass exodus of the program's highly touted, younger players.\n\"People are going to say what they want to say because he's the leader of it all, but there are a lot of things that go on behind closed doors. He can't go out there and play for us. He can call the plays, but at the end of the day, it comes down to us making the plays and executing,\" Hudson said prior to UCF's finale. \"We've all got to be better as one — coaches, players, everybody.\n\"Gus is a great guy. Everything you see the media saying is just their opinion of him on the outside. They don't really be in between the walls and notice how much the game means to him and how much he wants to win.\"\nUCF brought in more than 40 new players ahead of the 2024 football season, headlined by former Arkansas quarterback KJ Jefferson — described by Malzahn as the closest physical comparison he had recruited for the position since Cam Newton. Jefferson, however, was benched after five games in which completed 59.3% of his passes for 1,012 yards with seven touchdowns and four interceptions, and rushed 61 times for 193 yards and two scores.\nThe Knights, for the second year in a row, spoiled a 3-0 start with a five-game losing streak that lasted the entirety of October. In that span, Malzahn rolled out four starting quarterbacks — Jefferson, true freshman EJ Colson (one game), redshirt sophomore Jacurri Brown (two) and redshirt freshman Dylan Rizk (four).\nFollowing UCF's fifth straight defeat, a 37-24 home loss to BYU, Malzahn fired defensive coordinator Ted Roof — eight games into a two-year contract worth a guaranteed salary of $1.15 million — and stepped down as playcaller, handing the responsibilities to offensive coordinator/wide receivers coach Tim Harris Jr.\nUCF responded with its most resounding win of the year, crushing Arizona 56-12 to improve to 8-0 all-time in its annual Space Game tradition. But momentum was halted the following weekend in a mistake-prone loss at Arizona State, in which the Knights handed the host Sun Devils 14 first-half points on a punt block and an untimely pick-6 called at UCF's 1-yard line.\nThe Knights limped to the finish line with uninspiring defeats to West Virginia and Utah, never leading in either game and cementing the program's worst record since a winless 2015 campaign.\nMalzahn refuted speculation that he would consider retirement after the West Virginia loss. When asked about concern over his job security Saturday, he responded, \"I'm concerned with trying to make this team better.\"\nFacebook\nTwitter\nEmail",
    "highlightText": "",
    "highlightTitle": "",
    "highlightThreadTitle": "",
    "language": "english",
    "sentiment": "negative",
    "categories": [
        "Sport",
        "Human Interest",
        "Politics"
    ],
    "topics": null,
    "ai_allow": true,
    "canonical": false,
    "webz_reporter": false,
    "external_links": [
        "https://www.gannett-cdn.com/appservices/universal-web/universal/icons/icon-play-alt-white.svg",
        "https://www.news-journalonline.com/story/sports/college/ucf/2024/11/30/ucf-knights-football-gus-malzahn-offseason/76559252007/",
        "https://www.news-journalonline.com/story/sports/college/ucf/2024/11/30/ucf-knights-football-ej-colson-transfer-portal/76670959007/",
        "https://www.news-journalonline.com/videos/sports/college/ucf/2024/10/28/ucf-knights-football-coach-gus-malzahn-ted-roof-fired/75893736007/",
        "https://downloadmedia.gannett-cdn.com/authoring/videos/zype/renditions/671fb0cbda2cc30001931349/1080p_30fps.mp4",
        "https://hlsmedia.gannett-cdn.com/authoring/videos/zype/renditions/671fb0cbda2cc30001931349/480p_30fps,720p_30fps,1080p_30fps,master.m3u8",
        "https://sportsdata.usatoday.com/football/ncaaf/teams/ucf-knights/3615/",
        "https://www.news-journalonline.com/story/sports/college/ucf/2024/11/24/ucf-knights-football-gus-malzahn-retirement/76408545007/",
        "https://www.facebook.com/dialog/feed?app_id=${window.ga_data.site.facebook.appid}&redirect_uri=${window.location.href}&link=${url}&name=${encodeURIComponent(headline)}`);",
        "https://www.news-journalonline.com/staff/5450680002/chris-boyle/",
        "https://sportsdata.usatoday.com/football/ncaaf/teams/arizona-state-sun-devils/3463/",
        "https://www.news-journalonline.com/story/sports/college/ucf/2024/10/28/ted-roof-fired-ucf-knights-football-defensive-coordinator/75890813007/",
        "https://twitter.com/intent/tweet?text=${text}",
        "https://www.news-journalonline.com/story/sports/college/ucf/2024/11/30/ucf-knights-football-utah-utes-gus-malzahn/76565261007/",
        "https://www.news-journalonline.com/story/sports/college/ucf/2024/10/28/ted-roof-fired-ucf-knights-football-defensive-coordinator/75890813007",
        "https://www.news-journalonline.com/videos/sports/college/ucf/2024/10/28/ucf-knights-football-coach-gus-malzahn-ted-roof-fired/75893736007",
        "https://news-journalonline.com/story/sports/college/ucf/2024/11/30/ucf-knights-football-utah-utes-gus-malzahn/76565261007/",
        "https://www.hlsmedia.gannett-cdn.com/authoring/videos/zype/renditions/671fb0cbda2cc30001931349/480p_30fps,720p_30fps,1080p_30fps,master.m3u8",
        "https://news-journalonline.com/story/sports/college/ucf/2024/11/30/ucf-knights-football-gus-malzahn-offseason/76559252007/",
        "https://news-journalonline.com/story/sports/college/ucf/2024/11/24/ucf-knights-football-gus-malzahn-retirement/76408545007/",
        "https://www.downloadmedia.gannett-cdn.com/authoring/videos/zype/renditions/671fb0cbda2cc30001931349/1080p_30fps.mp4",
        "https://news-journalonline.com/story/sports/college/ucf/2024/11/30/ucf-knights-football-ej-colson-transfer-portal/76670959007/",
        "https://twitter.com/intent/tweet",
        "https://www.news-journalonline.com/story/sports/college/ucf/2024/11/30/ucf-knights-football-gus-malzahn-offseason/76559252007",
        "https://www.facebook.com/dialog/feed",
        "https://www.news-journalonline.com/story/sports/college/ucf/2024/11/24/ucf-knights-football-gus-malzahn-retirement/76408545007",
        "https://sportsdata.usatoday.com/football/ncaaf/teams/ucf-knights/3615",
        "https://www.news-journalonline.com/staff/5450680002/chris-boyle",
        "https://gannett-cdn.com/appservices/universal-web/universal/icons/icon-play-alt-white.svg",
        "https://facebook.com/dialog/feed?app_id=${window.ga_data.site.facebook.appid}&redirect_uri=${window.location.href}&link=${url}&name=${encodeURIComponent(headline)}`);",
        "https://www.twitter.com/intent/tweet?text=${text}",
        "https://www.sportsdata.usatoday.com/football/ncaaf/teams/ucf-knights/3615/",
        "https://www.sportsdata.usatoday.com/football/ncaaf/teams/arizona-state-sun-devils/3463/",
        "https://news-journalonline.com/staff/5450680002/chris-boyle/",
        "https://news-journalonline.com/story/sports/college/ucf/2024/10/28/ted-roof-fired-ucf-knights-football-defensive-coordinator/75890813007/",
        "https://news-journalonline.com/videos/sports/college/ucf/2024/10/28/ucf-knights-football-coach-gus-malzahn-ted-roof-fired/75893736007/",
        "https://www.news-journalonline.com/story/sports/college/ucf/2024/11/30/ucf-knights-football-ej-colson-transfer-portal/76670959007",
        "https://www.news-journalonline.com/story/sports/college/ucf/2024/11/30/ucf-knights-football-utah-utes-gus-malzahn/76565261007",
        "https://sportsdata.usatoday.com/football/ncaaf/teams/arizona-state-sun-devils/3463"
    ],
    "external_images": [],
    "entities": {
        "persons": [
            {
                "name": "Chris Boyle Dayt",
                "sentiment": "negative"
            },
            {
                "name": "Gus Malzahn",
                "sentiment": "negative"
            },
            {
                "name": "Pete Thamel",
                "sentiment": "none"
            },
            {
                "name": "RJ Harvey",
                "sentiment": "none"
            },
            {
                "name": "Ted Roof",
                "sentiment": "none"
            }
        ],
        "organizations": [
            {
                "name": "Florida State",
                "sentiment": "negative"
            },
            {
                "name": "ESPN",
                "sentiment": "none"
            },
            {
                "name": "UCF",
                "sentiment": "none"
            }
        ],
        "locations": []
    },
    "syndication": {
        "syndicated": false,
        "syndicate_id": "dbf654ed7cb386d4358581811ca1cc34eaf18a51",
        "first_syndicated": true
    },
    "rating": null,
    "crawled": "2024-12-01T00:17:17.990+02:00",
    "updated": "2024-12-01T00:17:17.990+02:00"
}