{
    "thread": {
        "uuid": "10dbea8c7b5470cbd7e9696b36d595741e021d2b",
        "url": "https://newspaper.mathrubhumi.com/thiruvananthapuram/news/thiruvananthapuram-1.10124052",
        "site_full": "newspaper.mathrubhumi.com",
        "site": "mathrubhumi.com",
        "site_section": "https://newspaper.mathrubhumi.com/thiruvananthapuram/news",
        "site_categories": [
            "top_news_in",
            "top_news_ae",
            "top_news_qa",
            "top_news_sa",
            "top_news_kw",
            "top_news"
        ],
        "section_title": "Thiruvananthapuram News | Trivandrum News | Mathrubhumi Newspaper",
        "title": "കേരള ബാങ്കിലെ പണിമുടക്ക്: മുഖ്യമന്ത്രി ഇടപെടണം-ശശി തരൂർ",
        "title_full": "കേരള ബാങ്കിലെ പണിമുടക്ക്: മുഖ്യമന്ത്രി ഇടപെടണം-ശശി തരൂർ",
        "published": "2024-11-30T23:00:00.000+02:00",
        "replies_count": 0,
        "participants_count": 1,
        "site_type": "news",
        "country": "IN",
        "main_image": "https://images.mathrubhumi.com/images/pwa/mathrubhumi/facebook.png",
        "performance_score": 0,
        "domain_rank": 27531,
        "domain_rank_updated": "2024-11-25T23:00:00.000+02:00",
        "social": {
            "facebook": {
                "likes": 0,
                "comments": 0,
                "shares": 0
            },
            "vk": {
                "shares": 0
            }
        }
    },
    "uuid": "10dbea8c7b5470cbd7e9696b36d595741e021d2b",
    "url": "https://newspaper.mathrubhumi.com/thiruvananthapuram/news/thiruvananthapuram-1.10124052",
    "ord_in_thread": 0,
    "parent_url": null,
    "author": "@newspaper",
    "published": "2024-11-30T23:00:00.000+02:00",
    "title": "കേരള ബാങ്കിലെ പണിമുടക്ക്: മുഖ്യമന്ത്രി ഇടപെടണം-ശശി തരൂർ",
    "text": "തിരുവനന്തപുരം : കേരള ബാങ്ക് എംപ്ലോയീസ് കോൺഗ്രസിന്റെ നേതൃത്വത്തിൽ ഒരു മാസമായി കേരള ബാങ്കിൽ നടക്കുന്ന പണിമുടക്കിന് ആധാരമായ വിഷയങ്ങൾ പരിഹരിക്കണമെന്നും മുഖ്യമന്ത്രിയുടെ ഇടപെടൽ ഉണ്ടാകണമെന്നും ഡോ. ശശി തരൂർ എം.പി. ആവശ്യപ്പെട്ടു.\nകരള ബാങ്ക് എംപ്ലോയീസ് കോൺഗ്രസ് സംസ്ഥാന വ്യാപകമായി നടത്തിവന്ന ത്രിദിന പണിമുടക്കിന്റെ മൂന്നാംദിനം സെക്രട്ടേറിയറ്റിനു മുന്നിൽ ഉദ്ഘാടനം ചെയ്യുകയായിരുന്നു അദ്ദേഹം.\n[Contact Us](javascript:void(0))\nസംഘടനയുടെ സംസ്ഥാന പ്രസിഡന്റ് വി.എസ്.ശിവകുമാർ അധ്യക്ഷത വഹിച്ചു. കെ.പി.സി.സി. ജന. സെക്രട്ടറി ജി.സുബോധൻ, വർക്കല കഹാർ, എംപ്ലോയീസ് കോൺഗ്രസ് സംസ്ഥാന ജനറൽ സെക്രട്ടറി കെ.എസ്.ശ്യാംകുമാർ, സുബിൻ ബാബു, എസ്.എം.സുരേഷ് കുമാർ, സജികുമാർ എന്നിവർ സംസാരിച്ചു.\nShare this Article\nRelated Topics\nRELATED STORIES\nവാര്ത്തകളോടു പ്രതികരിക്കുന്നവര് അശ്ലീലവും അസഭ്യവും നിയമവിരുദ്ധവും അപകീര്ത്തികരവും സ്പര്ധ വളര്ത്തുന്നതുമായ പരാമര്ശങ്ങള് ഒഴിവാക്കുക. വ്യക്തിപരമായ അധിക്ഷേപങ്ങള് പാടില്ല. ഇത്തരം അഭിപ്രായങ്ങള് സൈബര് നിയമപ്രകാരം ശിക്ഷാര്ഹമാണ്. വായനക്കാരുടെ അഭിപ്രായങ്ങള് വായനക്കാരുടേതു മാത്രമാണ്, മാതൃഭൂമിയുടേതല്ല. ദയവായി മലയാളത്തിലോ ഇംഗ്ലീഷിലോ മാത്രം അഭിപ്രായം എഴുതുക. മംഗ്ലീഷ് ഒഴിവാക്കുക..",
    "highlightText": "",
    "highlightTitle": "",
    "highlightThreadTitle": "",
    "language": "english",
    "sentiment": "negative",
    "categories": [
        "Politics",
        "Social Issue"
    ],
    "topics": null,
    "ai_allow": true,
    "canonical": false,
    "webz_reporter": false,
    "external_links": [],
    "external_images": [],
    "entities": {
        "persons": [],
        "organizations": [],
        "locations": []
    },
    "syndication": {
        "syndicated": false,
        "syndicate_id": null,
        "first_syndicated": false
    },
    "rating": null,
    "crawled": "2024-12-01T01:32:48.245+02:00",
    "updated": "2024-12-01T01:32:48.245+02:00"
}