{
    "thread": {
        "uuid": "f6624945023f7c1085cbe9d55e3ac9812ef7fb46",
        "url": "https://www.indiablooms.com/news-details/N/101283/anti-national-activities-exposed-bjp-slams-tmc-after-husband-of-mamata-s-leader-arrested-with-dangerous-nuclear-materials.html",
        "site_full": "www.indiablooms.com",
        "site": "indiablooms.com",
        "site_section": "https://www.htsyndication.com/articles",
        "site_categories": [
            "media"
        ],
        "section_title": "HTDS Content Services is South Asia&rsquo;s biggest syndication news agency with a vast collection of News, Images and Cartoons. Apart from Hindustan Times and Mint, HTDS Content Services disseminates a wide spectrum of licensed content from more than 200 publications. The content is packaged and syndicated to a broad range of global clients. HTDS Content Services also offers a rare collection of images and cartoons from Hindustan Times Archives",
        "title": "'Anti-national activities exposed?': BJP slams TMC after husband of Mamata's leader arrested with dangerous nuclear materials",
        "title_full": "'Anti-national activities exposed?': BJP slams TMC after husband of Mamata's leader arrested with dangerous nuclear materials",
        "published": "2024-11-30T21:06:00.000+02:00",
        "replies_count": 0,
        "participants_count": 1,
        "site_type": "news",
        "country": "IN",
        "main_image": "https://www.indiablooms.com/news_pic/2024/65de5ea99d5c0781789309cdd746f585.png",
        "performance_score": 0,
        "domain_rank": 74318,
        "domain_rank_updated": "2024-11-25T23:00:00.000+02:00",
        "social": {
            "facebook": {
                "likes": 0,
                "comments": 0,
                "shares": 0
            },
            "vk": {
                "shares": 0
            }
        }
    },
    "uuid": "f6624945023f7c1085cbe9d55e3ac9812ef7fb46",
    "url": "https://www.indiablooms.com/news-details/N/101283/anti-national-activities-exposed-bjp-slams-tmc-after-husband-of-mamata-s-leader-arrested-with-dangerous-nuclear-materials.html",
    "ord_in_thread": 0,
    "parent_url": null,
    "author": "Indiablooms",
    "published": "2024-11-30T21:06:00.000+02:00",
    "title": "'Anti-national activities exposed?': BJP slams TMC after husband of Mamata's leader arrested with dangerous nuclear materials",
    "text": "#AmritaEkka , #FrancisEkka , #TMC , #BJP , #NuclearMaterials , #DRDO , #MamataBanerjee , #Darjeeling , #WestBengal New Delhi/IBNS: The Bharatiya Janata Party (BJP) has slammed the Trinamool Congress (TMC) after one of its leader's husband was arrested in West Bengal's Darjeeling with confidential DRDO documents and dangerous nuclear materials worth crores, media reports said. TMC party leader Amrita Ekka's husband Francis Ekka was arrested by police in a joint raid with the Army from Belgachi village in Naxalbari. Francis, who was in possession of radioactive Californium, has been charged with smuggling. Police are probing into his possible links to foreign organisations. Slamming the TMC, BJP spokesperson Shehzad Poonawalla questioned, \"Anti-national activities of TMC exposed? The possession of a highly dangerous radioactive element like Californium by a TMC leader highlights the party's involvement in activities that threaten national security.\" \"How could the local administration not know ? Is this negligence or deliberate complicity? A thorough and impartial investigation must reveal the truth behind these anti-national actions.\" Husband of TMC leader caught with secret DRDO documents and radioactive substance — Shehzad Jai Hind (Modi Ka Parivar) (@Shehzad_Ind) NUCLEAR MATERIAL FOUND AT TMC NETA’s HOUSE Dangerous and valuable *nuclear chemical 'Californium' has been recovered from the house of TMC leader Francis Ekka*. The price of this chemical in the…[pic.twitter.com/PgiJKc5CoD][November 30, 2024] Support Our Journalism We cannot do without you.. your contribution supports unbiased journalism IBNS is not driven by any ism- not wokeism, not racism, not skewed secularism, not hyper right-wing or left liberal ideals, nor by any hardline religious beliefs or hyper nationalism. We want to serve you good old objective news, as they are. We do not judge or preach. We let people decide for themselves. We only try to present factual and well-sourced news. Support objective journalism for a small contribution. Donald Trump issues 100% tariff threat on BRICS nations including India if dollar is undermined Sun, Dec 01 2024 Delhi Police arrest AAP MLA Naresh Balyan over extortion case Sun, Dec 01 2024 Maharashtra CM to be from BJP, says alliance partner Ajit Pawar Sun, Dec 01 2024 Telangana student shot dead in Chicago shopping mall by robbers Sun, Dec 01 2024 Delhi: Man throws liquid on Arvind Kejriwal, detained Sat, Nov 30 2024 India, Singapore joint military exercise Agni Warrior concludes Sat, Nov 30 2024 Sat, Nov 30 2024",
    "highlightText": "",
    "highlightTitle": "",
    "highlightThreadTitle": "",
    "language": "english",
    "sentiment": "negative",
    "categories": [
        "Politics",
        "Social Issue",
        "Human Interest"
    ],
    "topics": null,
    "ai_allow": true,
    "canonical": false,
    "webz_reporter": false,
    "external_links": [
        "http://www.youtube.com/watch?v=_2YM4y6hUXk",
        "http://www.youtube.com/watch",
        "http://youtube.com/watch?v=_2YM4y6hUXk"
    ],
    "external_images": [],
    "entities": {
        "persons": [],
        "organizations": [],
        "locations": []
    },
    "syndication": {
        "syndicated": false,
        "syndicate_id": null,
        "first_syndicated": false
    },
    "rating": null,
    "crawled": "2024-12-01T00:50:51.851+02:00",
    "updated": "2024-12-01T10:04:23.763+02:00"
}