{
    "thread": {
        "uuid": "d5dea5260534238a718caa9ee9eb0c15567933ac",
        "url": "https://democraticunderground.com/113816333",
        "site_full": "democraticunderground.com",
        "site": "democraticunderground.com",
        "site_section": "https://democraticunderground.com/?com=latest_threads",
        "site_categories": [],
        "section_title": "Latest Discussions - Democratic Underground Forums",
        "title": "Christian Nationalism's First Item on the Agenda: Repeal Women's Right to Vote",
        "title_full": "Christian Nationalism's First Item on the Agenda: Repeal Women's Right to Vote",
        "published": "2024-12-01T00:55:00.000+02:00",
        "replies_count": 0,
        "participants_count": 0,
        "site_type": "news",
        "country": "US",
        "main_image": "https://www.democraticunderground.com/imgs/du100x100.gif",
        "performance_score": 0,
        "domain_rank": 10772,
        "domain_rank_updated": "2024-11-25T23:00:00.000+02:00",
        "social": {
            "facebook": {
                "likes": 0,
                "comments": 0,
                "shares": 0
            },
            "vk": {
                "shares": 0
            }
        }
    },
    "uuid": "d5dea5260534238a718caa9ee9eb0c15567933ac",
    "url": "https://democraticunderground.com/113816333",
    "ord_in_thread": 0,
    "parent_url": null,
    "author": null,
    "published": "2024-12-01T00:55:00.000+02:00",
    "title": "Christian Nationalism's First Item on the Agenda: Repeal Women's Right to Vote",
    "text": "[Create a free account](/?com=login&create=1)Support DU (and get rid of ads!): [Become a Star Member](/star) [Latest Breaking News](/?com=forum&id=1014) [Editorials & Other Articles](/?com=forum&id=1016) [General Discussion](/?com=forum&id=1002) [The DU Lounge](/?com=forum&id=1018) [All Forums](/?com=forums) [Issue Forums](/?com=forum&id=1311) [Culture Forums](/?com=forum&id=1312) [Alliance Forums](/?com=forum&id=1313) [Region Forums](/?com=forum&id=1314) [Support Forums](/?com=forum&id=1315) [Help & Search](/?com=search) [Women's Rights & Issues](/?com=forum&id=1138) Related: [About this forum](/?com=about&forum=1138) (For all those (in the physical world and online) who have insisted that those of us pointing this out these last years have been overreacting. WE FUCKING TOLD YOU SO!!!) (important, lengthy, disturbing, enraging, article) Christian Nationalisms First Item on the Agenda: Repeal Womens Right to Vote PUBLISHED 11/29/2024 by Emma Cieslik Trump supporters calling for an end to womens suffrage may be the canary in the coal mine for further drastic changes to the electoral system. John McEntee, director of the White House Presidential Personnel Office under Trump, departs the White House on Dec. 12, 2020. (Al Drago / Getty Images) Right after the election, Pastor Joel Webbon, president of the Right Response Ministries, said that half of his vote was stolen from him by the 19th Amendmentthat would be the 1920 amendment that enshrined womens right to vote. As Webbon noted in his podcast, he does allow his wife to vote so that half of his stolen vote can be returned to him. My loving, wonderful, godly wifewhat were practicing is not hypocrisy, what were practicing is restitutionmy loving wife said, Wicked people stole half of your vote, husband, and I would like to give it back to you. Webbon was in fact one of several influential Trump supporters who expressed disdain for women and womens rights this month. Most of the others threatened womens bodily autonomy, including at least one threat of rape. But even before the election, one of Trumps former aidesco-founder of the conservative dating app The Right Stuff, John McEnteeposted a video in which he said, I guess they misunderstood. When we said we wanted mail-only voting, we meant male: M-A-L-E. Webbon and other Christian nationalists argument against womens suffrage is part of a broader picture of how Christian nationalism uses Christian theology to change the entire election process itself. Even before the election, Trump touted changes to the election process, and with Christian nationalism among his platform, womens suffrage may be the canary in the coal mine for further drastic changes to the electoral system. Nearly a year ago, Webbon went on right-wing Christian podcast The Standard and explained in greater detail why Christian nationalism opposes womens right to vote: If we had a Christian nation tomorrow, and women did have the right to vote, we would not have a Christian nation within 50 years because the husband has been appointed by God as the head of his home. In a 2024 episode of his own podcast Theology Applied, Webbon argued that the repeal of the 19th Amendment is actually not [about] trying to take away the female vote, but its trying to say, no, theres a family vote, and that he believes this because that is the Christian position. In fact, more than a hundred years earlier, a member of the Christian Reformed Church used the same argument that the Bible opposes suffrage, and taught that society consists of families, not individuals. On the same episode of The Standard, Webbon uses the same argument that late 19th- and 20th-century anti-suffragists used: that womens right to vote is a moral issue in that it impinges on mens rights and interferes with womens predestined roles as wife and mother. Webbon and others rely on misogynistic themes that they argue are rooted in the Bible. Two years ago, Webbon tweeted that women are more easily deceived than men, alongside his argument that the 19th Amendment was a bad idea. Anti-suffragists used the same argument that women neither have the knowledge nor the minds to serve as well-informed voters; that tending to their families and households prevented them from staying updated on politics. Opponents of woman suffrage effectively employed imagery of a petulant little girl in this postcard. (Courtesy of Oregon Historical Society) Anti-suffragist posters and pamphlets use strikingly similar language and visuals to that used today by Webbon and others. Anti-suffragist movements were also closely associated with early 20th century Christian nationalism (which also had its fair share of xenophobic, racist and antisemitic elements). At the crux of this White Christian nationalism was the protectionoften through violent meansof white womens purity. Womens suffrage is only the beginning as Project 2025a far-right transition plan for Trumps second presidency, undermines additional voting rights and democracy more broadly under the banner of Christian nationalism. The agenda outlines allowing aggressive prosecution of voters and election officials as federal offenders, ending federal efforts to provide context for online misinformation and threats and allowing federal access to state and local voter rollswhich would make it easier for the federal government to disenfranchise voters. Proponents of woman suffrage used heroic illustrations to drive the movement to success. Shown here is the Official Program Woman Suffrage Procession, Washington, D.C. March 3, 1913. (Library of Congress) (This event is one of the major events in \"SUFFS: The Musical\" ) . . . . https://msmagazine.com/2024/11/29/christian-nationalism-project-2025-women-right-to-vote-suffrage/ [InfoView thread info, including edit history](/?com=thread&info=1&address=113816333) [TrashPut this thread in your Trash Can (My DU » Trash Can)](/?com=login) [BookmarkAdd this thread to your Bookmarks (My DU » Bookmarks)](/?com=login)0 replies, 104 views [ShareGet links to this post and/or share on social media] [AlertAlert this post for a rule violation](/?com=login) [PowersThere are no powers you can use on this post] [EditCannot edit other people's posts] [ReplyReply to this post](/?com=post&post&forum=1138&pid=16333) [EditCannot edit other people's posts] [Rec (4)] [ReplyReply to this post](/?com=post&forum=1138&pid=16333)",
    "highlightText": "",
    "highlightTitle": "",
    "highlightThreadTitle": "",
    "language": "english",
    "sentiment": "negative",
    "categories": [
        "Politics"
    ],
    "topics": null,
    "ai_allow": true,
    "canonical": false,
    "webz_reporter": false,
    "external_links": [
        "https://msmagazine.com/2024/11/29/christian-nationalism-project-2025-women-right-to-vote-suffrage/",
        "https://msmagazine.com/2024/11/29/christian-nationalism-project-2025-women-right-to-vote-suffrage",
        "https://www.msmagazine.com/2024/11/29/christian-nationalism-project-2025-women-right-to-vote-suffrage/"
    ],
    "external_images": [],
    "entities": {
        "persons": [
            {
                "name": "Emma Cieslik Trump",
                "sentiment": "none"
            }
        ],
        "organizations": [],
        "locations": []
    },
    "syndication": {
        "syndicated": false,
        "syndicate_id": null,
        "first_syndicated": false
    },
    "rating": null,
    "crawled": "2024-12-01T01:09:59.069+02:00",
    "updated": "2024-12-01T01:09:59.069+02:00"
}