{
    "thread": {
        "uuid": "46e06d97632171449680e643967162148d0b0313",
        "url": "https://www.mynewsgh.com/ecs-ballot-shortfall-in-volta-region-is-a-clear-sign-of-incompetence-joyce-bawa-mogtari",
        "site_full": "www.mynewsgh.com",
        "site": "mynewsgh.com",
        "site_section": "https://www.mynewsgh.com",
        "site_categories": [
            "media"
        ],
        "section_title": "Trustworthy News. Accurate News On The Go",
        "title": "EC’s ballot shortfall in Volta Region is a clear sign of incompetence – Joyce Bawa Mogtari",
        "title_full": "EC’s ballot shortfall in Volta Region is a clear sign of incompetence – Joyce Bawa Mogtari",
        "published": "2024-11-30T23:24:00.000+02:00",
        "replies_count": 0,
        "participants_count": 1,
        "site_type": "news",
        "country": "GH",
        "main_image": "",
        "performance_score": 0,
        "domain_rank": 76894,
        "domain_rank_updated": "2024-11-25T23:00:00.000+02:00",
        "social": {
            "facebook": {
                "likes": 0,
                "comments": 0,
                "shares": 0
            },
            "vk": {
                "shares": 0
            }
        }
    },
    "uuid": "46e06d97632171449680e643967162148d0b0313",
    "url": "https://www.mynewsgh.com/ecs-ballot-shortfall-in-volta-region-is-a-clear-sign-of-incompetence-joyce-bawa-mogtari",
    "ord_in_thread": 0,
    "parent_url": null,
    "author": "Caroaryee",
    "published": "2024-11-30T23:24:00.000+02:00",
    "title": "EC’s ballot shortfall in Volta Region is a clear sign of incompetence – Joyce Bawa Mogtari",
    "text": "Joyce Bawa Mogtari, Special Aide to former President John Dramani Mahama, has criticized the Electoral Commission (EC) over the recent shortage of ballot papers in the Volta Region, calling it a clear sign of the EC’s incompetence.\nIn an interview with the media, Joyce Bawa expressed her concerns about the incident, which affected several constituencies, including Keta, Ketu North, Ho Central, Hohoe, and Ho West.\nThe shortages were identified on Thursday, November 28, when the EC acknowledged a deficit in both presidential and parliamentary ballot papers.\n“This is not the first time we’ve pointed out that the Electoral Commission is not up to the task,” Joyce Bawa remarked during an interview at the Legal Green Forum for attorneys and law students.\n“They are not acting like an independent body. We’ve always suspected this because so many partisans are parading as commissioners. I’m glad these mistakes have been noticed, as they further highlight the EC’s incompetence.”\nShe went on to question the transparency of the EC’s processes, stating that reports from printing houses indicate that more ballots were being printed than necessary.\n“The beauty of this is that we are now very vigilant. Every step of the way, we’ve worked hard to expose the EC’s biases and incompetence,” she added.\nJoyce Bawa also expressed confidence in the National Democratic Congress (NDC) securing a victory in the upcoming December 7 elections, asserting that the party was fully prepared.\n“We are ready to win, as our poll workers have received precise training,” she stated, adding that the NDC will ensure every ballot is safeguarded, as Ghanaians are eager for change.",
    "highlightText": "",
    "highlightTitle": "",
    "highlightThreadTitle": "",
    "language": "english",
    "sentiment": "negative",
    "categories": [
        "Politics",
        "Social Issue"
    ],
    "topics": null,
    "ai_allow": true,
    "canonical": false,
    "webz_reporter": false,
    "external_links": [
        "https://www.facebook.com/plugins/video.php?height=314&#038;href=https%3A%2F%2Fweb.facebook.com%2FJoyNewsOnTV%2Fvideos%2F1551075382465804%2F&#038;show_text=false&#038;width=560&#038;t=0",
        "https://www.facebook.com/plugins/video.php",
        "https://facebook.com/plugins/video.php?height=314&#038;href=https%3A%2F%2Fweb.facebook.com%2FJoyNewsOnTV%2Fvideos%2F1551075382465804%2F&#038;show_text=false&#038;width=560&#038;t=0"
    ],
    "external_images": [],
    "entities": {
        "persons": [
            {
                "name": "Joyce Bawa Mogtari Joyce Bawa Mogtari",
                "sentiment": "negative"
            },
            {
                "name": "John Dramani Mahama",
                "sentiment": "negative"
            },
            {
                "name": "Ketu North",
                "sentiment": "none"
            }
        ],
        "organizations": [
            {
                "name": "Electoral Commission",
                "sentiment": "neutral"
            }
        ],
        "locations": []
    },
    "syndication": {
        "syndicated": false,
        "syndicate_id": "46e06d97632171449680e643967162148d0b0313",
        "first_syndicated": true
    },
    "rating": null,
    "crawled": "2024-11-30T23:59:57.144+02:00",
    "updated": "2024-11-30T23:59:57.144+02:00"
}