{
    "thread": {
        "uuid": "eaf75beb82b3c107dcadcdd20dca33aba03808bd",
        "url": "https://news.webindia123.com/news/Articles/Business/20250807/4346976.html",
        "site_full": "news.webindia123.com",
        "site": "webindia123.com",
        "site_section": "https://www.webindia123.com",
        "site_categories": [
            "media"
        ],
        "section_title": "Latest News,India news,bollywood news,career guidance,Education,business listings,travel,health,entertainment,videos,food,craft,automobile|webindia123.com ",
        "site_title": null,
        "title": "Trump indicates China could face secondary sanctions for Russian Oil purchase",
        "title_full": "Trump indicates China could face secondary sanctions for Russian Oil purchase",
        "published": "2025-08-07T07:15:10.455+03:00",
        "replies_count": 0,
        "participants_count": 0,
        "site_type": "news",
        "country": "IN",
        "main_image": "",
        "performance_score": 0,
        "domain_rank": 19085,
        "domain_rank_updated": "2025-06-03T00:00:00.000+03:00",
        "licensing_agency": [],
        "social": {
            "facebook": {
                "likes": 0,
                "comments": 0,
                "shares": 0
            },
            "vk": {
                "shares": 0
            }
        }
    },
    "uuid": "eaf75beb82b3c107dcadcdd20dca33aba03808bd",
    "url": "https://news.webindia123.com/news/Articles/Business/20250807/4346976.html",
    "ord_in_thread": 0,
    "author": null,
    "published": "2025-08-07T07:15:10.455+03:00",
    "title": "Trump indicates China could face secondary sanctions for Russian Oil purchase",
    "text": "US President Donald Trump has indicated that China could face secondary sanctions or additional tariffs for buying Russian Oil. On Wednesday (local time), the US President had hit India with additional tariffs of 25% specifically tied to the purchase of Russian Oil.",
    "highlightText": "",
    "highlightTitle": "",
    "highlightThreadTitle": "",
    "language": "english",
    "sentiment": "negative",
    "categories": [
        "Politics",
        "Politics",
        "Economy, Business and Finance"
    ],
    "topics": [
        "Politics->international relations",
        "Politics->economic sanction",
        "Politics->political development",
        "Politics->foreign aid",
        "Politics->international relations",
        "Politics->economic sanction",
        "Economy, Business and Finance->business governance",
        "Economy, Business and Finance->foreign exchange market"
    ],
    "ai_allow": true,
    "has_canonical": false,
    "breaking": false,
    "webz_reporter": false,
    "external_links": [],
    "external_images": [],
    "internal_images": [],
    "entities": {
        "persons": [
            {
                "name": "Donald Trump",
                "sentiment": "neutral"
            }
        ],
        "locations": [],
        "organizations": []
    },
    "syndication": {
        "syndicated": false,
        "syndicate_id": null,
        "first_syndicated": false
    },
    "trust": {
        "categories": [],
        "top_news": [],
        "bias": null,
        "source": {
            "type": null,
            "city": null,
            "state": null,
            "country": null,
            "domain_type": null,
            "agency": null,
            "organization_name": null
        }
    },
    "rating": null,
    "crawled": "2025-08-07T07:15:10.455+03:00",
    "updated": "2025-08-07T07:18:53.000+03:00"
}