{
    "thread": {
        "uuid": "f8306cf16bb40ff6b20f931b6534dd8f047083c4",
        "url": "https://www.thedailystar.net/environment/news/khasi-livelihoods-under-threat-1700-betel-trees-felled-jaflong-3952046",
        "site_full": "www.thedailystar.net",
        "site": "thedailystar.net",
        "site_section": "https://www.thedailystar.net/environment/rss.xml",
        "site_categories": [
            "media"
        ],
        "section_title": "The Daily Star",
        "site_title": "The Daily Star – Leading English Daily among Bangladesh Newspapers",
        "title": "Khasi livelihoods under threat as 1,700 betel trees felled in Jaflong",
        "title_full": "Khasi livelihoods under threat as 1,700 betel trees felled in Jaflong",
        "published": "2025-07-30T20:38:00.000+03:00",
        "replies_count": 0,
        "participants_count": 1,
        "site_type": "news",
        "country": "BD",
        "main_image": "https://tds-images.thedailystar.net/sites/default/files/styles/social_share/public/media/api_images/2025/07/31/betel.jpg",
        "performance_score": 0,
        "domain_rank": 5147,
        "domain_rank_updated": "2025-06-03T00:00:00.000+03:00",
        "licensing_agency": [],
        "social": {
            "facebook": {
                "likes": 0,
                "comments": 0,
                "shares": 0
            },
            "vk": {
                "shares": 0
            }
        }
    },
    "uuid": "f8306cf16bb40ff6b20f931b6534dd8f047083c4",
    "url": "https://www.thedailystar.net/environment/news/khasi-livelihoods-under-threat-1700-betel-trees-felled-jaflong-3952046",
    "ord_in_thread": 0,
    "author": "@dailystarnews",
    "published": "2025-07-30T20:38:00.000+03:00",
    "title": "Khasi livelihoods under threat as 1,700 betel trees felled in Jaflong",
    "text": "Khasi livelihoods under threat as 1,700 betel trees felled in Jaflong\nThe livelihoods of the indigenous Khasi community in Jaflong, Sylhet, have come under severe threat after approximately 1,700 betel trees were reportedly destroyed by unidentified miscreants in the Lama Khasi Punji area late Monday night (July 28).\nThe incident occurred near the Pratappur border BGB camp in Ward-6 of Paschim Jaflong union. The trees belonged to Rison Kangwang, headman of Lama Punji, and Parama Dikhar, a resident of Pratappur Punji. Victims filed a case on Tuesday night.\n\"This was no random act of vandalism,\" said a community leader, requesting anonymity. \"It was massive, coordinated—and part of a larger conspiracy.\"\nIn response, several indigenous rights and youth organisations have called for a protest rally and human chain in front of the National Museum in Dhaka at 3pm tomorrow (Thursday), demanding the arrest of those responsible, exemplary punishment, and compensation for the affected families.\nRison Kangwang estimated the loss at Tk 15 lakh. \"Each tree was worth around Tk 550 and ready for harvest this month. It takes nearly two years for a betel plantation to mature. Now everything is gone.\"\nLocals said each jhum (betel grove) employs 15–20 workers regularly, with around 75 percent of harvest earnings going toward wages and cultivation costs. The impact, they noted, is both personal and communal.\nThe Khasi community in the area comprises 25 families in Pratappur Punji and 47 in Lama Punji, with a total population of about 410. For most, betel cultivation is not only a primary source of income but also a symbol of cultural identity.\n\"This appears to be a deliberate strategy to financially weaken and displace us,\" alleged Parama Dikhar. \"External groups are exploiting political uncertainty and administrative neglect to take control of our land.\"\nWelcome Lymba, a community leader, warned, \"If justice is not served, the future of traditional betel cultivation—and the existence of the Khasi people in this region—will be in grave danger.\"\nSaju Marchiang, information and publication secretary of the Khasi Social Council, added, \"We are children of nature, yet our harassment continues. Who will ensure our livelihood security?\"\nMd Kabir Hosain, officer-in-charge (investigation) of Guainghat Police Station, confirmed that an officer visited the site and a complaint was filed. \"We will take action. Those involved will be brought to justice,\" he said.",
    "highlightText": "",
    "highlightTitle": "",
    "highlightThreadTitle": "",
    "language": "english",
    "sentiment": "negative",
    "categories": [
        "Economy, Business and Finance",
        "Social Issue",
        "Politics"
    ],
    "topics": [
        "Economy, Business and Finance->agriculture",
        "Economy, Business and Finance->human resources",
        "Economy, Business and Finance->economy",
        "Social Issue->indigenous people",
        "Social Issue->communities",
        "Politics->local government and authority",
        "Politics->human rights",
        "Politics->environmental policy"
    ],
    "ai_allow": true,
    "has_canonical": false,
    "breaking": null,
    "webz_reporter": false,
    "external_links": [],
    "external_images": [],
    "internal_images": [],
    "entities": {
        "persons": [
            {
                "name": "Rison Kangwang",
                "sentiment": "none"
            }
        ],
        "locations": [
            {
                "name": "Jaflong",
                "sentiment": "none"
            },
            {
                "name": "Lama Khasi Punji",
                "sentiment": "none"
            },
            {
                "name": "Pratappur Punji",
                "sentiment": "none"
            },
            {
                "name": "Sylhet",
                "sentiment": "none"
            }
        ],
        "organizations": [
            {
                "name": "BGB",
                "sentiment": "none",
                "tickers": [
                    {
                        "ticker": null,
                        "exchange": null
                    }
                ]
            }
        ]
    },
    "syndication": {
        "syndicated": false,
        "syndicate_id": null,
        "first_syndicated": false
    },
    "trust": {
        "categories": [],
        "top_news": [],
        "bias": null,
        "source": {
            "type": null,
            "city": null,
            "state": null,
            "country": null,
            "domain_type": null,
            "agency": null,
            "organization_name": null
        }
    },
    "rating": null,
    "crawled": "2025-08-07T07:09:01.319+03:00",
    "updated": "2025-08-07T07:11:43.000+03:00"
}