{
    "thread": {
        "uuid": "f74914fddeae0de8ca33a9a901eb6ed0cab2d6b6",
        "url": "https://www.presstv.ir/Detail/2025/08/06/752623/Hiroshima-to-Gaza--A-catastrophe-",
        "site_full": "www.presstv.ir",
        "site": "presstv.ir",
        "site_section": "https://www.presstv.ir",
        "site_categories": [
            "media"
        ],
        "section_title": "PressTV",
        "site_title": "PressTV",
        "title": "Hiroshima to Gaza: A catastrophe",
        "title_full": "Hiroshima to Gaza: A catastrophe",
        "published": "2025-08-06T03:00:00.000+03:00",
        "replies_count": 0,
        "participants_count": 1,
        "site_type": "news",
        "country": "IR",
        "main_image": "https://cdn.presstv.ir/Photo/2025/8/6/33cb0480-34c4-47d8-ab21-bb4c6e77e340.PNG",
        "performance_score": 0,
        "domain_rank": 7230,
        "domain_rank_updated": "2025-06-03T00:00:00.000+03:00",
        "licensing_agency": [],
        "social": {
            "facebook": {
                "likes": 0,
                "comments": 0,
                "shares": 0
            },
            "vk": {
                "shares": 0
            }
        }
    },
    "uuid": "f74914fddeae0de8ca33a9a901eb6ed0cab2d6b6",
    "url": "https://www.presstv.ir/Detail/2025/08/06/752623/Hiroshima-to-Gaza--A-catastrophe-",
    "ord_in_thread": 0,
    "author": "Presstv",
    "published": "2025-08-06T03:00:00.000+03:00",
    "title": "Hiroshima to Gaza: A catastrophe",
    "text": "As we once again approach the atomic bombing anniversary of Hiroshima, Japan, after 80 years, we are still puzzled by so many questions.\nWas it justified to slaughter over 150,000 civilians? Did we learn anything? Was there any accountability for the victims? Have we put into place proper checks and balances so that the Hiroshima and Nagasaki massacres would not be repeated? Today, the disaster facing the Gaza Strip perhaps answers many of those questions. Charlotte Kates, international coordinator, Samidoun Palestinian prisoner solidarity network, from Beirut, and Yves Engler, author and political activist from Ottawa, are tonight's guests.",
    "highlightText": "",
    "highlightTitle": "",
    "highlightThreadTitle": "",
    "language": "english",
    "sentiment": "negative",
    "categories": [
        "War, Conflict and Unrest",
        "Human Interest",
        "Politics"
    ],
    "topics": [
        "War, Conflict and Unrest->act of terror",
        "Human Interest->anniversary",
        "Politics->international relations",
        "Politics->government",
        "Politics->human rights"
    ],
    "ai_allow": true,
    "has_canonical": false,
    "breaking": null,
    "webz_reporter": false,
    "external_links": [],
    "external_images": [],
    "internal_images": [],
    "entities": {
        "persons": [
            {
                "name": "Charlotte Kates",
                "sentiment": "none"
            },
            {
                "name": "Yves Engler",
                "sentiment": "none"
            }
        ],
        "locations": [
            {
                "name": "Gaza Strip",
                "sentiment": "none"
            }
        ],
        "organizations": []
    },
    "syndication": {
        "syndicated": false,
        "syndicate_id": null,
        "first_syndicated": false
    },
    "trust": {
        "categories": [
            "fake_news"
        ],
        "top_news": [],
        "bias": "right",
        "source": {
            "type": null,
            "city": null,
            "state": null,
            "country": null,
            "domain_type": null,
            "agency": null,
            "organization_name": null
        }
    },
    "rating": null,
    "crawled": "2025-08-07T07:02:22.089+03:00",
    "updated": "2025-08-07T07:08:21.000+03:00"
}