{
    "thread": {
        "uuid": "6847648eda8de667338cc66e408a8d93275bb306",
        "url": "https://www.miragenews.com/shelter-wa-welcomes-new-ministers-urges-housing-1429030",
        "site_full": "www.miragenews.com",
        "site": "miragenews.com",
        "site_section": "https://miragenews.com/tag/united-states",
        "site_categories": [
            "media"
        ],
        "section_title": "Live United States updates | Mirage News",
        "site_title": "Australia&#039;s 24/7 live news &amp; media portal | Mirage News",
        "title": "Shelter WA Welcomes New Ministers, Urges Housing Action | Mirage News",
        "title_full": "Shelter WA Welcomes New Ministers, Urges Housing Action | Mirage News",
        "published": "2025-03-20T00:41:00.000+02:00",
        "replies_count": 0,
        "participants_count": 1,
        "site_type": "news",
        "country": "AU",
        "main_image": "https://cdn1.miragenews.com/wp-content/uploads/2019/04/newsdevelopments-image.jpg",
        "performance_score": 0,
        "domain_rank": 10761,
        "domain_rank_updated": "2025-03-17T23:00:00.000+02:00",
        "social": {
            "facebook": {
                "likes": 0,
                "comments": 0,
                "shares": 0
            },
            "vk": {
                "shares": 0
            }
        }
    },
    "uuid": "6847648eda8de667338cc66e408a8d93275bb306",
    "url": "https://www.miragenews.com/shelter-wa-welcomes-new-ministers-urges-housing-1429030",
    "ord_in_thread": 0,
    "parent_url": null,
    "author": "Mirage News",
    "published": "2025-03-20T00:41:00.000+02:00",
    "title": "Shelter WA Welcomes New Ministers, Urges Housing Action | Mirage News",
    "text": "Western Australia's peak body for community housing and homelessness has congratulated the state's new ministers, emphasising their crucial role in tackling the housing crisis.\nThis week, the Cook Government unveiled its new cabinet including John Carey as Minister for Planning and Lands; Housing and Works and Health Infrastructure, while Matthew Swinbourn takes on the Homelessness portfolio.\nAmber-Jade Sanderson has also been appointed as Minister for Energy and Decarbonisation, Tony Buti is Attorney General and Minister for Commerce, and Don Punch is Minister for Aboriginal Affairs and Climate Resilience.\nShelter WA Chief Executive Kath Snell said she was encouraged by the appointments.\n\"I'd like to congratulate Minister Carey and express how thrilled we are that he retains the Housing portfolio, and that this has been expanded to include Housing works. We look forward to continuing to work with him on many more gains we can achieve together,\" Ms Snell said.\n\"I'd also like to congratulate the new cabinet members of the Cook Government on their appointments - most notably the new Minister for Homelessness and Community Services, Matthew Swinbourn.\n\"We also look forward to working with new Attorney General and Minister for Commerce Toni Buti, who will be responsible for progressing rental reforms; new Energy and Decarbonisation Minster Amber-Jade Sanderson, who we will work with to advocate for the adoption of energy efficiency retrofits across all rental housing in WA; and new Minister for Aboriginal Affairs and Climate Resilience Don Punch who we will work with on our closing the housing gap and retrofits advocacy. These are crucial portfolios which can drive meaningful change in tackling the housing crisis.\n\"WA's housing crisis remains one of the state's greatest challenges. During its last term, the Cook Government took notable and important steps toward addressing this issue. These measures matter and are already making a difference - from billions of additional dollars to build new social housing and a huge boost in funding for homelessness services, to the Community Housing Capacity building program announced over the election period, which will be a gamechanger for our incredible non-profit housing sector.\n\"Our team, along with the broader housing and homelessness sector, looks forward to working closely with Ministers Carey, Swinbourn, Sanderson, Buti, Punch; along with the Premier, Treasurer and other policymakers committed to making progress in addressing the housing crisis. Shelter WA will continue to advocate for and collaborate with the government to deliver the key priorities outlined in our State Election Platform.\n\"It has never been more urgent to tackle the housing crisis and end homelessness. Every Western Australian deserves a safe, secure, healthy and affordable place to call home. I am encouraged and optimistic that the new Cook Government will continue to build on the progress they've made to make this a reality.\"",
    "highlightText": "",
    "highlightTitle": "",
    "highlightThreadTitle": "",
    "language": "english",
    "sentiment": "positive",
    "categories": [
        "Politics",
        "Social Issue",
        "Economy, Business and Finance"
    ],
    "topics": [
        "Politics->government",
        "Politics->civil rights",
        "Social Issue->homelessness",
        "Social Issue->social services",
        "Economy, Business and Finance->human resources",
        "Economy, Business and Finance->business governance"
    ],
    "ai_allow": true,
    "has_canonical": false,
    "breaking": false,
    "webz_reporter": false,
    "external_links": [
        "https://www.shelterwa.org.au/media-release-shelter-wa-welcomes-major-funding-boost-for-homelessness-services/",
        "https://www.shelterwa.org.au/state-election-platform-2025/",
        "https://www.shelterwa.org.au/media-release-6-million-community-housing-capacity-building-announcement/",
        "https://shelterwa.org.au/state-election-platform-2025/",
        "https://www.shelterwa.org.au/media-release-6-million-community-housing-capacity-building-announcement",
        "https://shelterwa.org.au/media-release-shelter-wa-welcomes-major-funding-boost-for-homelessness-services/",
        "https://www.shelterwa.org.au/media-release-shelter-wa-welcomes-major-funding-boost-for-homelessness-services",
        "https://shelterwa.org.au/media-release-6-million-community-housing-capacity-building-announcement/",
        "https://www.shelterwa.org.au/state-election-platform-2025"
    ],
    "external_images": [],
    "entities": {
        "persons": [],
        "locations": [],
        "organizations": []
    },
    "syndication": {
        "syndicated": false,
        "syndicate_id": null,
        "first_syndicated": false
    },
    "trust": null,
    "rating": null,
    "crawled": "2025-03-20T00:54:53.708+02:00",
    "updated": "2025-03-20T00:54:53.708+02:00"
}