{
    "thread": {
        "uuid": "841e2c80b22746751a957febc5ddb08e96391bf6",
        "url": "https://www.nny360.com/news/jeffersoncounty/political-newcomer-runs-for-watertown-city-council/article_3195667b-4e54-5477-9cff-61ca6b4917d3.html",
        "site_full": "www.nny360.com",
        "site": "nny360.com",
        "site_section": "https://www.nny360.com/site/forms/subscription_services/",
        "site_categories": [
            "media"
        ],
        "section_title": "Subscription Services | nny360.com",
        "site_title": "nny360.com",
        "title": "Political newcomer runs for Watertown City Council | Jefferson County News | nny360.com",
        "title_full": "Political newcomer runs for Watertown City Council | Jefferson County News | nny360.com",
        "published": "2025-03-20T00:41:00.000+02:00",
        "replies_count": 0,
        "participants_count": 1,
        "site_type": "news",
        "country": "US",
        "main_image": "https://bloximages.newyork1.vip.townnews.com/nny360.com/content/tncms/assets/v3/editorial/2/5f/25f179bc-6cfe-51a0-b82a-7c87c3c603f6/67db4ca03a47a.image.jpg?crop=1662%2C873%2C0%2C187&amp;resize=1200%2C630&amp;order=crop%2Cresize",
        "performance_score": 0,
        "domain_rank": 33099,
        "domain_rank_updated": "2025-03-17T23:00:00.000+02:00",
        "social": {
            "facebook": {
                "likes": 0,
                "comments": 0,
                "shares": 0
            },
            "vk": {
                "shares": 0
            }
        }
    },
    "uuid": "841e2c80b22746751a957febc5ddb08e96391bf6",
    "url": "https://www.nny360.com/news/jeffersoncounty/political-newcomer-runs-for-watertown-city-council/article_3195667b-4e54-5477-9cff-61ca6b4917d3.html",
    "ord_in_thread": 0,
    "parent_url": null,
    "author": "CRAIG FOX",
    "published": "2025-03-20T00:41:00.000+02:00",
    "title": "Political newcomer runs for Watertown City Council | Jefferson County News | nny360.com",
    "text": "WATERTOWN — Anthony Velasquez thinks it’s time to put a political newcomer on City Council.\nHe’s seen enough of the political disharmony on council and disregard of what voters want, so City Council needs a new face.\nThe two incumbents, Lisa A. Ruggiero and Cliff G. Olney III, have caused the city to face financial instability after spending $3.4 million purchase of the former Watertown Gold Club in Thompson Park and $4 million on a new pool on the city’s north side in recent years, he insisted.\nAs a result of that spending, Velasquez thinks the city faces a significant tax increase in next year’s budget.\n“I’ve lost confidence in city government,” he said.\nWhile he’s a political neophyte, Velasquez thinks the city is ripe for new leadership.\n“I think my political inexperience is an asset,” he said.\nHe’s throwing his hat in the ring just weeks after it was revealed that state police are investigating the controversial golf club purchase. Two months ago, investigators showed up to a council meeting to interview council members in the mayor’s office about the deal.\nResidents are disgusted with what’s going on, he said. They want all of it to be over and council to focus on city business.\nCouncil members made some bad decisions, and now residents will be paying for their mistakes, he said.\nHe’s not affected by any of it, so he can lead the city into the future and he will listen to his constituents, he said.\nVelasquez has always been interested in politics. Ever since he was a teen, watching presidential debates was his Super Bowl, Velasquez said.\nHe also stressed that he will focus on issues involving the whole city, that residents on the north and south side of the city should work together for the betterment of Watertown.\nVelasquez, 31, a 2012 graduate of Watertown High School, also worried about the city’s brain drain. Too many of the city’s young people have gone off to the college and never came back to live. They should have more opportunities to return to their hometown, he said,\nHe feels fortunate that he’s been afforded that opportunity, working as a Wiley school teacher.\nVelasquez has a lot of competition for one of two council seats. He noted that he was one of the first candidates to announce he was running.\nSo far, at least eight candidates have announced their candidacy for council.\nTwo candidates will be elected in November. With so many candidates already announcing, they compete in a primary on June 24.\nPolitical petitions must be returned to the board of elections by April 3.\nJohnson Newspapers 7.1",
    "highlightText": "",
    "highlightTitle": "",
    "highlightThreadTitle": "",
    "language": "english",
    "sentiment": "positive",
    "categories": [
        "Politics"
    ],
    "topics": [
        "Politics->local elections",
        "Politics->political candidates"
    ],
    "ai_allow": false,
    "has_canonical": false,
    "breaking": false,
    "webz_reporter": false,
    "external_links": [
        "https://ads.empowerlocal.co/adserve/;ID=181918;size=0x0;setID=739228;type=js;sw=",
        "https://www.ads.empowerlocal.co/adserve/;ID=181918;size=0x0;setID=739228;type=js;sw="
    ],
    "external_images": [],
    "entities": {
        "persons": [],
        "locations": [],
        "organizations": []
    },
    "syndication": {
        "syndicated": false,
        "syndicate_id": null,
        "first_syndicated": false
    },
    "trust": null,
    "rating": null,
    "crawled": "2025-03-20T01:32:33.774+02:00",
    "updated": "2025-03-20T01:32:33.774+02:00"
}