{
    "thread": {
        "uuid": "99c9fdd25cf752c55bc9fc0d5c7aafc527e4b9cf",
        "url": "https://www.amren.com/news/2024/11/fearing-deportation-some-haitian-migrants-leaving-springfield-ohio",
        "site_full": "www.amren.com",
        "site": "amren.com",
        "site_section": "https://www.amren.com/news",
        "site_categories": [
            "media"
        ],
        "section_title": "News Archives - American Renaissance\t\t\t\t\t\t\t\t",
        "title": "Fearing Deportation, Some Haitian Migrants Leaving Springfield, Ohio",
        "title_full": "Fearing Deportation, Some Haitian Migrants Leaving Springfield, Ohio",
        "published": "2024-11-27T00:35:00.000+02:00",
        "replies_count": 0,
        "participants_count": 1,
        "site_type": "news",
        "country": "US",
        "main_image": "https://www.amren.com/wp-content/uploads/2017/06/ARLogo.png",
        "performance_score": 0,
        "domain_rank": 33067,
        "domain_rank_updated": "2024-11-25T23:00:00.000+02:00",
        "social": {
            "facebook": {
                "likes": 0,
                "comments": 0,
                "shares": 0
            },
            "vk": {
                "shares": 0
            }
        }
    },
    "uuid": "99c9fdd25cf752c55bc9fc0d5c7aafc527e4b9cf",
    "url": "https://www.amren.com/news/2024/11/fearing-deportation-some-haitian-migrants-leaving-springfield-ohio",
    "ord_in_thread": 0,
    "parent_url": null,
    "author": "Henry Wolff",
    "published": "2024-11-27T00:35:00.000+02:00",
    "title": "Fearing Deportation, Some Haitian Migrants Leaving Springfield, Ohio",
    "text": "[Fearing Deportation, Some Haitian Migrants Leaving Springfield, Ohio](https://www.cbsnews.com/news/fearing-deportation-some-haitian-migrants-leaving-springfield-ohio/)\nNicole Valdes, CBS, November 22, 2024\nKetlie Moise fled unspeakable [violence](https://www.cbsnews.com/news/haiti-spirit-airlines-planes-shot-us-faa-ban-flights-gang-violence/) in her homeland of Haiti hoping to find peace and a slice of the American dream, settling in Springfield, Ohio.\n{snip}\n{snip} She is one of the thousands of Haitian migrants building a life in Springfield who now find themselves [in the crosshairs](https://www.cbsnews.com/news/haitian-migrants-springfield-ohio-political-firestorm/) of the incoming Trump administration. About 12,000 to 15,000 Haitians reside in the Springfield area, [according to](https://springfieldohio.gov/immigration-faqs/) city estimates.\nIt was during President-elect Donald Trump’s Sept. 10 debate with Vice President Kamala Harris that Springfield came to forefront, when Trump [repeated false and debunked claims](https://www.cbsnews.com/news/baseless-claim-haiti-immigrants-cats-springfield-ohio/) about the Haitian migrants living there. Local officials have said there are no credible reports to back up such allegations.\nTrump made the [issue of mass deportations](https://www.cbsnews.com/news/u-s-military-trump-mass-deportation-plan/) a major pillar of his presidential campaign.\n“We’re going to have the largest deportation in the history of our country, and we’re going to start with Springfield and Aurora,” Trump [told reporters](https://www.cbsnews.com/news/trump-deport-haitian-migrants-springfield-ohio-to-venezuela/) on Sept. 13 {snip}\n{snip}\nMoise, like most fellow Haitians in Springfield, is here legally through [Temporary Protected Status](https://www.cbsnews.com/news/temporary-protected-status-extension-el-salvador-honduras-nepal-nicaragua/), which Trump has vowed to end. The TPS program allows federal officials to grant deportation relief and work authorization to migrants from countries beset by war, environmental disaster or another “extraordinary” crisis.\nMoise says she knows about 10 friends and neighbors who have recently left Springfield, along with several restaurant employees.\n{snip}",
    "highlightText": "",
    "highlightTitle": "",
    "highlightThreadTitle": "",
    "language": "english",
    "sentiment": "negative",
    "categories": [
        "Social Issue",
        "Human Interest",
        "Politics"
    ],
    "ai_allow": true,
    "canonical": false,
    "webz_reporter": false,
    "external_links": [
        "https://springfieldohio.gov/immigration-faqs/",
        "https://www.cbsnews.com/news/haitian-migrants-springfield-ohio-political-firestorm/",
        "https://www.cbsnews.com/news/temporary-protected-status-extension-el-salvador-honduras-nepal-nicaragua/",
        "https://www.cbsnews.com/news/trump-deport-haitian-migrants-springfield-ohio-to-venezuela/",
        "https://www.cbsnews.com/news/baseless-claim-haiti-immigrants-cats-springfield-ohio/",
        "https://www.cbsnews.com/news/fearing-deportation-some-haitian-migrants-leaving-springfield-ohio/",
        "https://www.cbsnews.com/news/u-s-military-trump-mass-deportation-plan/",
        "https://www.cbsnews.com/news/haiti-spirit-airlines-planes-shot-us-faa-ban-flights-gang-violence/",
        "https://cbsnews.com/news/trump-deport-haitian-migrants-springfield-ohio-to-venezuela/",
        "https://cbsnews.com/news/temporary-protected-status-extension-el-salvador-honduras-nepal-nicaragua/",
        "https://www.cbsnews.com/news/haiti-spirit-airlines-planes-shot-us-faa-ban-flights-gang-violence",
        "https://www.cbsnews.com/news/haitian-migrants-springfield-ohio-political-firestorm",
        "https://www.springfieldohio.gov/immigration-faqs/",
        "https://www.cbsnews.com/news/baseless-claim-haiti-immigrants-cats-springfield-ohio",
        "https://springfieldohio.gov/immigration-faqs",
        "https://cbsnews.com/news/haitian-migrants-springfield-ohio-political-firestorm/",
        "https://cbsnews.com/news/fearing-deportation-some-haitian-migrants-leaving-springfield-ohio/",
        "https://www.cbsnews.com/news/temporary-protected-status-extension-el-salvador-honduras-nepal-nicaragua",
        "https://cbsnews.com/news/u-s-military-trump-mass-deportation-plan/",
        "https://www.cbsnews.com/news/trump-deport-haitian-migrants-springfield-ohio-to-venezuela",
        "https://www.cbsnews.com/news/u-s-military-trump-mass-deportation-plan",
        "https://www.cbsnews.com/news/fearing-deportation-some-haitian-migrants-leaving-springfield-ohio",
        "https://cbsnews.com/news/haiti-spirit-airlines-planes-shot-us-faa-ban-flights-gang-violence/",
        "https://cbsnews.com/news/baseless-claim-haiti-immigrants-cats-springfield-ohio/"
    ],
    "external_images": [],
    "entities": {
        "persons": [],
        "organizations": [],
        "locations": []
    },
    "syndication": {
        "syndicated": false,
        "syndicate_id": null,
        "first_syndicated": false
    },
    "rating": null,
    "crawled": "2024-11-27T00:39:53.025+02:00",
    "updated": "2024-11-27T00:39:53.025+02:00"
}