{
    "thread": {
        "uuid": "e6458d5fd9cf2dc80c91a8b913c324d7dae2ee5a",
        "url": "https://www.thederrick.com/ap/world/countries-criticize-trump-tariff-plans-which-could-flout-trade-pacts/article_8a62c15c-caf0-52aa-afc8-b7d0f9e9acc6.html",
        "site_full": "www.thederrick.com",
        "site": "thederrick.com",
        "site_section": "https://www.thederrick.com/search/?f=rss&amp",
        "site_categories": [
            "media"
        ],
        "section_title": "www.thederrick.com - RSS Results",
        "title": "Countries criticize Trump tariff plans, which could flout trade pacts",
        "title_full": "Countries criticize Trump tariff plans, which could flout trade pacts",
        "published": "2024-11-27T00:03:00.000+02:00",
        "replies_count": 0,
        "participants_count": 1,
        "site_type": "news",
        "country": "US",
        "main_image": "https://bloximages.newyork1.vip.townnews.com/thederrick.com/content/tncms/assets/v3/media/b/c2/bc22ca28-01b4-11ef-9c69-3f9d1d08a008/662821cb5fe3c.image.jpg?resize=600%2C315",
        "performance_score": 0,
        "domain_rank": 64276,
        "domain_rank_updated": "2024-11-25T23:00:00.000+02:00",
        "social": {
            "facebook": {
                "likes": 0,
                "comments": 0,
                "shares": 0
            },
            "vk": {
                "shares": 0
            }
        }
    },
    "uuid": "e6458d5fd9cf2dc80c91a8b913c324d7dae2ee5a",
    "url": "https://www.thederrick.com/ap/world/countries-criticize-trump-tariff-plans-which-could-flout-trade-pacts/article_8a62c15c-caf0-52aa-afc8-b7d0f9e9acc6.html",
    "ord_in_thread": 0,
    "parent_url": null,
    "author": "Olivia M. Bridges - CQ-Roll Call (TNS)",
    "published": "2024-11-27T00:03:00.000+02:00",
    "title": "Countries criticize Trump tariff plans, which could flout trade pacts",
    "text": "WASHINGTON — President-elect Donald Trump’s announcement of tariff plans sparked criticism Tuesday from Mexico, Canada and China and raised questions about whether the moves would violate international trade agreements — including one he renegotiated in his first term.\nTrump posted on social media Monday that as “one of my many first Executive Orders” he would impose a 25 percent tariff on all imports from Mexico and Canada and a 10% additional tariff on China. He said the tariffs are in response to the ongoing fentanyl epidemic, crime and illegal immigration.\nkAm|@C6 E92? h_T @7 :?E6C46AE65 76?E2?J= EC277:4<65 3J 42CE6=D :D 7@F?5 2E A@CED @7 6?ECJ[ AC:>2C:=J :? G69:4=6D 5C:G6? 3J &]$] 4:E:K6?D[ k2 9C67lQ9EEADi^^HHH]43A]8@G^3@C56C\\D64FC:EJ^7C@?E=:?6\\282:?DE\\76?E2?J=Qm244@C5:?8k^2m E@ rFDE@>D 2?5 q@C56C !C@E64E:@?]k^Am\nkAm“pD 6G6CJ@?6 :D 2H2C6[ E9@FD2?5D @7 A6@A=6 2C6 A@FC:?8 E9C@F89 |6I:4@ 2?5 r2?252[ 3C:?8:?8 rC:>6 2?5 sCF8D 2E =6G6=D ?6G6C D66? 367@C6[” %CF>A A@DE65] “%9:D %2C:77 H:== C6>2:? :? 67764E F?E:= DF49 E:>6 2D sCF8D[ :? A2CE:4F=2C u6?E2?J=[ 2?5 2== x==682= p=:6?D DE@A E9:D x?G2D:@? @7 @FC r@F?ECJP”k^Am\nkAm“q@E9 |6I:4@ 2?5 r2?252 92G6 E96 23D@=FE6 C:89E 2?5 A@H6C E@ 62D:=J D@=G6 E9:D =@?8 D:>>6C:?8 AC@3=6>] (6 96C63J 56>2?5 E92E E96J FD6 E9:D A@H6C[ 2?5 F?E:= DF49 E:>6 E92E E96J 5@[ :E :D E:>6 7@C E96> E@ A2J 2 G6CJ 3:8 AC:46P” %CF>A A@DE65]k^Am\nkAm~? r9:?2[ %CF>A k2 9C67lQ9EEADi^^ECFE9D@4:2=]4@>^oC62=s@?2=5%CF>A^A@DED^``bdcea`dc_ga`bdgdQmA@DE65k^2m E92E 96 925 >2?J E2=<D 23@FE 76?E2?J= 2?5 @E96C 5CF8D 36:?8 D6?E :?E@ E96 &?:E65 $E2E6D[ “qFE E@ ?@ 2G2:=]”k^Am\nkAm“#6AC6D6?E2E:G6D @7 r9:?2 E@=5 >6 E92E E96J H@F=5 :?DE:EFE6 E96:C >2I:>F> A6?2=EJ[ E92E @7 562E9[ 7@C 2?J 5CF8 562=6CD 42F89E 5@:?8 E9:D 3FE[ F?7@CEF?2E6=J[ E96J ?6G6C 7@==@H65 E9C@F89[ 2?5 5CF8D 2C6 A@FC:?8 :?E@ @FC r@F?ECJ[ >@DE=J E9C@F89 |6I:4@[ 2E =6G6=D ?6G6C D66? 367@C6[” %CF>A A@DE65]k^Am\nkAm|6I:4@ :D C2?<65 2D E96 E@A EC25:?8 A2CE?6C H:E9 E96 &]$][ 7@==@H65 3J r2?252 2?5 E96? r9:?2[ k2 9C67lQ9EEADi^^HHH]46?DFD]8@G^7@C6:8?\\EC256^DE2E:DE:4D^9:89=:89ED^E@AJC]9E>=Qm244@C5:?8k^2m E@ $6AE6>36C &]$] r6?DFD qFC62F 52E2]k^Am\nkAm|6I:42? !C6D:56?E r=2F5:2 $96:?32F> HC@E6 2 =6EE6C E@ %CF>A @? 9:D E2C:77 2??@F?46>6?E 2?5 k2 9C67lQ9EEADi^^HHH]J@FEF36]4@>^H2E49nGl0EDH>0&*%?cQmC625k^2m :E 2E 2 AC6DD 4@?76C6?46 %F6D52J] $96 D2:5 E92E |6I:4@ 92D “56G6=@A65 2 4@>AC696?D:G6 A@=:4J” E@ 255C6DD E96 7=@H @7 >:8C2?ED :?E@ E96 &]$][ 4:E:?8 rq! DE2E:DE:4D E92E 7@F?5 4C@DD:?8D 2E E96 D@FE9H6DE 3@C56C 2C6 5@H? 3J fdT 7C@> =2DE J62C]k^Am\nkAm$96:?32F> D2:5 E92E |6I:4@ 92D D6:K65 5:776C6?E EJA6D @7 5CF8D 2?5 2CC6DE65 A6@A=6 7@C 492C86D C6=2E65 E@ 5CF8 EC277:4<:?8 3FE E92E 5CF8 4@?DF>AE:@? “:D 2 AC@3=6> @7 AF3=:4 962=E9 2?5 4@?DF>AE:@? :? J@FC 4@F?ECJ’D D@4:6EJ]”k^Am\nkAm$96 H2C?65 E92E E96 E2C:77D H:== 92C> E96 >@E@C :?5FDECJ 2?5 H@F=5 42FD6 ;@3 =@DD6D 2?5 :?7=2E:@? :? 3@E9 E96 &]$] 2?5 |6I:4@]k^Am\nkAm“~?6 E2C:77 H@F=5 36 7@==@H65 3J 2?@E96C :? C6DA@?D6[ 2?5 D@ @? F?E:= H6 AFE 2E C:D< 4@>>@? 3FD:?6DD6D[” $96:?32F> D2:5] $96 :D A=2??:?8 @? 5:D4FDD:?8 E96 E2C:77D H:E9 %CF>A’D E62>]k^Am\nkAm~?E2C:@ !C6>:6C s@F8 u@C5 k2 9C67lQ9EEADi^^EH:EE6C]4@>^7@C5?2E:@?^DE2EFD^`ge`a``_gcabcggb`ffQmA@DE65k^2m @? D@4:2= >65:2 E92E E96 E2C:77D H@F=5 36 “56G2DE2E:?8 E@ H@C<6CD 2?5 ;@3D :? 3@E9 r2?252 2?5 E96 &]$]” w6 42==65 @? r2?252’D 8@G6C?>6?E E@ E2<6 E96 3@C56C D:EF2E:@? D6C:@FD=J 2?5 D2:5 E92E r2?25:2? !C:>6 |:?:DE6C yFDE:? %CF562F >FDE 42== E96 AC6>:6CD 7@C 2? “FC86?E >66E:?8]”k^Am\nkAm{:F !6?8JF[ 2 DA@<6DA6CD@? 7@C E96 r9:?6D6 t>32DDJ :? E96 &]$][ k2 9C67lQ9EEADi^^I]4@>^$A@Irw}:?&$^DE2EFD^`ge`c_c_abfh`fb_gf_QmA@DE65k^2m @? D@4:2= >65:2 E92E ?@ @?6 H:== H:? 2 EC256 @C E2C:77 H2C]k^Am\nkAm“r9:?2\\&]$] 64@?@>:4 2?5 EC256 4@@A6C2E:@? :D >FEF2==J 36?67:4:2= :? ?2EFC6[” 96 HC@E6[ 255:?8 E92E r9:?2 92D H@C<65 H:E9 E96 &]$] E@ 255C6DD 76?E2?J= EC277:4<:?8 7C@> r9:?2]k^Am\nkAm%C256 28C66>6?E G:@=2E:@?Dk^Am\nkAm%C256 6IA6CED H2C? E92E %CF>A’D adT E2C:77D H@F=5 G:@=2E6 E96 &]$]\\|6I:4@\\r2?252 p8C66>6?E[ H9:49 E96 %CF>A 25>:?:DEC2E:@? ?68@E:2E65 5FC:?8 9:D 7:CDE E6C>[ 2?5 42FD6 EC@F3=6 H:E9 E96 (@C=5 %C256 ~C82?:K2E:@?]k^Am\nkAm%96 28C66>6?E C6A=2465 E96 }@CE9 p>6C:42? uC66 %C256 p8C66>6?E :? a_a_[ 2?5 E96 ~77:46 @7 E96 &]$] %C256 #6AC6D6?E2E:G6 D2JD E92E E96 28C66>6?E :D 2 “>FEF2==J 36?67:4:2= H:? 7@C }@CE9 p>6C:42? H@C<6CD[ 72C>6CD[ C2?496CD[ 2?5 3FD:?6DD6D]”k^Am\nkAm|2CJ t] {@G6=J[ D6?:@C 76==@H 2E E96 !6E6CD@? x?DE:EFE6 7@C x?E6C?2E:@?2= t4@?@>:4D[ D2:5 E92E %CF>A’D AC@A@D2= H@F=5 G:@=2E6 E96 28C66>6?E H9:49 C6BF:C6D =@H E@ K6C@ E2C:77D @? >@DE AC@5F4ED] !xxt :D 2 ?@?AC@7:E[ ?@?A2CE:D2? EC256 C6D62C49 @C82?:K2E:@?]k^Am\nkAm“%2C:77D 2C6 G6CJ =@H[ @3G:@FD=J 3642FD6 @7 E96 &$|rp[ H9:49 !C6D:56?E %CF>A 9:>D6=7 C6?68@E:2E65[” {@G6=J D2:5] “$@ H6 <?@H E92E E2C:77D @7 adT H@F=5 36 G6CJ 56DE23:=:K:?8 E@ }@CE9 p>6C:42? AC@5F4E:@? ?6EH@C<D[ 2?5 :? A2CE:4F=2C[ E@ 2FE@D]”k^Am\nkAm}2E:@?2= u@C6:8? %C256 r@F?4:= !C6D:56?E y2<6 r@=G:? 2=D@ D2:5 E92E E96 E2C:77D H@F=5 36 2 “4=62C G:@=2E:@? @7 E96 &$|rp]” }u%r 25G@42E6D @? :DDF6D C6=2E65 E@ :?E6C?2E:@?2= E2I 2?5 EC256[ 8=@32= DFAA=J 492:?D 2?5 ?2E:@?2= D64FC:EJ A@=:4:6D]k^Am\nkAmr@=G:? H2C?65 E92E E96 4@DE @7 E2C:77D 42? 72== @? 3FD:?6DD 2?5 4@?DF>6CD 2?5 ?@E65 E96 C6E2=:2E:@? E9C62E 7C@> $96:?32F>]k^Am\nkAm“(9:=6 H6’C6 2== 72>:=:2C H:E9 E96 !C6D:56?E\\6=64E’D 7@?5?6DD 7@C E2C:77D 2D 2 ?68@E:2E:?8 E@@=[ :E’D A2CE:4F=2C=J EC@F3=:?8 E92E 96’D E9C62E6?:?8 E@ 2:> E96> 2E p>6C:42’D 4=@D6DE 2==:6D 2?5 EC25:?8 A2CE?6CD @? E96 G6CJ 7:CDE 52J @7 9:D 25>:?:DEC2E:@?[” 96 D2:5 :? 2 DE2E6>6?E]k^Am\nkAm$6?] r92C=6D t] vC2DD=6J[ #\\x@H2[ D2:5 %F6D52J :? 2 4@?76C6?46 42== H:E9 x@H2 C6A@CE6CD E92E E96 E2C:77D 4@F=5 36 FD65 2D 2 ?68@E:2E:@? E@@=[ 3FE D2:5 E2C:77D H6C6 EC:4<J “3642FD6 H6 :? x@H2 2?5 E9C@F89@FE E96 28C:4F=EFC2= 4@>>F?:EJ <?@H E92E E96 7:CDE E9:?8 E92E’D C6E2=:2E65 282:?DE :D 28C:4F=EFC6]”k^Am\nkAm“x ;FDE E9:?< H6 ?665 E@ 86E E2C:77D 5@H?[” vC2DD=6J D2:5 :? E96 42==[ k2 9C67lQ9EEADi^^HHH]C25:@:@H2]4@>^a_ac^``^ae^8C2DD=6J\\D2JD\\ECF>AD\\ad\\E2C:77D\\>2J\\36\\=:?<65\\E@\\C6?68@E:2E:?8\\FD>42^Qm244@C5:?8 E@ #25:@x@H2k^2m 2?5 @E96C @FE=6ED] “p?5 E92E 5@6D?’E 325 >@FE9[ :? ?@ H2J :D E92E >62?E E@ 5:D28C66 H:E9 %CF>A 3642FD6 x E9:?< 96’D FD:?8 E2C:77D 2D 2 ?68@E:2E:?8 E@@=]”k^Am\nkAm}68@E:2E:@? E@@= @C ?@E[ E96 E2C:77D 4@F=5 2=D@ 42FD6 EC@F3=6 H:E9 E96 (@C=5 %C256 ~C82?:K2E:@?]k^Am\nkAm“q@E9 r2?252 2?5 |6I:4@ 2C6 >6>36CD @7 E96 (%~] %96J’C6 DFAA@D65 E@ 86E >@DE\\72G@C65\\?2E:@? C2E6D 2E 2 >:?:>F>[” {@G6=J D2:5] “w6’5 36 :? G:@=2E:@? @7 @FC EC62EJ F?56C E96 (%~]”k^Am\nkAm|@DE\\72G@C65\\?2E:@? DE2EFD :D 2 E6?6E @7 E96 (%~ E92E C6BF:C6D 6BF2= EC62E>6?E 2>@?8 EC25:?8 A2CE?6CD[ >62?:?8 E92E :7 2? 25G2?E286 :D @776C65 E@ @?6 4@F?ECJ :E >FDE 36 6IE6?565 24C@DD E96 3@2C5 E@ @E96CD H:E9:? E96 (%~[ E9@F89 E96C6 2C6 D@>6 6I46AE:@?D]k^Am\nkAmr9:?2 :D 2=D@ 2 >6>36C @7 E96 (%~ 2?5 92D >@DE\\72G@C65\\?2E:@? DE2EFD] x7 E96 E2C:77D 2C6 :>A@D65[ E96 E9C66 4@F?EC:6D 4@F=5 7:=6 E@ C6D@=G6 E96 EC256 5:DAFE6 H:E9 E96 (%~ 3FE E92E A2E9 H@F=5 =:<6=J 8@ ?@H96C6]k^Am\nkAm“%96C6 :D 2? 2AA6==2E6 3@5J[ H9:49 :D DFAA@D65 E@ E2<6 2AA62=D[ 3FE E96 &]$] C67FD6D E@ 2==@H E96> E@ D62E ;F586D[ D@ E96C6 :D?’E 2 A2?6= E@ 962C E96 42D6[” {@G6=J D2:5] x7 2 42D6 :D =@DE[ 2 >6>36C 42? 2AA62= <?@H:?8 E96 AC@46DD H@?’E H@C<[ <?@H? 2D “2AA62=:?8 :?E@ E96 G@:5]”k^Am\nkAmxE’D F?4=62C 9@H %CF>A H:== :>A@D6 E96 E2C:77D[ 3FE @?6 2G6?F6 96 4@F=5 FD6 :D E9C@F89 E96 `hff x?E6C?2E:@?2= t>6C86?4J t4@?@>:4 !@H6CD =2H] %96 xtt!p 8C2?ED E96 AC6D:56?E 4@?EC@= @G6C 64@?@>:4 EC2?D24E:@?D]k^Am\nkAmqFE E96 =2H 92D D6G6C2= C6DEC:4E:@?D 2?5 4964<D[ k2 9C67lQ9EEADi^^D8A]72D]@C8^4CD^?2ED64^#cde`g]A57Qm244@C5:?8 E@k^2m E96 r@?8C6DD:@?2= #6D62C49 $6CG:46[ :?4=F5:?8 4@?DF=E:?8 H:E9 r@?8C6DD 367@C6 6I6C4:D:?8 E96 2FE9@C:EJ 2?5 :>>65:2E6=J EC2?D>:EE:?8 2 C6A@CE 27E6CH2C5 2?5 282:? 6G6CJ D:I >@?E9D E96 2FE9@C:EJ :D :? A=246]k^Am\nkAmr@?8C6DD 42? E6C>:?2E6 E96 6>6C86?4J E9C@F89 2 AC:G:=6865 ;@:?E C6D@=FE:@?[ 2?5 :E 42? 36 492==6?865 E9C@F89 E96 ;F5:4:2= DJDE6>[ @A6?:?8 FA %CF>A’D E2C:77 A=2?D E@ A@DD:3=6 =2HDF:ED]k^Am\nk9C ^m\nkAm©a_ac r\"\\#@== r2==[ x?4][ p== #:89ED #6D6CG65] ':D:E k2 9C67lQ9EEADi^^HHH]4BC@==42==]4@>Qm4BC@==42==]4@>]k^2m s:DEC:3FE65 3J %C:3F?6 r@?E6?E p86?4J[ {{r]k^Am",
    "highlightText": "",
    "highlightTitle": "",
    "highlightThreadTitle": "",
    "language": "english",
    "sentiment": "negative",
    "categories": [
        "Economy, Business and Finance",
        "Politics"
    ],
    "ai_allow": false,
    "canonical": false,
    "webz_reporter": false,
    "external_links": [],
    "external_images": [],
    "entities": {
        "persons": [],
        "organizations": [],
        "locations": []
    },
    "syndication": {
        "syndicated": false,
        "syndicate_id": null,
        "first_syndicated": false
    },
    "rating": null,
    "crawled": "2024-11-27T00:12:10.640+02:00",
    "updated": "2024-11-27T00:12:10.640+02:00"
}