{
    "thread": {
        "uuid": "57ea616756b173ea75a61b29ac7cfeee61ea00f7",
        "url": "https://e-pao.net/GP.asp?src=10..271124.nov24",
        "site_full": "e-pao.net",
        "site": "e-pao.net",
        "site_section": "http://e-pao.org/rss/eprss.php?type=headlines",
        "site_categories": [
            "media"
        ],
        "section_title": "Manipur e-pao.net Headlines",
        "title": "Rein in Kuki marauders Tangkhul body",
        "title_full": "Rein in Kuki marauders Tangkhul body",
        "published": "2024-11-26T22:01:00.000+02:00",
        "replies_count": 0,
        "participants_count": 0,
        "site_type": "news",
        "country": "IN",
        "main_image": "",
        "performance_score": 0,
        "domain_rank": 167820,
        "domain_rank_updated": "2024-11-25T23:00:00.000+02:00",
        "social": {
            "facebook": {
                "likes": 0,
                "comments": 0,
                "shares": 0
            },
            "vk": {
                "shares": 0
            }
        }
    },
    "uuid": "57ea616756b173ea75a61b29ac7cfeee61ea00f7",
    "url": "https://e-pao.net/GP.asp?src=10..271124.nov24",
    "ord_in_thread": 0,
    "parent_url": null,
    "author": null,
    "published": "2024-11-26T22:01:00.000+02:00",
    "title": "Rein in Kuki marauders Tangkhul body",
    "text": "Rein in Kuki marauders : Tangkhul body\nSource: The Sangai Express\nImphal, November 26 2024:\nTake immediate action against Kuki militants attacking farmers harvesting paddy, and arrest chief of Urangpat Kuki village for keeping criminals inside his village, said Tangkhul Naga Foothills' Organisation (TNFO) today as it warned the Government of intense agitation.\nThere have been frequent attacks on farmers harvesting crops in the fields by Kuki militants.\nThe attacks have killed and hurt many.\nOn November 22 at around 5 pm, Kuki militants fired on Tangkhul Naga farmers at Alulou, located between Mayophung and Urangpat.\nThe farmers fortunately escaped leaving behind paddy and machinery, said the TNFO in a statement.\nThis targeted attack on farmers came after the November 11 firing at Shanti Khongbal which injured Kanshok Horam, a 32-year-old Tangkhul man from New Canaan village.\nEarlier on November 9, Kuki militants fired on farmers in Bishnupur killing a woman named Sapam Sofia (34) .\nSuch targeted attacks on farmers have jeopardised harvesting activities and spoilt crops causing huge losses to farmers.\n\"The attacks on Tangkhul farmers is a threat to our existence as a neutral party and the community,\" said TNFO.\nThe TNFO welcomes all kinds of initiative for peaceful coexistence of all communities, but, will not accept or tolerate violence or threat upon its people.\nThe provocative attacks against the Tangkhul people could escalate the situation with serious consequences, it said.\nIt also questioned the sincerity of the Indian Army deployed in sensitive areas to control violence.\nIt said the Army has failed to rein in Kuki militants who are involved in committing heinous crimes against a neutral party.\nIf the Army is unable to provide security to the people, they should be removed from \"our areas\", it added.\nThe TNFO urged the State Government and the authorities concerned to issue an arrest warrant against the chief of Urangpat Kuki village for allegedly harbouring criminals inside his village.\n\"We also demand the Government to provide relief to the farmers whose crops have been damaged due to the firing,\" it said.\nTNFO is prepared to launch democratic agitation until the authorities concerned take necessary actions to safeguard people from Kuki militants' attacks, it said.\n[Please read a complete Guideline on using comments on this website.](javascript:openBrWindow('comments.html','Poll','scrollbars=yes,resizable=yes,width=422,height=600,left=0,top=0'))\n[Centre has acted on some resolutions: Biren](ge.asp?heading=1&mx=&src=271124)\n[Pambei-led UNLF condoles](ge.asp?heading=2&mx=&src=271124)\n[Pambei-led UNLF seeks suggestions-4](ge.asp?heading=3&mx=&src=271124)\n[Cong speaks out against 'tyrannical' rule](ge.asp?heading=4&mx=&src=271124)\n[COCOMI boycotts Shah, shuts Govt offices](ge.asp?heading=5&mx=&src=271124)\n[Log book shows entry into Leimakhong Army camp, but no exit](ge.asp?heading=6&mx=&src=271124)\n[Legal fraternity pledges by spirit of Constitution](ge.asp?heading=7&mx=&src=271124)\n[Evict illegal Kuki settlers : Karbi Anglong](ge.asp?heading=8&mx=&src=271124)\n[Meira Paibis protest](ge.asp?heading=9&mx=&src=271124)\n[Lanslides continue to block NH-37](ge.asp?heading=11&mx=&src=271124)\n[Criminal Acts in Meitei Mayek released](ge.asp?heading=12&mx=&src=271124)\n[Ops underway in Jiribam](ge.asp?heading=13&mx=&src=271124)\n[Lanchenba strikes two gold at U-14 NSG Swimming](ge.asp?heading=Sport1&mx=&src=271124)\n[State cyclists bring home 14 medals from National Track Cycling Championship](ge.asp?heading=Sport2&mx=&src=271124)\n[U-19 NSG Sepaktakraw : Manipur top Group A, qualify for quarterfinals](ge.asp?heading=Sport3&mx=&src=271124)\n[State Ball Badminton trial selection from November 28](ge.asp?heading=Sport4&mx=&src=271124)\n[Manipur Senior Men's Handball team trial on Dec 1](ge.asp?heading=Sport5&mx=&src=271124)\n[Manipur prevail 19-6 over CISCI for second straight win in U-14 girls NSG Handball](ge.asp?heading=Sport6&mx=&src=271124)\n[78th Santosh Trophy : Manipur to take on Services in Final Round opener](ge.asp?heading=Sport7&mx=&src=271124)\n[State team for 2nd East Zone Junior Roll Ball Championship announced](ge.asp?heading=Sport8&mx=&src=271124)\nViolence in Manipur 2023-2024 : Timeline\nFormula from Mizoram MP: Dangerous\n133rd Manipur Police raising day #2 : Gallery\nKhaynim, Gaicheamlung, Kokngam : eMing\nThe return to monarchy from democracy\nAMH: Fertility in women of late age\nCarpet :: Poem\nBio fertilizers: Use & importance\nUnfolding script under War on Drugs drive\nDesperate bid to shield Kuki militants\nIndo-Naga Talks (From 2012) :: Timeline\nFalse claim for Kukiland\nIntl Day: Eliminate Violence Against Women\nThe Three 'Great Living Chola Temples\nViolence against women\nSholay, Basanti & Chidambaram\nDebut of 'Sarkari Investigator'\nMenace of illegal immigrant, poppy plantation\nResign call from Khemchand to CM\nNational Press Day @DIPR : Gallery\nAn act of barbarism\nCandle Light Solidarity Vigil at Mumbai\nRejoinder to 10 Non-Naga Tribal MLAs\nDelhi : Rio must do 'better homework' with IM\nThe Power of Poppy - 57 :: Poem\nWorld Antimicrobial Resistance Week\nMeitei Mayek Tamba : Online Classroom #3\nDiscord over Reserved Forest in Manipur\nProgram to increase Tribal Participation\nAre we on wrong side of the #endTB track?\nNo roadmap for peace restoration in Manipur\nAgragami, to release debut album\nProfound observation of PRCM\nUnbreakable silence of PM Modi\nAngakpa Mawongi Atithi Seva : Folktale\nDear children of Manipur\nFuelwood consumption in Manipur\nFace Yoga for healthy glow\n9th Brahmaputra Valley Film Festival\nWildlife cannot be manufactured\nBarriers to implementing primary health care\nRadio E-pao: 1000+ songs from Manipur\nDrugs waging a war on Manipur\nImpressing the centre more important\nUsman Gani: Meitei Pangal Radio Playwright\nCrisis: Failed governance, blind Centre\nHIV tools; is it expanding choices for people?\nSausage as a value-added product\nBlessed Be a Woman :: Poem\nRaise your voice when you have evidence\nDavaindia Targets Expansion Drive in NE\nNet ban continues, so does curfew\nSlugfest over PC's post imminent\nKwak Tanba @Sana Konung #3: Gallery\nRestoring Peace & Unity in Manipur\nAddress Gross Human Rights Violations\nPIB, the silent service provider\nThe Hidden Jewel :: Poem\nEndoscopic Spine Surgery\nResolutions to urge Centre\nEntrusting NIA to deliver justice\n[Mobs attack MLAs house [Nov 16] : Gallery]https://www.e-pao.net/epGallery.asp?id=1&src=Violence_2023/Burnt20241116\n[Candlelight Protest @Blore [Nov 17] : Gallery]https://www.e-pao.net/epGallery.asp?id=1&src=Violence_2023/Karnataka202411\n9th General Elections: NE Students Jalandhar\nCandlelight Protest Against Brutal Killing\nSocial context of people's movement\nMedia Conclave at Barak Festival\nDisturbing the disturbed area\nWhy is Delhi still indifferent?\nLooting spree a blot on public movement\n[Curfew enforced in Imphal [Nov 17] : Gallery]https://www.e-pao.net/epGallery.asp?id=1&src=Violence_2023/Curfew20241117\nProtest @Seoul condemn murder : Gallery\nCondemn brutal murder of 6 innocent Meiteis\nLicypriya urged world leaders to act\nAFSPA reimposition: A setback in Manipur\nVision for Vikshit Bharat in Gurgaon\nWorld Diabetes Day 2024\nDastardly killing of 3 women, 3 kids\nInternet ban, again\n[Massive protests in Imphal [Nov 16] : Gallery]https://www.e-pao.net/epGallery.asp?id=1&src=Violence_2023/Agitation20241116\n[Condemns Killing Children [Nov 16] : Gallery]https://www.e-pao.net/epGallery.asp?id=1&src=Violence_2023/UMPC202411\nCondemnation of Brutality, Rape, Murder\nThe Power of Poppy - 56 :: Poem\nAppeal for Immediate Action\nAppeals for calm, peace & justice\nCondemns Killings of Innocent Children\nMarup Mari #2 : Folktale\n1833 Jeree Treaty made Manipur's boundary\nCommendation Ceremony of Legal Services\nCondemnation of Human Rights Violations\nRelease Abducted Meitei Family Members\nHold a Funeral :: Poem\nPollution affects beauty\nReturn of the Army Act in some areas\nAFSPA amidst communal conflict\nYelhou Yangkok Art Exhibit #1 : Gallery\nTechniques for historical denial & negation\nFirewall gender equality from threats\nhttps://e-pao.net/epSubPageSelector.asp?src=World_Diabetes_Day_2024_By_Th_Premchand&ch=education&sub1=Health_Issue\nAddressing concerns of unrest situations\nImplication of election of Trump as President\nPattern behind fresh wave of rampage\nPreposterous claims\n[24 hour shutdown [November 12] : Gallery]https://www.e-pao.net/epGallery.asp?id=1&src=Violence_2023/Bandh202411\nIntroduction to the 'Science of Soul'\nAppeal for Safe Release of Abducted Families\nWorld Diabetes Day - 2024\nMagnificent Tradition :: Poem\nEscalating prices of essential items\nConfirming involvement of militant groups\n12th Manipur Legislative Assembly #1: Gallery\nThe Voices of Innocence :: Poem\nFarcical management of district councils\nLicypriya Kangujam departs for G20 Summit\nBorder: Balancing security & community\nAir pollution problem in Indian cities\nCompletely losing the plot: Dangerous cocktail\nService weapons in slain militants' hands\nAlangtakhou waterfall #2: Gallery\nManipur is caught between Act East & BRI\nTrump is good for Bharat & Manipur\nCitrus Greening Disease: The silent killer\nSeeking Patterns :: Poem\nA pathway to deeper connections\nOoba Video : is now relaunched !\nEmerging pattern behind fresh offensives\nDissent over fencing project\nKwak Tanba @Sana Konung #2: Gallery\nManipur's Chilli farmers battle climate change\nThe dual nature of conflict\nOnline Global Fest tribute to Irabot\nBattle Against Poverty :: Poem\nCondemnation against killing of woman\n\"Jamir can best speak on Naga issue\"\nDragging peace parleys since 1997\nManipur crisis & centre's indifference\n'Travelling Book Fair' @ MSFDS : Gallery\nLoktak's challenges for survival\nA kid's question- 'What is your title?'\nWalkathon on Legal Services Day\nWhat does Trump's victory mean for India ?\nThe Power of Poppy - 55 :: Poem\nMarup Mari #1 : Folktale\nA climate reality check for Ukhrul\nHospital-acquired infection fuelling AMR\nCondemnation of Attack on Zairawn Village\nThe impact of social media on young minds\nAdoption of advanced technologies in NE\nEmergence of power players\nCoTU under scanner\nMeitei Mayek Tamba : Online Classroom #2\nJananeta Irawat Birth Anniv @THAU : Gallery\nWorking on Mushroom cultivation & potentials\nTribute to Ratan Naval Tata\nSkin detox tips to follow post Diwali\nWorld Sustainability Day 2024\nQuestions doing the round\nRoadblocks to peace gesture\nEmergence of Manipur in history #2\nResponse to KNF on Thadou Convention\nWho gave birth to the KNF/KNA ?\nInteractions with Kitovi Zhimomi & Alezo Venuh\nNational Lok Adalat in December, 2024\nThe growing addiction to screens in children\nMyanmar elusive democracy & India's stake\nAnother lie on Government portal\nRepetitive warning to rogue govt doctors\nNingols to Mapam Lamdam #2 : Gallery\nThadou Inpi Manipur (TIM) formed\nAudition: Mister North East & Miss North East\nHan Kang: Nobel Prize winner in Literature\nWeeks of Flower's Bloom :: Poem\nStroke unstruck\nEmerging geo-politics and what it portends\nThadou fillip to NRC move\nChakkouba Annual Fish Fair #1 : Gallery\nIndia cant dismember Manipur historical status\nAppointment of Liaison Officer in Bangalore\nQuality of milk in Imphal\nGovernor Acharya & coffee table book\nCareers related to cities for sustainability\nVoice of protest against border fencing\nFish fair as launch-pad for increasing yield\nNingols to Mapam Lamdam #1 : Gallery\nDebate on Article 3 on status of Indian States\nIndications on 5th Anniv of Naga Peace talks\nDiscrimination :: Poem\nLooming threat of antimicrobial resistance\nDo we study for a JOB ?\nNingol Chakkouba Shopping #1 : Gallery\nNingol Chakouba turning into social contest?\nThadou Convention 2024 : Declarations\nThadou Convention : Concluding Report\nManipur Campaign for Peace Worldwide\nOnline Global Fest @ Barak Festival\nThe Power of Poppy - 54 :: Poem\nEmergence of Manipur in history #1\nRani Gaidinliu Sports Meet at Shillong\nThadou Convention passed resolutions\nSayol Taragi Jagoi : Gallery\nA hypothetical reasoning in day dreaming!\nApangba Pandit : Folktale\n13th Annual General Meeting AMAND: Gallery\nThang Ta @Polo Tournament #2: Gallery\nNovember Calendar for Year 2024 : Tools\nInternational Dance Day #4: Gallery\nManipur, oh My Manipur\nDownloadable Manipuri Calendar :: 2025\nFeatured Front Page Photo 2024 #5: Gallery\nNigerian delegation visited Manipur : Gallery\nManipuri Mythology & Folklore : Gallery\nIndigenous Chothe Naga Tribe & its Identity\n128th Jananeta Irawat @Shanglen #2 : Gallery\nMera Houchongba @Konung #1 : Gallery\nFloral tributes @ Cheiraoching #3 : Gallery\nMera Chaorel Houba #2 : Gallery\nCase for Manipuri as a classical language\nBor @Hiyangthang Lairembi: Gallery\nEma Panthoibi @ Mandalay, Myanmar\nChaga Ngee : Liangmai Post-harvest Fest\n128th Jananeta Irawat @Lilasing : Gallery\nBook release & Panel Discussion at Delhi\nWorld Bamboo Day @Chiangmai #2 : Gallery\nMaru Amashung Maasha : Movie screenplay\nMera Chaorel Houba #1 : Gallery\nManipur Official Phone Directory : Search\nPanthoibi Phijol Hongba @Mandalay : Gallery\nHSLC (Class X) 2024 : Full Result\nHSLC 2024 : Important Info & Grading System\nHSLC 2024 : Pass % : Private Schools\nHSLC 2024 : Pass % : Aided Schools\nHSLC 2024 : Pass % : Govt Schools\nHSLC 2024 : Statistical Abstract\nHSLC 2024 : Comparative Statement\nMalemnganbi Laishram : Science Topper\nThokchom Sheityajit : Arts Topper\nAiena Naorem : Commerce Topper\nHr Secondary Exam 2024 : Science Topper\nHSE 2024 : Subject Pass Percentage\nHSE 2024 : District Pass Percentage\nHSE 2024 : Candidates with Highest Marks\nHr Secondary Exam 2024: Science Full Result\nHr Secondary Exam 2024: Arts Full Result\nHr Secondary Exam 2024: Commerce Result\nHr Secondary Exam 2024 : Arts Topper\nHr Secondary Exam 2024 : Commerce Topper\nGHOST of PEACE :: Download Booklet\nList of Kings of Manipur: 33 - 1984 AD\nDBS Imphal SubSite|\nReaders Mail|\nEditorials|\nEducation Announcements|\nEssay|\nExclusive Event|\nFlash - Audio Visual|\nIncidents|\nLFS Imphal SubSite|\nNews Timeline|\nPoetry|\nOpinion|\nSports|\nRock Concert|\nRSS|\nTop Stories|\nWathi Jugai",
    "highlightText": "",
    "highlightTitle": "",
    "highlightThreadTitle": "",
    "language": "english",
    "sentiment": "negative",
    "categories": [
        "Crime, Law and Justice",
        "Politics",
        "Social Issue"
    ],
    "ai_allow": true,
    "canonical": false,
    "webz_reporter": false,
    "external_links": [],
    "external_images": [],
    "entities": {
        "persons": [],
        "organizations": [
            {
                "name": "Sangai Express\nImphal",
                "sentiment": "none"
            },
            {
                "name": "Tangkhul Naga Foothills' Organisation",
                "sentiment": "none"
            }
        ],
        "locations": [
            {
                "name": "New Canaan",
                "sentiment": "none"
            },
            {
                "name": "Alulou",
                "sentiment": "none"
            }
        ]
    },
    "syndication": {
        "syndicated": false,
        "syndicate_id": null,
        "first_syndicated": false
    },
    "rating": null,
    "crawled": "2024-11-27T00:41:58.480+02:00",
    "updated": "2024-11-27T00:41:58.480+02:00"
}