{
    "thread": {
        "uuid": "6cb8c216709e0e28f8fa7b325eb4dc17721cade4",
        "url": "https://newstral.com/en/article/en/1260634430/norms-l-a-s-icon-of-coffee-shop-architecture-will-give-way-to-a-fast-food-chain-some-are-outraged",
        "site_full": "newstral.com",
        "site": "newstral.com",
        "site_section": "https://newstral.com/en/regions/united-states/california",
        "site_categories": [
            "society",
            "weddings",
            "media"
        ],
        "section_title": "California - Local news from regional newspapers and blogs - Newstral.com",
        "title": "LA Times: «Norms, L.A.'s icon of coffee shop architecture, will give way to a fast-food chain. Some are outraged» - Related news - Newstral.com",
        "title_full": "LA Times: «Norms, L.A.'s icon of coffee shop architecture, will give way to a fast-food chain. Some are outraged» - Related news - Newstral.com",
        "published": "2024-11-26T02:00:00.000+02:00",
        "replies_count": 0,
        "participants_count": 1,
        "site_type": "news",
        "country": "DE",
        "main_image": "http://newstral.com/source-images/125_original_1529233706.jpeg",
        "performance_score": 0,
        "domain_rank": 99840,
        "domain_rank_updated": "2024-11-25T23:00:00.000+02:00",
        "social": {
            "facebook": {
                "likes": 0,
                "comments": 0,
                "shares": 0
            },
            "vk": {
                "shares": 0
            }
        }
    },
    "uuid": "6cb8c216709e0e28f8fa7b325eb4dc17721cade4",
    "url": "https://newstral.com/en/article/en/1260634430/norms-l-a-s-icon-of-coffee-shop-architecture-will-give-way-to-a-fast-food-chain-some-are-outraged",
    "ord_in_thread": 0,
    "parent_url": null,
    "author": "Newstral.com",
    "published": "2024-11-26T02:00:00.000+02:00",
    "title": "LA Times: «Norms, L.A.'s icon of coffee shop architecture, will give way to a fast-food chain. Some are outraged» - Related news - Newstral.com",
    "text": "Newstral\nArticle\n[LA Times](/en/sources/125) on 2024-11-26 22:00\nNorms, L.A.'s icon of coffee shop architecture, will give way to a fast-food chain. Some are outraged\nRelated news\n[Don't mess with Norms: some thoughts for the new owners of the iconic coffee shop chain](http://www.ocregister.com/articles/norm-653389-new-chain.html)[ocregister.com](/en/sources/29498),,,[F](http://www.ft.com)[Hipster coffee swallowed by Peet’s chain](http://www.ft.com/cms/s/0/7f2efc4c-7f2f-11e5-98fb-5a6d4728f74e.html?ftcamp=published_links%2Frss%2Fhome_us%2Ffeed%2F%2Fproduct)[ft.com](/en/sources/3002),,,,[Beloved SoCal coffee shop chain expanding to Las Vegas](https://www.reviewjournal.com/entertainment/food/beloved-socal-coffee-shop-chain-expanding-to-las-vegas-2907139/)[reviewjournal.com](/en/sources/28810),,,,[An Icon of Midcentury Organic Modern Architecture Is Destroyed](http://hyperallergic.com/296105/an-icon-of-midcentury-organic-modern-architecture-is-destroyed/)[hyperallergic.com](/en/sources/202954),,,,[Swedish coffee chain Fika files for bankruptcy](https://nypost.com/2018/09/14/swedish-coffee-chain-fika-files-for-bankruptcy/)[New York Post](/en/sources/128)[P](http://www.pcccourier.com)[Pasadena welcomes another NorCal based coffee chain](http://www.pcccourier.com/main-story/pasadena-welcomes-another-norcal-based-coffee-chain.html)[pcccourier.com](/en/sources/30145)[LA coffee chain roasted over bans](https://www.news.com.au/sport/american-sports/nba/los-angeles-based-coffee-chain-roasted-over-decision-to-implement-bans/news-story/563dcadcc4ed8eaec19b5260ee0e6b2e?from=rss-basic)[news.com.au](/en/sources/30336)[California coffee chain brews up Phoenix expansion](https://www.bizjournals.com/phoenix/news/2018/08/30/california-coffee-chain-brews-up-phoenix-expansion.html?ana=RSS&s=article_search)[bizjournals.com](/en/sources/28486)[Chain coffee ranked: Starbucks, McDonald's and more](http://www.newsday.com/lifestyle/restaurants/chain-coffee-ranked-starbucks-mcdonald-s-and-more-1.11299139)[Newsday](/en/sources/175),,,,[Artsy coffee chain Blue Bottle brews long queues in Tokyo](http://reviewtimes.com/business-news/2015/05/25/artsy-coffee-chain-blue-bottle-brews-long-queues-in-tokyo/)[reviewtimes.com](/en/sources/29383)[T](http://www.thestreet.com)[Another coffee/cafe chain files Chapter 11 bankruptcy](https://www.mercedsunstar.com/news/business/article289463152.html#storylink=rss)[thestreet.com](/en/sources/199880),,,,[Calif. coffee chain Blue Bottle brews long lines in Tokyo](http://www.seattletimes.com/nation-world/calif-coffee-chain-blue-bottle-brews-long-lines-in-tokyo/)[seattletimes.com](/en/sources/3122)[Workers vote to unionize Chicago coffee chain Intelligentsia](https://www.mercedsunstar.com/news/business/article264313246.html#storylink=rss)[Merced Sun-Star](/en/sources/29302)[Nightspot from the ’70s, Cleopatra’s Barge is last icon of Vegas Strip architecture — PHOTOS](http://www.reviewjournal.com/entertainment/nightspot-the-70s-cleopatra-s-barge-last-icon-vegas-strip-architecture)[reviewjournal.com](/en/sources/28810)[Chinese chain Luckin Coffee still can’t catch a break](https://nypost.com/2020/04/06/chinese-chain-luckin-coffee-still-cant-catch-a-break/)[New York Post](/en/sources/128)[New York Coffee Chain Blends Business And Charity For Success](http://www.huffingtonpost.com/2015/06/02/coffeed-new-york-non-profits_n_7495786.html)[huffingtonpost.com](/en/sources/3329)[Las Vegas-based coffee chain announces new location near Ikea](https://www.reviewjournal.com/entertainment/food/las-vegas-based-coffee-chain-announces-new-location-near-ikea-3185600/)[reviewjournal.com](/en/sources/28810)",
    "highlightText": "",
    "highlightTitle": "",
    "highlightThreadTitle": "",
    "language": "english",
    "sentiment": "negative",
    "categories": [
        "Social Issue",
        "Politics",
        "War, Conflict and Unrest"
    ],
    "ai_allow": true,
    "canonical": false,
    "webz_reporter": false,
    "external_links": [
        "http://www.reviewjournal.com/entertainment/nightspot-the-70s-cleopatra-s-barge-last-icon-vegas-strip-architecture",
        "https://nypost.com/2020/04/06/chinese-chain-luckin-coffee-still-cant-catch-a-break/",
        "https://www.reviewjournal.com/entertainment/food/beloved-socal-coffee-shop-chain-expanding-to-las-vegas-2907139/",
        "https://nypost.com/2018/09/14/swedish-coffee-chain-fika-files-for-bankruptcy/",
        "http://reviewtimes.com/business-news/2015/05/25/artsy-coffee-chain-blue-bottle-brews-long-queues-in-tokyo/",
        "http://www.ft.com",
        "http://www.newsday.com/lifestyle/restaurants/chain-coffee-ranked-starbucks-mcdonald-s-and-more-1.11299139",
        "https://www.mercedsunstar.com/news/business/article264313246.html#storylink=rss",
        "http://hyperallergic.com/296105/an-icon-of-midcentury-organic-modern-architecture-is-destroyed/",
        "http://www.thestreet.com",
        "http://www.pcccourier.com/main-story/pasadena-welcomes-another-norcal-based-coffee-chain.html",
        "http://www.huffingtonpost.com/2015/06/02/coffeed-new-york-non-profits_n_7495786.html",
        "http://www.seattletimes.com/nation-world/calif-coffee-chain-blue-bottle-brews-long-lines-in-tokyo/",
        "https://www.reviewjournal.com/entertainment/food/las-vegas-based-coffee-chain-announces-new-location-near-ikea-3185600/",
        "https://www.bizjournals.com/phoenix/news/2018/08/30/california-coffee-chain-brews-up-phoenix-expansion.html?ana=RSS&s=article_search",
        "http://www.pcccourier.com",
        "http://www.ft.com/cms/s/0/7f2efc4c-7f2f-11e5-98fb-5a6d4728f74e.html?ftcamp=published_links%2Frss%2Fhome_us%2Ffeed%2F%2Fproduct",
        "https://www.mercedsunstar.com/news/business/article289463152.html#storylink=rss",
        "http://www.ocregister.com/articles/norm-653389-new-chain.html",
        "https://www.news.com.au/sport/american-sports/nba/los-angeles-based-coffee-chain-roasted-over-decision-to-implement-bans/news-story/563dcadcc4ed8eaec19b5260ee0e6b2e?from=rss-basic",
        "http://reviewjournal.com/entertainment/nightspot-the-70s-cleopatra-s-barge-last-icon-vegas-strip-architecture",
        "http://reviewtimes.com/business-news/2015/05/25/artsy-coffee-chain-blue-bottle-brews-long-queues-in-tokyo",
        "http://www.seattletimes.com/nation-world/calif-coffee-chain-blue-bottle-brews-long-lines-in-tokyo",
        "http://www.ft.com/cms/s/0/7f2efc4c-7f2f-11e5-98fb-5a6d4728f74e.html",
        "http://ft.com/cms/s/0/7f2efc4c-7f2f-11e5-98fb-5a6d4728f74e.html?ftcamp=published_links%2Frss%2Fhome_us%2Ffeed%2F%2Fproduct",
        "https://bizjournals.com/phoenix/news/2018/08/30/california-coffee-chain-brews-up-phoenix-expansion.html?ana=RSS&s=article_search",
        "https://www.reviewjournal.com/entertainment/food/las-vegas-based-coffee-chain-announces-new-location-near-ikea-3185600",
        "http://thestreet.com",
        "http://huffingtonpost.com/2015/06/02/coffeed-new-york-non-profits_n_7495786.html",
        "http://pcccourier.com/main-story/pasadena-welcomes-another-norcal-based-coffee-chain.html",
        "https://www.news.com.au/sport/american-sports/nba/los-angeles-based-coffee-chain-roasted-over-decision-to-implement-bans/news-story/563dcadcc4ed8eaec19b5260ee0e6b2e",
        "https://www.bizjournals.com/phoenix/news/2018/08/30/california-coffee-chain-brews-up-phoenix-expansion.html",
        "http://www.reviewtimes.com/business-news/2015/05/25/artsy-coffee-chain-blue-bottle-brews-long-queues-in-tokyo/",
        "http://newsday.com/lifestyle/restaurants/chain-coffee-ranked-starbucks-mcdonald-s-and-more-1.11299139",
        "http://ft.com",
        "https://reviewjournal.com/entertainment/food/las-vegas-based-coffee-chain-announces-new-location-near-ikea-3185600/",
        "https://mercedsunstar.com/news/business/article289463152.html#storylink=rss",
        "https://www.nypost.com/2018/09/14/swedish-coffee-chain-fika-files-for-bankruptcy/",
        "http://seattletimes.com/nation-world/calif-coffee-chain-blue-bottle-brews-long-lines-in-tokyo/",
        "http://pcccourier.com",
        "https://mercedsunstar.com/news/business/article264313246.html#storylink=rss",
        "http://ocregister.com/articles/norm-653389-new-chain.html",
        "https://www.reviewjournal.com/entertainment/food/beloved-socal-coffee-shop-chain-expanding-to-las-vegas-2907139",
        "https://news.com.au/sport/american-sports/nba/los-angeles-based-coffee-chain-roasted-over-decision-to-implement-bans/news-story/563dcadcc4ed8eaec19b5260ee0e6b2e?from=rss-basic",
        "https://reviewjournal.com/entertainment/food/beloved-socal-coffee-shop-chain-expanding-to-las-vegas-2907139/",
        "https://www.nypost.com/2020/04/06/chinese-chain-luckin-coffee-still-cant-catch-a-break/",
        "https://nypost.com/2018/09/14/swedish-coffee-chain-fika-files-for-bankruptcy",
        "http://hyperallergic.com/296105/an-icon-of-midcentury-organic-modern-architecture-is-destroyed",
        "http://www.hyperallergic.com/296105/an-icon-of-midcentury-organic-modern-architecture-is-destroyed/",
        "https://nypost.com/2020/04/06/chinese-chain-luckin-coffee-still-cant-catch-a-break"
    ],
    "external_images": [],
    "entities": {
        "persons": [],
        "organizations": [],
        "locations": []
    },
    "syndication": {
        "syndicated": false,
        "syndicate_id": null,
        "first_syndicated": false
    },
    "rating": null,
    "crawled": "2024-11-27T00:01:50.235+02:00",
    "updated": "2024-11-27T00:01:50.235+02:00"
}