{
    "thread": {
        "uuid": "beb92dd50cad1ed3fd1c48941ec11977936f7bee",
        "url": "https://timesofindia.indiatimes.com/city/kochi/wife-demands-cbi-investigation-into-adm-naveen-babus-mysterious-death/articleshow/115706856.cms",
        "site_full": "timesofindia.indiatimes.com",
        "site": "indiatimes.com",
        "site_section": "https://timesofindia.indiatimes.com/city/kochi",
        "site_categories": [
            "under_construction",
            "top_news_nz",
            "top_news_au",
            "top_news_ae",
            "top_news_us",
            "top_news_gb",
            "top_news_th",
            "top_news_sa",
            "top_news_sg",
            "top_news_ph",
            "top_news_hk",
            "top_news_nl",
            "top_news_qa",
            "top_news_ie",
            "top_news_pk",
            "top_news_id",
            "top_news_dk",
            "top_news_eg",
            "top_news_za",
            "top_news_my",
            "top_news_kw",
            "top_news_be",
            "top_news_in",
            "top_news_ca",
            "top_news_iq",
            "top_news"
        ],
        "section_title": "Kochi News, Latest Kochi News Headlines &amp; Live Updates - Times of India",
        "title": "Wife Demands CBI Investigation into ADM Naveen Babu's Mysterious Death | Kochi News - Times of India",
        "title_full": "Wife Demands CBI Investigation into ADM Naveen Babu's Mysterious Death | Kochi News - Times of India",
        "published": "2024-11-26T19:36:00.000+02:00",
        "replies_count": 0,
        "participants_count": 1,
        "site_type": "news",
        "country": "IN",
        "main_image": "https://static.toiimg.com/thumb/msid-115706850,width-1070,height-580,imgsize-7272,resizemode-75,overlay-toi_sw,pt-32,y_pad-40/photo.jpg",
        "performance_score": 0,
        "domain_rank": 280,
        "domain_rank_updated": "2024-11-25T23:00:00.000+02:00",
        "social": {
            "facebook": {
                "likes": 0,
                "comments": 0,
                "shares": 0
            },
            "vk": {
                "shares": 0
            }
        }
    },
    "uuid": "beb92dd50cad1ed3fd1c48941ec11977936f7bee",
    "url": "https://timesofindia.indiatimes.com/city/kochi/wife-demands-cbi-investigation-into-adm-naveen-babus-mysterious-death/articleshow/115706856.cms",
    "ord_in_thread": 0,
    "parent_url": null,
    "author": "Times Of India",
    "published": "2024-11-26T19:36:00.000+02:00",
    "title": "Wife Demands CBI Investigation into ADM Naveen Babu's Mysterious Death | Kochi News - Times of India",
    "text": "Kochi: K Manjusha, the wife of the late ADM Naveen Babu, has approached the high court seeking a CBI probe into her husband's death, suspecting it to be a case of homicidal hanging. The bench of Justice Bechu Kurian Thomas is scheduled to consider the plea on Wednesday.Kannur additional district magistrate (ADM) Naveen Babu was found dead in his official quarters on Oct 15, 2024. Although a special investigation team (SIT) is probing the incident, Manjusha's plea alleged that the probe has not made any meaningful progress. She raised serious doubts about the cause of her husband's death, questioning whether it was truly a suicide by hanging. She also criticized the inquest, which was conducted in haste and without the presence of close family members, thereby violating established protocols.Babu, the Kannur ADM from Feb 2024 to Oct 14, 2024, had only seven months remaining in his career. His farewell ceremony, held on Oct 14, was a modest in-house event. However, P P Divya, the then Kannur district panchayat president and the sole accused in the case, allegedly trespassed into the event accompanied by a cameraman. According to Manjusha, Divya delivered a defamatory speech, falsely accusing Babu of habitual bribery. She then allegedly circulated the video of her speech widely, including to officials in Pathanamthitta, where Naveen Babu was set to assume his next post as ADM.On Oct 15, a Kannur collectorate official informed Babu's relatives of his alleged suicide. Manjusha claimed that the bribery allegations and a purported complaint by an individual named Prasanthan to the CM's office were fabricated. She stressed the importance of identifying those who interacted with Babu after the farewell function and urged the collection of CCTV footage from key locations, including the collectorate, the railway station, and Babu's official quarters, to ascertain the truth.Manjusha alleged that the SIT failed to seize this crucial CCTV footage and is actively suppressing evidence while possibly aiding the accused in fabricating false claims. Since Divya is a member of CPM, the main ruling party in the state, there would be no free and fair investigation.Manjusha quoted Divya's submission in the sessions court that she is currently a district committee member of CPM and state joint secretary of Janadhipathya Mahila Association to explain her political influence.",
    "highlightText": "",
    "highlightTitle": "",
    "highlightThreadTitle": "",
    "language": "english",
    "sentiment": "negative",
    "categories": [
        "Crime, Law and Justice",
        "Politics",
        "Social Issue"
    ],
    "ai_allow": true,
    "canonical": false,
    "webz_reporter": false,
    "external_links": [],
    "external_images": [],
    "entities": {
        "persons": [],
        "organizations": [],
        "locations": []
    },
    "syndication": {
        "syndicated": false,
        "syndicate_id": null,
        "first_syndicated": false
    },
    "rating": null,
    "crawled": "2024-11-27T00:06:04.518+02:00",
    "updated": "2024-11-27T00:06:04.518+02:00"
}