{
    "thread": {
        "uuid": "6cbc4eae2ed6d7bafc40bfc99f8bdf10fa843a0e",
        "url": "https://www.annistonstar.com/news/nation_world/immigration-opposition-fuels-english-national-flag-frenzy/article_f0c22578-ecd3-5077-ab9d-119b6dcefdf0.html",
        "site_full": "www.annistonstar.com",
        "site": "annistonstar.com",
        "site_section": "http://www.annistonstar.com//search/?q=&t=article&l=100&d=&d1=&d2=&s=start_time&sd=desc&nsa=eedition&c[]=news,news/*&f=rss",
        "site_categories": [
            "media"
        ],
        "section_title": "www.annistonstar.com - RSS Results in news,news/* of type article",
        "site_title": "annistonstar.com | Local News, Business, Sports, Entertainment, Events",
        "title": "Immigration opposition fuels English national flag frenzy",
        "title_full": "Immigration opposition fuels English national flag frenzy",
        "published": "2025-09-04T06:19:00.000+03:00",
        "replies_count": 0,
        "participants_count": 1,
        "site_type": "news",
        "country": "US",
        "main_image": "https://bloximages.chicago2.vip.townnews.com/annistonstar.com/content/tncms/assets/v3/editorial/b/a1/ba1f4cb3-16d1-51f9-bd83-400591670790/68b91328f0fe1.image.jpg?crop=341%2C341%2C85%2C0&amp;resize=200%2C200&amp;order=crop%2Cresize",
        "performance_score": 0,
        "domain_rank": 35758,
        "domain_rank_updated": "2025-06-03T00:00:00.000+03:00",
        "licensing_agency": [],
        "social": {
            "facebook": {
                "likes": 0,
                "comments": 0,
                "shares": 0
            },
            "vk": {
                "shares": 0
            }
        }
    },
    "uuid": "6cbc4eae2ed6d7bafc40bfc99f8bdf10fa843a0e",
    "url": "https://www.annistonstar.com/news/nation_world/immigration-opposition-fuels-english-national-flag-frenzy/article_f0c22578-ecd3-5077-ab9d-119b6dcefdf0.html",
    "ord_in_thread": 0,
    "author": "Joe JACKSON AFP",
    "published": "2025-09-04T06:19:00.000+03:00",
    "title": "Immigration opposition fuels English national flag frenzy",
    "text": "Bitter debate about immigration in the United Kingdom has triggered a new trend of flying English and British flags in a vivid show of patriotism spearheaded in part by far-right figures.\nUsually flown only for royal celebrations or at sporting tournaments, the flags have been appearing on motorway bridges, lampposts and other spots in villages, towns and cities across England.\nkAm$@>6 369:?5 E96 42>A2:8? 4=2:> 9F?5C65D @7 E9@FD2?5D @7 $E v6@C86VD 2?5 &?:@? y24<D 92G6 8@?6 FA[ H9:=6 C@F?523@FED 2?5 C@25 4C@DD:?8D 92G6 6G6? 366? A2:?E65 H:E9 E96 C65 2?5 H9:E6 4@=@FCD @7 t?8=2?5VD ?2E:@?2= 7=28]k^Am\nkAmQ(6 5:5?VE 6IA64E :E E@ 8@ D@ 3:8[ 3FE :EVD C62==J 92AA6?:?8[Q r2C=2 z6??65J[ 7C@> (@C46DE6C :? (6DE6C? t?8=2?5[ E@=5 pu!]k^Am\nkAm%96 ca\\J62C\\@=5 :D A2CE @7 2 8C@FA[ (@C46DE6C !2EC:@ED[ E92E 92D 6C64E65 9F?5C65D @7 $E v6@C86VD 7=28D]k^Am\nkAm%96 4C@DD @7 $2:?E v6@C86 \\\\ 2 C65 4C@DD @? 2 H9:E6 324<8C@F?5 \\\\ :D E96 t?8=:D9 7=28[ H9:=6 E96 &?:@? y24< :D 4@>A@D65 @7 DFA6C:>A@D65 DJ>3@=D C6AC6D6?E:?8 t?8=2?5[ $4@E=2?5 2?5 }@CE96C? xC6=2?5]k^Am\nkAmz6??65J 24<?@H=65865 E92E H9:=6 A2EC:@E:4 :? ?2EFC6[ E96 42>A2:8? :D :?6IEC:423=J =:?<65 E@ 8C@H:?8 2?E:\\:>>:8C2E:@? D6?E:>6?E]k^Am\nkAmQqC:E@?D 2C6 DE2CE:?8 E@ DA62< ?@H] (6 2C6 282:?DE :==682= :>>:8C2E:@? 2?5 :E :D DE2?5:?8 7@C E92E[Q D96 D2:5]k^Am\nkAmQxEVD ?@E C24:DE 2E 2==] (6 2C6 AC@F5 E@ 36 t?8=:D9 2?5 qC:E:D9[ 2?5 H6 92G6 8@E 2 AC@3=6> H:E9 :==682= :>>:8C2E:@?]k^Am\nkAmQ(6 D9@F=5 36 2==@H65 E@ 7=J @FC 7=28] (6 D9@F=5?VE 92G6 E@ H@CCJ E92E :E H:== @776?5 D@>63@5J[ 3642FD6 :EVD @FC 4@F?ECJ]Qk^Am\nk9am\\ Vv=@C:@FD D:89EV \\k^9am\nkAmp?E:\\C24:D> 42>A2:8?6CD 2C8F6 :E 7@DE6CD 5:G:D:@? 2?5 E92E Q92C56?65 2?5 6IEC6>6 72C\\C:89E 24E:G:DEDQ 2C6 369:?5 QE96 >2:? @C82?:D:?8 7@C46Q[ 2 8C@FA 42==65 Q~A6C2E:@? #2:D6 E96 r@=@FCDQ]k^Am\nkAmp?5J $2I@?[ 2 C6A@CE65 2==J @7 ?@E@C:@FD 72C\\C:89E 28:E2E@C %@>>J #@3:?D@?[ 4@\\7@F?565 E96 4@==64E:G6 2?5 3682? A@DE:?8 23@FE E96 7=28D @? G2C:@FD A=2E7@C>D :? >:5\\pF8FDE]k^Am\nkAmw6 4=2:>D 2 >:==:@? 7=28D 92G6 366? 9@:DE65 D:?46 E96J 7:CDE 3682? 2AA62C:?8 :? 46?EC2= q:C>:?892> \\ 3FE E96 7:8FC6 4@F=5 ?@E 36 G6C:7:65 3J pu!]k^Am\nkAm$2I@?[ H9@D6 C62= ?2>6 :D p?5C6H rFCC:6?[ 2?5 @E96CD :?G@=G65 92G6 =:?<D E@ #@3:?D@?VD ?@H\\567F?4E t?8=:D9 s676?46 {628F6[ 244@C5:?8 E@ 4@F?E6C\\6IEC6>:D> 492C:EJ w@A6 ?@E w2E6] k^Am\nkAmQ%96 724E E92E >F49 @7 E9:D H2G6 @7 24E:G:D> :D 36:?8 @C82?:D65 3J H6==\\<?@H? C24:DED 2?5 6IEC6>:DED 5@6D C2:D6 BF6DE:@?D 23@FE E96 >@E:G2E:@?D 369:?5Q E96 EC6?5[ :E D2:5 :? 2 A@DE]k^Am\nkAm#@3:?D@? \\\\ H9@ :D @C82?:D:?8 H92E 96 42==D QE96 &zVD 3:886DE 7C66 DA6649 76DE:G2=Q :? {@?5@? @? $6AE6>36C `b \\\\ 92D 42==65 E96 7=28D Q2 8=@C:@FD D:89EQ]k^Am\nkAm!2F= v@=5:?8[ E96 =6256C @7 72C\\C:89E 8C@FA qC:E2:? u:CDE[ A@DE65 @? ) :E 92D Q5@?2E65 fd A6C46?E @7 :ED 7=28 DE@4< E@ =@42= E62>D :? |2?496DE6C 2?5 E96 (6DE |:5=2?5D 7@C V~A6C2E:@? #2:D6 %96 r@=@FCDVQ]k^Am\nkAmxE 4@>6D 2>:5 2 763C:=6 2E>@DA96C6 :? qC:E2:? @G6C :CC68F=2C :>>:8C2E:@?]k^Am\nkAm#646?E >@?E9D 92G6 D66? D@>6E:>6D G:@=6?E AC@E6DED @FED:56 9@E6=D 9@FD:?8 2DJ=F>\\D66<6CD[ >@DE ?@E23=J :? tAA:?8[ ?@CE962DE @7 {@?5@?]k^Am\nk9am\\ Vs:D4@?E6?EV \\k^9am\nkAm~G6CE 5:DA=2JD @7 A2EC:@E:D> 2C6 EJA:42==J C2C6C :? t?8=2?5 2?5 tFC@A62? ?6:893@FCD E92? :? E96 &?:E65 $E2E6D[ H96C6 5:DA=2J:?8 E96 $E2CD 2?5 $EC:A6D :D 4@>>@?]k^Am\nkAmQu@C 2 =@?8 E:>6 E96 t?8=:D9 7=28 92D 366? 2DD@4:2E65 H:E9 72C\\C:89E 6IEC6>:D>[Q &?:G6CD:EJ @7 r2>3C:586 AF3=:4 A@=:4J AC@76DD@C |:4926= z6??J D2:5]k^Am\nkAm|2?J :? t?8=2?5 92G6 =@?8 366? H2CJ @7 ?2E:@?2=:D>[ E9@F89 E92E D66>65 E@ D@7E6? :? E96 `hh_D H96? E96 7=28 Q3642>6 2 >F49 >@C6 V32?2=V H2J @7 5:DA=2J:?8 DFAA@CE 7@C t?8=:D9 DA@CE:?8 E62>DQ 2?5 4F=EFC2= AC:56[ 96 25565]k^Am\nkAmz6??J D66D Q5:D4@?E6?E 2?5 7CFDEC2E:@?Q 2E E96 8@G6C?>6?EVD :>>:8C2E:@? A@=:4J 2D <6J E@ E96 4FCC6?E EC6?5]k^Am\nkAm%96 DJ>3@=:D> @7 E96 7=28D 92D 82:?65 ?6H EC24E:@? 2D }:86= u2C286VD 2?E:\\:>>:8C2E:@? #67@C> &z A2CEJ 92D 7@4FD65 2?86C @? E96 2CC:G2= @7 >:8C2?E\\A24<65 3@2ED 7C@> uC2?46]k^Am\nkAm%96 A2CEJ >256 F?AC64656?E65 82:?D :? =@42= 6=64E:@?D :? |2J[ 2?5 :D 4FCC6?E=J E@AA:?8 E96 ?2E:@?2= A@==D[ 2=E9@F89 2 86?6C2= 6=64E:@? :D ?@E 5F6 F?E:= a_ah]k^Am\nkAm&z !C:>6 |:?:DE6C z6:C $E2C>6C ?@E65 E9:D H66< 96 925 3@E9 2 &?:@? y24< 2?5 $E v6@C86VD 7=28 :? 9:D s@H?:?8 $EC66E @77:46 2?5 C6D:56?46[ 2?5 D2:5 96 H2D QAC@F5Q @7 E96 7=28D]k^Am\nkAmQx E9:?< E96JVC6 A2EC:@E:4 2?5 x E9:?< E96JVC6 2 8C62E DJ>3@= @7 @FC ?2E:@?[Q 96 E@=5 qqr C25:@ @? |@?52J]k^Am\nkAmqFE 96 42FE:@?65i Qx 5@?VE E9:?< E96J D9@F=5 36 56G2=F65 2?5 36=:EE=65] x E9:?< D@>6E:>6D H96? E96JVC6 FD65 AFC6=J 7@C 5:G:D:G6 AFCA@D6D[ 24EF2==J :E 56G2=F6D E96 7=28]Qk^Am\nkAmp4C@DD E96 xC:D9 $62[ 2 DE2?5@77 92D 2=D@ 56G6=@A65 36EH66? sF3=:? r:EJ r@F?4:= 2?5 8C@FAD H9@ 92G6 AFE E96 xC:D9 EC:4@=@FC @? =2>AA@DED :? 5:DEC:4ED H:E9 =2C86 :>>:8C2?E A@AF=2E:@?D]k^Am\nkAm;;^;<3^8Gk^Am",
    "highlightText": "",
    "highlightTitle": "",
    "highlightThreadTitle": "",
    "language": "english",
    "sentiment": "negative",
    "categories": [
        "Politics",
        "Social Issue",
        "War, Conflict and Unrest"
    ],
    "topics": [
        "Politics->political process",
        "Politics->national elections",
        "Politics->political parties and movements",
        "Social Issue->national or ethnic minority",
        "Social Issue->diversity, equity and inclusion",
        "Social Issue->immigration",
        "War, Conflict and Unrest->demonstration",
        "War, Conflict and Unrest->rebellion",
        "War, Conflict and Unrest->civil unrest"
    ],
    "ai_allow": false,
    "has_canonical": true,
    "breaking": null,
    "webz_reporter": false,
    "external_links": [],
    "external_images": [],
    "internal_images": [],
    "entities": {
        "persons": [],
        "locations": [],
        "organizations": []
    },
    "syndication": {
        "syndicated": false,
        "syndicate_id": "6cbc4eae2ed6d7bafc40bfc99f8bdf10fa843a0e",
        "first_syndicated": true
    },
    "trust": {
        "categories": null,
        "top_news": [],
        "bias": "center",
        "source": {
            "type": "local_news",
            "city": [
                "West End-Cobb Town",
                "Alexandria",
                "Weaver",
                "Choccolocco",
                "White Plains",
                "Anniston",
                "Oxford"
            ],
            "state": [
                "Missouri",
                "Alabama"
            ],
            "country": [
                "US"
            ],
            "domain_type": null,
            "agency": null,
            "organization_name": null
        }
    },
    "rating": null,
    "crawled": "2025-09-04T07:26:50.045+03:00",
    "updated": "2025-09-04T07:30:01.000+03:00"
}