{
    "thread": {
        "uuid": "ff2c4d2aa0fa256560d0e4e9c4bb824f6fbe1c22",
        "url": "https://article.wn.com/view/2025/09/04/Colombia_coal_exports_plummet_after_ban_on_Israel_sales_u/",
        "site_full": "article.wn.com",
        "site": "wn.com",
        "site_section": "https://wn.com/israel",
        "site_categories": [
            "media"
        ],
        "section_title": "WN - israel",
        "site_title": "World News",
        "title": "Colombia coal exports plummet after ban on Israel sales - Worldnews.com",
        "title_full": "Colombia coal exports plummet after ban on Israel sales - Worldnews.com",
        "published": "2025-09-04T03:00:00.000+03:00",
        "replies_count": 0,
        "participants_count": 1,
        "site_type": "news",
        "country": "US",
        "main_image": "",
        "performance_score": 0,
        "domain_rank": 3835,
        "domain_rank_updated": "2025-06-03T00:00:00.000+03:00",
        "licensing_agency": [],
        "social": {
            "facebook": {
                "likes": 0,
                "comments": 0,
                "shares": 0
            },
            "vk": {
                "shares": 0
            }
        }
    },
    "uuid": "ff2c4d2aa0fa256560d0e4e9c4bb824f6fbe1c22",
    "url": "https://article.wn.com/view/2025/09/04/Colombia_coal_exports_plummet_after_ban_on_Israel_sales_u/",
    "ord_in_thread": 0,
    "author": "System",
    "published": "2025-09-04T03:00:00.000+03:00",
    "title": "Colombia coal exports plummet after ban on Israel sales - Worldnews.com",
    "text": "Colombia's coal exports fell by almost half in July compared to the same month last year, official figures showed Wednesday, amid a global price crisis and days after President Gustavo Petro's ban on sales to Israel.\n......\nread full story\nAsk about this article",
    "highlightText": "",
    "highlightTitle": "",
    "highlightThreadTitle": "",
    "language": "english",
    "sentiment": "negative",
    "categories": [
        "Economy, Business and Finance",
        "Politics",
        "Social Issue"
    ],
    "topics": [
        "Economy, Business and Finance->business reporting and performance",
        "Economy, Business and Finance->financial and economic news",
        "Economy, Business and Finance->commodity market",
        "Politics->international relations",
        "Politics->economic policy",
        "Social Issue->discrimination",
        "Social Issue->social condition"
    ],
    "ai_allow": true,
    "has_canonical": false,
    "breaking": null,
    "webz_reporter": false,
    "external_links": [
        "https://www.moorenews.com/news/national/colombia-coal-exports-plummet-after-ban-on-israel-sales/article_1e2b8882-d5e4-53e4-a5f9-b805f6142328.html",
        "https://moorenews.com/news/national/colombia-coal-exports-plummet-after-ban-on-israel-sales/article_1e2b8882-d5e4-53e4-a5f9-b805f6142328.html"
    ],
    "external_images": [],
    "internal_images": [],
    "entities": {
        "persons": [
            {
                "name": "Gustavo Petro",
                "sentiment": "none"
            }
        ],
        "locations": [],
        "organizations": []
    },
    "syndication": {
        "syndicated": false,
        "syndicate_id": null,
        "first_syndicated": false
    },
    "trust": {
        "categories": [
            "trusted_news"
        ],
        "top_news": [],
        "bias": "center",
        "source": {
            "type": null,
            "city": null,
            "state": null,
            "country": null,
            "domain_type": null,
            "agency": null,
            "organization_name": null
        }
    },
    "rating": null,
    "crawled": "2025-09-04T07:23:59.164+03:00",
    "updated": "2025-09-04T07:27:17.000+03:00"
}