{
    "thread": {
        "uuid": "8dd4ac75928d337687d8d6776f936147d7374764",
        "url": "https://electricenergyonline.com/article/energy/category/wind/141/1157521/government-moves-to-cancel-offshore-wind-project.html",
        "site_full": "electricenergyonline.com",
        "site": "electricenergyonline.com",
        "site_section": "https://electricenergyonline.com/news/energy/energy/news/industry-report",
        "site_categories": [
            "business",
            "green_solutions"
        ],
        "section_title": "",
        "site_title": "Electric Energy Online",
        "title": "United States - Government Moves to Cancel Offshore Wind Project",
        "title_full": "United States - Government Moves to Cancel Offshore Wind Project",
        "published": "2025-09-04T03:00:00.000+03:00",
        "replies_count": 0,
        "participants_count": 0,
        "site_type": "news",
        "country": "US",
        "main_image": "https://electricenergyonline.com/images_logo/banniere_38945.png",
        "performance_score": 0,
        "domain_rank": 140587,
        "domain_rank_updated": "2025-06-03T00:00:00.000+03:00",
        "licensing_agency": [],
        "social": {
            "facebook": {
                "likes": 0,
                "comments": 0,
                "shares": 0
            },
            "vk": {
                "shares": 0
            }
        }
    },
    "uuid": "8dd4ac75928d337687d8d6776f936147d7374764",
    "url": "https://electricenergyonline.com/article/energy/category/wind/141/1157521/government-moves-to-cancel-offshore-wind-project.html",
    "ord_in_thread": 0,
    "author": null,
    "published": "2025-09-04T03:00:00.000+03:00",
    "title": "United States - Government Moves to Cancel Offshore Wind Project",
    "text": "The U.S. Department of Interior will ask a federal court to remand the pending challenge to the New England Wind project so that the government . . .\nTO ACCESS THIS CONTENT\nTO ACCESS THIS CONTENT\nYOU MUST OPEN A SESSION OR CREATE AN ACCOUNT\nMEMBER LOGIN\nCREATE YOUR USER ACCOUNT",
    "highlightText": "",
    "highlightTitle": "",
    "highlightThreadTitle": "",
    "language": "english",
    "sentiment": "negative",
    "categories": [
        "Politics"
    ],
    "topics": [
        "Politics->environmental policy",
        "Politics->government policy"
    ],
    "ai_allow": true,
    "has_canonical": false,
    "breaking": null,
    "webz_reporter": false,
    "external_links": [],
    "external_images": [],
    "internal_images": [],
    "entities": {
        "persons": [],
        "locations": [],
        "organizations": []
    },
    "syndication": {
        "syndicated": false,
        "syndicate_id": null,
        "first_syndicated": false
    },
    "trust": {
        "categories": [],
        "top_news": [],
        "bias": null,
        "source": {
            "type": null,
            "city": null,
            "state": null,
            "country": null,
            "domain_type": null,
            "agency": null,
            "organization_name": null
        }
    },
    "rating": null,
    "crawled": "2025-09-04T07:11:18.896+03:00",
    "updated": "2025-09-04T07:12:34.000+03:00"
}