{
    "thread": {
        "uuid": "677fa5724c50bcc77a9377849fcac4307f73c4f9",
        "url": "https://news-pravda.com/world/2025/03/12/1138374.html",
        "site_full": "news-pravda.com",
        "site": "news-pravda.com",
        "site_section": "https://news-pravda.com/rss/news",
        "site_categories": [],
        "section_title": "Pravda EN",
        "site_title": null,
        "title": "Fox News Report: The Trump administration has evacuated all 40 immigrants it transferred to the Guantanamo Bay detention center in Cuba in recent weeks. No additional flights to Guantanamo are currently planned, and it is...",
        "title_full": "Fox News Report: The Trump administration has evacuated all 40 immigrants it transferred to the Guantanamo Bay detention center in Cuba in recent weeks. No additional flights to Guantanamo are currently planned, and it is...",
        "published": "2025-03-13T00:13:00.000+02:00",
        "replies_count": 0,
        "participants_count": 0,
        "site_type": "news",
        "country": "US",
        "main_image": "https://news-pravda.com/img/20250312/674014e5abafad2e358dbb62d93dea12_o.jpg",
        "performance_score": 0,
        "domain_rank": 104376,
        "domain_rank_updated": "2025-03-10T23:00:00.000+02:00",
        "social": {
            "facebook": {
                "likes": 0,
                "comments": 0,
                "shares": 0
            },
            "vk": {
                "shares": 0
            }
        }
    },
    "uuid": "677fa5724c50bcc77a9377849fcac4307f73c4f9",
    "url": "https://news-pravda.com/world/2025/03/12/1138374.html",
    "ord_in_thread": 0,
    "parent_url": null,
    "author": null,
    "published": "2025-03-13T00:13:00.000+02:00",
    "title": "Fox News Report: The Trump administration has evacuated all 40 immigrants it transferred to the Guantanamo Bay detention center in Cuba in recent weeks. No additional flights to Guantanamo are currently planned, and it is...",
    "text": "Fox News Report: The Trump administration has evacuated all 40 immigrants it transferred to the Guantanamo Bay detention center in Cuba in recent weeks. No additional flights to Guantanamo are currently planned, and it is...\nFox News Report: The Trump administration has evacuated all 40 immigrants it transferred to the Guantanamo Bay detention center in Cuba in recent weeks. No additional flights to Guantanamo are currently planned, and it is unclear whether the plan to hold migrants there remains. After his inauguration, Trump promised to detain about 30,000 immigrants there.",
    "highlightText": "",
    "highlightTitle": "",
    "highlightThreadTitle": "",
    "language": "english",
    "sentiment": "negative",
    "categories": [
        "Politics",
        "Social Issue",
        "Human Interest"
    ],
    "topics": [
        "Politics->government",
        "Politics->migration policy",
        "Politics->national government",
        "Social Issue->social problem",
        "Social Issue->immigration",
        "Social Issue->demographics",
        "Human Interest->human mishap"
    ],
    "ai_allow": true,
    "has_canonical": false,
    "breaking": false,
    "webz_reporter": false,
    "external_links": [],
    "external_images": [],
    "entities": {
        "persons": [],
        "locations": [],
        "organizations": []
    },
    "syndication": {
        "syndicated": false,
        "syndicate_id": null,
        "first_syndicated": false
    },
    "trust": null,
    "rating": null,
    "crawled": "2025-03-13T00:26:19.055+02:00",
    "updated": "2025-03-13T00:26:19.055+02:00"
}