{
    "thread": {
        "uuid": "74082eb2ac178f89c5101381eabef97aa60df92f",
        "url": "https://ruralradio.com/kneb-am/news/kneb-tv-news-march-12-2025",
        "site_full": "ruralradio.com",
        "site": "ruralradio.com",
        "site_section": "https://news.google.com/search?q=am%20when%3A1h&hl=en-US&gl=US&ceid=US%3Aen",
        "site_categories": [
            "agriculture",
            "business"
        ],
        "section_title": "Google News - Search",
        "site_title": null,
        "title": "KNEB-AM 960 AM - 100.3 FM - KNEB.tv News: March 12, 2025",
        "title_full": "KNEB-AM 960 AM - 100.3 FM - KNEB.tv News: March 12, 2025",
        "published": "2025-03-13T00:11:00.000+02:00",
        "replies_count": 0,
        "participants_count": 0,
        "site_type": "news",
        "country": "US",
        "main_image": "https://media.ruralradio.co/nrr/uploads/sites/3/2017/03/KNEB.tv-News-March-2017-INTRO.jpg",
        "performance_score": 0,
        "domain_rank": 52505,
        "domain_rank_updated": "2025-03-10T23:00:00.000+02:00",
        "social": {
            "facebook": {
                "likes": 0,
                "comments": 0,
                "shares": 0
            },
            "vk": {
                "shares": 0
            }
        }
    },
    "uuid": "74082eb2ac178f89c5101381eabef97aa60df92f",
    "url": "https://ruralradio.com/kneb-am/news/kneb-tv-news-march-12-2025",
    "ord_in_thread": 0,
    "parent_url": null,
    "author": null,
    "published": "2025-03-13T00:11:00.000+02:00",
    "title": "KNEB-AM 960 AM - 100.3 FM - KNEB.tv News: March 12, 2025",
    "text": "Today on KNEB.tv News:\n- Gering voters reject $43 million bond measure for Gering Middle School\n- Bond measure proposed for upgrades at Hemingford Public Schools\n- Gordon man caught with child pornography sentenced to 27-34 years in prison\n- Terrytown woman loses bid with Nebraska Court of Appeals\n- NSP Supt. Col. John Bolduc announces retirement\n- New director for the Nebraska Department of Labor announced\nCatch those stories- plus the Panhandle Humane Society’s featured Pet of the Week- right now on KNEB.tv News:",
    "highlightText": "",
    "highlightTitle": "",
    "highlightThreadTitle": "",
    "language": "english",
    "sentiment": "negative",
    "categories": [
        "Education",
        "Politics",
        "Social Issue"
    ],
    "topics": [
        "Education->educational grading",
        "Education->students",
        "Education->school",
        "Politics->voting",
        "Politics->local elections",
        "Politics->government",
        "Social Issue->communities",
        "Social Issue->social condition",
        "Social Issue->demographics"
    ],
    "ai_allow": false,
    "has_canonical": false,
    "breaking": true,
    "webz_reporter": false,
    "external_links": [],
    "external_images": [],
    "entities": {
        "persons": [],
        "locations": [],
        "organizations": []
    },
    "syndication": {
        "syndicated": false,
        "syndicate_id": null,
        "first_syndicated": false
    },
    "trust": null,
    "rating": null,
    "crawled": "2025-03-13T00:21:04.939+02:00",
    "updated": "2025-03-13T00:21:04.939+02:00"
}