{
    "thread": {
        "uuid": "62ff03a17fab5fd55ef0e90f68394d4b54125a92",
        "url": "https://www.kten.com/news/second-arrest-made-in-ada-child-abuse-investigation/video_83871f62-9955-55c0-bdee-1a7caf80196e.html",
        "site_full": "www.kten.com",
        "site": "kten.com",
        "site_section": "https://www.kten.com/news/oklahoma-headlines",
        "site_categories": [
            "media",
            "education",
            "business"
        ],
        "section_title": "Oklahoma Headlines | kten.com",
        "site_title": null,
        "title": "Second arrest made in Ada child abuse investigation | News | kten.com",
        "title_full": "Second arrest made in Ada child abuse investigation | News | kten.com",
        "published": "2025-03-13T00:14:00.000+02:00",
        "replies_count": 0,
        "participants_count": 1,
        "site_type": "news",
        "country": "US",
        "main_image": "https://bloximages.chicago2.vip.townnews.com/kten.com/content/tncms/assets/v3/editorial/8/38/83871f62-9955-55c0-bdee-1a7caf80196e/67d2082f5fba1.image.jpg?crop=1280%2C672%2C0%2C23&amp;resize=1200%2C630&amp;order=crop%2Cresize",
        "performance_score": 0,
        "domain_rank": 45326,
        "domain_rank_updated": "2025-03-10T23:00:00.000+02:00",
        "social": {
            "facebook": {
                "likes": 0,
                "comments": 0,
                "shares": 0
            },
            "vk": {
                "shares": 0
            }
        }
    },
    "uuid": "62ff03a17fab5fd55ef0e90f68394d4b54125a92",
    "url": "https://www.kten.com/news/second-arrest-made-in-ada-child-abuse-investigation/video_83871f62-9955-55c0-bdee-1a7caf80196e.html",
    "ord_in_thread": 0,
    "parent_url": null,
    "author": "Guest",
    "published": "2025-03-13T00:14:00.000+02:00",
    "title": "Second arrest made in Ada child abuse investigation | News | kten.com",
    "text": "Second arrest made in Ada child abuse investigation\nWEATHER FORECAST\nWeather Alert\n...FIRE WEATHER WATCH IN EFFECT FROM FRIDAY MORNING THROUGH FRIDAY EVENING FOR VERY STRONG WINDS WITH GUSTS UP TO 55 MPH AND LOW RELATIVE HUMIDITY VALUES FOR NORTH AND CENTRAL TEXAS... * AFFECTED AREA...All areas along and west of the I-35 corridor, as well as Grayson, Collin, and Rockwall counties * TIMING...From 7 AM to 7 PM CDT Friday * WINDS...West-southwest 25 to 35 mph with gusts up to 50 mph. * RELATIVE HUMIDITY...As low as 10 percent. * TEMPERATURES...73 to 86 degrees. * IMPACTS...Rapid spread of wildfires is possible due to very strong southwesterly winds and low relative humidity values. PRECAUTIONARY/PREPAREDNESS ACTIONS... A Fire Weather Watch means that critical fire weather conditions are forecast to occur. Listen for later forecasts and possible Red Flag Warnings. &&\nCurrently in Denison\n77°\nSunny\n77° / 57°\n6 PM\n76°\n7 PM\n75°\n8 PM\n69°\n9 PM\n67°\n10 PM\n65°",
    "highlightText": "",
    "highlightTitle": "",
    "highlightThreadTitle": "",
    "language": "english",
    "sentiment": "negative",
    "categories": [
        "Crime, Law and Justice",
        "Social Issue",
        "Politics"
    ],
    "topics": [
        "Crime, Law and Justice->crime",
        "Crime, Law and Justice->investigation (criminal)",
        "Social Issue->children",
        "Social Issue->social services",
        "Social Issue->abusive behaviour",
        "Politics->government",
        "Politics->civil rights",
        "Politics->safety of citizens"
    ],
    "ai_allow": false,
    "has_canonical": false,
    "breaking": false,
    "webz_reporter": false,
    "external_links": [],
    "external_images": [],
    "entities": {
        "persons": [],
        "locations": [],
        "organizations": []
    },
    "syndication": {
        "syndicated": false,
        "syndicate_id": null,
        "first_syndicated": false
    },
    "trust": null,
    "rating": null,
    "crawled": "2025-03-13T00:50:15.004+02:00",
    "updated": "2025-03-13T00:50:15.004+02:00"
}