{
    "thread": {
        "uuid": "992c7d9c9f88210bcbc857f7e2dd359a962ee77c",
        "url": "https://www.vox.com/technology/403721/tesla-trump-elon-musk-doge-starlink",
        "site_full": "www.vox.com",
        "site": "vox.com",
        "site_section": "https://news.google.com/search?q=you%20when%3A1h&hl=en-US&gl=US&ceid=US%3Aen",
        "site_categories": [
            "politics",
            "law_government_and_politics",
            "top_news_us",
            "top_news_nz",
            "top_news"
        ],
        "section_title": "Google News - Search",
        "site_title": null,
        "title": "Tesla isn't the Elon Musk company you should worry about. It's Starlink. | Vox",
        "title_full": "Tesla isn't the Elon Musk company you should worry about. It's Starlink. | Vox",
        "published": "2025-03-13T00:20:00.000+02:00",
        "replies_count": 0,
        "participants_count": 1,
        "site_type": "news",
        "country": "US",
        "main_image": "https://platform.vox.com/wp-content/uploads/sites/2/2025/03/GettyImages-2204588044.jpg?quality=90&amp;strip=all&amp;crop=0%2C10.723654995093%2C100%2C78.552690009814&amp;w=1200",
        "performance_score": 0,
        "domain_rank": 414,
        "domain_rank_updated": "2025-03-10T23:00:00.000+02:00",
        "social": {
            "facebook": {
                "likes": 0,
                "comments": 0,
                "shares": 0
            },
            "vk": {
                "shares": 0
            }
        }
    },
    "uuid": "992c7d9c9f88210bcbc857f7e2dd359a962ee77c",
    "url": "https://www.vox.com/technology/403721/tesla-trump-elon-musk-doge-starlink",
    "ord_in_thread": 0,
    "parent_url": null,
    "author": "Adam Clark Estes",
    "published": "2025-03-13T00:20:00.000+02:00",
    "title": "Tesla isn't the Elon Musk company you should worry about. It's Starlink. | Vox",
    "text": "The next phase of Elon Musk’s plan to entangle his companies with the workings of the federal government is well underway. That entails not only President Donald Trump’s photo op with a Tesla in front of the White House but also, surprisingly, the future of your internet connection.\nThe Elon Musk company you should be worried about right now\nThe Trump administration appears to be giving Starlink, a division of SpaceX, preferential treatment.\nAdam Clark Estesis a senior technology correspondent at Vox and author of the User Friendly newsletter. He’s spent 15 years covering the intersection of technology, culture, and politics at places like The Atlantic, Gizmodo, and Vice.\nMore specifically, Musk is making moves that could change the way millions of Americans access the internet by boosting Starlink, the satellite-based internet company operated by his company, SpaceX, of which he is the founder, CEO, and major shareholder.\nStarlink and other space-based internet projects work by beaming internet service from satellites in orbit down to Earth’s surface, as opposed to wired broadband internet, which typically relies on fiber-optic cable. Satellite internet’s major advantage is that, with a few exceptions, it can work almost anywhere on the planet. Its drawbacks — including slow speeds, high latency, and spotty reliability — mean that fiber internet is better for the vast majority of people right now.\nIn the last week or so, the Commerce Department said it plans to rewrite the rules of a $42 billion high-speed internet initiative in a way that would benefit Starlink. The Federal Communications Commission (FCC) meanwhile granted Starlink a waiver that will make its new service, which lets phones connect to satellites, more powerful, as satellite competitors urged the agency to rein in Musk’s company, which they say is “anticompetitive.”\nMusk affiliates have also reportedly instructed government agencies to start using Starlink, and the General Services Administration is already doing it, apparently without oversight. SpaceX confirmed that it’s leasing Starlink kits to the Federal Aviation Administration (FAA), amid reports that the agency might cancel a $2.4 billion contract with Verizon and award it to Starlink instead. The company denied that it was trying to take over the contract.\nThere are billions of dollars at stake here, but this isn’t just about the money. (Musk doesn’t really need it.) Some people are worried that these developments represent the early steps of a power shift in the telecom industry, one that could result in the world’s richest man deciding how the nation’s communications network works.\n“We have never before had a situation where the owner of a major communications company is inside the government. This is a very unusual situation.”\nIn addition to hacking away at the federal government in his unelected position as the head of DOGE, Musk could also become the single individual who is “the dominant force in telecom policy,” according to Blair Levin, a senior fellow at the Brookings Institute and former chief of staff at the FCC. What’s more, the US telecommunications system is key to national security, and Musk’s business interests might not always line up with Washington’s.\n“We have never before had a situation where the owner of a major communications company is inside the government. This is a very unusual situation,” Levin said. “It’s very troubling.”\nSome of this must sound hyperbolic. It’s also hypothetical — for now. I’ve been writing about Starlink since before it launched its first batch of satellites in 2019, and from bringing remote parts of the world online to connecting Ukrainian soldiers at war, there’s no doubt that the technology is incredible.\nBut if recent events are any indication, the Trump administration plans to advantage Starlink in ways that benefit Musk more than the people who need better internet service. It also opens the door for Musk to become a much bigger power broker in the telecom world — and have more of a say in how you get online.\nElon’s space internet is not better than Earth internet yet\nIt’s tempting to think Starlink is the future of internet service. It’s very easy to set up, which is a huge deal to anyone who lacks broadband access — soldiers in Ukraine, for example, or farmers in rural America. But Starlink is not the same as the fiber-based broadband that’s become the gold standard for internet access.\nFor a number of reasons, space internet isn’t as fast, as reliable, or as cheap as terrestrial broadband. That’s why Congress prioritized companies that lay fiber-optic cable with the Broadband Equity, Access, and Deployment (BEAD) program, which provides federal funding to bring high-speed internet access to as many as 8 million Americans who have never had it, as part of the 2021 infrastructure bill. Commerce Secretary Howard Lutnick now wants to make the program “technology neutral,” a change that would increase Starlink’s chances of getting grants. Whereas Musk’s company was on track to receive a little over $4 billion under the old rules, Starlink could now get between $10 billion and $20 billion, according to the Wall Street Journal.\nIf the Commerce Department goes through with the proposed changes to the BEAD program, its implementation would be delayed — more than one expert told me it would be by at least a year. Which is ironic given that Republicans made delays in BEAD’s rollout a talking point during the 2024 election. This process involves digging miles of trenches for tubes of cables that connect far-flung parts of the country. It takes time and costs money, but this infrastructure would last for decades.\n“It is truly a historic opportunity to get fiber to a lot of these places,” Drew Garner, director of policy engagement at the Benton Institute for Broadband & Society, told me. “We’ll probably never have another opportunity like this.”\nSome [argue](https://itif.org/publications/2025/01/21/bead-needs-all-technologies-to-succeed/) that Starlink and other satellite-based internet companies could get people online more quickly and without the expense of laying fiber. Starlink already has more than 7,000 satellites in orbit and is trying to add more. But it’s unclear how quickly Starlink could actually add more users, since the company already has a waiting list for people to sign up because its network is at capacity.\nThat’s not to mention the fact that, for now, Starlink is neither faster nor cheaper than terrestrial broadband. Starlink delivers download speeds of 50 to 100 Mbps, while the FCC defines broadband [as 100 Mbps](https://www.cnet.com/home/internet/the-fcc-quadrupled-the-definition-of-minimum-broadband-speeds-heres-why-it-matters/). The average download speed in the US is [about 275 Mbps](https://www.speedtest.net/global-index/united-states#fixed). Starlink also currently charges customers [$80 a month](https://www.starlink.com/us/service-plans) for its “Residential Lite” service, while the average US internet bill [is $78 a month](https://www.cnet.com/home/internet/average-us-internet-bill-is-78-monthly-heres-how-you-can-lower-it/).\nThis is what makes the Trump administration’s apparent preferential treatment of Musk’s company so frustrating. It’s a poorer solution that takes longer and doesn’t result in savings for most Americans.\nMusk posts Starlink into the FAA\nWe don’t yet know how things will shake out with BEAD. The Commerce Department could change its mind, and the broadband infrastructure expansion could break ground in a few states this spring. However, the Trump administration is already starting to use Starlink in unusual ways.\nThe FAA, like many federal government agencies, is dealing with massive staff cuts at the behest of Musk’s Department of Government Efficiency. Just days [after 67 people died in a midair collision](/politics/397569/plane-crash-dc-air-traffic-dei-trump) near Washington’s Reagan Airport, Musk’s staff urged FAA staffers to accept buyout offers, which more than 1,300 of them did, [according to the Atlantic](https://www.theatlantic.com/politics/archive/2025/03/faa-trump-elon-plane-crash/681975/). DOGE also ended up [firing](https://apnews.com/article/doge-faa-air-traffic-firings-safety-67981aec33b6ee72cbad8dcee31f3437) about 400 FAA employees. When Musk’s team tried to lay off air traffic controllers, Transportation Secretary Sean Duffy [finally intervened](https://www.reuters.com/business/aerospace-defense/faa-says-agency-needs-multiple-technologies-us-air-traffic-system-2025-03-05/#:~:text=Sources%20told%20Reuters%20last%20week,for%20pilots%20and%20the%20FAA.).\nAt the same time — and operating on orders from Musk himself — a SpaceX engineer started to deploy Starlink technology on FAA systems. Musk [posted](https://x.com/elonmusk/status/1895129237478162621) on X that “the Verizon communication system to air traffic control is breaking down very rapidly,” that “the situation is extremely dire,” and that he would send Starlink dishes to the rescue. The FAA [has since confirmed](https://www.reuters.com/business/aerospace-defense/faa-says-agency-needs-multiple-technologies-us-air-traffic-system-2025-03-05/#:~:text=Sources%20told%20Reuters%20last%20week,for%20pilots%20and%20the%20FAA.) that it’s reviewing the $2.4 billion Verizon contract and testing Starlink equipment at several locations, including in Alaska, New Jersey, and Oklahoma.\nMusk’s posting-fueled intervention at the FAA is a scary one. Almost single-handedly, the billionaire threw cold water on a contract with Verizon, one that will affect the safety and security of Americans. Although it’s not clear if Starlink will indeed take over this particular contract, we have a glimpse at what it looks like for a singular bureaucrat — one that sells satellite dishes that [don’t always work](https://thelogic.co/news/ontario-starlink-backup/) — to call the shots.\n“If you’re downloading stuff to your house in a rural area, and your speed drops because the system is oversubscribed, that’s annoying,” said [Harold Feld](https://publicknowledge.org/team_member/harold-feld/), senior vice president of Public Knowledge. “If you’re the FAA, and your speed drops because the capacity is oversubscribed, that’s deadly.”\nProject 2025’s surprising role in all this\nElon Musk and DOGE, which is run by employees of Musk’s companies, certainly appear to be operating within the federal government to promote the best interests of those companies. The “why” of it all will take some time to figure out. Less than two months into Trump’s second presidency, we’re too busy keeping track of what’s even happening, especially where Musk is involved.\nAs for Starlink and Elon Musk’s apparent ambitions to dominate the US telecom industry, the FCC’s cooperation is essential. And Brendan Carr, the agency’s new chair, [happens to be a big Elon Musk fan](https://www.politico.com/news/2024/10/18/elon-musk-brendan-carr-fcc-starlink-00184260). Carr first made contact with Musk on X, where the two exchanged complaints about Democrats denying Starlink broadband subsidies and blamed Kamala Harris for rolling BEAD out too slowly. Carr was also the [author of the chapter on the FCC](https://static.project2025.org/2025_MandateForLeadership_CHAPTER-28.pdf) for the big report [published by the Heritage Foundation’s Project 2025](/politics/360318/project-2025-trump-policies-abortion-divorce). In it, he [argues](https://www.benton.org/blog/project-2025-brendan-carrs-agenda-fcc) against terrestrial broadband expansion and in favor of accelerating the development of satellite technology, like Starlink.\nOne of Project 2025’s main goals is to “[dismantle the administrative state](https://static.project2025.org/2025_MandateForLeadership_FOREWORD.pdf),” and in Musk, the right found a key ally. Musk has also found an opportunity: When the bureaucrats are all fired, someone still has to make decisions, and it’s easier to move quickly without any oversight.\nAcross the world, people are [setting Tesla dealerships on fire](https://www.nytimes.com/2025/03/08/business/elon-musk-tesla-violence-protests-vandalism.html) to protest Musk’s gutting of the federal workforce and hoping to tank its stock. But what’s happening more quietly with Starlink, the Commerce Department, and the FCC shows that the multibillionaire isn’t just interested in making money. He’s [consolidating power](/politics/403371/tesla-boycott-trump-elon-musk-doge) in Washington and helping determine what the future will look like.\nSelling cars is one thing, but taking control over America’s telecommunications network is another. Musk is not there yet, but we have already seen Musk use Starlink specifically to intervene in military operations abroad — he [prevented Ukraine from launching a surprise attack ](https://apnews.com/article/spacex-ukraine-starlink-russia-air-force-fde93d9a69d7dbd1326022ecfdbc53c2)against Russia in 2022. That sets a scary precedent for what the future holds.\n“Elon Musk has been pretty cavalier about his ability to turn on or turn off Starlink to influence policy decisions,” Garner, from the Benton Institute, told me, referring to [a series of recent posts on X from Musk](https://www.bbc.com/news/articles/cy87vg38dnpo) about cutting off Starlink access in Ukraine.\nIt’s not just scary that Musk is becoming more powerful in the telecom industry. It is uniquely terrifying that he alone could decide to bring networks down. And that might be an even more important development to keep our eyes on than [the Tesla ad he produced](https://www.businessinsider.com/elon-musk-starlink-will-never-turn-off-terminals-in-ukraine-2025-3?utm_source=chatgpt.com) in front of the White House.\nA version of this story was also published in the User Friendly newsletter. [Sign up here](/pages/user-friendly-tech-newsletter-signup) so you don’t miss the next one!",
    "highlightText": "",
    "highlightTitle": "",
    "highlightThreadTitle": "",
    "language": "english",
    "sentiment": "negative",
    "categories": [
        "Economy, Business and Finance",
        "Politics",
        "Social Issue"
    ],
    "topics": [
        "Economy, Business and Finance->business strategy and marketing",
        "Economy, Business and Finance->corporate news and profiles",
        "Economy, Business and Finance->financial and economic news",
        "Politics->government",
        "Politics->political development",
        "Politics->international relations",
        "Social Issue->social problem",
        "Social Issue->social condition",
        "Social Issue->social networking"
    ],
    "ai_allow": true,
    "has_canonical": false,
    "breaking": true,
    "webz_reporter": false,
    "external_links": [
        "https://spectrum.ieee.org/starlink-vleo-below-iss",
        "https://www.pcmag.com/news/spacex-rivals-urge-fcc-to-reject-anticompetitive-starlink-upgrades",
        "https://www.reuters.com/business/aerospace-defense/faa-says-agency-needs-multiple-technologies-us-air-traffic-system-2025-03-05/#:~:text=Sources%20told%20Reuters%20last%20week,for%20pilots%20and%20the%20FAA.",
        "https://www.nbcnews.com/tech/elon-musk/elon-musk-starlink-growing-footprint-federal-government-rcna195400",
        "https://publicknowledge.org/team_member/harold-feld/",
        "https://itif.org/publications/2025/01/21/bead-needs-all-technologies-to-succeed/",
        "https://www.washingtonpost.com/business/2025/03/06/starlink-faa-verizon-contract-musk/",
        "https://www.reuters.com/business/media-telecom/us-okays-higher-power-cellphone-service-musks-starlink-despite-objections-2025-03-07/",
        "https://www.theatlantic.com/politics/archive/2025/03/faa-trump-elon-plane-crash/681975/",
        "https://www.politico.com/news/2024/09/18/senate-republicans-ding-harris-role-as-broadband-czar-00179855",
        "https://www.businessinsider.com/elon-musk-starlink-will-never-turn-off-terminals-in-ukraine-2025-3?utm_source=chatgpt.com",
        "https://www.brookings.edu/people/blair-levin/",
        "https://www.politico.com/news/2024/10/18/elon-musk-brendan-carr-fcc-starlink-00184260",
        "https://www.wired.com/story/starlink-replacement-ukraine-eutelsat-oneweb-project-kuiper-amazon-iris2-elon-musk/",
        "https://www.wsj.com/politics/policy/commerce-to-overhaul-internet-for-all-plan-expanding-starlink-funding-prospects-74664efc",
        "https://gizmodo.com/the-fcc-just-gave-spacex-the-go-ahead-to-build-a-space-1824204830",
        "https://www.nytimes.com/2025/03/08/business/elon-musk-tesla-violence-protests-vandalism.html",
        "https://www.speedtest.net/global-index/united-states#fixed",
        "https://apnews.com/article/spacex-ukraine-starlink-russia-air-force-fde93d9a69d7dbd1326022ecfdbc53c2",
        "https://www.benton.org/benton-staffboard/drew-garner",
        "https://www.businessinsider.com/photo-trumps-notes-shows-tesla-prices-2025-3",
        "https://static.project2025.org/2025_MandateForLeadership_FOREWORD.pdf",
        "https://www.starlink.com/us/service-plans",
        "https://www.cnet.com/home/internet/average-us-internet-bill-is-78-monthly-heres-how-you-can-lower-it/",
        "https://apnews.com/article/doge-faa-air-traffic-firings-safety-67981aec33b6ee72cbad8dcee31f3437",
        "https://www.cnet.com/home/internet/the-fcc-quadrupled-the-definition-of-minimum-broadband-speeds-heres-why-it-matters/",
        "https://www.bbc.com/news/articles/cy87vg38dnpo",
        "https://static.project2025.org/2025_MandateForLeadership_CHAPTER-28.pdf",
        "https://thelogic.co/news/ontario-starlink-backup/",
        "https://www.benton.org/blog/project-2025-brendan-carrs-agenda-fcc",
        "https://www.apnews.com/article/doge-faa-air-traffic-firings-safety-67981aec33b6ee72cbad8dcee31f3437",
        "https://publicknowledge.org/team_member/harold-feld",
        "https://www.static.project2025.org/2025_MandateForLeadership_FOREWORD.pdf",
        "https://pcmag.com/news/spacex-rivals-urge-fcc-to-reject-anticompetitive-starlink-upgrades",
        "https://bbc.com/news/articles/cy87vg38dnpo",
        "https://www.theatlantic.com/politics/archive/2025/03/faa-trump-elon-plane-crash/681975",
        "https://www.gizmodo.com/the-fcc-just-gave-spacex-the-go-ahead-to-build-a-space-1824204830",
        "https://politico.com/news/2024/09/18/senate-republicans-ding-harris-role-as-broadband-czar-00179855",
        "https://www.brookings.edu/people/blair-levin",
        "https://starlink.com/us/service-plans",
        "https://speedtest.net/global-index/united-states#fixed",
        "https://wired.com/story/starlink-replacement-ukraine-eutelsat-oneweb-project-kuiper-amazon-iris2-elon-musk/",
        "https://theatlantic.com/politics/archive/2025/03/faa-trump-elon-plane-crash/681975/",
        "https://businessinsider.com/elon-musk-starlink-will-never-turn-off-terminals-in-ukraine-2025-3?utm_source=chatgpt.com",
        "https://thelogic.co/news/ontario-starlink-backup",
        "https://nbcnews.com/tech/elon-musk/elon-musk-starlink-growing-footprint-federal-government-rcna195400",
        "https://reuters.com/business/aerospace-defense/faa-says-agency-needs-multiple-technologies-us-air-traffic-system-2025-03-05/#:~:text=Sources%20told%20Reuters%20last%20week,for%20pilots%20and%20the%20FAA.",
        "https://www.wired.com/story/starlink-replacement-ukraine-eutelsat-oneweb-project-kuiper-amazon-iris2-elon-musk",
        "https://www.spectrum.ieee.org/starlink-vleo-below-iss",
        "https://cnet.com/home/internet/the-fcc-quadrupled-the-definition-of-minimum-broadband-speeds-heres-why-it-matters/",
        "https://nytimes.com/2025/03/08/business/elon-musk-tesla-violence-protests-vandalism.html",
        "https://www.apnews.com/article/spacex-ukraine-starlink-russia-air-force-fde93d9a69d7dbd1326022ecfdbc53c2",
        "https://politico.com/news/2024/10/18/elon-musk-brendan-carr-fcc-starlink-00184260",
        "https://benton.org/benton-staffboard/drew-garner",
        "https://brookings.edu/people/blair-levin/",
        "https://www.itif.org/publications/2025/01/21/bead-needs-all-technologies-to-succeed/",
        "https://www.reuters.com/business/media-telecom/us-okays-higher-power-cellphone-service-musks-starlink-despite-objections-2025-03-07",
        "https://cnet.com/home/internet/average-us-internet-bill-is-78-monthly-heres-how-you-can-lower-it/",
        "https://businessinsider.com/photo-trumps-notes-shows-tesla-prices-2025-3",
        "https://www.cnet.com/home/internet/the-fcc-quadrupled-the-definition-of-minimum-broadband-speeds-heres-why-it-matters",
        "https://itif.org/publications/2025/01/21/bead-needs-all-technologies-to-succeed",
        "https://wsj.com/politics/policy/commerce-to-overhaul-internet-for-all-plan-expanding-starlink-funding-prospects-74664efc",
        "https://www.thelogic.co/news/ontario-starlink-backup/",
        "https://reuters.com/business/media-telecom/us-okays-higher-power-cellphone-service-musks-starlink-despite-objections-2025-03-07/",
        "https://www.washingtonpost.com/business/2025/03/06/starlink-faa-verizon-contract-musk",
        "https://www.static.project2025.org/2025_MandateForLeadership_CHAPTER-28.pdf",
        "https://www.businessinsider.com/elon-musk-starlink-will-never-turn-off-terminals-in-ukraine-2025-3",
        "https://benton.org/blog/project-2025-brendan-carrs-agenda-fcc",
        "https://washingtonpost.com/business/2025/03/06/starlink-faa-verizon-contract-musk/",
        "https://www.cnet.com/home/internet/average-us-internet-bill-is-78-monthly-heres-how-you-can-lower-it",
        "https://www.publicknowledge.org/team_member/harold-feld/"
    ],
    "external_images": [],
    "entities": {
        "persons": [],
        "locations": [],
        "organizations": []
    },
    "syndication": {
        "syndicated": false,
        "syndicate_id": null,
        "first_syndicated": false
    },
    "trust": null,
    "rating": null,
    "crawled": "2025-03-13T00:25:43.657+02:00",
    "updated": "2025-03-13T00:25:43.657+02:00"
}