{
    "thread": {
        "uuid": "3c99a88f4af0dabc38d9b43e7d270a9046eddec9",
        "url": "https://ruralradio.com/kneb-am/news/denver-homicide-suspect-arraigned-in-nebr-court-on-local-charges",
        "site_full": "ruralradio.com",
        "site": "ruralradio.com",
        "site_section": "https://news.google.com/search?q=am%20when%3A1h&hl=en-US&gl=US&ceid=US%3Aen",
        "site_categories": [
            "agriculture",
            "business"
        ],
        "section_title": "Google News - Search",
        "site_title": null,
        "title": "KNEB-AM 960 AM - 100.3 FM - Denver homicide suspect arraigned in Nebr court on local charges",
        "title_full": "KNEB-AM 960 AM - 100.3 FM - Denver homicide suspect arraigned in Nebr court on local charges",
        "published": "2025-03-13T00:05:00.000+02:00",
        "replies_count": 0,
        "participants_count": 0,
        "site_type": "news",
        "country": "US",
        "main_image": "https://media.ruralradio.co/nrr/uploads/sites/2/2025/03/COURTESY_DCSO_Vega-Augustine-Hinman.jpg",
        "performance_score": 0,
        "domain_rank": 52505,
        "domain_rank_updated": "2025-03-10T23:00:00.000+02:00",
        "social": {
            "facebook": {
                "likes": 0,
                "comments": 0,
                "shares": 0
            },
            "vk": {
                "shares": 0
            }
        }
    },
    "uuid": "3c99a88f4af0dabc38d9b43e7d270a9046eddec9",
    "url": "https://ruralradio.com/kneb-am/news/denver-homicide-suspect-arraigned-in-nebr-court-on-local-charges",
    "ord_in_thread": 0,
    "parent_url": null,
    "author": null,
    "published": "2025-03-13T00:05:00.000+02:00",
    "title": "KNEB-AM 960 AM - 100.3 FM - Denver homicide suspect arraigned in Nebr court on local charges",
    "text": "A suspect wanted in connection with a Denver homicide investigation was arraigned in Dawson County Court Wednesday on charges of Possession of a Deadly Weapon during the commission of a Felony and Operating a Motor Vehicle to Avoid Arrest. Dawson County Judge Jeffrey Wightman set bond for Augustine Vega at 10% of $250,000. The 36-year-old Vega is being held in the Dawson County Jail in Lexington.\nThe Nebraska case stems from incidents on Sunday March 9, 2025 as a Nebraska State Patrol trooper spotted a vehicle on Interstate 80 that was connected to Denver homicide. Additional information was that Vega may be traveling with a female who may have been abducted and taken hostage. Around 9:25am a pursuit began as the trooper attempted to stop the vehicle, a Nissan Rogue. The vehicle eluded two spike strip attempts. The pursuit continued into Cozad before traveling westbound on Highway 30 from Cozad. Before leaving Cozad, the vehicle nearly collided with two other innocent motorists and reach speeds of nearly 100mph.\nThe arrest affidavit continues that a third spike strip attempt was successful at deflating the left, front tire. The pursuit continued until the driver lost control and entered a ditch on Highway 30 just east of Gothenburg before coming to a stop. Responding officers attempted to make contact with the vehicle occupants but, received no response. An NSP drone was deployed indicating the male driver was slumped over for quite some time and that the female appeared to be in distress. Officers broke the front passenger window, removed both occupants and rendered aid including each given a dose of Narcan to counteract potential drug overdose. Both were transported to Gothenburg Health. The female died at the hospital. Her identity has not been released. Vega was flown to CHI Health Good Samaritan in Kearney where he has since been discharged.\nInvestigators recovered a handgun from the driver’s seat, seized a loaded, handgun magazine and an undetermined amount of cash.\nVega is scheduled for preliminary hearing in Dawson County Court on March 25, 2025 at 11:00am.\nNo law enforcement officers discharged their weapons during the incident, according to NSP. The South Central Area Law Enforcement Services (SCALES) task force has been asked to investigate the incident. The Dawson County Sheriff’s Office, Gothenburg Police Department, Cozad Police Department, Gothenburg Volunteer Fire Department, Dawson County Attorney, and LifeNet helicopter all assisted in the response.\nNSP is coordinating with the Denver Police Department on the ongoing homicide investigation.",
    "highlightText": "",
    "highlightTitle": "",
    "highlightThreadTitle": "",
    "language": "english",
    "sentiment": "negative",
    "categories": [
        "Crime, Law and Justice",
        "Human Interest",
        "Politics"
    ],
    "topics": [
        "Crime, Law and Justice->court",
        "Crime, Law and Justice->investigation (criminal)",
        "Crime, Law and Justice->homicide",
        "Human Interest->human mishap",
        "Politics->civil rights",
        "Politics->local government and authority"
    ],
    "ai_allow": false,
    "has_canonical": false,
    "breaking": true,
    "webz_reporter": false,
    "external_links": [],
    "external_images": [],
    "entities": {
        "persons": [],
        "locations": [],
        "organizations": []
    },
    "syndication": {
        "syndicated": false,
        "syndicate_id": null,
        "first_syndicated": false
    },
    "trust": null,
    "rating": null,
    "crawled": "2025-03-13T00:21:04.906+02:00",
    "updated": "2025-03-13T00:21:04.906+02:00"
}