{
    "thread": {
        "uuid": "f524f3d3580db66a4a2a1e55454aac8354c17679",
        "url": "https://www.forbes.com.au/news/world-news/trump-tariff-backlash-updates",
        "site_full": "www.forbes.com.au",
        "site": "forbes.com.au",
        "site_section": "https://news.google.com/search?q=over%20when%3a1h&hl=en-us&gl=us&ceid=us%3aen",
        "site_categories": [],
        "section_title": "Google News - Search",
        "site_title": null,
        "title": "Trump tariff backlash updates: Canada, EU retaliate over tariffs",
        "title_full": "Trump tariff backlash updates: Canada, EU retaliate over tariffs",
        "published": "2025-03-13T00:18:00.000+02:00",
        "replies_count": 0,
        "participants_count": 1,
        "site_type": "news",
        "country": "AU",
        "main_image": "",
        "performance_score": 0,
        "domain_rank": 44541,
        "domain_rank_updated": "2025-03-10T23:00:00.000+02:00",
        "social": {
            "facebook": {
                "likes": 0,
                "comments": 0,
                "shares": 0
            },
            "vk": {
                "shares": 0
            }
        }
    },
    "uuid": "f524f3d3580db66a4a2a1e55454aac8354c17679",
    "url": "https://www.forbes.com.au/news/world-news/trump-tariff-backlash-updates",
    "ord_in_thread": 0,
    "parent_url": null,
    "author": "Molly Bohannon, Forbes Staff",
    "published": "2025-03-13T00:18:00.000+02:00",
    "title": "Trump tariff backlash updates: Canada, EU retaliate over tariffs",
    "text": "As President Donald Trump’s 25% tariff on imported steel and aluminium took effect Wednesday morning, the European Union and Canada announced tens of billions of dollars worth of retaliatory tariffs against U.S. goods. US President Donald Trump speaks to reporters as he meets with Irish Prime Minister Micheal Martin in the Oval Office of the White House in Washington, DC, on March 12, 2025.\nAFP via Getty Images\nKey Takeaways March 12 Canada—which has been working through the start of a trade war with the U.S. for weeks as Trump threatened, then largely paused, sweeping tariffs against it and Mexico—announced trade duties on about $21 billion worth of American goods in response to Trump’s steel and aluminium tariffs. Canada’s finance minister, Dominic LeBlanc, said the tariffs will go into effect Thursday and will include levies on about $8.8 billion of steel products, $2.1 billion of aluminium products and $9.9 billion of other U.S. goods—totaling about $20.7 billion in U.S. dollars. March 11The European Commission—the executive body of the European Union— announced late Tuesday it was implementing “swift and proportionate countermeasures on U.S.” imports in response to Trump’s steel and aluminum tariffs, which they called “unjustified.” The commission said it will let current suspensions of existing countermeasures against the U.S. to lapse on April 1, and by mid-April other countermeasures—applying to goods exports worth up to $28 billion—will be in place, targeting things like steel, aluminum, textiles and agricultural goods largely grown in red, southern states, like Louisiana soybeans. What Other Retaliatory Tariffs Is The US Facing? The steel and aluminium tariffs are not the only ones Trump has announced since taking office, and other countries have warned of retaliatory tariffs against Trump’s other actions, as well.\nOn Feb. 10, Trump enacted a 10% tariff on products from China, and China reacted by implementing 15% tariffs on U.S. chicken, wheat, corn and cotton and 10% tariffs on other agricultural products, The New York Times reported. Earlier this month, Canada responded to Trump’s 25% tariffs on Canadian imports with 25% retaliatory tariffs on $20.8 billion in U.S. goods—covering hundreds of items, including foods like pasta and cheese and consumer products like stoves and shoes—which Canada said will remain in place until the U.S. backs down (though Trump has temporarily exempted goods covered by a 2018 U.S.-Canada.Mexico trade deal). A number of provinces in Canada also announced their own measures like removing U.S. liquor from shelves, including Alberta, Ontario, British Columbia and Manitoba, while Ontario imposed—and then shelved—a 25% tax on U.S.-bound electricity. Mexico has also vowed to impose retaliatory tariffs over Trump’s 25% tax on Mexican imports, though goods covered by the 2018 trade deal are exempted for now. What Tariffs Went Into Effect Wednesday? Trump’s 25% tariff on all steel and aluminium imports to the U.S. took effect Wednesday. He announced the tariff in early February, saying it was “a big deal” and that “it’s time for our great industries to come back to America.” The tariffs have been popular among domestic producers, with the American Iron and Steel Institute saying in a statement Wednesday it supports Trump’s “actions to restore the integrity of the tariffs on steel and implement a robust and reinvigorated program to address unfair trade practices.” The tariffs upset Canada—where the U.S. gets a large share of its imported aluminium and steel products—though, and other importers to the U.S.\nDoes Canada Face 50% Steel And Aluminium Tariffs? No, Trump walked back his threat to double steel and aluminium tariffs for Canada after Ontario Premier Doug Ford said the province would suspend its 25% levy on electricity from Ontario being imported into New York, Michigan and Minnesota. Before Ford met with Commerce Secretary Howard Lutnick and agreed to stop the 25% surcharge, Trump said on Truth Social he instructed Lutnick to double the tariff on Canada and again pushed for them to become the 51st state. Canada still faces the 25% universal steel and aluminium tariffs?\nWhat To Watch For While answering questions next to the Irish prime minister, Trump said Wednesday he will “of course” respond to the retaliatory tariffs implemented by the EU and accused Ireland of being one of the countries “taking advantage” of the U.S.\nLook back on the week that was with hand-picked articles from Australia and around the world. Sign up to the Forbes Australia newsletter here or become a member here.\nMore from Forbes Australia",
    "highlightText": "",
    "highlightTitle": "",
    "highlightThreadTitle": "",
    "language": "english",
    "sentiment": "negative",
    "categories": [
        "Economy, Business and Finance",
        "Politics",
        "Social Issue"
    ],
    "topics": [
        "Economy, Business and Finance->financial and economic news",
        "Economy, Business and Finance->business governance",
        "Politics->political development",
        "Politics->economic policy",
        "Politics->international relations",
        "Social Issue->social problem",
        "Social Issue->communities",
        "Social Issue->social condition"
    ],
    "ai_allow": true,
    "has_canonical": false,
    "breaking": false,
    "webz_reporter": false,
    "external_links": [
        "https://www.steel.org/2025/03/aisi-statement-on-implementation-of-additional-steel-tariffs/",
        "https://www.ft.com/content/69f582a6-3cec-4858-b115-3a24329102b4",
        "https://apnews.com/article/trade-war-mexico-trump-9cefdded035a0b35e700a7ba0bfc34b4",
        "https://www.nytimes.com/article/trump-tariffs-canada-mexico-china.html",
        "https://www.nytimes.com/2025/02/10/us/politics/trump-tariffs-steel-aluminum.html",
        "http://www.youtube.com/watch?v=f-sk1prCtSY",
        "https://www.barrons.com/news/of-course-we-ll-respond-trump-says-regarding-eu-retaliatory-tariffs-19de4e04",
        "https://ec.europa.eu/commission/presscorner/detail/en/ip_25_740",
        "https://truthsocial.com/@realDonaldTrump/posts/114144217763824399",
        "https://www.canada.ca/en/department-finance/news/2025/03/list-of-products-from-the-united-states-subject-to-25-per-cent-tariffs-effective-march-4-2025.html",
        "https://www.trade.gov/data-visualization/us-aluminum-import-monitor",
        "https://nytimes.com/2025/02/10/us/politics/trump-tariffs-steel-aluminum.html",
        "https://www.apnews.com/article/trade-war-mexico-trump-9cefdded035a0b35e700a7ba0bfc34b4",
        "https://www.steel.org/2025/03/aisi-statement-on-implementation-of-additional-steel-tariffs",
        "https://nytimes.com/article/trump-tariffs-canada-mexico-china.html",
        "https://www.ec.europa.eu/commission/presscorner/detail/en/ip_25_740",
        "http://youtube.com/watch?v=f-sk1prCtSY",
        "https://canada.ca/en/department-finance/news/2025/03/list-of-products-from-the-united-states-subject-to-25-per-cent-tariffs-effective-march-4-2025.html",
        "https://www.truthsocial.com/@realDonaldTrump/posts/114144217763824399",
        "https://trade.gov/data-visualization/us-aluminum-import-monitor",
        "https://steel.org/2025/03/aisi-statement-on-implementation-of-additional-steel-tariffs/",
        "http://www.youtube.com/watch",
        "https://ft.com/content/69f582a6-3cec-4858-b115-3a24329102b4",
        "https://barrons.com/news/of-course-we-ll-respond-trump-says-regarding-eu-retaliatory-tariffs-19de4e04"
    ],
    "external_images": [],
    "entities": {
        "persons": [],
        "locations": [],
        "organizations": []
    },
    "syndication": {
        "syndicated": false,
        "syndicate_id": null,
        "first_syndicated": false
    },
    "trust": null,
    "rating": null,
    "crawled": "2025-03-13T00:27:15.089+02:00",
    "updated": "2025-03-13T01:46:26.771+02:00"
}