{
    "thread": {
        "uuid": "e648f5d8e4b5212fada07b07dff995db013df369",
        "url": "https://www.idahopress.com/opinion/conversation/survey-shows-immigrants-in-florida-even-us-citizens-are-less-likely-to-seek-health-care/article_580d44bd-d964-5226-bb39-f0c56b0975ec.html",
        "site_full": "www.idahopress.com",
        "site": "idahopress.com",
        "site_section": "https://www.idahopress.com/search/?f=rss&amp",
        "site_categories": [
            "media"
        ],
        "section_title": "www.idahopress.com - RSS Results",
        "site_title": null,
        "title": "Survey shows immigrants in Florida - even US citizens - are less likely to seek health care after passage of anti-immigrant laws | The Conversation | idahopress.com",
        "title_full": "Survey shows immigrants in Florida - even US citizens - are less likely to seek health care after passage of anti-immigrant laws | The Conversation | idahopress.com",
        "published": "2025-03-13T00:02:00.000+02:00",
        "replies_count": 0,
        "participants_count": 1,
        "site_type": "news",
        "country": "US",
        "main_image": "https://bloximages.chicago2.vip.townnews.com/idahopress.com/content/tncms/custom/image/bc738458-c7e3-11eb-848e-ab36dc9f6ec5.png?resize=600%2C171",
        "performance_score": 0,
        "domain_rank": 18747,
        "domain_rank_updated": "2025-03-10T23:00:00.000+02:00",
        "social": {
            "facebook": {
                "likes": 0,
                "comments": 0,
                "shares": 0
            },
            "vk": {
                "shares": 0
            }
        }
    },
    "uuid": "e648f5d8e4b5212fada07b07dff995db013df369",
    "url": "https://www.idahopress.com/opinion/conversation/survey-shows-immigrants-in-florida-even-us-citizens-are-less-likely-to-seek-health-care/article_580d44bd-d964-5226-bb39-f0c56b0975ec.html",
    "ord_in_thread": 0,
    "parent_url": null,
    "author": "Elizabeth Aranda - University of South Florida, Elizabeth Vaquera - George Washington University, Emely Matos Pichardo - University of South Florida, Liz Ventura - University of South Florida",
    "published": "2025-03-13T00:02:00.000+02:00",
    "title": "Survey shows immigrants in Florida - even US citizens - are less likely to seek health care after passage of anti-immigrant laws | The Conversation | idahopress.com",
    "text": "(The Conversation is an independent and nonprofit source of news, analysis and commentary from academic experts.)\nElizabeth Aranda, University of South Florida; Elizabeth Vaquera, George Washington University; Emely Matos Pichardo, University of South Florida, and Liz Ventura, University of South Florida\n(THE CONVERSATION) Since arriving in the United States four years ago, Alex has worked at a primary care office. He has witnessed firsthand how difficult it was for immigrants to access preventive care.\nWhen he heard of the implementation of Florida’s Senate Bill 1718, Alex feared it would have dire consequences for the patients he served.\nAlex is a pseudonym for one of our research subjects.\nSB 1718, signed into law by Gov. Ron DeSantis in May 2023, imposed sweeping restrictions aimed at discouraging unauthorized immigration. Among its provisions, it requires hospitals that accept Medicaid funds to question patients about their immigration status and share data about how many immigrants they are serving within the state.\nThe law had several more provisions. It mandated E-Verify, a system to check employment eligibility, be used for new hires in businesses employing more than 25 employees. It also criminalized driving into Florida with an unauthorized immigrant, and restricted community organizations from issuing IDs.\nAfter the law passed, Alex told his patients that they could refuse to divulge their legal status when asked on hospital forms. But he says his reassurances didn’t work. He watched as many immigrant patients hesitated to access necessary medical care for themselves and their children – or even left the state.\nAlex had legal documentation to be in the country, but as his immigrant community shrank, he wondered if he, too, should leave Florida.\nWe are a group of social scienceprofessors and graduate students studying immigrant communities in Florida. We believe SB 1718 has important implications for immigrants, for Floridians and all Americans – particularly as the country faces surges in outbreaks of communicable diseases like measles and the flu.\nAn environment of fear\nThese concerns are based on our survey of 466 immigrants to Florida and adult U.S.-born children of immigrants between May and July of 2024.\nNearly two-thirds of non-U.S. citizens and one-third of U.S. citizens who responded to our survey said they hesitated to seek medical care in the year after SB 1718 passed.\n“I was very sick recently and needed medical care, but I was scared,” one survey participant told us.\nDo you LOVE local news? Get Local News Headlines in your inbox daily.\nWhile hospitals cannot deny care based on a patient’s immigration status, our data shows that anticipating they would be asked deterred not only immigrants lacking permanent legal status but also those with legal status, including U.S. citizens, from seeking care.\nWe believe U.S. citizens are affected by spillover effects because they are members of mixed-status families.\nOur survey took place during the intense 2024 presidential election season when [anti-immigrant rhetoric](https://www.fsunews.com/story/opinion/2024/11/04/2024-election-immigration-rhetoric-threatens-to-divide-americas-unity/75987973007/) was prevalent. The immigrants we surveyed also reported experiencing discrimination in their everyday lives, and these experiences were also associated with a reluctance to access health care.\nLaws like SB 1718 [amplify preexisting racial and structural inequities](https://doi.org/10.1177/10901981211010676). Structural inequities are systemic barriers within institutions — such as health care and employment — that restrict access to essential resources based on one’s race, legal or economic status.\nThese kinds of laws discourage immigrants from [utilizing health resources](https://doi.org/10.1177/10901981211010676). They foster an exclusionary policy environment that [heightens fears of enforcement](https://doi.org/10.3389/fpubh.2015.00155), restricts access to essential services and exacerbates economic and social vulnerabilities. Moreover, restrictive immigration policies [exclude people from accessing services based on their race](https://doi.org/10.1162/daed_a_01848). Immigrants who have been discriminated against in everyday settings may internalize the expectation that seeking care will result in further [hostility – or even danger](https://doi.org/10.1080/15374416.2022.2158837).\nConsequences for public health\nU.S. history holds numerous examples of racial and ethnic barriers to health care. Examples include [segregation-era hospitals turning away Black patients](https://doi.org/10.1177/0033354918795891) . It also involves systemic restrictions on [health care access for non-English speakers](https://doi.org/10.1186/s12913-021-06750-4), including inadequate language assistance services, reliance on untrained interpreters and lack of culturally competent care.\nPresident Donald Trump’s [new executive orders](https://www.npr.org/2025/01/28/nx-s1-5276293/trump-executive-orders) signed in January 2025 threaten to further ostracize certain communities. For example, the [order terminating federal diversity, equity and inclusion](https://www.whitehouse.gov/presidential-actions/2025/01/ending-radical-and-wasteful-government-dei-programs-and-preferencing/) programs dismantles efforts to address racial disparities in public institutions. [New restrictions on federally funded research on race and equity](https://www.science.org/content/article/trump-orders-cause-chaos-science-agencies) could hinder efforts to study and address these disparities.\nCivil rights advocates believe these measures represent a [systemic rollback of rights and diversity practices](https://civilrights.org/2025/01/23/trump-order-attempts-to-reverse-civil-rights-and-drive-division/) that generations fought to secure and could accelerate a [national shift toward exclusion](https://www.usf.edu/arts-sciences/centers/iwrc/documents/report-sb-1718-final-nov2024.pdf) based on race under the guise of immigration enforcement.\nThe results of our survey in Florida may be a warning sign for the rest of the country. Health care hesitancy like we documented could increase the likelihood of [delayed treatment](https://doi.org/10.1007/s10903-013-9968-4), [undiagnosed conditions](https://doi.org/10.1007/s10903-012-9695-2) and [worsening health disparities](https://doi.org/10.1007/s10903-013-9968-4) among entire communities.\nThese legal restrictions are likely to increase the [spread of communicable diseases](http://doi.org/10.2147/RMHP.S70173) and [strain health care systems](http://doi.org/10.2105/ajph.93.10.1630), increasing costs and placing a greater burden on emergency services and public health infrastructure.\nThis story was updated on March 12, 2025 to remove the name of one contributor at their own request.\nThis article is republished from The Conversation under a Creative Commons license. Read the original article here: [https://theconversation.com/survey-shows-immigrants-in-florida-even-us-citizens-are-less-likely-to-seek-health-care-after-passage-of-anti-immigrant-laws-248952](https://theconversation.com/survey-shows-immigrants-in-florida-even-us-citizens-are-less-likely-to-seek-health-care-after-passage-of-anti-immigrant-laws-248952).",
    "highlightText": "",
    "highlightTitle": "",
    "highlightThreadTitle": "",
    "language": "english",
    "sentiment": "negative",
    "categories": [
        "Health",
        "Social Issue",
        "Politics"
    ],
    "topics": [
        "Health->government health care",
        "Social Issue->social services",
        "Social Issue->immigration",
        "Social Issue->discrimination",
        "Politics->migration policy",
        "Politics->healthcare policy",
        "Politics->civil rights"
    ],
    "ai_allow": false,
    "has_canonical": true,
    "breaking": false,
    "webz_reporter": false,
    "external_links": [
        "https://www.science.org/content/article/trump-orders-cause-chaos-science-agencies",
        "https://theconversation.com/profiles/elizabeth-aranda-334454",
        "https://doi.org/10.1186/s12913-021-06750-4",
        "https://www.fsunews.com/story/opinion/2024/11/04/2024-election-immigration-rhetoric-threatens-to-divide-americas-unity/75987973007/",
        "https://theconversation.com/profiles/elizabeth-vaquera-405048",
        "https://doi.org/10.1007/s10903-013-9968-4",
        "http://doi.org/10.2105/ajph.93.10.1630",
        "https://www.usf.edu/arts-sciences/centers/iwrc/documents/report-sb-1718-final-nov2024.pdf",
        "https://theconversation.com/survey-shows-immigrants-in-florida-even-us-citizens-are-less-likely-to-seek-health-care-after-passage-of-anti-immigrant-laws-248952",
        "https://civilrights.org/2025/01/23/trump-order-attempts-to-reverse-civil-rights-and-drive-division/",
        "https://theconversation.com/profiles/liz-ventura-2319085",
        "https://doi.org/10.3389/fpubh.2015.00155",
        "https://theconversation.com/institutions/george-washington-university-1262",
        "https://www.usf.edu/arts-sciences/centers/iwrc/research/florida-immigration-policies.aspx",
        "https://www.whitehouse.gov/presidential-actions/2025/01/ending-radical-and-wasteful-government-dei-programs-and-preferencing/",
        "https://doi.org/10.1080/15374416.2022.2158837",
        "https://theconversation.com/profiles/emely-matos-pichardo-2319072",
        "https://doi.org/10.1162/daed_a_01848",
        "https://doi.org/10.1177/10901981211010676",
        "https://scholar.google.com/citations?user=u1bB9o0AAAAJ&hl=en&oi=ao",
        "https://theconversation.com/institutions/university-of-south-florida-1359",
        "https://laws.flrules.org/2023/40",
        "http://doi.org/10.2147/RMHP.S70173",
        "https://doi.org/10.1016/j.tmaid.2023.102664",
        "https://www.ama-assn.org/delivering-care/public-health/worst-flu-season-influenza-virus-spread-new-bird-flu-cases-us-plus#",
        "https://scholar.google.com/citations?user=ydmGSdoAAAAJ&hl=en&oi=ao",
        "https://www.npr.org/2025/01/28/nx-s1-5276293/trump-executive-orders",
        "https://www.flsenate.gov/Session/Bill/2023/1718",
        "https://doi.org/10.1177/0033354918795891",
        "https://www.forbes.com/sites/alonzomartinez/2023/06/12/many-florida-employers-must-use-e-verify-by-july-1-2023--is-your-business-impacted/",
        "https://doi.org/10.1007/s10903-012-9695-2",
        "https://www.fdle.state.fl.us/EVERIFY",
        "https://www.doi.org/10.1007/s10903-012-9695-2",
        "https://fsunews.com/story/opinion/2024/11/04/2024-election-immigration-rhetoric-threatens-to-divide-americas-unity/75987973007/",
        "https://www.forbes.com/sites/alonzomartinez/2023/06/12/many-florida-employers-must-use-e-verify-by-july-1-2023--is-your-business-impacted",
        "https://flsenate.gov/Session/Bill/2023/1718",
        "https://www.theconversation.com/profiles/liz-ventura-2319085",
        "https://www.doi.org/10.1177/0033354918795891",
        "https://www.theconversation.com/survey-shows-immigrants-in-florida-even-us-citizens-are-less-likely-to-seek-health-care-after-passage-of-anti-immigrant-laws-248952",
        "https://www.theconversation.com/profiles/emely-matos-pichardo-2319072",
        "https://www.doi.org/10.1186/s12913-021-06750-4",
        "https://www.theconversation.com/profiles/elizabeth-vaquera-405048",
        "https://www.civilrights.org/2025/01/23/trump-order-attempts-to-reverse-civil-rights-and-drive-division/",
        "https://forbes.com/sites/alonzomartinez/2023/06/12/many-florida-employers-must-use-e-verify-by-july-1-2023--is-your-business-impacted/",
        "https://www.fsunews.com/story/opinion/2024/11/04/2024-election-immigration-rhetoric-threatens-to-divide-americas-unity/75987973007",
        "https://whitehouse.gov/presidential-actions/2025/01/ending-radical-and-wasteful-government-dei-programs-and-preferencing/",
        "https://www.theconversation.com/institutions/university-of-south-florida-1359",
        "https://usf.edu/arts-sciences/centers/iwrc/research/florida-immigration-policies.aspx",
        "https://civilrights.org/2025/01/23/trump-order-attempts-to-reverse-civil-rights-and-drive-division",
        "https://www.doi.org/10.1016/j.tmaid.2023.102664",
        "https://fdle.state.fl.us/EVERIFY",
        "https://www.theconversation.com/profiles/elizabeth-aranda-334454",
        "https://scholar.google.com/citations",
        "https://www.doi.org/10.1080/15374416.2022.2158837",
        "https://science.org/content/article/trump-orders-cause-chaos-science-agencies",
        "https://ama-assn.org/delivering-care/public-health/worst-flu-season-influenza-virus-spread-new-bird-flu-cases-us-plus#",
        "https://www.doi.org/10.3389/fpubh.2015.00155",
        "https://www.scholar.google.com/citations?user=ydmGSdoAAAAJ&hl=en&oi=ao",
        "https://www.doi.org/10.1162/daed_a_01848",
        "https://www.doi.org/10.1007/s10903-013-9968-4",
        "https://www.laws.flrules.org/2023/40",
        "http://www.doi.org/10.2147/RMHP.S70173",
        "https://npr.org/2025/01/28/nx-s1-5276293/trump-executive-orders",
        "https://www.doi.org/10.1177/10901981211010676",
        "https://www.whitehouse.gov/presidential-actions/2025/01/ending-radical-and-wasteful-government-dei-programs-and-preferencing",
        "https://www.theconversation.com/institutions/george-washington-university-1262",
        "http://www.doi.org/10.2105/ajph.93.10.1630",
        "https://usf.edu/arts-sciences/centers/iwrc/documents/report-sb-1718-final-nov2024.pdf",
        "https://www.scholar.google.com/citations?user=u1bB9o0AAAAJ&hl=en&oi=ao"
    ],
    "external_images": [],
    "entities": {
        "persons": [],
        "locations": [],
        "organizations": []
    },
    "syndication": {
        "syndicated": false,
        "syndicate_id": null,
        "first_syndicated": false
    },
    "trust": null,
    "rating": null,
    "crawled": "2025-03-13T00:21:42.471+02:00",
    "updated": "2025-03-13T00:21:42.471+02:00"
}