{
    "thread": {
        "uuid": "5a8307bc99ba212f029ba0d642ed874cb69d1634",
        "url": "https://www.rnz.co.nz/news/political/544669/nz-might-soon-be-in-firing-line-for-us-tariffs-in-trump-s-trade-war-economist",
        "site_full": "www.rnz.co.nz",
        "site": "rnz.co.nz",
        "site_section": "https://www.rnz.co.nz/news/thehouse",
        "site_categories": [
            "media",
            "travel",
            "australia_and_new_zealand",
            "music",
            "entertainment"
        ],
        "section_title": "The House | RNZ News",
        "site_title": null,
        "title": "NZ might soon be in firing line for US tariffs in Trump's trade war - economist | RNZ News",
        "title_full": "NZ might soon be in firing line for US tariffs in Trump's trade war - economist | RNZ News",
        "published": "2025-03-13T00:35:00.000+02:00",
        "replies_count": 0,
        "participants_count": 1,
        "site_type": "news",
        "country": "NZ",
        "main_image": "https://media.rnztools.nz/rnz/image/upload/s--waCID75s--/t_tohu-badge-facebook/v1741121983/4KB0Z0K_AFP__20250303__36ZA3DT__v1__HighRes__UsPresidentTrumpMakesAnInvestmentAnnouncement_jpg?_a=BACCd2AD",
        "performance_score": 0,
        "domain_rank": 3535,
        "domain_rank_updated": "2025-03-10T23:00:00.000+02:00",
        "social": {
            "facebook": {
                "likes": 0,
                "comments": 0,
                "shares": 1
            },
            "vk": {
                "shares": 0
            }
        }
    },
    "uuid": "5a8307bc99ba212f029ba0d642ed874cb69d1634",
    "url": "https://www.rnz.co.nz/news/political/544669/nz-might-soon-be-in-firing-line-for-us-tariffs-in-trump-s-trade-war-economist",
    "ord_in_thread": 0,
    "parent_url": null,
    "author": "RNZ News",
    "published": "2025-03-13T00:35:00.000+02:00",
    "title": "NZ might soon be in firing line for US tariffs in Trump's trade war - economist | RNZ News",
    "text": "An economist is warning New Zealand might soon be in the firing line for US tariffs amid an escalating global trade war.\nThe country has been caught up in the United States president's blanket 25 percent tariffs on steel and aluminium, which came into effect on Wednesday.\nAustralia's prime minister lashed the \"entirely unjustified\" tariffs being imposed on his country after failing to get an exemption, saying it is a poor way for the United States to treat a friend.\nWhile the measures sparked swift retalitory tariffs from the European Union and Canada on some US goods, Sense Partners economist John Ballingall maintained it's the consequences for the global economy that New Zealand should be worried about and the depressing effect on the country's export demand.\nNoting New Zealand's exports of steel and iron to the United States were valued at $65.5 million last year, Ballingall told Morning Report the direct economic impact of the tariffs would not be \"enormous\".\n\"There'll be some additional duties to be paid for by US importers, but the larger concern is what this portends for the global economy given we're already seeing retaliation.\"\nHe said the moves by trade partners had all the hallmarks of a global trade war and were creating huge uncertainty for global markets.\n\"If it looks like a trade war, and it talks like a trade war, and it quacks like a trade war - it's probably a trade war.\"\nThe result was that New Zealand's economic recovery was at significant risk, he said.\n\"Businesses thinking about where they're going to invest right now are probably just going to sit on their investment.\n\"Investors hate uncertainty, so what we're going to see is a slowdown of the global economy as firms hold back and consumers stop spending so much and that will decrease the demand for everything New Zealand exports.\"\nBallingall said all eyes would now be on the US trade partner's retalitory tariffs - signalled to come into effect in April.\nNew Zealand not in the firing line - yet\nWhile other nations were embroiled in trading tariffs, Ballingall said New Zealand had by-and-large kept its head below the parapet.\n\"[It] hasn't really been in the firing line at all on any of these tariffs, we've been caught by the steel and aluminium one, but I struggle to think [Donald Trump's] really worried about New Zealand as a threat to the economy.\"\nHowever, value-added taxes or goods and services taxes (GST) - applied to imported and domestically sourced goods - could come to bite us, he said.\nTrump has threatened 'reciprocal tariffs' claiming it gives countries an unfair trade advantage.\nBallingall said despite economic arguments refuting Trump's position, GST left New Zealand exposed.\n\"He seems set on doing something with them. That's probably our largest vulnerability right now.\"\nHe said an ongoing downturn on Wall Street would likely halt the tit-for-tat tariff war.\nPrices were already going up in North America, Ballingall said, which will soon filter through to consumers - the reality of which will bear out in the economic data in coming months.\n\"When that happens, consumers can't buy as much, they have less income to spend and that will start to depress economic activity globally.\n\"In my view, the only thing that's going to stop President Trump imposing more and more tariffs - is the power of markets,\" he said.\n\"If he continues to see lots of red on Wall Street indices he may start to rethink things.\"\nGovernment to reflect on US tariffs\nThe Economic Minister Nicola Willis said she's assessing the blanket 25 percent US tariff on imported aluminium and steel, and the Government would only respond once the extent of the tariffs were understood.\nShe told Morning Report New Zealand already faced a tariff on such imports handed down by the the last Trump administration and the Government needed to reflect on the ramifications of an additional tax.\nWillis said the goal was for the country to put its best foot forward and the Foreign Affairs Minister was tasked with doing that on an upcoming trip to Washington.\n\"We are going to be careful in the way that we act, because what we don't want here is rash decision-making.\"\nShe said tariffs were not good for the world and New Zealand preferred free-trade settings.\nSign up for Ngā Pitopito Kōrero, a daily newsletter curated by our editors and delivered straight to your inbox every weekday.",
    "highlightText": "",
    "highlightTitle": "",
    "highlightThreadTitle": "",
    "language": "english",
    "sentiment": "negative",
    "categories": [
        "Economy, Business and Finance",
        "Politics",
        "Social Issue"
    ],
    "topics": [
        "Economy, Business and Finance->economy",
        "Economy, Business and Finance->business strategy and marketing",
        "Economy, Business and Finance->financial and economic news",
        "Politics->political development",
        "Politics->economic policy",
        "Politics->international relations",
        "Social Issue->social problem",
        "Social Issue->emigration",
        "Social Issue->social condition"
    ],
    "ai_allow": true,
    "has_canonical": false,
    "breaking": false,
    "webz_reporter": false,
    "external_links": [
        "https://radionz.us6.list-manage.com/subscribe?u=211a938dcf3e634ba2427dde9&id=b3d362e693",
        "https://www.radionz.us6.list-manage.com/subscribe?u=211a938dcf3e634ba2427dde9&id=b3d362e693",
        "https://radionz.us6.list-manage.com/subscribe"
    ],
    "external_images": [],
    "entities": {
        "persons": [
            {
                "name": "John Ballingall",
                "sentiment": "none"
            }
        ],
        "locations": [],
        "organizations": []
    },
    "syndication": {
        "syndicated": false,
        "syndicate_id": null,
        "first_syndicated": false
    },
    "trust": null,
    "rating": null,
    "crawled": "2025-03-13T00:41:33.221+02:00",
    "updated": "2025-03-13T00:41:33.221+02:00"
}