{
    "thread": {
        "uuid": "6ffbecabc918af7eeb3c723e3faf2981590129b8",
        "url": "https://samaa.tv/2087432235-india-suspends-indus-waters-treaty-expels-pakistanis-closes-attari-post",
        "site_full": "samaa.tv",
        "site": "samaa.tv",
        "site_section": "https://samaa.tv",
        "site_categories": [],
        "section_title": "SAMAA TV - Latest Breaking News, Pakistan, World, Video news Home - SAMAA",
        "site_title": "SAMAA TV - Latest Breaking News, Pakistan, World, Video news Home - SAMAA",
        "title": "SAMAA TV - Latest Breaking News, Pakistan, World, Video news Home - SAMAA",
        "title_full": "SAMAA TV - Latest Breaking News, Pakistan, World, Video news Home - SAMAA",
        "published": "2025-04-24T00:06:27.240+03:00",
        "replies_count": 0,
        "participants_count": 0,
        "site_type": "news",
        "country": "PK",
        "main_image": "",
        "performance_score": 0,
        "domain_rank": 23274,
        "domain_rank_updated": "2025-04-22T00:00:00.000+03:00",
        "licensing_agency": [],
        "social": {
            "facebook": {
                "likes": 0,
                "comments": 0,
                "shares": 0
            },
            "vk": {
                "shares": 0
            }
        }
    },
    "uuid": "6ffbecabc918af7eeb3c723e3faf2981590129b8",
    "url": "https://samaa.tv/2087432235-india-suspends-indus-waters-treaty-expels-pakistanis-closes-attari-post",
    "ord_in_thread": 0,
    "author": null,
    "published": "2025-04-24T00:06:27.240+03:00",
    "title": "SAMAA TV - Latest Breaking News, Pakistan, World, Video news Home - SAMAA",
    "text": "Live Updates: India suspends Indus Waters Treaty, expels Pakistanis, closes Attari postNew Delhi suspends visa services for Pakistani citizens, diplomats and defense attachés\nIndia attempts to circumvent Indus Waters Treaty: Khawaja Asif\nDefence Minister Khawaja Asif said on Wednesday that India had attempted to circumvent the treaty for many years through various tactics and justifications.\nTaking to X (formerly Twitter), Asif said that the relevant clauses of the Indus Waters Treaty remained self-explanatory and required no interpretation.\nAlso Read:\nPakistan vows sterner response to any future false flag operation by India\nHe said that the procedure for amending and inserting new clauses had been mentioned explicitly in the treaty.\nAlso Read:\nIndia struggles to explain security lapse amid claims of cross-border infiltration\nHe emphasised that India’s rights and limitations under the treaty had been clearly defined, while Pakistan also remained bound by the same procedure.\n“India is using a terrorist incident merely as a pretext to fulfil an old objective,” said Asif.\nPakistan to respond to India's actions comprehensively: Dar\nPakistan’s political, legal, and civil leadership has strongly rejected India’s alleged attempt to unilaterally terminate the historic Indus Waters Treaty, calling it a politically motivated and internationally invalid move.\nTop government officials, including Foreign Minister Ishaq Dar and Federal Minister for Water Resources Mian Moin Wattoo, have described India’s actions as “unserious,” “immature,” and a deliberate effort to deflect from its internal issues. They reaffirmed that India cannot unilaterally exit from a treaty that involves international organizations, including the World Bank.\nGovt calls out Indian allegations\nIn a statement, Ishaq Dar dismissed Indian accusations against Pakistan as baseless. “If India has any evidence, it should present it,” he said, referring to Indian claims following the Pahalgam attack in Indian-administered Kashmir, which Pakistan has termed a false flag operation.\nAlso Read:\nTensions with India: Pakistan calls National Security Committee meeting\nHe further said that Pakistan's problems on the Indus Waters Treaty were ongoing and the country would respond to New Delhi's actions word by word.\n“This is nothing but a political ploy. India is trying to blame Pakistan for its own failures,” Dar stated. He criticised New Delhi's post-incident behaviour as \"extremely unserious\" and driven by political immaturity.\nHe claimed that foreign observers appreciated Pakistan's stance, while the regional environment had been damaged by India. He also added that Pakistani media had so far played a very responsible role.\n'Befitting reply'\nDefence Minister Khawaja Asif has strongly rejected India’s attempts to walk away from the Indus Waters Treaty, stating that such actions cannot be taken unilaterally.\nIn a statement ahead of Thursday’s National Security Committee (NSC) meeting, the minister remarked that the agreement is not solely between India and Pakistan, but also involves the World Bank.\nAlso Read:\nTensions with India: Pakistan calls National Security Committee meeting\nAsif warned that any Indian move to exit the treaty would face a strong and unified response from Pakistan. “They’ve been trying to get out of the Indus Water Treaty for a long time,” he said, “but this treaty was signed under the umbrella of the World Bank, and India cannot simply suspend it.”\nHe stressed that the agreement’s international backing adds legal weight and prevents one-sided withdrawal. “The World Bank is also involved in the Indus Waters Treaty. India cannot make this decision alone. Pakistan will give a befitting reply to Indian actions,” he said.\nAsif added that the government is preparing a comprehensive, well-thought-out reaction to India’s recent actions, including its statements and the controversial decision to halt water sharing under the treaty.\n'Pakistan won't succumb to any pressure'\nFederal Minister for Water Resources Mian Moin Wattoo also reiterated that India could not unilaterally terminate the Indus Waters Treaty, emphasising that Pakistan would not succumb to any pressure. He also warned that a strong and effective response would be given to any aggression.\nAlso Read:\nWhat is Indus Waters Treaty that India suspended? Find out here!\n“International organizations are party to this treaty. India cannot just walk away from it,” he added. \"Indian aggression will be responded to effectively.\"\nSindh fears impact on provinces\nIn Hyderabad, Dr. Qadir Magsi, chairman of the Sindh Taraqi Pasand Party, led strong criticism of India’s move, warning that any disruption to the treaty would disproportionately affect Sindh, already facing water shortages.\n“India wants to start a civil war in Pakistan by terminating the Indus Waters Treaty,” Magsi said. “This is a conspiracy that could harm not just Pakistan, but also India itself.”\nHe also urged the government to raise the issue at the United Nations, stating that the decision goes against international law and the UN Charter. \"The country is currently going through a critical situation,\" he maintained, adding that the decision was a conspiracy to eliminate the 16.5 million people of both countries.\nAlso Read:\nIndia suspends Indus Waters Treaty, expels Pakistanis, closes Attari post\n\"India should immediately withdraw the decision to terminate the Indus Waters Treaty,\" Dr Magsi insisted.\nMagsi called for the termination of canal projects that divert water away from provinces like Sindh, Balochistan, and Khyber Pakhtunkhwa — regions already protesting over water and resource rights.\n“When three provinces are on the streets, and India makes such a move, it’s clearly a conspiracy to divide Pakistan,” he warned, urging the government to safeguard national integrity.\nLegal fraternity demands diplomatic action\nIn a rare political statement, the Supreme Court Bar Association joined the national chorus of protest, demanding that Indian diplomats be expelled within 48 hours.\nAlso Read:\nIndia violates international law with unilateral suspension of Indus Waters Treaty\nCalling the Pahalgam incident “a classic example of a false flag operation,” the bar association said India’s decision to violate the treaty deserves a strong and united diplomatic response to uphold Pakistan’s sovereignty and national dignity.\nIndus Waters Treaty\nSigned in 1960 with the mediation of the World Bank, the Indus Waters Treaty is a landmark agreement governing the distribution of water from the Indus River system between India and Pakistan. The treaty has survived wars and decades of tension and is considered a vital instrument for regional peace and water security.\nNSC meeting\nThe National Security Committee (NSC), chaired by Prime Minister Shehbaz Sharif, will convene on Thursday morning to formulate a strategic response. The meeting is expected to include a detailed review of regional developments, Pakistan’s legal position, and the broader impact of India’s moves on bilateral ties and regional stability.\nPakistan to give befitting reply to Indian actions: Asif\nDefence Minister Khawaja Asif has strongly rejected India’s attempts to walk away from the Indus Waters Treaty, stating that such actions cannot be taken unilaterally.\nIn a statement ahead of Thursday’s National Security Committee (NSC) meeting, the minister remarked that the agreement is not solely between India and Pakistan, but also involves the World Bank.\nAsif warned that any Indian move to exit the treaty would face a strong and unified response from Pakistan. “They’ve been trying to get out of the Indus Water Treaty for a long time,” he said, “but this treaty was signed under the umbrella of the World Bank, and India cannot simply suspend it.”\nAlso Read:\nIndia suspends Indus Waters Treaty, expels Pakistanis, closes Attari post\nHe stressed that the agreement’s international backing adds legal weight and prevents one-sided withdrawal. “The World Bank is also involved in the Indus Waters Treaty. India cannot make this decision alone. Pakistan will give a befitting reply to Indian actions,” he said.\nAsif added that the government is preparing a comprehensive, well-thought-out reaction to India’s recent actions, including its statements and the controversial decision to halt water sharing under the treaty.\nAlso Read:\nTensions with India: Pakistan calls National Security Committee meeting\n“There’s a National Security Committee meeting in the morning, and we will address all the remaining issues raised by India,” he said. “Our response will be unified and decisive.”\nLinking water dispute to regional tensions\nThe minister also linked the latest developments to a broader pattern of aggression from New Delhi, particularly in the wake of the recent Pahalgam attack in Indian-administered Kashmir — which Islamabad has termed a “false flag operation.”\nAlso Read:\nWhat is Indus Waters Treaty that India suspended? Find out here!\n“Our forces have responded to India before — that is in front of everyone,” Asif stated, referencing past military exchanges and responses to diplomatic escalations.\nHe also took the opportunity to reiterate that no country has suffered from terrorism as extensively as Pakistan. “No country in the world has been targeted by terrorism as much as Pakistan has been,” Asif said.\nIndia violates international law with unilateral suspension of Indus Waters Treaty\nIndia’s suspension of the Indus Waters Treaty constituted a serious violation of international law. The suspension unmistakably reflected an act of aggression and extremism by India.\nHowever, it remained significant to observe that India lacked the authority to suspend or terminate the treaty unilaterally.\nThe Indus Waters Treaty stood as an internationally recognised and guaranteed agreement. In the event that India unilaterally suspended or terminated it, inevitable questions arose regarding all other agreements India had executed with foreign states.\nThe World Bank also served as a guarantor of the treaty.\nA critical question arose over whether India could unilaterally terminate or suspend the Indus Waters Treaty.\nAccording to the treaty, India possessed no legal right to take such a step independently.\nAlso Read:\nIndia suspends Indus Waters Treaty, expels Pakistanis, closes Attari post\nArticle 12(4) of the agreement allowed termination only through the written consent of both India and Pakistan. In effect, a termination would have required a jointly drafted and ratified agreement.\nThe treaty contained no provision that permitted unilateral suspension. Its nature prescribed an indefinite duration and did not limit its validity to any particular event or timeframe.\nBoth nations remained equally bound by the Indus Waters Treaty. A withdrawal from the agreement amounted to a violation.\nIf India halted compliance with the treaty under the pretexts of “annulment”, “suspension”, “withdrawal”, or “cancellation”, this act indicated an attempt to obstruct the flow of water to Pakistan. What India identified as “annulment” or “withdrawal”, Pakistan defined as a “violation”.\nAnother pressing concern emerged about the implications of India blocking the downstream flow of Pakistani water and whether it could establish a precedent for China upstream.\nIf India proceeded to block Pakistani rivers, it not only violated international water law but also introduced a perilous precedent.\nAs prescribed under international law, an upstream nation such as India did not possess the right to hinder the flow of water to a downstream nation such as Pakistan, regardless of the existence of the Indus Waters Treaty.\nSuch conduct by India set a precedent of regional behaviour that might affect international legal standards.\nChina could potentially exploit the precedent and justify obstructing the Brahmaputra River’s flow.\nTherefore, this decision by India endangered not only Pakistan but also posed strategic risks for India itself, especially under the watchful scrutiny of powerful nations such as China.\nThe Indus Waters Treaty, finalised in 1960, existed as a resilient and enduring agreement. It contained no clause that allowed unilateral suspension or termination.\nAmendments to the treaty could only occur through mutual consent and the formal ratification of both parties.\nIndia’s unilateral suspension disregarded the treaty’s institutional mechanisms—such as the Permanent Indus Commission, neutral experts, or an arbitral tribunal—and contradicted the foundational spirit of the agreement.\nThe treaty had already survived several armed conflicts and diplomatic crises, which further established its legal authority and moral legitimacy.\nTensions with India: Pakistan calls National Security Committee meeting\nPrime Minister Shehbaz Sharif has called for a high-level meeting of the National Security Committee (NSC) on Thursday morning in response to what officials describe as India’s “irresponsible actions” following the recent Pahalgam attack.\nThe meeting, to be chaired by the prime minister, will be attended by top civil and military leadership, including senior cabinet members, the Chairman Joint Chiefs of Staff Committee, services chiefs, intelligence heads, and key federal ministers.\nFinance Minister Ishaq Dar confirmed the development late on Wednesday evening in a post on his X account, “Prime Minister Mohammad Shehbaz Sharif has convened the meeting of the National Security Committee on Thursday morning 24th April 2025 to respond to the Indian Government’s statement of this evening.”\nAlso Read:\nIndia suspends Indus Waters Treaty, expels Pakistanis, closes Attari post\nThe NSC will conduct a comprehensive review of Pakistan’s internal and external security situation in the aftermath of what officials have termed a \"false flag operation\" in Pahalgam, India-held Kashmir. Pakistan has raised concerns over the nature and timing of the incident, suggesting that it may have been orchestrated to escalate regional tensions.\nThe committee is also expected to evaluate India’s abrupt and unilateral decisions, including the suspension of the Indus Waters Treaty and the imposition of severe diplomatic and visa restrictions on Pakistani nationals.\nAlso Read:\nWhat is Indus Waters Treaty that India suspended? Find out here!\nA key item on the NSC agenda will be formulating Pakistan’s official response to India’s recent move to suspend the historic Indus Waters Treaty, an agreement that has withstood decades of conflict and tension between the two nuclear-armed neighbours. Officials have called the Indian decision “hasty and unworkable,” warning that it could destabilize an already fragile regional balance.\nThe NSC will also assess the broader implications of India's latest measures on bilateral relations, regional cooperation, and water security. Diplomatic, legal, and strategic options are expected to be discussed in detail.\n[What is Indus Waters Treaty that India suspended? Find out here! ](https://samaa.tv/2087332237-what-is-indus-waters-treaty-that-india-suspended-find-out-here)\nImagine two neighbours — India and Pakistan — needing to share water from a massive river system, the Indus River and its tributaries.\nAfter the Partition of British India in 1947, both countries inherited parts of this river system, which flows from Tibet through India into Pakistan, touching parts of Afghanistan and China as well. The question arose: Who gets how much water, and who controls it?\nHow the Treaty Came to Be\nIn 1948, tensions flared when India briefly stopped water supplies to Pakistan, prompting Pakistan to approach the United Nations. The UN recommended mediation, leading to the World Bank stepping in. After nine years of negotiation, India's then prime minister Jawaharlal Nehru and Pakistan's then president Ayub Khan signed the Indus Waters Treaty (IWT) in 1960.\nKey Features of the Indus Waters Treaty\n1. A Historic Water-Sharing Agreement\nThe treaty divides the six rivers of the Indus system between the two nations:\n-\nIndia was given control over the eastern rivers — Ravi, Beas, and Sutlej — and can use them without restriction.\n-\nPakistan received the western rivers — Indus, Chenab, and Jhelum — and gets about 80% of the total water flow, a rare example of a downstream country receiving such a large share.\nAlso Read:\n[India suspends Indus Waters Treaty, expels Pakistanis, closes Attari post](https://www.samaa.tv/2087332235-india-suspends-indus-waters-treaty-expels-pakistanis-closes-attari-post)\n2. Limited Use Rights for India\nIndia is still allowed to use water from the western rivers for domestic needs, agriculture, and hydropower projects, provided it doesn’t significantly reduce water flow to Pakistan.\n3. A System for Resolving Disputes\nTo manage disagreements, a Permanent Indus Commission was established, with representatives from both countries. This commission works as a conflict-resolution body and has continued operating even during wars, such as those in 1965 and 1971.\n4. A Treaty That Survived Conflict\nRemarkably, the IWT has remained intact despite multiple military clashes and major incidents, including the 2001 Indian Parliament attack and the 2019 Pulwama attack. India has chosen not to withdraw from the treaty, nor has it invoked the Vienna Convention, reflecting its continued commitment to international agreements.\n5. A Unique and Balanced Agreement\n-\nThe IWT is Asia’s only cross-border water-sharing agreement, making it a rare example of regional cooperation.\n-\nIt’s widely seen as favourable to Pakistan, granting it an unusually high share of water — nearly 90 times more than what Mexico receives under a similar treaty with the United States.\n6. A Global Example of Cooperation\nExperts often cite the Indus Waters Treaty as a global model for how rival nations can cooperate over shared natural resources. Its structure, longevity, and ability to function during conflicts offer valuable lessons for other countries dealing with water disputes.\nWhy the Indus Waters Treaty Still Matters\nWith water scarcity becoming an increasingly pressing issue in South Asia, the treaty serves as a crucial framework for avoiding conflict. Despite recent political tensions, the agreement still plays a vital role in ensuring that both countries manage their water resources responsibly and peacefully.\n[India suspends Indus Waters Treaty, expels Pakistanis, closes Attari post ](https://samaa.tv/2087332235-india-suspends-indus-waters-treaty-expels-pakistanis-closes-attari-post)\nIn a major diplomatic escalation, India has officially suspended the historic Indus Waters Treaty with Pakistan, marking a significant shift in South Asia’s geopolitical landscape.\nThe announcement came from the Indian Ministry of External Affairs following a meeting chaired by Indian Prime Minister Narendra Modi after a deadly attack that claimed the lives of 25 Indian citizens and one Nepali national.\nPakistanis ordered to leave India within 48 hours\nIndia has also ordered all Pakistani citizens currently in the country to leave within 48 hours, while simultaneously announcing the closure of the Attari check post, a key border crossing between the two nations. The Pakistani High Commission staff has also been ordered to return home within seven days.\n“The perpetrators of the attack will be brought to justice, and those sponsoring them will be held accountable,” said Vikram Misri, a senior Indian official, during a press briefing.\nVisa restrictions tightened\nIn addition to expelling Pakistani nationals, India has suspended all visa services for Pakistani citizens, including those issued under SAARC (South Asian Association for Regional Cooperation).\nAlso Read:\n[India struggles to explain security lapse amid claims of cross-border infiltration](https://www.samaa.tv/2087332227-india-struggles-to-explain-security-lapse-amid-claims-of-cross-border-infiltration)\nVisas for Pakistani diplomats and defense attachés have also been limited or cancelled, with several officials being asked to leave the country immediately. The Pakistani attaché has also been declared persona non grata, the Indian foreign ministry announced.\n“Pakistani nationals will no longer be allowed to travel in India,” Vikram Misri added. “This attack was linked to cross-border linkages and is seen as an attempt to destabilize the region after successful elections in Jammu & Kashmir.”\nIndus Waters Treaty suspended\nThe suspension of the Indus Waters Treaty, a 1960 agreement brokered by the World Bank to manage water sharing between the two countries, is being viewed as one of the most serious retaliatory moves yet. The treaty had survived multiple wars and decades of hostilities, making its suspension a grave signal of worsening relations.\nIn an official statement issued by India's External Affairs Ministry, the country's Cabinet Committee on Security decided:\n(i) The Indus Waters Treaty of 1960 will be held in abeyance with immediate effect, until Pakistan credibly and irrevocably abjures its support for cross-border terrorism.\n(ii) The Integrated Check Post Attari will be closed with immediate effect. Those who have crossed over with valid endorsements may return through that route before 01 May 2025.\nAlso Read:\n[India pledges strong response after attack on Kashmir tourists kills 26](https://www.samaa.tv/2087332220-india-pledges-strong-response-after-attack-on-kashmir-tourists-kills-26)\n(iii) Pakistani nationals will not be permitted to travel to India under the SAARC Visa Exemption Scheme (SVES) visas. Any SVES visas issued in the past to Pakistani nationals are deemed cancelled. Any Pakistani national currently in India under SVES visa has 48 hours to leave India.\n(iv) The Defence/Military, Naval and Air Advisors in the Pakistani High Commission in New Delhi are declared Persona Non Grata. They have a week to leave India. India will be withdrawing its own Defence/Navy/Air Advisors from the Indian High Commission in Islamabad. These posts in the respective High Commissions are deemed annulled. Five support staff of the Service Advisors will also be withdrawn from both High Commissions.\nAlso Read:\n[Pakistan vows sterner response to any future false flag operation by India](https://www.samaa.tv/2087332218-pakistan-vows-sterner-response-to-any-future-false-flag-operation-by-india)\n(v) The overall strength of the High Commissions will be brought down to 30 from the present 55 through further reductions, to be effected by 01 May 2025.",
    "highlightText": "",
    "highlightTitle": "",
    "highlightThreadTitle": "",
    "language": "english",
    "sentiment": "negative",
    "categories": [
        "Politics",
        "War, Conflict and Unrest"
    ],
    "topics": [
        "Politics->international relations",
        "Politics->political crisis",
        "War, Conflict and Unrest->civil unrest"
    ],
    "ai_allow": true,
    "has_canonical": false,
    "breaking": false,
    "webz_reporter": false,
    "external_links": [],
    "entities": {
        "persons": [
            {
                "name": "Khawaja Asif",
                "sentiment": "none"
            }
        ],
        "locations": [],
        "organizations": [
            {
                "name": "Twitter",
                "sentiment": "none",
                "tickers": []
            }
        ]
    },
    "syndication": {
        "syndicated": false,
        "syndicate_id": null,
        "first_syndicated": false
    },
    "trust": {
        "categories": [],
        "bias": null,
        "source": {
            "type": null,
            "city": null,
            "state": null,
            "country": null,
            "domain_type": null,
            "agency": null,
            "organization_name": null
        }
    },
    "rating": null,
    "crawled": "2025-04-24T00:06:27.240+03:00",
    "updated": "2025-04-24T00:06:27.240+03:00"
}