{
    "thread": {
        "uuid": "572f9aee1a75eac0a421f206e500b7eae79b01bd",
        "url": "https://www.taipeitimes.com/News/biz/archives/2025/04/24/2003835700",
        "site_full": "www.taipeitimes.com",
        "site": "taipeitimes.com",
        "site_section": "http://www.taipeitimes.com/xml/index.rss",
        "site_categories": [
            "media"
        ],
        "section_title": "Taipei Times",
        "site_title": "Taipei Times",
        "title": "Musk to spend more time at Tesla as profit plunges",
        "title_full": "Musk to spend more time at Tesla as profit plunges",
        "published": "2025-04-24T00:35:58.166+03:00",
        "replies_count": 0,
        "participants_count": 1,
        "site_type": "news",
        "country": "TW",
        "main_image": "https://www.taipeitimes.com/images/2025/04/24/P09-250424-340.jpg",
        "performance_score": 0,
        "domain_rank": 4306,
        "domain_rank_updated": "2025-04-22T00:00:00.000+03:00",
        "licensing_agency": [],
        "social": {
            "facebook": {
                "likes": 0,
                "comments": 0,
                "shares": 0
            },
            "vk": {
                "shares": 0
            }
        }
    },
    "uuid": "572f9aee1a75eac0a421f206e500b7eae79b01bd",
    "url": "https://www.taipeitimes.com/News/biz/archives/2025/04/24/2003835700",
    "ord_in_thread": 0,
    "author": "台北時報",
    "published": "2025-04-24T00:35:58.166+03:00",
    "title": "Musk to spend more time at Tesla as profit plunges",
    "text": "Elon Musk said he would be spending less time in Washington slashing government costs and more time running Tesla Inc after his electric vehicle (EV) company reported a big drop in profits.\nMusk said on a conference call with analysts on Tuesday that “now that the major work of establishing Department of Government Efficiency [DOGE] is done,” that he would be “allocating far more of my time to Tesla” starting next month. Musk said he now expects to spend just “a day or two per week on government matters.”\nTesla struggled to sell vehicles as it faced angry protests over Musk’s leadership of DOGE, a jobs-cutting group that has divided the country. The Austin, Texas-based company reported a 71 percent drop in profits and a 9 percent decline in revenue for the first quarter.\nPhoto: Reuters\n“Investors wanted to see him recommit to Tesla,” Wedbush Securities Inc analyst Dan Ives said. “This is a big step in the right direction.”\nInvestors sent Tesla shares up more than 5 percent in after-hours trading, although they are still down more than 40 percent for the year.\nThe company reconfirmed that it expects to roll out a cheaper version of its best-selling vehicle, the Model Y sport utility vehicle, in the first half of this year. It also stuck with its predictions that it would be able to launch a paid driverless robotaxi service in Austin in June and have much of its fleet operating autonomously next year.\n“There will be millions of Teslas operating autonomously in the second half of the year,” Musk said in a conference call after the results were announced.\nThe planned rollout of the robotaxi without a steering wheel or pedals comes as US federal regulators still have open investigations into whether the technology that Tesla hopes would allow cars to drive themselves is completely safe.\nTesla’s driver-assistance technology that could steer or stop a car, but still requires humans to take over at any time — its so-called Autopilot — is being probed by the US National Highway Traffic Safety Administration for whether it alerts drivers sufficiently when their attention wanders. The company’s Full Self-Driving, which is only partial self-driving and has drawn criticism for misleading drivers with the name, has also come under scrutiny for its connection to accidents in low-visibility conditions such as when there is sun glare.\nAnother challenge to Tesla, which once dominated the EV business: It is facing fierce competition for the first time.\nEarlier this year, Chinese EV maker BYD Co (比亞迪) announced it had developed an electric battery that could be charged within minutes. Meanwhile, Tesla’s European rivals have begun offering new models with advanced technology that is making them real Tesla alternatives just as popular opinion has turned against Musk. The Tesla CEO has alienated potential buyers in Europe by publicly supporting far-right politicians there.\nTesla reported quarterly profits fell from US$1.39 billion to US$409 million, or US$0.12 a share. That is far below analyst estimates. Tesla’s revenue fell from US$21.3 billion to US$19.3 billion in the January-through-March period, also below Wall Street’s forecast. Tesla’s gross margin fell from 17.4 percent to 16.3 percent.\nTesla has said it would be hurt less by the US President Donald Trump administration’s tariffs than most US car companies because it makes most of its US cars domestically. However, it would not be completely unscathed. It sources some materials for its vehicles from abroad that would now face import taxes.\nTesla warned in announcing its results that tariffs would hit its energy storage business, too.\nRetaliation from China would also hurt Tesla. The company was forced earlier this month to stop taking orders from Chinese customers for two models, its Model S and Model X. It makes the Model Y and Model 3 for the Chinese market at its factory in Shanghai.",
    "highlightText": "",
    "highlightTitle": "",
    "highlightThreadTitle": "",
    "language": "english",
    "sentiment": "negative",
    "categories": [
        "Economy, Business and Finance",
        "Politics",
        "Science and Technology"
    ],
    "topics": [
        "Economy, Business and Finance->corporate news and profiles",
        "Economy, Business and Finance->financial and economic news",
        "Economy, Business and Finance->business governance",
        "Politics->political candidates",
        "Politics->economic policy",
        "Politics->government",
        "Science and Technology->technology and engineering",
        "Science and Technology->social sciences",
        "Science and Technology->economics"
    ],
    "ai_allow": true,
    "has_canonical": false,
    "breaking": false,
    "webz_reporter": false,
    "external_links": [],
    "entities": {
        "persons": [
            {
                "name": "Elon Musk",
                "sentiment": "negative"
            },
            {
                "name": "Dan Ives",
                "sentiment": "none"
            },
            {
                "name": "Tesla",
                "sentiment": "none"
            }
        ],
        "locations": [],
        "organizations": [
            {
                "name": "Wedbush Securities Inc",
                "sentiment": "none",
                "tickers": []
            },
            {
                "name": "Tesla Inc",
                "sentiment": "none",
                "tickers": []
            },
            {
                "name": "Reuters",
                "sentiment": "none",
                "tickers": [
                    {
                        "ticker": "TRI",
                        "exchange": "NASDAQ"
                    }
                ]
            }
        ]
    },
    "syndication": {
        "syndicated": false,
        "syndicate_id": null,
        "first_syndicated": false
    },
    "trust": {
        "categories": [],
        "bias": "center",
        "source": {
            "type": null,
            "city": null,
            "state": null,
            "country": null,
            "domain_type": null,
            "agency": null,
            "organization_name": null
        }
    },
    "rating": null,
    "crawled": "2025-04-24T00:35:58.166+03:00",
    "updated": "2025-04-24T00:35:58.166+03:00"
}