{
    "thread": {
        "uuid": "8de73c00778b0bdaa25bab36e56ce03907dd1697",
        "url": "https://www.newschannel5.com/news/substitute-teacher-arrested-for-public-intoxication-at-sigel-middle-school",
        "site_full": "www.newschannel5.com",
        "site": "newschannel5.com",
        "site_section": "https://news.google.com/search?q=at%20when%3A1h&hl=en-US&gl=US&ceid=US%3Aen",
        "site_categories": [
            "media"
        ],
        "section_title": "Google News - Search",
        "site_title": "NewsChannel 5 Nashville WTVF - Breaking News, Weather, Traffic",
        "title": "Substitute teacher arrested for public intoxication at Sigel Middle School",
        "title_full": "Substitute teacher arrested for public intoxication at Sigel Middle School",
        "published": "2025-04-24T00:13:00.000+03:00",
        "replies_count": 0,
        "participants_count": 1,
        "site_type": "news",
        "country": "US",
        "main_image": "https://ewscripps.brightspotcdn.com/dims4/default/7913cb5/2147483647/strip/true/crop/482x253+0+7/resize/1200x630!/quality/90/?url=http%3A%2F%2Fewscripps-brightspot.s3.amazonaws.com%2F7f%2F4f%2Ff21202dc4e9f9203fb1b8847ca8d%2Fschool-zone.JPG",
        "performance_score": 0,
        "domain_rank": 8576,
        "domain_rank_updated": "2025-04-22T00:00:00.000+03:00",
        "licensing_agency": [],
        "social": {
            "facebook": {
                "likes": 1,
                "comments": 13,
                "shares": 21
            },
            "vk": {
                "shares": 0
            }
        }
    },
    "uuid": "8de73c00778b0bdaa25bab36e56ce03907dd1697",
    "url": "https://www.newschannel5.com/news/substitute-teacher-arrested-for-public-intoxication-at-sigel-middle-school",
    "ord_in_thread": 0,
    "author": "Emily R. West",
    "published": "2025-04-24T00:13:00.000+03:00",
    "title": "Substitute teacher arrested for public intoxication at Sigel Middle School",
    "text": "MURFREESBORO, Tenn. (WTVF) — Authorities said a substitute teacher was charged with public intoxication Wednesday after Siegel Middle School officials raised concerns about the woman.\nThe Rutherford County Sheriff's Office said Deborah Gentry was charged after being believed to be under the influence of prescription medicine.\nSRO Sgt. Irvin Turner said none of the students were in danger. Gentry was booked into Rutherford County Adult Detention Center.\nRutherford County Schools notified parents of the situation.\nDo you have more information about this story? You can email newsroom@newschannel5.com.\nThe line ''see something, say something\" took on new meaning recently in Bowling Green. Two alert neighbors helped tip police to stolen Corvettes from the nearby assembly plant. That led law enforcement to find 8 stolen Corvettes worth over $1 million. We may all be able to learn a little lesson from this.\n-Lelan Statom",
    "highlightText": "",
    "highlightTitle": "",
    "highlightThreadTitle": "",
    "language": "english",
    "sentiment": "negative",
    "categories": [
        "Crime, Law and Justice",
        "Social Issue",
        "Politics"
    ],
    "topics": [
        "Crime, Law and Justice->arrest",
        "Crime, Law and Justice->investigation (criminal)",
        "Social Issue->social problem",
        "Social Issue->social services",
        "Social Issue->social condition",
        "Politics->government policy",
        "Politics->safety of citizens",
        "Politics->civil and public service"
    ],
    "ai_allow": true,
    "has_canonical": false,
    "breaking": true,
    "webz_reporter": false,
    "external_links": [],
    "entities": {
        "persons": [
            {
                "name": "Deborah Gentry",
                "sentiment": "none"
            },
            {
                "name": "Irvin Turner",
                "sentiment": "none"
            }
        ],
        "locations": [
            {
                "name": "County Adult Detention Center",
                "sentiment": "none"
            }
        ],
        "organizations": [
            {
                "name": "Sigel Middle School",
                "sentiment": "negative",
                "tickers": []
            },
            {
                "name": "Rutherford County Sheriff's Office",
                "sentiment": "none",
                "tickers": []
            },
            {
                "name": "Siegel Middle School",
                "sentiment": "none",
                "tickers": []
            }
        ]
    },
    "syndication": {
        "syndicated": false,
        "syndicate_id": null,
        "first_syndicated": false
    },
    "trust": {
        "categories": [],
        "bias": "center",
        "source": {
            "type": null,
            "city": null,
            "state": null,
            "country": null,
            "domain_type": null,
            "agency": null,
            "organization_name": null
        }
    },
    "rating": null,
    "crawled": "2025-04-24T00:30:32.023+03:00",
    "updated": "2025-04-24T00:30:32.023+03:00"
}