{
    "thread": {
        "uuid": "617f1140633009784d7ea83bd36712f3be7bda84",
        "url": "https://www.politicalflare.com/2025/04/barron-trump-spotted-looking-exhausted-and-disheveled-in-nyc-as-he-finds-creative-ways-to-meet-girls",
        "site_full": "www.politicalflare.com",
        "site": "politicalflare.com",
        "site_section": "https://world.einnews.com/ajax/headlines",
        "site_categories": [
            "politics",
            "law_government_and_politics",
            "media"
        ],
        "section_title": "",
        "site_title": "Political Flare",
        "title": "Barron Trump Spotted Looking Exhausted and Disheveled in NYC, As He Finds Creative Ways to Meet Girls",
        "title_full": "Barron Trump Spotted Looking Exhausted and Disheveled in NYC, As He Finds Creative Ways to Meet Girls",
        "published": "2025-04-24T00:36:00.000+03:00",
        "replies_count": 0,
        "participants_count": 1,
        "site_type": "news",
        "country": "US",
        "main_image": "https://www.politicalflare.com/wp-content/uploads/2025/04/2025.04.23-09.35-politicalflare-68095d0c4157b.jpg",
        "performance_score": 0,
        "domain_rank": 89249,
        "domain_rank_updated": "2025-04-22T00:00:00.000+03:00",
        "licensing_agency": [],
        "social": {
            "facebook": {
                "likes": 0,
                "comments": 0,
                "shares": 0
            },
            "vk": {
                "shares": 0
            }
        }
    },
    "uuid": "617f1140633009784d7ea83bd36712f3be7bda84",
    "url": "https://www.politicalflare.com/2025/04/barron-trump-spotted-looking-exhausted-and-disheveled-in-nyc-as-he-finds-creative-ways-to-meet-girls",
    "ord_in_thread": 0,
    "author": "Andrea Jefferson",
    "published": "2025-04-24T00:36:00.000+03:00",
    "title": "Barron Trump Spotted Looking Exhausted and Disheveled in NYC, As He Finds Creative Ways to Meet Girls",
    "text": "Politics - News Analysis\nBarron Trump Spotted Looking Exhausted and Disheveled in NYC, As He Finds Creative Ways to Meet Girls\nBarron Trump, the youngest son of Donald Trump and Melania Trump, was recently seen leaving NYU’s campus looking every bit the average college student, minus the round-the-clock security detail that follows him everywhere.\nOn Tuesday, Barron stepped out in a relaxed white polo shirt, tan khakis, and a backpack slung over one shoulder. Unlike his usual polished, boardroom-ready looks, his hair was casually tousled, showing a more laid-back and exhausted version of the 6-foot-7 Trump.\nDaily Mail sources cited that Barron’s life at NYU’s Stern School of Business is anything but ordinary. His ever-present Secret Service team makes it hard for him to live the typical student experience, especially when it comes to socializing.\nLike any college freshman, Barron’s trying to meet new people, but for security reasons, he isn’t allowed to hand out his phone number to any girls or peers. “It creates more trouble than it’s worth,” a source told Page Six. “If people get the number, they would give it out and then a million people would be calling nonstop. You’d have to change the number constantly and it’d become a merry-go-round.”\nStay up-to-date with the latest news!\nSubscribe and start recieving our daily emails.\nprivacy policyand\nlegal statement.\nSo, Barron uses Discord and Xbox to talk to friends fits right into his “gamer bro culture.”. “He has added it to his repertoire,” the source said. “It’s his communication platform of choice.”\nDonald Trump recently praised his youngest son in an interview with Laura Ingraham. “I turn off his laptop, I said, ‘Oh good’ and I go back five minutes later, he’s got his laptop. I said, ‘How’d you do that?’” Apparently, Barron just shot back, “None of your business, Dad.”",
    "highlightText": "",
    "highlightTitle": "",
    "highlightThreadTitle": "",
    "language": "english",
    "sentiment": "negative",
    "categories": [
        "Politics",
        "Human Interest",
        "Social Issue"
    ],
    "topics": [
        "Politics->political candidates",
        "Social Issue->family",
        "Social Issue->dating and relationships",
        "Social Issue->teenagers"
    ],
    "ai_allow": true,
    "has_canonical": false,
    "breaking": true,
    "webz_reporter": false,
    "external_links": [
        "https://pagesix.com/2025/04/21/society/barron-trump-chats-with-pals-via-xbox/",
        "https://pagesix.com/2025/04/21/society/barron-trump-chats-with-pals-via-xbox",
        "https://www.pagesix.com/2025/04/21/society/barron-trump-chats-with-pals-via-xbox/"
    ],
    "entities": {
        "persons": [
            {
                "name": "Melania Trump",
                "sentiment": "none"
            },
            {
                "name": "Donald Trump",
                "sentiment": "none"
            },
            {
                "name": "Barron",
                "sentiment": "none"
            }
        ],
        "locations": [],
        "organizations": [
            {
                "name": "Barron Trump",
                "sentiment": "negative",
                "tickers": []
            },
            {
                "name": "Secret Service",
                "sentiment": "none",
                "tickers": []
            },
            {
                "name": "NYU",
                "sentiment": "none",
                "tickers": []
            }
        ]
    },
    "syndication": {
        "syndicated": false,
        "syndicate_id": null,
        "first_syndicated": false
    },
    "trust": {
        "categories": [],
        "bias": null,
        "source": {
            "type": null,
            "city": null,
            "state": null,
            "country": null,
            "domain_type": null,
            "agency": null,
            "organization_name": null
        }
    },
    "rating": null,
    "crawled": "2025-04-24T00:51:15.066+03:00",
    "updated": "2025-04-24T00:51:15.066+03:00"
}