{
    "thread": {
        "uuid": "edf77006752a4c4773b555deaa3878983c8cf09a",
        "url": "https://www.amny.com/sports/chris-drury-rangers-extension-4-23-25",
        "site_full": "www.amny.com",
        "site": "amny.com",
        "site_section": "http://thevillager.com/feed",
        "site_categories": [
            "media"
        ],
        "section_title": "amNewYork",
        "site_title": "amNewYork: Top NYC News &#038; Sports | Latest Updates",
        "title": "Rangers, GM Chris Drury agree to multi-year extension",
        "title_full": "Rangers, GM Chris Drury agree to multi-year extension",
        "published": "2025-04-24T00:49:00.000+03:00",
        "replies_count": 0,
        "participants_count": 1,
        "site_type": "news",
        "country": "US",
        "main_image": "https://www.amny.com/wp-content/uploads/2025/04/2021-03-18T000810Z_2111971381_MT1USATODAY15744879_RTRMADP_3_NHL-PHILADELPHIA-FLYERS-AT-NEW-YORK-RANGERS.jpg?quality=51&w=1200&p=q",
        "performance_score": 0,
        "domain_rank": 4896,
        "domain_rank_updated": "2025-04-22T00:00:00.000+03:00",
        "licensing_agency": [],
        "social": {
            "facebook": {
                "likes": 0,
                "comments": 0,
                "shares": 0
            },
            "vk": {
                "shares": 0
            }
        }
    },
    "uuid": "edf77006752a4c4773b555deaa3878983c8cf09a",
    "url": "https://www.amny.com/sports/chris-drury-rangers-extension-4-23-25",
    "ord_in_thread": 0,
    "author": "Joe Pantorno",
    "published": "2025-04-24T00:49:00.000+03:00",
    "title": "Rangers, GM Chris Drury agree to multi-year extension",
    "text": "Despite a disappointing season that saw them become the fourth team in NHL history to go from winning Presidents’ Trophy to missing the playoffs, the New York Rangers and general manager Chris Drury have agreed to a multi-year contract extension on Wednesday afternoon.\n“I am pleased that Chris will continue to lead the Rangers hockey operations in his role as president and general manager,” team owner James Dolan said. “Over his tenure, Chris has shown passion for the Rangers, relentless work ethic, and a tireless pursuit of excellence. While we are all disappointed in what transpired this past season, I am confident in his ability to guide this organization to success.”\nThe 2024-25 season was nothing short of a disaster for both Drury and the Blueshirts. While reports of unrest and even a toxic work environment were leaking out, questionable moves appeared to dislodge the glue that held a contending team together.\nBarclay Goodrow being waived last summer did not sit well with the players. Ex-captain Jacob Trouba was dealt after a long, drawn-out trade process to the Anaheim Ducks. Defenseman Ryan Lindgren was dealt to the Colorado Avalanche — a deal that veteran forward Mika Zibanejad expressed bitter disappointment with at locker cleanout day. Even the dismissal of head trainer Jim Ramsay two years ago was believed to negatively impact the locker room.\nAs a result, the Rangers were unrecognizable from last season’s machine, which won a franchise record 55 games for 114 points and advanced to the Eastern Conference Final. They mustered just 85 points this season and did not make the playoffs.\nLaviolette was fired just days after the regular-season finale, making him the third head coach to be axed by the Rangers in the last five years.\n“I am honored to sign this contract extension and continue in this position with the team I grew up supporting,” Drury said. “As I said when I began in this role nearly four years ago, there isn’t a more special organization in hockey, and I look forward to continuing our work this offseason to help us reach our goals for next season and in the coming years.”\nFor more on Chris Drury and the Rangers, visit AMNY.com",
    "highlightText": "",
    "highlightTitle": "",
    "highlightThreadTitle": "",
    "language": "english",
    "sentiment": "negative",
    "categories": [
        "Sport",
        "Human Interest",
        "Politics"
    ],
    "topics": [
        "Sport->ice hockey",
        "Sport->sports management and ownership",
        "Human Interest->anniversary",
        "Politics->sports policies"
    ],
    "ai_allow": true,
    "has_canonical": false,
    "breaking": false,
    "webz_reporter": false,
    "external_links": [
        "https://www.lohud.com/story/sports/nhl/rangers/2024/12/19/ny-rangers-nhl-msg-culture-problem-exclusive-look-behind-the-scenes/77058935007/",
        "https://lohud.com/story/sports/nhl/rangers/2024/12/19/ny-rangers-nhl-msg-culture-problem-exclusive-look-behind-the-scenes/77058935007/",
        "https://www.lohud.com/story/sports/nhl/rangers/2024/12/19/ny-rangers-nhl-msg-culture-problem-exclusive-look-behind-the-scenes/77058935007"
    ],
    "entities": {
        "persons": [
            {
                "name": "Jacob Trouba",
                "sentiment": "none"
            },
            {
                "name": "James Dolan",
                "sentiment": "none"
            },
            {
                "name": "Chris Drury",
                "sentiment": "none"
            }
        ],
        "locations": [],
        "organizations": [
            {
                "name": "NHL",
                "sentiment": "negative",
                "tickers": [
                    {
                        "ticker": null,
                        "exchange": null
                    }
                ]
            },
            {
                "name": "New York Rangers",
                "sentiment": "none",
                "tickers": []
            },
            {
                "name": "Anaheim Ducks",
                "sentiment": "none",
                "tickers": []
            }
        ]
    },
    "syndication": {
        "syndicated": false,
        "syndicate_id": null,
        "first_syndicated": false
    },
    "trust": {
        "categories": [],
        "bias": "center",
        "source": {
            "type": null,
            "city": null,
            "state": null,
            "country": null,
            "domain_type": null,
            "agency": null,
            "organization_name": null
        }
    },
    "rating": null,
    "crawled": "2025-04-24T00:52:23.746+03:00",
    "updated": "2025-04-24T05:41:50.647+03:00"
}