{
    "thread": {
        "uuid": "356b9aad03628e37a46eda13685d2aae52fe2715",
        "url": "https://globalnews.ca/video/11146183/why-voters-in-canadas-largest-black-community-say-they-feel-disconnected-to-their-new-riding",
        "site_full": "globalnews.ca",
        "site": "globalnews.ca",
        "site_section": "https://news.google.com/search?q=they%20when%3A1h&hl=en-US&gl=US&ceid=US%3Aen",
        "site_categories": [
            "media",
            "health",
            "cold_and_flu",
            "top_news_ca",
            "top_news"
        ],
        "section_title": "Google News - Search",
        "site_title": "Global News | Breaking, Latest News and Video for Canada",
        "title": "Why voters in Canada's largest black community say they feel disconnected to their new riding | Watch News Videos Online",
        "title_full": "Why voters in Canada's largest black community say they feel disconnected to their new riding | Watch News Videos Online",
        "published": "2025-04-24T00:16:35.235+03:00",
        "replies_count": 0,
        "participants_count": 1,
        "site_type": "news",
        "country": "CA",
        "main_image": "https://i0.wp.com/media.globalnews.ca/videostatic/news/4j5a50iyvu-1a4an2ya47/ns.black.community.voters.gannon.jpg?w=500&quality=70&strip=all",
        "performance_score": 0,
        "domain_rank": 924,
        "domain_rank_updated": "2025-04-22T00:00:00.000+03:00",
        "licensing_agency": [],
        "social": {
            "facebook": {
                "likes": 0,
                "comments": 0,
                "shares": 0
            },
            "vk": {
                "shares": 0
            }
        }
    },
    "uuid": "356b9aad03628e37a46eda13685d2aae52fe2715",
    "url": "https://globalnews.ca/video/11146183/why-voters-in-canadas-largest-black-community-say-they-feel-disconnected-to-their-new-riding",
    "ord_in_thread": 0,
    "author": "Wp-Block-Co-Authors-Plus-Coauthors Is-Layout-Flow",
    "published": "2025-04-24T00:16:35.235+03:00",
    "title": "Why voters in Canada's largest black community say they feel disconnected to their new riding | Watch News Videos Online",
    "text": "Why voters in Canada’s largest black community say they feel disconnected to their new riding\nVideos\n-\nWhy voters in Canada’s largest black community say they feel disconnected to their new riding\n01:49 | 3 minutes ago\n-\nHalifax restaurant will not accept tips from patrons\n01:50 | April 22, 2025\n-\nAdvocates want cleaner alternatives to Halifax Water’s decision to pump wastewater into harbour\n02:00 | April 22, 2025\n-\nA look at the key ridings to watch in the Maritimes\n02:02 | April 22, 2025\n-\nGlobal News at 6 Halifax: April 22\n10:47 | April 22, 2025\n-\nNova Scotia community uniting in search for child who fell in water and is lost\n02:12 | April 21, 2025\n-\nMaritimers join people around the world mourning Pope Francis\n02:13 | April 21, 2025\n-\nLiberal Leader Mark Carney makes way through Maritimes on campaign trail\n01:27 | April 21, 2025\n-\nGlobal News at 6 Maritimes: April 21\n09:57 | April 21, 2025\n-\nHalifax’s Macdonald bridge set to undergo two-year repair project\n02:05 | April 19, 2025\n-\nMunicipality wants to make decision on old Halifax Memorial Library site\n01:50 | April 17, 2025\n-\nStudy sheds light on knowledge gap in recognizing intimate partner violence\n02:08 | April 17, 2025\n-\nAtlantic premiers weigh in on priorities for Canada’s next prime minister\n01:44 | April 17, 2025\n-\nGlobal News at 6 Halifax: April 17\n11:14 | April 17, 2025\n-\nYarmouth mayor expects spike in American visitors on CAT ferry this summer\n01:06 | April 16, 2025\n-\n2nd-degree murder charge dropped for teen in stabbing death of Halifax boy\n01:41 | April 16, 2025\n-\nMOUs signed to eliminate Canada’s interprovincial trade barriers\n02:10 | April 16, 2025\n-\nGlobal News at 6 Halifax: April 16\n11:42 | April 16, 2025\n-\n[\nAdvocate calls for tenant safety improvements after carbon monoxide incidents\n02:01 | April 15, 2025\n](https://globalnews.ca/video/11133551/advocate-calls-for-tenant-safety-improvements-after-carbon-monoxide-incidents/)\n-\n[\nNova Scotia auditor general credits government on progress fulfilling recommendations\n02:05 | April 15, 2025\n](https://globalnews.ca/video/11133520/nova-scotia-auditor-general-credits-government-on-progress-fulfilling-recommendations/)\n-\n[\nGlobal News at 6 Halifax: April 15\n10:33 | April 15, 2025\n](https://globalnews.ca/video/11133587/global-news-at-6-halifax-april-15-2025/)\n-\n[\nAndy Fillmore’s first State of the Municipality address since taking office\n02:02 | April 14, 2025\n](https://globalnews.ca/video/11131341/andy-fillmores-first-state-of-the-municipality-address-since-taking-office/)\n-\n[\nN.S. senior couple forced to pay rent for 2 apartments despite being locked out of one\n02:01 | April 14, 2025\n](https://globalnews.ca/video/11131344/n-s-senior-couple-forced-to-pay-rent-for-2-apartments-despite-being-locked-out-of-one/)\n-\n[\nStudy finds Halifax residents willing to welcome American tourists despite Trump rhetoric\n02:09 | April 14, 2025\n](https://globalnews.ca/video/11131338/study-finds-halifax-residents-willing-to-welcome-american-tourists-despite-trump-rhetoric/)\n-\n[\nGlobal News at 6 Halifax: April 14\n10:56 | April 14, 2025\n](https://globalnews.ca/video/11131380/global-news-at-6-halifax-april-14-2025/)\n-\n[\nParent raise concerns about changes to Bedford schools\n01:55 | April 11, 2025\n](https://globalnews.ca/video/11127998/parent-raise-concerns-about-changes-to-bedford-schools/)\n-\n[\nNew power of attorney app launches for Nova Scotians\n02:03 | April 11, 2025\n](https://globalnews.ca/video/11127970/new-power-of-attorney-app-launches-for-nova-scotians/)\n-\n[\nUkrainian family in N.S. struggling to help son with cancer\n02:06 | April 11, 2025\n](https://globalnews.ca/video/11127963/ukrainian-family-in-n-s-struggling-to-help-son-with-cancer/)\n-\n[\nNo injuries in Quinpool Road fire that damaged building with apartments and businesses\n01:55 | April 11, 2025\n](https://globalnews.ca/video/11127962/no-injuries-in-quinpool-road-fire-that-damaged-building-with-apartments-and-businesses/)\n-\n[\nGlobal News at 6 Halifax: April 11\n12:11 | April 11, 2025\n](https://globalnews.ca/video/11128008/global-news-at-6-halifax-april-11-2025/)\n-\n[\nSilt levels in Eisner Cove wetland raises concerns again\n01:52 | April 10, 2025\n](https://globalnews.ca/video/11126176/silt-levels-in-eisner-cove-wetland-raises-concerns-again/)\n-\n[\nWhy voters in Canada’s largest black community say they feel disconnected to their new riding\n01:49 | 3 minutes ago\n](https://globalnews.ca/video/11146183/why-voters-in-canadas-largest-black-community-say-they-feel-disconnected-to-their-new-riding/)\n-\n[\nHalifax restaurant will not accept tips from patrons\n01:50 | April 22, 2025\n](https://globalnews.ca/video/11144324/halifax-restaurant-will-not-accept-tips-from-patrons/)\n-\n[\nAdvocates want cleaner alternatives to Halifax Water’s decision to pump wastewater into harbour\n02:00 | April 22, 2025\n](https://globalnews.ca/video/11144315/advocates-want-cleaner-alternatives-to-halifax-waters-decision-to-pump-wastewater-into-harbour/)\n-\n[\nA look at the key ridings to watch in the Maritimes\n02:02 | April 22, 2025\n](https://globalnews.ca/video/11144304/a-look-at-the-key-ridings-to-watch-in-the-maritimes/)\n-\n[\nGlobal News at 6 Halifax: April 22\n10:47 | April 22, 2025\n](https://globalnews.ca/video/11144360/global-news-at-6-halifax-april-22-2025/)\n-\n[\nNova Scotia community uniting in search for child who fell in water and is lost\n02:12 | April 21, 2025\n](https://globalnews.ca/video/11142108/nova-scotia-community-uniting-in-search-for-child-who-fell-in-water-and-is-lost/)\n-\n[\nMaritimers join people around the world mourning Pope Francis\n02:13 | April 21, 2025\n](https://globalnews.ca/video/11142098/maritimers-join-people-around-the-world-mourning-pope-francis/)\n-\n[\nLiberal Leader Mark Carney makes way through Maritimes on campaign trail\n01:27 | April 21, 2025\n](https://globalnews.ca/video/11142055/liberal-leader-mark-carney-makes-way-through-maritimes-on-campaign-trail/)\n-\n[\nGlobal News at 6 Maritimes: April 21\n09:57 | April 21, 2025\n](https://globalnews.ca/video/11142137/global-news-at-6-maritimes-april-21-2025/)\n-\n[\nHalifax’s Macdonald bridge set to undergo two-year repair project\n02:05 | April 19, 2025\n](https://globalnews.ca/video/11140205/halifaxs-macdonald-bridge-set-to-undergo-two-year-repair-project/)\n-\n[\nMunicipality wants to make decision on old Halifax Memorial Library site\n01:50 | April 17, 2025\n](https://globalnews.ca/video/11138218/municipality-wants-to-make-decision-on-old-halifax-memorial-library-site/)\n-\n[\nStudy sheds light on knowledge gap in recognizing intimate partner violence\n02:08 | April 17, 2025\n](https://globalnews.ca/video/11138215/study-sheds-light-on-knowledge-gap-in-recognizing-intimate-partner-violence/)\n-\n[\nAtlantic premiers weigh in on priorities for Canada’s next prime minister\n01:44 | April 17, 2025\n](https://globalnews.ca/video/11138203/atlantic-premiers-weigh-in-on-priorities-for-canadas-next-prime-minister/)\n-\n[\nGlobal News at 6 Halifax: April 17\n11:14 | April 17, 2025\n](https://globalnews.ca/video/11138268/global-news-at-6-halifax-april-17-2025/)\n-\n[\nYarmouth mayor expects spike in American visitors on CAT ferry this summer\n01:06 | April 16, 2025\n](https://globalnews.ca/video/11136153/yarmouth-mayor-expects-spike-in-american-visitors-on-cat-ferry-this-summer/)\n-\n[\n2nd-degree murder charge dropped for teen in stabbing death of Halifax boy\n01:41 | April 16, 2025\n](https://globalnews.ca/video/11136143/2nd-degree-murder-charge-dropped-for-teen-in-stabbing-death-of-halifax-boy/)\n-\n[\nMOUs signed to eliminate Canada’s interprovincial trade barriers\n02:10 | April 16, 2025\n](https://globalnews.ca/video/11136141/mous-signed-to-eliminate-canadas-interprovincial-trade-barriers/)\n-\n[\nGlobal News at 6 Halifax: April 16\n11:42 | April 16, 2025\n](https://globalnews.ca/video/11136199/global-news-at-6-halifax-april-16-2025/)\n-\n[\nAdvocate calls for tenant safety improvements after carbon monoxide incidents\n02:01 | April 15, 2025\n](https://globalnews.ca/video/11133551/advocate-calls-for-tenant-safety-improvements-after-carbon-monoxide-incidents/)\n-\n[\nNova Scotia auditor general credits government on progress fulfilling recommendations\n02:05 | April 15, 2025\n](https://globalnews.ca/video/11133520/nova-scotia-auditor-general-credits-government-on-progress-fulfilling-recommendations/)\n-\n[\nGlobal News at 6 Halifax: April 15\n10:33 | April 15, 2025\n](https://globalnews.ca/video/11133587/global-news-at-6-halifax-april-15-2025/)\n-\n[\nAndy Fillmore’s first State of the Municipality address since taking office\n02:02 | April 14, 2025\n](https://globalnews.ca/video/11131341/andy-fillmores-first-state-of-the-municipality-address-since-taking-office/)\n-\n[\nN.S. senior couple forced to pay rent for 2 apartments despite being locked out of one\n02:01 | April 14, 2025\n](https://globalnews.ca/video/11131344/n-s-senior-couple-forced-to-pay-rent-for-2-apartments-despite-being-locked-out-of-one/)\n-\n[\nStudy finds Halifax residents willing to welcome American tourists despite Trump rhetoric\n02:09 | April 14, 2025\n](https://globalnews.ca/video/11131338/study-finds-halifax-residents-willing-to-welcome-american-tourists-despite-trump-rhetoric/)\n-\n[\nGlobal News at 6 Halifax: April 14\n10:56 | April 14, 2025\n](https://globalnews.ca/video/11131380/global-news-at-6-halifax-april-14-2025/)\n-\n[\nParent raise concerns about changes to Bedford schools\n01:55 | April 11, 2025\n](https://globalnews.ca/video/11127998/parent-raise-concerns-about-changes-to-bedford-schools/)\n-\n[\nNew power of attorney app launches for Nova Scotians\n02:03 | April 11, 2025\n](https://globalnews.ca/video/11127970/new-power-of-attorney-app-launches-for-nova-scotians/)\n-\n[\nUkrainian family in N.S. struggling to help son with cancer\n02:06 | April 11, 2025\n](https://globalnews.ca/video/11127963/ukrainian-family-in-n-s-struggling-to-help-son-with-cancer/)\n-\n[\nNo injuries in Quinpool Road fire that damaged building with apartments and businesses\n01:55 | April 11, 2025\n](https://globalnews.ca/video/11127962/no-injuries-in-quinpool-road-fire-that-damaged-building-with-apartments-and-businesses/)\n-\n[\nGlobal News at 6 Halifax: April 11\n12:11 | April 11, 2025\n](https://globalnews.ca/video/11128008/global-news-at-6-halifax-april-11-2025/)\n-\n[\nSilt levels in Eisner Cove wetland raises concerns again\n01:52 | April 10, 2025\n](https://globalnews.ca/video/11126176/silt-levels-in-eisner-cove-wetland-raises-concerns-again/)\nWhy voters in Canada’s largest black community say they feel disconnected to their new riding\nDescription\n3 minutes ago\nAs voting day approaches, African Nova Scotians are expressing what they want to see from then next federal government. In North Preston, Canada’s largest Black community, one member says they’re feeling disconnected to the area’s new riding. Kendra Gannon reports.\n-\nWhy voters in Canada’s largest black community say they feel disconnected to their new riding01:49 | 3 minutes ago\n-\nHalifax restaurant will not accept tips from patrons01:50 | April 22, 2025\n-\nAdvocates want cleaner alternatives to Halifax Water’s decision to pump wastewater into harbour02:00 | April 22, 2025\n-\nA look at the key ridings to watch in the Maritimes02:02 | April 22, 2025\n-\nGlobal News at 6 Halifax: April 2210:47 | April 22, 2025\n-\nNova Scotia community uniting in search for child who fell in water and is lost02:12 | April 21, 2025\n-\nMaritimers join people around the world mourning Pope Francis02:13 | April 21, 2025\n-\nLiberal Leader Mark Carney makes way through Maritimes on campaign trail01:27 | April 21, 2025\n-\nGlobal News at 6 Maritimes: April 2109:57 | April 21, 2025\n-\nHalifax’s Macdonald bridge set to undergo two-year repair project02:05 | April 19, 2025\n-\nMunicipality wants to make decision on old Halifax Memorial Library site01:50 | April 17, 2025\n-\nStudy sheds light on knowledge gap in recognizing intimate partner violence02:08 | April 17, 2025\n-\nAtlantic premiers weigh in on priorities for Canada’s next prime minister01:44 | April 17, 2025\n-\nGlobal News at 6 Halifax: April 1711:14 | April 17, 2025\n-\nYarmouth mayor expects spike in American visitors on CAT ferry this summer01:06 | April 16, 2025\n-\n2nd-degree murder charge dropped for teen in stabbing death of Halifax boy01:41 | April 16, 2025\n-\nMOUs signed to eliminate Canada’s interprovincial trade barriers02:10 | April 16, 2025\n-\nGlobal News at 6 Halifax: April 1611:42 | April 16, 2025\n-\nAdvocate calls for tenant safety improvements after carbon monoxide incidents02:01 | April 15, 2025\n-\nNova Scotia auditor general credits government on progress fulfilling recommendations02:05 | April 15, 2025\n-\nGlobal News at 6 Halifax: April 1510:33 | April 15, 2025\n-\nAndy Fillmore’s first State of the Municipality address since taking office02:02 | April 14, 2025\n-\nN.S. senior couple forced to pay rent for 2 apartments despite being locked out of one02:01 | April 14, 2025\n-\nStudy finds Halifax residents willing to welcome American tourists despite Trump rhetoric02:09 | April 14, 2025\n-\nGlobal News at 6 Halifax: April 1410:56 | April 14, 2025\n-\nParent raise concerns about changes to Bedford schools01:55 | April 11, 2025\n-\nNew power of attorney app launches for Nova Scotians02:03 | April 11, 2025\n-\nUkrainian family in N.S. struggling to help son with cancer02:06 | April 11, 2025\n-\nNo injuries in Quinpool Road fire that damaged building with apartments and businesses01:55 | April 11, 2025\n-\nGlobal News at 6 Halifax: April 1112:11 | April 11, 2025\n-\nSilt levels in Eisner Cove wetland raises concerns again01:52 | April 10, 2025\n-\nWhy voters in Canada’s largest black community say they feel disconnected to their new riding01:49 | 3 minutes ago\n-\nHalifax restaurant will not accept tips from patrons01:50 | April 22, 2025\n-\nAdvocates want cleaner alternatives to Halifax Water’s decision to pump wastewater into harbour02:00 | April 22, 2025\n-\nA look at the key ridings to watch in the Maritimes02:02 | April 22, 2025\n-\nGlobal News at 6 Halifax: April 2210:47 | April 22, 2025\n-\nNova Scotia community uniting in search for child who fell in water and is lost02:12 | April 21, 2025\n-\nMaritimers join people around the world mourning Pope Francis02:13 | April 21, 2025\n-\nLiberal Leader Mark Carney makes way through Maritimes on campaign trail01:27 | April 21, 2025\n-\nGlobal News at 6 Maritimes: April 2109:57 | April 21, 2025\n-\nHalifax’s Macdonald bridge set to undergo two-year repair project02:05 | April 19, 2025\n-\nMunicipality wants to make decision on old Halifax Memorial Library site01:50 | April 17, 2025\n-\nStudy sheds light on knowledge gap in recognizing intimate partner violence02:08 | April 17, 2025\n-\nAtlantic premiers weigh in on priorities for Canada’s next prime minister01:44 | April 17, 2025\n-\nGlobal News at 6 Halifax: April 1711:14 | April 17, 2025\n-\nYarmouth mayor expects spike in American visitors on CAT ferry this summer01:06 | April 16, 2025\n-\n2nd-degree murder charge dropped for teen in stabbing death of Halifax boy01:41 | April 16, 2025\n-\nMOUs signed to eliminate Canada’s interprovincial trade barriers02:10 | April 16, 2025\n-\nGlobal News at 6 Halifax: April 1611:42 | April 16, 2025\n-\nAdvocate calls for tenant safety improvements after carbon monoxide incidents02:01 | April 15, 2025\n-\nNova Scotia auditor general credits government on progress fulfilling recommendations02:05 | April 15, 2025\n-\nGlobal News at 6 Halifax: April 1510:33 | April 15, 2025\n-\nAndy Fillmore’s first State of the Municipality address since taking office02:02 | April 14, 2025\n-\nN.S. senior couple forced to pay rent for 2 apartments despite being locked out of one02:01 | April 14, 2025\n-\nStudy finds Halifax residents willing to welcome American tourists despite Trump rhetoric02:09 | April 14, 2025\n-\nGlobal News at 6 Halifax: April 1410:56 | April 14, 2025\n-\nParent raise concerns about changes to Bedford schools01:55 | April 11, 2025\n-\nNew power of attorney app launches for Nova Scotians02:03 | April 11, 2025\n-\nUkrainian family in N.S. struggling to help son with cancer02:06 | April 11, 2025\n-\nNo injuries in Quinpool Road fire that damaged building with apartments and businesses01:55 | April 11, 2025\n-\nGlobal News at 6 Halifax: April 1112:11 | April 11, 2025\n-\nSilt levels in Eisner Cove wetland raises concerns again01:52 | April 10, 2025\nWhy voters in Canada’s largest black community say they feel disconnected to their new riding\nDescription\n3 minutes ago\nAs voting day approaches, African Nova Scotians are expressing what they want to see from then next federal government. In North Preston, Canada’s largest Black community, one member says they’re feeling disconnected to the area’s new riding. Kendra Gannon reports.\nNational News\n-\nDeadly attack on resort in Kashmir’s Pahalgam sparks wave of protests across India2:276 hours ago\n-\nGulf of America: Florida signs changed to reflect Trump administration’s name change1:056 hours ago\n-\nVance says U.S. prepared to ‘walk away’ from Russia-Ukraine peace talks if deal isn’t reached1:006 hours ago\n-\nHealth Matters: U.S. to phase out many synthetic food dyes3:026 hours ago\n-\nSingh says NDP will fight for national rent control2:196 hours ago\n-\nPoilievre reaffirms crime, housing, and addiction pledges in final campaign stretch2:386 hours ago\n-\nMusk to step back from DOGE, focus on Tesla after Q1 profit plunge2:066 hours ago\n-\nStellan Skarsgård, Genevieve O’Reilly say final season of ‘Andor’ is an emotional rollercoaster5:119 hours ago\n-\nHow disconnecting from screens can boost your mood and focus5:309 hours ago\n-\nSimple solutions to cut food waste5:319 hours ago\nAdvertisement\nTop News\n-\nTurkey earthquake: Powerful 6.2 magnitude quake rattles Istanbul1:426 hours ago\n-\nDeadly attack on resort in Kashmir’s Pahalgam sparks wave of protests across India2:276 hours ago\n-\nBody of Pope Francis moved to St. Peter’s Basilica in holy procession1:406 hours ago\n-\nRobots race humans for 1st time in world debut of humanoid half-marathon2:206 hours ago\n-\nPope Francis’ funeral to be held at St. Peter’s Sqaure on Saturday2:2723 hours ago\n-\nU.S. lawmakers in El Salvador demand return of Kilmar Abrego Garcia2:381 day ago\n-\nVance warns of ‘dark time for all of humanity’ if U.S.-India relationship falters2:081 day ago\n-\nCelebrating Earth Day with practical tips5:321 day ago\n-\n‘He died all of a sudden’: Worshippers converge on Vatican to mourn and celebrate Pope Francis2:301 day ago\n-\nRoyal aide who filed bullying claim against Meghan Markle takes on major role with Prince William5:582 days ago\nSponsored Content\nTrending\n-\nStaff shortages at Air Traffic Control could impact travel1:486 days ago\n-\nFirefighters battle flames in Vancouver’s Hastings Sunrise neighbourhood1:136 hours ago\n-\nNew 753 area code to be introduced in eastern Ontario to meet demand for telephone numbers1:3039 months ago\n-\nDoug Ford rips Ontario school trustees for Italy trip: ‘I just don’t get it’2:076 months ago\n-\nAlberta RCMP calls out public safety minister’s ‘falsehoods’ in justifying provincial police force1:371 day ago\n-\nUnsold condos piling up in Metro Vancouver2:296 hours ago\n-\nGunmen open fire on tourists, killing at least 20 people at Kashmir resort1:171 day ago\n-\nPoilievre reveals Conservative election platform promising 70% deficit reduction, 15% income tax cut2:441 day ago\n-\nDFO officers refusing to enforce Fisheries Act in N.S.2:078 months ago\nCanada\n-\nFirefighters battle flames in Vancouver’s Hastings Sunrise neighbourhood1:136 hours ago\n-\nInternational student killed in Hamilton shooting ‘had no time’ to react as police seek suspects1:506 hours ago\n-\nCanada mourns the death of Pope Francis4:396 hours ago\n-\n5 former Canada world junior hockey players plead not guilty in sex assault trial2:4123 hours ago\n-\nHudson’s Bay closures leave brands in search of new home for selling inventory2:041 day ago\n-\n‘Big heart’: Canadians celebrate Pope Francis’ legacy1:431 day ago\n-\nDuncan business owners left to put out fires on their own2:101 day ago\n-\nA rare look at B.C.’s worst wildfire season5:042 days ago\n-\nMan critically injured in shooting with two Toronto police officers during traffic stop0:262 days ago\n-\nHome renovation contractors reporting fewer clients amid U.S.-Canada trade war1:494 days ago\nU.S. News\n-\nLori Vallow Daybell found guilty in death of her fourth husband1:386 hours ago\n-\nGulf of America: Florida signs changed to reflect Trump administration’s name change1:056 hours ago\n-\nMusk to step back from DOGE, focus on Tesla after Q1 profit plunge2:066 hours ago\n-\nFAA investigating after Delta flight catches fire in Orlando, forcing passengers to evacuate1:231 day ago\n-\nTrump defends Hegseth amid reports 2nd Signal chat included attack plans1:471 day ago\n-\nBusiness Matters: Google faces trial in US bid to end search monopoly2:162 days ago\n-\nCanada’s economic outlook amid tariff uncertainty6:143 days ago\n-\nCan U.S. immigration policies impact Canada?9:393 days ago\n-\nItaly’s Meloni pleads case for lower EU tariffs with Trump1:556 days ago\n-\n‘Outrageous’: Puerto Rico faces massive power outage1:016 days ago\nAdvertisement\nWorld\n-\nTurkey earthquake: Powerful 6.2 magnitude quake rattles Istanbul1:426 hours ago\n-\nDeadly attack on resort in Kashmir’s Pahalgam sparks wave of protests across India2:276 hours ago\n-\nVance says U.S. prepared to ‘walk away’ from Russia-Ukraine peace talks if deal isn’t reached1:006 hours ago\n-\nHealth Matters: U.S. to phase out many synthetic food dyes3:026 hours ago\n-\nBody of Pope Francis moved to St. Peter’s Basilica in holy procession1:406 hours ago\n-\n‘Greatest act’: Pope Francis remembered for residential school apology2:101 day ago\n-\nPope Francis’ funeral to be held at St. Peter’s Sqaure on Saturday2:2723 hours ago\n-\nRussia-Ukraine war: Peace talks expected to continue despite uncertainty1:491 day ago\n-\nU.S. lawmakers in El Salvador demand return of Kilmar Abrego Garcia2:381 day ago\n-\nVance warns of ‘dark time for all of humanity’ if U.S.-India relationship falters2:081 day ago\nPolitics\n-\nWhy voters in Canada’s largest black community say they feel disconnected to their new riding1:494 hours ago\n-\nStudy shows safer supply reduces overdose risk1:565 hours ago\n-\nNew polling indicates Liberals ahead in final days of election campaign1:554 hours ago\n-\nSingh says NDP will fight for national rent control2:196 hours ago\n-\nPoilievre reaffirms crime, housing, and addiction pledges in final campaign stretch2:386 hours ago\n-\nMusk to step back from DOGE, focus on Tesla after Q1 profit plunge2:066 hours ago\n-\nRecord Turnout at Advance Polls Ahead of Election Day5:3810 hours ago\n-\nFederal Candidates to Debate Animal Welfare6:1710 hours ago\n-\nCountdown to election day and push to sway minds of undecided voters4:176 hours ago\n-\nVancouver council votes unanimously in favour of Jericho Lands megaproject2:4324 hours ago\nHealth and Wellness\n-\nHealth Matters: U.S. to phase out many synthetic food dyes3:026 hours ago\n-\nTeen’s overdose death prompts police warning1:536 hours ago\n-\nInfertility Awareness Week a time to discuss a difficult subject5:251 day ago\n-\nUnderstanding the rise of fermented foods and their benefits5:202 days ago\n-\nOzempic can help prevent limb loss in some patients living with peripheral artery disease, trial shows2:073 days ago\n-\nB.C. Emergency Health Services water bottle controversy1:456 days ago\n-\nOntario reports 109 more measles cases in the last week2:046 days ago\n-\nHealth Matters: Raid sprays recalled over leak hazard2:326 days ago\n-\nRFK Jr. calls for investigation into ‘environmental toxins’ linked to autism ‘epidemic’4:031 week ago\nAdvertisement\nInvestigative News\n-\nAstronomers find ‘strongest evidence yet’ of alien life on distant planet1:496 days ago\n-\nWhat Canada’s inflation slowdown really means for your wallet1:531 week ago\n-\nPoilievre dismisses report alleging ‘friends’ of Indian PM Modi helped finance leadership campaign1:562 weeks ago\n-\nBuy Canadian: Does boycotting American products actually benefit consumers?5:223 weeks ago\n-\nKnow your rights when crossing the Canada-US border2:404 weeks ago\n-\nHow Harper’s Arctic naval station became a white elephant2:141 month ago\n-\nHow a BC woman’s peronal information was changed at CIBC – without her knowledge4:032 months ago\n-\nScammers target Global News contributor Michael Campbell2:262 months ago\n-\nSanctions evader didn’t disclose criminal history: CBSA2:322 months ago\n-\nCanada accuses businessman of foreign interference3:102 months ago\nNews Bloopers\n-\nBlack bear in tree has rough landing after being tranquilized at Halifax-area park0:487 months ago\n-\nEdmonton, B.C. morning show hosts settle NHL playoff bet3:0511 months ago\n-\n‘You can’t make this stuff up:’ Loud clap of thunder interrupts live TV segment at pivotal moment0:2419 months ago\n-\nGlobal Calgary weather anchor startled by surprise guest appearance0:2123 months ago\n-\nFun times? Global News personalities help clear snow in search of ‘fun’ story2:0030 months ago\n-\nGlobal National anchor Farah Nasser swallows fly on-air0:1732 months ago\n-\n‘Buzzworthy moment’: Colin D’Mello recaps Doug Ford accidentally swallowing a bee1:5732 months ago\n-\n‘Did you just call me daddy?’: Morning show hosts can’t hold back laughter after on-air mixup1:1433 months ago\n-\nB.C. dad hoping to see his cloud photo on TV get his wish following viral TikTok campaign2:1136 months ago\n-\nBloopers: Phil Darlington slips, slides and falls in these Our Winter City outtakes1:3830 months ago",
    "highlightText": "",
    "highlightTitle": "",
    "highlightThreadTitle": "",
    "language": "english",
    "sentiment": "negative",
    "categories": [
        "Politics",
        "Social Issue",
        "Human Interest"
    ],
    "topics": [
        "Politics->political candidates",
        "Politics->citizens' initiative and recall",
        "Social Issue->communities",
        "Social Issue->diversity, equity and inclusion",
        "Social Issue->discrimination",
        "Human Interest->human mishap"
    ],
    "ai_allow": true,
    "has_canonical": false,
    "breaking": true,
    "webz_reporter": false,
    "external_links": [],
    "entities": {
        "persons": [
            {
                "name": "Mark Carney",
                "sentiment": "none"
            }
        ],
        "locations": [
            {
                "name": "Memorial Library",
                "sentiment": "none"
            }
        ],
        "organizations": [
            {
                "name": "CAT",
                "sentiment": "none",
                "tickers": [
                    {
                        "ticker": "CAT",
                        "exchange": "NYSE"
                    }
                ]
            },
            {
                "name": "& TV",
                "sentiment": "none",
                "tickers": [
                    {
                        "ticker": "TV",
                        "exchange": "NYSE"
                    }
                ]
            }
        ]
    },
    "syndication": {
        "syndicated": false,
        "syndicate_id": null,
        "first_syndicated": false
    },
    "trust": {
        "categories": [],
        "bias": "center",
        "source": {
            "type": null,
            "city": null,
            "state": null,
            "country": null,
            "domain_type": null,
            "agency": null,
            "organization_name": null
        }
    },
    "rating": null,
    "crawled": "2025-04-24T00:16:35.235+03:00",
    "updated": "2025-04-24T00:16:35.235+03:00"
}