{
    "thread": {
        "uuid": "edce73bc360f10cfec9042b32aa238de2082f5aa",
        "url": "https://en.pressbee.net/show3880092.html",
        "site_full": "en.pressbee.net",
        "site": "pressbee.net",
        "site_section": "https://en.pressbee.net/rss.php",
        "site_categories": [],
        "section_title": "PressBee",
        "site_title": null,
        "title": "Reporter Asks Karoline Leavitt If Pete Hegseth Firing Pentagon Leakers Is Poor Management (BAD Idea)",
        "title_full": "Reporter Asks Karoline Leavitt If Pete Hegseth Firing Pentagon Leakers Is Poor Management (BAD Idea)",
        "published": "2025-04-24T00:27:27.050+03:00",
        "replies_count": 0,
        "participants_count": 1,
        "site_type": "news",
        "country": "EG",
        "main_image": "https://media.townhall.com/cdn/hodl/2025/28/8aa5e2fa-037f-4096-a03b-c08edd5435a3.png",
        "performance_score": 0,
        "domain_rank": 95507,
        "domain_rank_updated": "2025-04-22T00:00:00.000+03:00",
        "licensing_agency": [],
        "social": {
            "facebook": {
                "likes": 0,
                "comments": 0,
                "shares": 0
            },
            "vk": {
                "shares": 0
            }
        }
    },
    "uuid": "edce73bc360f10cfec9042b32aa238de2082f5aa",
    "url": "https://en.pressbee.net/show3880092.html",
    "ord_in_thread": 0,
    "author": "Twitchy",
    "published": "2025-04-24T00:27:27.050+03:00",
    "title": "Reporter Asks Karoline Leavitt If Pete Hegseth Firing Pentagon Leakers Is Poor Management (BAD Idea)",
    "text": "Read More Details\nFinally We wish PressBee provided you with enough information of ( Reporter Asks Karoline Leavitt If Pete Hegseth Firing Pentagon Leakers Is Poor Management (BAD Idea) )\nAlso on site :\n Read More Details\nFinally We wish PressBee provided you with enough information of ( Reporter Asks Karoline Leavitt If Pete Hegseth Firing Pentagon Leakers Is Poor Management (BAD Idea) )\nAlso on site :",
    "highlightText": "",
    "highlightTitle": "",
    "highlightThreadTitle": "",
    "language": "english",
    "sentiment": "negative",
    "categories": [
        "Politics"
    ],
    "topics": [
        "Politics->political process",
        "Politics->political candidates",
        "Politics->government"
    ],
    "ai_allow": true,
    "has_canonical": false,
    "breaking": false,
    "webz_reporter": false,
    "external_links": [
        "https://twitchy.com/dougp/2025/04/23/reporter-asks-karoline-leavitt-if-pete-hegseth-firing-pentagon-leakers-is-poor-management-bad-idea-n2411803",
        "https://www.twitchy.com/dougp/2025/04/23/reporter-asks-karoline-leavitt-if-pete-hegseth-firing-pentagon-leakers-is-poor-management-bad-idea-n2411803"
    ],
    "entities": {
        "persons": [
            {
                "name": "Karoline Leavitt",
                "sentiment": "negative"
            }
        ],
        "locations": [],
        "organizations": []
    },
    "syndication": {
        "syndicated": false,
        "syndicate_id": null,
        "first_syndicated": false
    },
    "trust": {
        "categories": [],
        "bias": null,
        "source": {
            "type": null,
            "city": null,
            "state": null,
            "country": null,
            "domain_type": null,
            "agency": null,
            "organization_name": null
        }
    },
    "rating": null,
    "crawled": "2025-04-24T00:27:27.050+03:00",
    "updated": "2025-04-24T00:27:27.050+03:00"
}