{
    "thread": {
        "uuid": "bb8f170e9d33fa568411850de5cbcd19e6d52bd3",
        "url": "https://flipboard.com/@alan_g24/things-that-could-go-boom-gvhbu4avz",
        "site_full": "flipboard.com",
        "site": "flipboard.com",
        "site_section": "https://flipboard.com/@alan_g24",
        "site_categories": [
            "family_and_parenting",
            "eldercare"
        ],
        "section_title": "Alan_G24 (@Alan_G24) on Flipboard",
        "site_title": "Flipboard: Your Social Magazine",
        "title": "Things That Could Go BOOM | @Alan_G24 | Flipboard",
        "title_full": "Things That Could Go BOOM | @Alan_G24 | Flipboard",
        "published": "2025-04-24T00:19:00.000+03:00",
        "replies_count": 0,
        "participants_count": 1,
        "site_type": "news",
        "country": "US",
        "main_image": "https://ic-cdn.flipboard.com/axios.com/988b0e20739d9fd8f329ee7c74f3cf6bbfa09476/_medium.jpeg",
        "performance_score": 0,
        "domain_rank": 1240,
        "domain_rank_updated": "2025-04-22T00:00:00.000+03:00",
        "licensing_agency": [],
        "social": {
            "facebook": {
                "likes": 0,
                "comments": 0,
                "shares": 0
            },
            "vk": {
                "shares": 0
            }
        }
    },
    "uuid": "bb8f170e9d33fa568411850de5cbcd19e6d52bd3",
    "url": "https://flipboard.com/@alan_g24/things-that-could-go-boom-gvhbu4avz",
    "ord_in_thread": 0,
    "author": "Css-; Object-Fitcover; Border-Radius; Border; 0",
    "published": "2025-04-24T00:19:00.000+03:00",
    "title": "Things That Could Go BOOM | @Alan_G24 | Flipboard",
    "text": "Things That Could Go BOOM\nNews about things that could go terribly, horribly wrong\nMost recent stories in Things That Could Go BOOM\nHow Trump is rewriting American historyYale professor David W. Blight explains why Trump is far from the first to try to rewrite the record. First, it was Stonewall. The word “transgender” was removed from the National Park Service page commemorating the 1969 Stonewall Uprising, at which trans activists Marsha P. Johnson and Sylvia …Time to speak up is now: Trump is using the authoritian’s playbook: removes those with expertise and independent thinking from the government and replaces them with leaders who are arrogant, ignorant, extremely loyal. Next he takes steps to centralize power and claim unprecedented authority…conducts an all-out assault on the truth so that truth tellers are distrusted, corruption becomes the norm, and questioning him becomes impossible. The Constitution bends and then finally breaks.\nMore Than 180 College Leaders Blast Trump's 'Unprecedented Government Overreach'College leaders across the country signed a letter saying they \"oppose undue government intrusion in the lives of those who learn, live, and work on our campuses.\" More than 180 college leaders blasted President Donald Trump’s attempts to cut federal funding for universities if they don’t fall in …Time to speak up is now: Trump is using the authoritian’s playbook: removes those with expertise and independent thinking from the government and replaces them with leaders who are arrogant, ignorant, extremely loyal. Next he takes steps to centralize power and claim unprecedented authority…conducts an all-out assault on the truth so that truth tellers are distrusted, corruption becomes the norm, and questioning him becomes impossible. The Constitution bends and then finally breaks.\nTime to speak up is now: Trump is using the authoritian’s playbook: removes those with expertise and independent thinking from the government and replaces them with leaders who are arrogant, ignorant, extremely loyal. Next he takes steps to centralize power and claim unprecedented authority…conducts an all-out assault on the truth so that truth tellers are distrusted, corruption becomes the norm, and questioning him becomes impossible. The Constitution bends and then finally breaks.\nHabeas corpus: A thousand-year-old legal principle for defending rights that’s getting a workout under the Trump administrationIn some parts of the world, a person may be secreted away or imprisoned by the government without any advanced notification of wrongdoing or chance …",
    "highlightText": "",
    "highlightTitle": "",
    "highlightThreadTitle": "",
    "language": "english",
    "sentiment": "negative",
    "categories": [
        "Social Issue",
        "Politics",
        "War, Conflict and Unrest"
    ],
    "topics": [
        "Politics->political candidates",
        "Politics->political development",
        "Politics->political campaigns"
    ],
    "ai_allow": true,
    "has_canonical": false,
    "breaking": false,
    "webz_reporter": false,
    "external_links": [],
    "entities": {
        "persons": [
            {
                "name": "Marsha P. Johnson",
                "sentiment": "none"
            },
            {
                "name": "David W. Blight",
                "sentiment": "none"
            },
            {
                "name": "Trump",
                "sentiment": "none"
            }
        ],
        "locations": [],
        "organizations": [
            {
                "name": "National Park Service",
                "sentiment": "none",
                "tickers": []
            }
        ]
    },
    "syndication": {
        "syndicated": false,
        "syndicate_id": null,
        "first_syndicated": false
    },
    "trust": {
        "categories": [],
        "bias": null,
        "source": {
            "type": null,
            "city": null,
            "state": null,
            "country": null,
            "domain_type": null,
            "agency": null,
            "organization_name": null
        }
    },
    "rating": null,
    "crawled": "2025-04-24T00:20:13.661+03:00",
    "updated": "2025-04-24T00:20:13.661+03:00"
}