{
    "thread": {
        "uuid": "1dbf23ccb95f1ecfebae894210eb3de136baad81",
        "url": "https://www.autocarpro.in/news/motherson-international-incorporates-new-manufacturing-services-subsidiary-128263",
        "site_full": "www.autocarpro.in",
        "site": "autocarpro.in",
        "site_section": "https://www.autocarpro.in/rssfeeds/category-auto-components",
        "site_categories": [
            "media"
        ],
        "section_title": "Autocar Professional - Latest Articles",
        "site_title": "Latest Auto industry News, Insights, Updates and Reports from India’s leading automobile industry magazine |Autocar Professional",
        "title": "Motherson International Incorporates New Manufacturing Services Subsidiary",
        "title_full": "Motherson International Incorporates New Manufacturing Services Subsidiary",
        "published": "2025-08-26T03:00:00.000+03:00",
        "replies_count": 0,
        "participants_count": 1,
        "site_type": "news",
        "country": "IN",
        "main_image": "https://img.autocarpro.in/autocarpro/b07ac040-bddc-451b-9fde-8a2e8bc1c0fc_motherson.jpg",
        "performance_score": 0,
        "domain_rank": 73755,
        "domain_rank_updated": "2025-06-03T00:00:00.000+03:00",
        "licensing_agency": [],
        "social": {
            "facebook": {
                "likes": 0,
                "comments": 0,
                "shares": 0
            },
            "vk": {
                "shares": 0
            }
        }
    },
    "uuid": "1dbf23ccb95f1ecfebae894210eb3de136baad81",
    "url": "https://www.autocarpro.in/news/motherson-international-incorporates-new-manufacturing-services-subsidiary-128263",
    "ord_in_thread": 0,
    "author": "Shristi Ohri",
    "published": "2025-08-26T03:00:00.000+03:00",
    "title": "Motherson International Incorporates New Manufacturing Services Subsidiary",
    "text": "Motherson International Incorporates New Manufacturing Services Subsidiary\nAccording to the filing, the new subsidiary will engage in manufacturing, trading, and related services across various industries.\nRELATED ARTICLES\nTVS Motor Chairman Advocates for Stronger India-Africa Business Ties at Trade Conclave\nSudarshan Venu addresses delegates at New Delhi conference, highlighting economic synergies between the two regions for ...\nIndian Commercial Vehicle Sales Show Mixed Recovery in July 2025\nWholesale volumes grew 6.1% year-on-year while retail sales remained nearly flat, marking a recovery after first quarter...\nNDTH Energy Becomes Latest Indian Company to Secure Volvo VDS-3 Approval for Heavy-Duty Engine Oil\nThe lubricant manufacturer joins select group worldwide meeting Volvo's performance standards, marking another milestone...",
    "highlightText": "",
    "highlightTitle": "",
    "highlightThreadTitle": "",
    "language": "english",
    "sentiment": "negative",
    "categories": [
        "Crime, Law and Justice",
        "Politics",
        "Social Issue"
    ],
    "topics": [
        "Crime, Law and Justice->corporate crime",
        "Politics->government",
        "Politics->regulation of industry",
        "Politics->economic policy",
        "Social Issue->social condition",
        "Social Issue->fraternal and community group",
        "Social Issue->social services"
    ],
    "ai_allow": true,
    "has_canonical": false,
    "breaking": null,
    "webz_reporter": false,
    "external_links": [],
    "external_images": [],
    "internal_images": [],
    "entities": {
        "persons": [],
        "locations": [],
        "organizations": [
            {
                "name": "Motherson International Incorporates New Manufacturing Services Subsidiary",
                "sentiment": "neutral",
                "tickers": []
            },
            {
                "name": "Volvo",
                "sentiment": "none",
                "tickers": [
                    {
                        "ticker": null,
                        "exchange": null
                    }
                ]
            }
        ]
    },
    "syndication": {
        "syndicated": false,
        "syndicate_id": null,
        "first_syndicated": false
    },
    "trust": {
        "categories": [],
        "top_news": [],
        "bias": null,
        "source": {
            "type": null,
            "city": null,
            "state": null,
            "country": null,
            "domain_type": null,
            "agency": null,
            "organization_name": null
        }
    },
    "rating": null,
    "crawled": "2025-08-28T07:32:26.704+03:00",
    "updated": "2025-08-28T07:35:32.000+03:00"
}