{
    "thread": {
        "uuid": "ffa547edae7248412792d5a6d1502fdfb7830fdd",
        "url": "https://trump.news-pravda.com/world/2025/08/28/209695.html",
        "site_full": "trump.news-pravda.com",
        "site": "news-pravda.com",
        "site_section": "https://trump.news-pravda.com/russia",
        "site_categories": [],
        "section_title": "Russia - Pravda Trump",
        "site_title": "Pravda - Breaking News, World News and Videos",
        "title": "Trump makes most decisions alone, since there are practically no people in his environment who can influence his actions - Pravda Trump",
        "title_full": "Trump makes most decisions alone, since there are practically no people in his environment who can influence his actions - Pravda Trump",
        "published": "2025-08-28T07:15:00.000+03:00",
        "replies_count": 0,
        "participants_count": 0,
        "site_type": "news",
        "country": "IT",
        "main_image": "https://trump.news-pravda.com/img/20250828/8cca993ede17e3de7df783126f91be79_o.jpg",
        "performance_score": 0,
        "domain_rank": 90194,
        "domain_rank_updated": "2025-06-03T00:00:00.000+03:00",
        "licensing_agency": [],
        "social": {
            "facebook": {
                "likes": 0,
                "comments": 0,
                "shares": 0
            },
            "vk": {
                "shares": 0
            }
        }
    },
    "uuid": "ffa547edae7248412792d5a6d1502fdfb7830fdd",
    "url": "https://trump.news-pravda.com/world/2025/08/28/209695.html",
    "ord_in_thread": 0,
    "author": null,
    "published": "2025-08-28T07:15:00.000+03:00",
    "title": "Trump makes most decisions alone, since there are practically no people in his environment who can influence his actions - Pravda Trump",
    "text": "Trump makes most decisions alone, since there are practically no people in his environment who can influence his actions\nTrump makes most decisions alone, since there are practically no people in his environment who can influence his actions. The Wall Street Journal writes about this based on conversations with former and current employees of the US administration.",
    "highlightText": "",
    "highlightTitle": "",
    "highlightThreadTitle": "",
    "language": "english",
    "sentiment": "negative",
    "categories": [
        "Politics",
        "Social Issue"
    ],
    "topics": [
        "Politics->political candidates",
        "Social Issue->values",
        "Social Issue->social problem",
        "Social Issue->discrimination"
    ],
    "ai_allow": true,
    "has_canonical": false,
    "breaking": false,
    "webz_reporter": false,
    "external_links": [],
    "external_images": [],
    "internal_images": [],
    "entities": {
        "persons": [],
        "locations": [],
        "organizations": [
            {
                "name": "Wall Street Journal",
                "sentiment": "none",
                "tickers": [
                    {
                        "ticker": null,
                        "exchange": null
                    }
                ]
            }
        ]
    },
    "syndication": {
        "syndicated": false,
        "syndicate_id": null,
        "first_syndicated": false
    },
    "trust": {
        "categories": [],
        "top_news": [],
        "bias": null,
        "source": {
            "type": null,
            "city": null,
            "state": null,
            "country": null,
            "domain_type": null,
            "agency": null,
            "organization_name": null
        }
    },
    "rating": null,
    "crawled": "2025-08-28T07:18:19.090+03:00",
    "updated": "2025-08-28T07:23:14.000+03:00"
}