{
    "thread": {
        "uuid": "96416a8e807cf84f981c6be33db23c97e3a3a654",
        "url": "https://news.nestia.com/detail_share/13762198?media_type=1",
        "site_full": "news.nestia.com",
        "site": "nestia.com",
        "site_section": "https://news.nestia.com/en/list?tab&",
        "site_categories": [
            "uncategorized"
        ],
        "section_title": "News &amp; Headlines - Singapore Top Reads | Nestia",
        "site_title": null,
        "title": "Trump administration moves to tighten duration of visas for students and media | Nestia",
        "title_full": "Trump administration moves to tighten duration of visas for students and media | Nestia",
        "published": "2025-08-28T03:00:00.000+03:00",
        "replies_count": 0,
        "participants_count": 1,
        "site_type": "news",
        "country": "SG",
        "main_image": "https://nestia-food-obs-ap-southeast-3.nestia.com/202508/28/c50a39bc6d1df2f99064d150d8bbeebe_750x750.jpg",
        "performance_score": 0,
        "domain_rank": 123785,
        "domain_rank_updated": "2025-06-03T00:00:00.000+03:00",
        "licensing_agency": [],
        "social": {
            "facebook": {
                "likes": 0,
                "comments": 0,
                "shares": 0
            },
            "vk": {
                "shares": 0
            }
        }
    },
    "uuid": "96416a8e807cf84f981c6be33db23c97e3a3a654",
    "url": "https://news.nestia.com/detail_share/13762198?media_type=1",
    "ord_in_thread": 0,
    "author": "833606606777558",
    "published": "2025-08-28T03:00:00.000+03:00",
    "title": "Trump administration moves to tighten duration of visas for students and media | Nestia",
    "text": "Unable to play video\nPlease check the strength of your internet connection and try again\nAsia One 28/08/2025 12:02\nWASHINGTON — The Trump administration aims to tighten the duration of visas for students, cultural exchange visitors and members of the media, according to a proposed government regulation issued on Wednesday (Aug 27), part of a broader crackdown on legal immigration.\nPresident Donald Trump, a Republican, kicked off a wide-ranging immigration crackdown after taking office in January. The latest move would create new hurdles for international students, exchange workers and foreign journalists who would have to apply to extend their stay in the US rather than maintain a more flexible legal status.\nThe proposed regulation would create a fixed time period for F visas for international students, J visas that allow visitors on cultural exchange programs to work in the US, and I visas for members of the media. Those visas are currently available for the duration of the programme or US-based employment.\nThere were about 1.6 million international students on F visas in the US in 2024, according to US government data. The US granted visas to about 355,000 exchange visitors and 13,000 members of the media in fiscal year 2024, which began on Oct 1, 2023.\nThe student and exchange visa periods would be no longer than four years, the proposed regulation said. The visa for journalists — which currently can last years — would be up to 240 days or, in the case of Chinese nationals, 90 days. The visa holders could apply for extensions, the proposal said.\nThe Trump administration said in the proposed regulation that the change was needed to better \"monitor and oversee\" the visa holders while they were in the United States.\nThe public will have 30 days to comment on the measure, which mirrors a proposal put forward in 2020 at the end of Trump's first term in office.\nNAFSA, a non-profit organisation representing international educators at more than 4,300 institutions worldwide, opposed the 2020 proposal and called on the Trump administration to scrap it. The Democratic administration of then-President Joe Biden withdrew it in 2021.\nThe Trump administration has increased scrutiny of legal immigration, revoking student visas and green cards of university students over their ideological views and stripping legal status from hundreds of thousands of migrants.\nIn an Aug 22 memo, US Citizenship and Immigration Services said it would resume long-dormant visits to citizenship applicants' neighborhoods to check what it termed residency, moral character and commitment to American ideals.\n[[nid:721585]]\nPlease check the strength of your internet connection and try again",
    "highlightText": "",
    "highlightTitle": "",
    "highlightThreadTitle": "",
    "language": "english",
    "sentiment": "negative",
    "categories": [
        "Politics",
        "Social Issue"
    ],
    "topics": [
        "Politics->government policy",
        "Politics->political development",
        "Politics->migration policy",
        "Social Issue->demographics",
        "Social Issue->immigration",
        "Social Issue->social problem"
    ],
    "ai_allow": true,
    "has_canonical": false,
    "breaking": null,
    "webz_reporter": false,
    "external_links": [],
    "external_images": [],
    "internal_images": [],
    "entities": {
        "persons": [
            {
                "name": "Donald Trump",
                "sentiment": "none"
            }
        ],
        "locations": [],
        "organizations": []
    },
    "syndication": {
        "syndicated": false,
        "syndicate_id": null,
        "first_syndicated": false
    },
    "trust": {
        "categories": [],
        "top_news": [],
        "bias": null,
        "source": {
            "type": null,
            "city": null,
            "state": null,
            "country": null,
            "domain_type": null,
            "agency": null,
            "organization_name": null
        }
    },
    "rating": null,
    "crawled": "2025-08-28T07:20:25.817+03:00",
    "updated": "2025-08-28T07:23:24.000+03:00"
}