{
    "thread": {
        "uuid": "f82a9194ebd284911085d53c20bb718dc77716ba",
        "url": "https://telecomtalk.info/bharti-airtel-unlimited-5g-prepaid-plan-rs349/997223/",
        "site_full": "telecomtalk.info",
        "site": "telecomtalk.info",
        "site_section": "https://telecomtalk.info/comments/feed/",
        "site_categories": [
            "tech"
        ],
        "section_title": "\n\tComments for TelecomTalk\t",
        "site_title": "TelecomTalk | Latest Telecom News | 5G News | Telecom Industry Updates",
        "title": "Comment on Breaking: Bharti Airtel Lowers Unlimited 5G Prepaid Plan Starting Price to Rs 349 by Rahul",
        "title_full": "Comment on Breaking: Bharti Airtel Lowers Unlimited 5G Prepaid Plan Starting Price to Rs 349 by Rahul",
        "published": "2025-08-27T20:43:00.000+03:00",
        "replies_count": 0,
        "participants_count": 1,
        "site_type": "news",
        "country": "IN",
        "main_image": "https://telecomtalk.info/wp-content/uploads/2025/07/bharti-airtel-unlimited-5g-prepaid-plan-starting-rs349.jpg",
        "performance_score": 0,
        "domain_rank": 48118,
        "domain_rank_updated": "2025-06-03T00:00:00.000+03:00",
        "licensing_agency": [],
        "social": {
            "facebook": {
                "likes": 0,
                "comments": 0,
                "shares": 0
            },
            "vk": {
                "shares": 0
            }
        }
    },
    "uuid": "f82a9194ebd284911085d53c20bb718dc77716ba",
    "url": "https://telecomtalk.info/bharti-airtel-unlimited-5g-prepaid-plan-rs349/997223/",
    "ord_in_thread": 0,
    "author": "Rahul",
    "published": "2025-08-27T20:43:00.000+03:00",
    "title": "Comment on Breaking: Bharti Airtel Lowers Unlimited 5G Prepaid Plan Starting Price to Rs 349 by Rahul",
    "text": "Indian telecom operator Bharti Airtel has revised its entry-level prepaid plan that offers unlimited 5G data to users. Previously, Airtel's entry-level plan with unlimited 5G data was priced at Rs 379. Now, the company is providing the complimentary 5G benefit with prepaid plan priced at Rs 349—making it Rs 30 cheaper than before. Let's take a closer look at the plan and the benefits it includes.\nAlso Read: Airtel Prepaid Plans July 2025: Full List of Packs, Validity, and Benefits\nAirtel Entry-Level Unlimited 5G Data Plan\nAirtel's entry-level prepaid plan with complimentary Unlimited 5G data now starts at Rs 349. The plan includes unlimited voice calling, 100 SMS per day, and 2GB of data per day (totaling around 56GB), with a validity of 28 days. Previously, this plan offered 1.5GB of data per day. After the daily data quota is exhausted, speeds are reduced to 64 Kbps.\nAdditional Airtel Rewards include access to the Airtel Xstream app for free content, one free Hellotune per month, VoLTE (HD Voice), and a built-in AI-powered spam detection feature.\nAlso Read: Bharti Airtel Incorporates Airtel Money Subsidiary, Expands Partnership with Ericsson for 5G FWA\nAirtel Introduces New Rs 189 Prepaid Plan\nAirtel has recently launched a new 21-day validity voice-centric plan. The Airtel Rs 189 plan comes bundled with Unlimited Voice, 300 SMS, and 1GB Data with a validity of 21 days. Data tariff post quota completion will be charged at 50p/MB.\nAlso Read: Airtel, Jio, and Vodafone Idea Entry-Level Unlimited 5G Prepaid Plans Detailed: April 2025 Edition\nConclusion\nFor an average of approximately Rs 12.46 per day, customers can enjoy unlimited 5G data—enabling them to stream music and movies, stay informed, and more. Please note that the Unlimited 5G data benefit is subject to a Fair Usage Policy (FUP).",
    "highlightText": "",
    "highlightTitle": "",
    "highlightThreadTitle": "",
    "language": "english",
    "sentiment": "negative",
    "categories": [
        "Economy, Business and Finance",
        "Politics",
        "Social Issue"
    ],
    "topics": [
        "Economy, Business and Finance->business strategy and marketing",
        "Economy, Business and Finance->computing and information technology",
        "Politics->economic policy",
        "Social Issue->social networking",
        "Social Issue->social condition",
        "Social Issue->social services"
    ],
    "ai_allow": true,
    "has_canonical": false,
    "breaking": null,
    "webz_reporter": false,
    "external_links": [],
    "external_images": [],
    "internal_images": [],
    "entities": {
        "persons": [
            {
                "name": "Rahul",
                "sentiment": "negative"
            }
        ],
        "locations": [],
        "organizations": [
            {
                "name": "Bharti Airtel",
                "sentiment": "negative",
                "tickers": [
                    {
                        "ticker": null,
                        "exchange": null
                    }
                ]
            }
        ]
    },
    "syndication": {
        "syndicated": false,
        "syndicate_id": null,
        "first_syndicated": false
    },
    "trust": {
        "categories": [],
        "top_news": [],
        "bias": null,
        "source": {
            "type": null,
            "city": null,
            "state": null,
            "country": null,
            "domain_type": null,
            "agency": null,
            "organization_name": null
        }
    },
    "rating": null,
    "crawled": "2025-08-28T07:26:57.664+03:00",
    "updated": "2025-08-28T07:30:16.000+03:00"
}