{
    "thread": {
        "uuid": "cc0bda2caa69cb832e1d37b3c4a89ac35a37543c",
        "url": "https://au.news-pravda.com/world/2025/09/18/17283.html",
        "site_full": "au.news-pravda.com",
        "site": "news-pravda.com",
        "site_section": "https://au.news-pravda.com/world",
        "site_categories": [],
        "section_title": "World - Pravda Australia",
        "site_title": "Pravda - Breaking News, World News and Videos",
        "title": "DO. NOT. COMPLY - Pravda Australia",
        "title_full": "DO. NOT. COMPLY - Pravda Australia",
        "published": "2025-09-18T05:15:00.000+03:00",
        "replies_count": 0,
        "participants_count": 0,
        "site_type": "news",
        "country": "AU",
        "main_image": "https://au.news-pravda.com/img/20250918/34e9600192f17dedf85147493d1da964_o.jpg",
        "performance_score": 0,
        "domain_rank": 69329,
        "domain_rank_updated": "2025-09-16T00:00:00.000+03:00",
        "licensing_agency": [],
        "social": {
            "facebook": {
                "likes": 0,
                "comments": 0,
                "shares": 0
            },
            "vk": {
                "shares": 0
            }
        }
    },
    "uuid": "cc0bda2caa69cb832e1d37b3c4a89ac35a37543c",
    "url": "https://au.news-pravda.com/world/2025/09/18/17283.html",
    "ord_in_thread": 0,
    "author": null,
    "published": "2025-09-18T05:15:00.000+03:00",
    "title": "DO. NOT. COMPLY - Pravda Australia",
    "text": "18.09.2025, 12:15 AESTDO. NOT. COMPLYDO. NOT. COMPLY.@RealLandDownUnder Source: Telegram \"RealLandDownUnder\"",
    "highlightText": "",
    "highlightTitle": "",
    "highlightThreadTitle": "",
    "language": "english",
    "sentiment": "negative",
    "categories": [
        "Politics",
        "Social Issue",
        "War, Conflict and Unrest"
    ],
    "topics": [
        "Politics->political dissent",
        "War, Conflict and Unrest->civil unrest"
    ],
    "ai_allow": true,
    "has_canonical": false,
    "breaking": null,
    "webz_reporter": false,
    "external_links": [],
    "external_images": [],
    "internal_images": [],
    "entities": {
        "persons": [],
        "locations": [],
        "organizations": []
    },
    "syndication": {
        "syndicated": false,
        "syndicate_id": null,
        "first_syndicated": false
    },
    "trust": {
        "categories": [],
        "top_news": [],
        "bias": null,
        "source": {
            "type": null,
            "city": null,
            "state": null,
            "country": null,
            "domain_type": null,
            "agency": null,
            "organization_name": null
        }
    },
    "rating": null,
    "crawled": "2025-09-18T07:27:18.150+03:00",
    "updated": "2025-09-18T07:40:15.000+03:00"
}