{
    "thread": {
        "uuid": "de9b5c69ff189f057cda021a88a44793a7e99f07",
        "url": "https://www.nationalheraldindia.com/international/three-police-officers-killed-in-us-shooting-suspect-gunned-down",
        "site_full": "www.nationalheraldindia.com",
        "site": "nationalheraldindia.com",
        "site_section": "https://news.google.com/search?q=down%20when%3A1h&hl=en-US&gl=US&ceid=US%3Aen",
        "site_categories": [
            "media"
        ],
        "section_title": "Google News - Search",
        "site_title": "National Herald: Live News Today, India News, Top Headlines, Political and World News",
        "title": "Three police officers killed in US shooting; suspect gunned down",
        "title_full": "Three police officers killed in US shooting; suspect gunned down",
        "published": "2025-09-18T06:49:00.000+03:00",
        "replies_count": 0,
        "participants_count": 1,
        "site_type": "news",
        "country": "IN",
        "main_image": "https://media.assettype.com/nationalherald%2F2025-09-18%2Fpmgen51z%2F202509183513673.jpg?rect=0%2C10%2C1012%2C531&amp;w=1200&amp;ar=40%3A21&amp;auto=format%2Ccompress&amp;ogImage=true&amp;mode=crop&amp;enlarge=true&amp;overlay=false&amp;overlay_position=bottom&amp;overlay_width=100",
        "performance_score": 0,
        "domain_rank": 132437,
        "domain_rank_updated": "2025-09-16T00:00:00.000+03:00",
        "licensing_agency": [],
        "social": {
            "facebook": {
                "likes": 0,
                "comments": 0,
                "shares": 0
            },
            "vk": {
                "shares": 0
            }
        }
    },
    "uuid": "de9b5c69ff189f057cda021a88a44793a7e99f07",
    "url": "https://www.nationalheraldindia.com/international/three-police-officers-killed-in-us-shooting-suspect-gunned-down",
    "ord_in_thread": 0,
    "author": "NH Digital",
    "published": "2025-09-18T06:49:00.000+03:00",
    "title": "Three police officers killed in US shooting; suspect gunned down",
    "text": "Three police officers killed in US shooting; suspect gunned down\nGovernor Josh Shapiro expresses grief over the tragedy, confirming that two wounded officers remain in critical but stable condition\nA routine police investigation turned deadly on Wednesday afternoon, 17 September, when gunfire erupted in North Codorus Township, leaving three police officers dead, two critically injured, and the suspected gunman killed, according to state officials.\nPennsylvania state police commissioner Christopher Paris confirmed the fatalities, describing the incident as “domestic-related”. He said the officers had been following up on an investigation that began a day earlier but declined to provide specifics about the case.\nThe confrontation unfolded shortly after 2 pm local time in the township, located about 115 miles west of Philadelphia near the Maryland border. Local media reported that multiple law enforcement agencies responded to the emergency.\nGovernor Josh Shapiro expressed grief over the tragedy, confirming that two wounded officers remain in critical but stable condition. “We grieve for the loss of three precious souls who served this county, this commonwealth, and this country,” Shapiro said, extending condolences to the victims’ families.\nAuthorities have not released the identity of the suspect or clarified which departments the slain officers were affiliated with. Visuals from the scene showed one of the injured officers being airlifted for medical treatment.\nThe shooting also prompted a temporary shelter-in-place order at the nearby Spring Grove Area School District. Officials later reassured parents that students were safe and unaffected.\nAttorney General Pamela Bondi condemned the attack, calling it “a scourge on our society,” and confirmed that federal agents are assisting in the probe. Lieutenant governor Austin Davis urged residents to keep the victims and their families in their prayers.\nThe investigation remains ongoing, with officials expected to release more details in the coming days.\nWith IANS inputs\nFollow us on: Facebook, Twitter, Google News, Instagram\nJoin our official telegram channel (@nationalherald) and stay updated with the latest headlines",
    "highlightText": "",
    "highlightTitle": "",
    "highlightThreadTitle": "",
    "language": "english",
    "sentiment": "negative",
    "categories": [
        "Crime, Law and Justice",
        "Politics",
        "Human Interest"
    ],
    "topics": [
        "Crime, Law and Justice->investigation (criminal)",
        "Crime, Law and Justice->law enforcement",
        "Crime, Law and Justice->shootings",
        "Politics->civil rights",
        "Politics->safety of citizens",
        "Politics->government",
        "Human Interest->human mishap"
    ],
    "ai_allow": true,
    "has_canonical": false,
    "breaking": true,
    "webz_reporter": false,
    "external_links": [
        "https://twitter.com/nh_india",
        "https://www.instagram.com/nationalherald_nh/",
        "https://news.google.com/publications/CAAqBwgKMNbd-gow7JbyAg",
        "https://www.facebook.com/nationalheraldindia/",
        "https://t.me/National_Herald",
        "https://www.instagram.com/nationalherald_nh",
        "https://www.twitter.com/nh_india",
        "https://facebook.com/nationalheraldindia/",
        "https://www.t.me/National_Herald",
        "https://instagram.com/nationalherald_nh/",
        "https://www.news.google.com/publications/CAAqBwgKMNbd-gow7JbyAg",
        "https://www.facebook.com/nationalheraldindia"
    ],
    "external_images": [],
    "internal_images": [],
    "entities": {
        "persons": [
            {
                "name": "Josh Shapiro",
                "sentiment": "none"
            },
            {
                "name": "Christopher Paris",
                "sentiment": "none"
            }
        ],
        "locations": [
            {
                "name": "North Codorus Township",
                "sentiment": "none"
            }
        ],
        "organizations": []
    },
    "syndication": {
        "syndicated": false,
        "syndicate_id": null,
        "first_syndicated": false
    },
    "trust": {
        "categories": [],
        "top_news": [],
        "bias": null,
        "source": {
            "type": null,
            "city": null,
            "state": null,
            "country": null,
            "domain_type": null,
            "agency": null,
            "organization_name": null
        }
    },
    "rating": null,
    "crawled": "2025-09-18T07:09:50.348+03:00",
    "updated": "2025-09-18T07:16:12.000+03:00"
}