{
    "thread": {
        "uuid": "150f0f1d57f145ff9c96292cd2f977ad532992bc",
        "url": "https://article.wn.com/view/2025/09/18/BIG_California_Wants_to_Destroy_the_Internet_With_CA_AB1043/",
        "site_full": "article.wn.com",
        "site": "wn.com",
        "site_section": "https://wn.com/california",
        "site_categories": [
            "media"
        ],
        "section_title": "California",
        "site_title": "World News",
        "title": "BIG: California Wants to Destroy the Internet With CA AB1043 - Worldnews.com",
        "title_full": "BIG: California Wants to Destroy the Internet With CA AB1043 - Worldnews.com",
        "published": "2025-09-18T03:00:00.000+03:00",
        "replies_count": 0,
        "participants_count": 1,
        "site_type": "news",
        "country": "US",
        "main_image": "",
        "performance_score": 0,
        "domain_rank": 8219,
        "domain_rank_updated": "2025-09-16T00:00:00.000+03:00",
        "licensing_agency": [],
        "social": {
            "facebook": {
                "likes": 0,
                "comments": 0,
                "shares": 0
            },
            "vk": {
                "shares": 0
            }
        }
    },
    "uuid": "150f0f1d57f145ff9c96292cd2f977ad532992bc",
    "url": "https://article.wn.com/view/2025/09/18/BIG_California_Wants_to_Destroy_the_Internet_With_CA_AB1043/",
    "ord_in_thread": 0,
    "author": "System",
    "published": "2025-09-18T03:00:00.000+03:00",
    "title": "BIG: California Wants to Destroy the Internet With CA AB1043 - Worldnews.com",
    "text": "system\nThursday, 18 September 2025\nTop Stories\nLive\nGo to the source to view the video...\nAsk about this article\nAnswer for your question of the article will be displayed here ...\nInterpret\nRelated News\nWEB 3, Reclaiming The Internet\nRumble\n2025-09-18, 04:36\nEXPLORE WN.com\n© 2025 All Rights Reserved, World News Inc.|\nAbout WN\n|\nSitemap\n|\nPrivacy Policy\n|\nContact\n|\nJobs\n|\nFeedback\n|\nNewsletter",
    "highlightText": "",
    "highlightTitle": "",
    "highlightThreadTitle": "",
    "language": "english",
    "sentiment": "negative",
    "categories": [
        "Politics",
        "Social Issue",
        "Economy, Business and Finance"
    ],
    "topics": [
        "Politics->electoral system",
        "Politics->political crisis",
        "Politics->government policy",
        "Social Issue->social services",
        "Social Issue->social networking",
        "Social Issue->social problem",
        "Economy, Business and Finance->computing and information technology",
        "Economy, Business and Finance->financial and economic news",
        "Economy, Business and Finance->business strategy and marketing"
    ],
    "ai_allow": true,
    "has_canonical": false,
    "breaking": null,
    "webz_reporter": false,
    "external_links": [],
    "external_images": [],
    "internal_images": [],
    "entities": {
        "persons": [],
        "locations": [],
        "organizations": [
            {
                "name": "World News Inc.",
                "sentiment": "none",
                "tickers": [
                    {
                        "ticker": null,
                        "exchange": null
                    }
                ]
            }
        ]
    },
    "syndication": {
        "syndicated": false,
        "syndicate_id": null,
        "first_syndicated": false
    },
    "trust": {
        "categories": [
            "trusted_news"
        ],
        "top_news": [],
        "bias": "center",
        "source": {
            "type": null,
            "city": null,
            "state": null,
            "country": null,
            "domain_type": null,
            "agency": null,
            "organization_name": null
        }
    },
    "rating": null,
    "crawled": "2025-09-18T07:14:24.079+03:00",
    "updated": "2025-09-18T07:17:27.000+03:00"
}