{
    "thread": {
        "uuid": "02e484fafd905db6fd15328287caed628f454110",
        "url": "https://news.bloomberglaw.com/international-trade/tokyo-gas-said-in-talks-to-seal-long-term-us-lng-purchase-deals",
        "site_full": "news.bloomberglaw.com",
        "site": "bloomberglaw.com",
        "site_section": "https://news.bloomberglaw.com/international-trade",
        "site_categories": [
            "media"
        ],
        "section_title": "International Trade News",
        "site_title": null,
        "title": "Tokyo Gas Said in Talks to Seal Long-Term US LNG Purchase Deals",
        "title_full": "Tokyo Gas Said in Talks to Seal Long-Term US LNG Purchase Deals",
        "published": "2025-06-26T05:59:00.000+03:00",
        "replies_count": 0,
        "participants_count": 1,
        "site_type": "news",
        "country": "US",
        "main_image": "https://news-cdn.bindg.com/indg/assets/news/images/Fallback-image.webp",
        "performance_score": 0,
        "domain_rank": 2274,
        "domain_rank_updated": "2025-06-03T00:00:00.000+03:00",
        "licensing_agency": [],
        "social": {
            "facebook": {
                "likes": 0,
                "comments": 0,
                "shares": 0
            },
            "vk": {
                "shares": 0
            }
        }
    },
    "uuid": "02e484fafd905db6fd15328287caed628f454110",
    "url": "https://news.bloomberglaw.com/international-trade/tokyo-gas-said-in-talks-to-seal-long-term-us-lng-purchase-deals",
    "ord_in_thread": 0,
    "author": "Ruth Liao",
    "published": "2025-06-26T05:59:00.000+03:00",
    "title": "Tokyo Gas Said in Talks to Seal Long-Term US LNG Purchase Deals",
    "text": "Tokyo Gas is in discussion with multiple US liquefied natural gas suppliers to secure a long-term purchase agreement, as rising energy demand leaves Japan increasingly dependent on the fuel source.\nJapan’s largest gas distributor is in talks with at least four companies over supply from projects dotting the US Gulf Coast, according to people with knowledge of the matter. The exporters include Energy Transfer and Commonwealth, according to the people, who asked not to be named because the information is private.\nTokyo Gas didn’t immediately respond to emailed requests for comment. Energy Transfer also did not respond to Bloomberg queries, ...\nLearn more about Bloomberg Law or Log In to keep reading:\nLearn About Bloomberg Law\nAI-powered legal analytics, workflow tools and premium legal & business news.\nAlready a subscriber?\nLog in to keep reading or access research tools.",
    "highlightText": "",
    "highlightTitle": "",
    "highlightThreadTitle": "",
    "language": "english",
    "sentiment": "positive",
    "categories": [
        "Economy, Business and Finance",
        "Politics",
        "Social Issue"
    ],
    "topics": [
        "Economy, Business and Finance->energy and resource",
        "Economy, Business and Finance->foreign exchange market",
        "Politics->international relations",
        "Politics->economic policy",
        "Social Issue->demographics",
        "Social Issue->social problem",
        "Social Issue->social condition"
    ],
    "ai_allow": true,
    "has_canonical": true,
    "breaking": null,
    "webz_reporter": false,
    "external_links": [],
    "entities": {
        "persons": [],
        "locations": [
            {
                "name": "Gulf Coast",
                "sentiment": "none"
            }
        ],
        "organizations": [
            {
                "name": "Bloomberg",
                "sentiment": "none",
                "tickers": []
            }
        ]
    },
    "syndication": {
        "syndicated": false,
        "syndicate_id": null,
        "first_syndicated": false
    },
    "trust": {
        "categories": [],
        "top_news": [],
        "bias": null
    },
    "rating": null,
    "crawled": "2025-06-26T07:31:01.276+03:00",
    "updated": "2025-06-26T04:39:24.000+00:00"
}