{
    "thread": {
        "uuid": "3b01229d0ab312a43f4a91c99f75478426b07096",
        "url": "https://www.thehindubusinessline.com/news/national/walmart-global-ceo-doug-mcmillon-meets-pm/article69738766.ece",
        "site_full": "www.thehindubusinessline.com",
        "site": "thehindubusinessline.com",
        "site_section": "https://werindia.com/cities/delhi",
        "site_categories": [
            "media"
        ],
        "section_title": " Delhi City News | Local News India - WeRIndia",
        "site_title": "Business News Today: Latest Business News, Finance News | The Hindu BusinessLine",
        "title": "Walmart Global CEO Doug McMillon meets PM",
        "title_full": "Walmart Global CEO Doug McMillon meets PM",
        "published": "2025-06-26T06:57:00.000+03:00",
        "replies_count": 0,
        "participants_count": 1,
        "site_type": "news",
        "country": "IN",
        "main_image": "https://bl-i.thgim.com/public/incoming/80lv2i/article69738764.ece/alternates/LANDSCAPE_1200/9267084b-851f-42a5-b74e-fe2e55611b4a.jpeg",
        "performance_score": 0,
        "domain_rank": 3237,
        "domain_rank_updated": "2025-06-03T00:00:00.000+03:00",
        "licensing_agency": [],
        "social": {
            "facebook": {
                "likes": 0,
                "comments": 0,
                "shares": 0
            },
            "vk": {
                "shares": 0
            }
        }
    },
    "uuid": "3b01229d0ab312a43f4a91c99f75478426b07096",
    "url": "https://www.thehindubusinessline.com/news/national/walmart-global-ceo-doug-mcmillon-meets-pm/article69738766.ece",
    "ord_in_thread": 0,
    "author": "Meenakshi Verma Ambwani",
    "published": "2025-06-26T06:57:00.000+03:00",
    "title": "Walmart Global CEO Doug McMillon meets PM",
    "text": "Walmart Inc. Global CEO and President Doug McMillon, who was on a visit to India, met with Prime Minister Narendra Modi.\nHe discussed Walmart’s growing operations in India, which includes Flipkart, PhonePe, Walmart Global Tech and Walmart Sourcing.\nIn a social media post on X on Walmart Inc’s official account, McMillon said, “Thank you Honorable PM @narendramodi for a valuable meeting. We are excited by your vision and proud to support by partnering to achieve our $10 billion annual exports goal and investing in innovation through Flipkart & PhonePe. India remains central to our strategy.”\nThank you Honorable PM\n— Walmart Inc. (@WalmartInc)[@narendramodi]for a valuable meeting. We are excited by your vision and proud to support by partnering to achieve our $10b annual exports goal and investing in innovation through Flipkart & PhonePe. India remains central to our strategy. -CEO Doug McMillon[pic.twitter.com/1qgl8JvBw4][June 26, 2025]\nSteuart Walton, Board Member of Walmart Inc and Kath McLay, President & CEO, Walmart International were part of the senior leadership of the retail major who met the Prime Minister.\n“The conversation focused on job creation, MSME empowerment, digital market access for local manufacturers, skilling and expanding exports from India to global markets. Walmart reiterated its long-term commitment to India’s growth story,” the company said.\nDuring his remarks at an event in New Delhi on Wednesday, McMillon has said that the company has a long-standing relationship with India.\n“We see the growth in India. We see entrepreneurship happening here. We get to do business all over the world, and it’s rare to have such a big economy growing so fast and creating so much opportunity for so many, and we want to be part of that process....to strengthen the country, to serve its citizens and to demonstrate that we’re a trusted partner across all these broad dimensions, and hopefully, many more into the future,” he added.\nPublished on June 26, 2025\nComments have to be in English, and in full sentences. They cannot be abusive or personal. Please abide by our community guidelines for posting your comments.\nWe have migrated to a new commenting platform. If you are already a registered user of TheHindu Businessline and logged in, you may continue to engage with our articles. If you do not have an account please register and login to post comments. Users can access their older comments by logging into their accounts on Vuukle.",
    "highlightText": "",
    "highlightTitle": "",
    "highlightThreadTitle": "",
    "language": "english",
    "sentiment": "positive",
    "categories": [
        "Economy, Business and Finance",
        "Politics",
        "Social Issue"
    ],
    "topics": [
        "Economy, Business and Finance->corporate news and profiles",
        "Economy, Business and Finance->business governance",
        "Economy, Business and Finance->financial service",
        "Politics->government",
        "Politics->economic policy",
        "Politics->international relations",
        "Social Issue->social networking",
        "Social Issue->social condition",
        "Social Issue->social services"
    ],
    "ai_allow": true,
    "has_canonical": false,
    "breaking": false,
    "webz_reporter": false,
    "external_links": [],
    "entities": {
        "persons": [
            {
                "name": "Doug McMillon",
                "sentiment": "negative"
            },
            {
                "name": "Steuart Walton",
                "sentiment": "none"
            },
            {
                "name": "Narendra Modi",
                "sentiment": "none"
            },
            {
                "name": "Kath McLay",
                "sentiment": "none"
            }
        ],
        "locations": [],
        "organizations": [
            {
                "name": "Walmart Inc.",
                "sentiment": "neutral",
                "tickers": []
            },
            {
                "name": "Walmart International",
                "sentiment": "none",
                "tickers": []
            },
            {
                "name": "Walmart Global Tech",
                "sentiment": "none",
                "tickers": []
            }
        ]
    },
    "syndication": {
        "syndicated": false,
        "syndicate_id": null,
        "first_syndicated": false
    },
    "trust": {
        "categories": [],
        "top_news": [],
        "bias": "center"
    },
    "rating": null,
    "crawled": "2025-06-26T07:24:01.402+03:00",
    "updated": "2025-06-26T04:36:21.000+00:00"
}