{
    "thread": {
        "uuid": "3dd3642cb5e864939e81aa998679d6081f8aca9e",
        "url": "http://newsfirst.lk/2025/06/26/legendary-south-african-former-president-thabo-mbeki-arrives-in-sri-lanka-at-the-invitation-of-the-capital-maharaja-group",
        "site_full": "newsfirst.lk",
        "site": "newsfirst.lk",
        "site_section": "https://newsfirst.lk/home",
        "site_categories": [
            "media"
        ],
        "section_title": "Newsfirst.lk - Sri Lanka | Latest Breaking News and Top Stories | Sirasa News",
        "site_title": "Newsfirst.lk - Sri Lanka | Latest Breaking News and Top Stories | Sirasa News",
        "title": "Legendary South African Former President Thabo Mbeki arrives in Sri Lanka at the invitation of the Capital Maharaja Group",
        "title_full": "Legendary South African Former President Thabo Mbeki arrives in Sri Lanka at the invitation of the Capital Maharaja Group",
        "published": "2025-06-26T03:00:00.000+03:00",
        "replies_count": 0,
        "participants_count": 1,
        "site_type": "news",
        "country": "LK",
        "main_image": "",
        "performance_score": 0,
        "domain_rank": 73583,
        "domain_rank_updated": "2025-06-03T00:00:00.000+03:00",
        "licensing_agency": [],
        "social": {
            "facebook": {
                "likes": 0,
                "comments": 0,
                "shares": 0
            },
            "vk": {
                "shares": 0
            }
        }
    },
    "uuid": "3dd3642cb5e864939e81aa998679d6081f8aca9e",
    "url": "http://newsfirst.lk/2025/06/26/legendary-south-african-former-president-thabo-mbeki-arrives-in-sri-lanka-at-the-invitation-of-the-capital-maharaja-group",
    "ord_in_thread": 0,
    "author": "News First",
    "published": "2025-06-26T03:00:00.000+03:00",
    "title": "Legendary South African Former President Thabo Mbeki arrives in Sri Lanka at the invitation of the Capital Maharaja Group",
    "text": "COLOMBO (News 1st); Legendary Former South African President Thabo Mbeki, a prominent statesman and the second democratically elected leader of South Africa, arrived in Sri Lanka this morning (26).\nMbeki was hand-picked by the late-Nelson Mandela after the April 1994 general election to be the first Deputy President of South Africa's new Government of National Unity.\nFormer South African president Thabo Mbeki is often identified as an independent and original thinker. His profile as a policy shaper and mediator in the African National Congress (ANC) has been built up over a lifetime of involvement. \"I was born into the struggle,\" he says.\nMbeki will be the chief guest at the Capital Maharaja Group's 45th Convention, set to take place tomorrow (27). He was welcomed by the Governor of the Western Province Hanif Yusoof, South African High Commissioner to Sri Lanka Sandile Schalk, and Chevaan Daniel, Group Director Electronic Media Business of Capital Maharaja Group.\nDuring his visit, Mbeki is expected to meet with Sri Lankan President Anura Kumara Dissanayake, engage with young entrepreneurs and business leaders in Colombo, and participate in the “Gammadda” initiative over the weekend.\nOn June 28, Former South African President Thabo Mbeki will speak to young leaders at the “Circle of Dreams” youth forum which will be hosted at Cinnamon Life at City of Dreams - Sri Lanka.\nFormer President Mbeki will also engage in a fireside chat with Chevaan Daniel, CMG’s Group Director, on the topic of “Looking Forward: The Importance of Building the Future While Reconciling the Past”, also at Cinnamon Life\nCinnamon Life, City of Dreams is the proud Hospitality Partner for the visit of President Mbeki and the delegation from the Thabo Mbeki Foundation.\nThabo Mbeki is the most important African political figure of his generation.\nMbeki was early exposed to politics by his father, a longtime leader in the Eastern Cape African National Congress (ANC), an organization dedicated to the elimination of apartheid in South Africa, who was later imprisoned (1964–87) with Nelson Mandela.\nIn the late 1960s Mbeki began moving rapidly up the ANC hierarchy.\nHe later played a key role in the discussions that led to negotiations between South African President F.W. de Klerk and the ANC in 1990. These talks, in which Mbeki was also involved, led to the adoption of a new interim constitution that marked the end of apartheid.\nIn 1994 Mbeki was appointed South Africa’s deputy president by President Mandela and played a major role in the day-to-day operations of the country’s first multiracial government. Mandela retired from politics in 1999, and, after the ANC’s victory in nationwide elections in June, Mbeki, who had become head of the ANC in 1997, was named president.",
    "highlightText": "",
    "highlightTitle": "",
    "highlightThreadTitle": "",
    "language": "english",
    "sentiment": "positive",
    "categories": [
        "Politics",
        "Human Interest"
    ],
    "topics": [
        "Politics->international relations",
        "Human Interest->high society"
    ],
    "ai_allow": true,
    "has_canonical": false,
    "breaking": null,
    "webz_reporter": false,
    "external_links": [],
    "entities": {
        "persons": [
            {
                "name": "Anura Kumara Dissanayake",
                "sentiment": "none"
            },
            {
                "name": "Hanif Yusoof",
                "sentiment": "none"
            },
            {
                "name": "Mbeki",
                "sentiment": "none"
            }
        ],
        "locations": [],
        "organizations": [
            {
                "name": "Electronic Media Business of Capital Maharaja Group",
                "sentiment": "neutral",
                "tickers": []
            },
            {
                "name": "ANC",
                "sentiment": "none",
                "tickers": []
            }
        ]
    },
    "syndication": {
        "syndicated": false,
        "syndicate_id": null,
        "first_syndicated": false
    },
    "trust": {
        "categories": [],
        "top_news": [],
        "bias": null
    },
    "rating": null,
    "crawled": "2025-06-26T07:48:29.589+03:00",
    "updated": "2025-06-26T04:54:09.000+00:00"
}