{
    "thread": {
        "uuid": "af903b1307916ac20673e021533cc06610d8af9f",
        "url": "https://www.marketscreener.com/quote/stock/METSO-OUTOTEC-OYJ-1412510/news/Pareto-Securities-Raises-Metso-Target-Price-to-11-80-Euros-Reiterates-Buy-Recommendation-50337590",
        "site_full": "www.marketscreener.com",
        "site": "marketscreener.com",
        "site_section": "https://www.marketscreener.com/news/companies",
        "site_categories": [
            "photography",
            "hobbies_and_interests"
        ],
        "section_title": "Stock Market Listed Companies News - MarketScreener",
        "site_title": "Stock Market Today : Reports, Quotes and News - MarketScreener",
        "title": "Pareto Securities Raises Metso Target Price to 11.80 Euros, Reiterates Buy Recommendation | MarketScreener",
        "title_full": "Pareto Securities Raises Metso Target Price to 11.80 Euros, Reiterates Buy Recommendation | MarketScreener",
        "published": "2025-06-26T07:13:00.000+03:00",
        "replies_count": 0,
        "participants_count": 1,
        "site_type": "news",
        "country": "US",
        "main_image": "https://www.marketscreener.com/images/twitter_MS_fdnoir.png",
        "performance_score": 0,
        "domain_rank": 3601,
        "domain_rank_updated": "2025-06-03T00:00:00.000+03:00",
        "licensing_agency": [
            "CFC"
        ],
        "social": {
            "facebook": {
                "likes": 0,
                "comments": 0,
                "shares": 0
            },
            "vk": {
                "shares": 0
            }
        }
    },
    "uuid": "af903b1307916ac20673e021533cc06610d8af9f",
    "url": "https://www.marketscreener.com/quote/stock/METSO-OUTOTEC-OYJ-1412510/news/Pareto-Securities-Raises-Metso-Target-Price-to-11-80-Euros-Reiterates-Buy-Recommendation-50337590",
    "ord_in_thread": 0,
    "author": "Finwire",
    "published": "2025-06-26T07:13:00.000+03:00",
    "title": "Pareto Securities Raises Metso Target Price to 11.80 Euros, Reiterates Buy Recommendation | MarketScreener",
    "text": "Pareto Securities has raised its target price for Metso to 11.80 euros, up from the previous target of 11 euros, while maintaining its buy recommendation for the stock.\nThis adjustment reflects the firm's continued confidence in Metso's performance and outlook.\nShare Go to the original article .\nLegal disclaimer Legal disclaimer\nContact us to request a correction\nBack © Finwire - 2025",
    "highlightText": "",
    "highlightTitle": "",
    "highlightThreadTitle": "",
    "language": "english",
    "sentiment": "positive",
    "categories": [
        "Economy, Business and Finance",
        "Politics",
        "Social Issue"
    ],
    "topics": [
        "Economy, Business and Finance->business reporting and performance",
        "Economy, Business and Finance->financial service",
        "Economy, Business and Finance->investment and opinion pieces",
        "Politics->government",
        "Politics->economic policy",
        "Politics->political development",
        "Social Issue->adults",
        "Social Issue->social condition"
    ],
    "ai_allow": false,
    "has_canonical": false,
    "breaking": false,
    "webz_reporter": false,
    "external_links": [
        "https://telegram.me/share/url?url=https%3A%2F%2Fwww.marketscreener.com%2Fquote%2Fstock%2FMETSO-OUTOTEC-OYJ-1412510%2Fnews%2FPareto-Securities-Raises-Metso-Target-Price-to-11-80-Euros-Reiterates-Buy-Recommendation-50337590%2F%3Futm_source%3Dtelegram%26utm_medium%3Dsocial%26utm_campaign%3Dshare",
        "https://wa.me/?text=https%3A%2F%2Fwww.marketscreener.com%2Fquote%2Fstock%2FMETSO-OUTOTEC-OYJ-1412510%2Fnews%2FPareto-Securities-Raises-Metso-Target-Price-to-11-80-Euros-Reiterates-Buy-Recommendation-50337590%2F%3Futm_source%3Dwhatsapp%26utm_medium%3Dsocial%26utm_campaign%3Dshare",
        "https://x.com/intent/tweet?text=Pareto",
        "https://www.facebook.com/sharer/sharer.php?u=https%3A%2F%2Fwww.marketscreener.com%2Fquote%2Fstock%2FMETSO-OUTOTEC-OYJ-1412510%2Fnews%2FPareto-Securities-Raises-Metso-Target-Price-to-11-80-Euros-Reiterates-Buy-Recommendation-50337590%2F%3Futm_source%3Dfacebook%26utm_medium%3Dsocial%26utm_campaign%3Dshare",
        "https://www.linkedin.com/shareArticle?mini=true&url=https%3A%2F%2Fwww.marketscreener.com%2Fquote%2Fstock%2FMETSO-OUTOTEC-OYJ-1412510%2Fnews%2FPareto-Securities-Raises-Metso-Target-Price-to-11-80-Euros-Reiterates-Buy-Recommendation-50337590%2F%3Futm_source%3Dlinkedin%26utm_medium%3Dsocial%26utm_campaign%3Dshare&title=Pareto",
        "https://x.com/intent/tweet",
        "https://www.x.com/intent/tweet?text=Pareto",
        "https://telegram.me/share/url",
        "https://linkedin.com/shareArticle?mini=true&url=https%3A%2F%2Fwww.marketscreener.com%2Fquote%2Fstock%2FMETSO-OUTOTEC-OYJ-1412510%2Fnews%2FPareto-Securities-Raises-Metso-Target-Price-to-11-80-Euros-Reiterates-Buy-Recommendation-50337590%2F%3Futm_source%3Dlinkedin%26utm_medium%3Dsocial%26utm_campaign%3Dshare&title=Pareto",
        "https://www.telegram.me/share/url?url=https%3A%2F%2Fwww.marketscreener.com%2Fquote%2Fstock%2FMETSO-OUTOTEC-OYJ-1412510%2Fnews%2FPareto-Securities-Raises-Metso-Target-Price-to-11-80-Euros-Reiterates-Buy-Recommendation-50337590%2F%3Futm_source%3Dtelegram%26utm_medium%3Dsocial%26utm_campaign%3Dshare",
        "https://wa.me/",
        "https://www.facebook.com/sharer/sharer.php",
        "https://www.linkedin.com/shareArticle",
        "https://facebook.com/sharer/sharer.php?u=https%3A%2F%2Fwww.marketscreener.com%2Fquote%2Fstock%2FMETSO-OUTOTEC-OYJ-1412510%2Fnews%2FPareto-Securities-Raises-Metso-Target-Price-to-11-80-Euros-Reiterates-Buy-Recommendation-50337590%2F%3Futm_source%3Dfacebook%26utm_medium%3Dsocial%26utm_campaign%3Dshare",
        "https://www.wa.me/?text=https%3A%2F%2Fwww.marketscreener.com%2Fquote%2Fstock%2FMETSO-OUTOTEC-OYJ-1412510%2Fnews%2FPareto-Securities-Raises-Metso-Target-Price-to-11-80-Euros-Reiterates-Buy-Recommendation-50337590%2F%3Futm_source%3Dwhatsapp%26utm_medium%3Dsocial%26utm_campaign%3Dshare"
    ],
    "entities": {
        "persons": [],
        "locations": [],
        "organizations": [
            {
                "name": "Pareto Securities",
                "sentiment": "negative",
                "tickers": []
            }
        ]
    },
    "syndication": {
        "syndicated": false,
        "syndicate_id": null,
        "first_syndicated": false
    },
    "trust": {
        "categories": [],
        "top_news": [],
        "bias": null
    },
    "rating": null,
    "crawled": "2025-06-26T07:19:45.468+03:00",
    "updated": "2025-06-26T04:29:36.000+00:00"
}