{
    "thread": {
        "uuid": "d26eda4f8d78b6c0146e8d29018f406272cf89ed",
        "url": "https://www.tribuneindia.com/news/advocates/london-international-widows-conference-issues-call-to-action-dont-leave-widows-behind-in-global-push-for-gender-equality",
        "site_full": "www.tribuneindia.com",
        "site": "tribuneindia.com",
        "site_section": "https://www.golf.einnews.com/live_feed",
        "site_categories": [
            "media",
            "top_news_in",
            "top_news"
        ],
        "section_title": "Live Feed Wire - Golf News Today - EIN Presswire",
        "site_title": "The Tribune: Today's Latest News, Breaking News, Top Headlines from India & World",
        "title": "London: International Widows Conference issues call to action \"Don't Leave Widows Behind\" in global push for gender equality - The Tribune",
        "title_full": "London: International Widows Conference issues call to action \"Don't Leave Widows Behind\" in global push for gender equality - The Tribune",
        "published": "2025-06-26T00:45:00.000+03:00",
        "replies_count": 0,
        "participants_count": 1,
        "site_type": "news",
        "country": "IN",
        "main_image": "https://www.tribuneindia.com/sortd-service/imaginary/v22-01/jpg/large/high?url=dGhldHJpYnVuZS1zb3J0ZC1wcm8tcHJvZC1zb3J0ZC9tZWRpYWI0YTE3Y2UwLTUyMGQtMTFmMC04OTYyLTBkZDNiYjU1NGVlOS5qcGc=",
        "performance_score": 0,
        "domain_rank": 4247,
        "domain_rank_updated": "2025-06-03T00:00:00.000+03:00",
        "licensing_agency": [],
        "social": {
            "facebook": {
                "likes": 0,
                "comments": 0,
                "shares": 0
            },
            "vk": {
                "shares": 0
            }
        }
    },
    "uuid": "d26eda4f8d78b6c0146e8d29018f406272cf89ed",
    "url": "https://www.tribuneindia.com/news/advocates/london-international-widows-conference-issues-call-to-action-dont-leave-widows-behind-in-global-push-for-gender-equality",
    "ord_in_thread": 0,
    "author": "ANI",
    "published": "2025-06-26T00:45:00.000+03:00",
    "title": "London: International Widows Conference issues call to action \"Don't Leave Widows Behind\" in global push for gender equality - The Tribune",
    "text": "London: International Widows Conference issues call to action \"Don't Leave Widows Behind\" in global push for gender equality\nLondon [UK], June 26 (ANI): Global leaders and advocates gathered at the Commonwealth Secretariat in London on Tuesday for the International Widows Conference, marking the 15th UN International Widows Day, to call for a renewed global commitment to ending the widespread discrimination faced by widows and integrating their rights into the heart of the Sustainable Development Goals (SDGs).\nThe International Widows Conference was convened by The Loomba Foundation, as per a release.\nUnder the theme \"Don't Leave Widows Behind\", the conference brought together distinguished speakers including Cherie Blair CBE KC, President of The Loomba Foundation; Lakshmi Puri, former UN Assistant Secretary-General and Deputy Executive Director of UN Women; Lord Khan of Burnley, UK Minister for Faith, Communities and Resettlement; the High Commisioner of Rwanda to the UK, HE Johnston Busingye, and representatives of grassroots organisations from Africa and South Asia.\nOpening the conference, Cherie Blair reflected on the 28-year journey of the Foundation and the fight to have International Widows Day recognised by the United Nations in 2010. Speaking at the event, she said, \"This is not a day for self-congratulation. It is a day to focus the world's attention on the 258 million widows around the globe--and the tens of millions among them who are trapped in poverty, stigma, isolation and abuse... When widows are given even half a chance, they feed their families, send their children to school, and lead. Yet, the promise of International Widows Day remains unfulfilled for far too many.\"\nThe conference served as a powerful platform for reflection and recommitment, underscored by the findings of the Loomba Foundation's landmark 2024 study, Not Leaving Widows Behind. Cited by multiple speakers including Puri and Lord Loomba, the study highlighted that while awareness has grown, the everyday realities for most widows--dispossession, marginalisation, and lack of protection--remain largely unchanged, press release stated.\nPuri called for \"transformational investment\" and laid out five \"vital energies\" for widow empowerment: legal reform, economic upliftment, data and accountability, leadership inclusion, and cultural change.\n\"Widowhood remains one of the most overlooked global injustices,\" she said. \"A UN day cannot alone resolve entrenched injustice. That duty falls to all of us.\"\nRepresenting the UK Government, Lord Khan of Burnley reaffirmed Britain's continued commitment, saying, \"Widowhood is not a marginal concern. It is a global human rights issue affecting over 280 million women. The UK stands with the Loomba Foundation in calling for policies that uphold widows' rights and challenge harmful norms rooted in faith or tradition.\"\nGrassroots leaders such as Dr Lily Thapa of Nepal, Roseline Orwa of Kenya, and Dr Eleanor Nwadinobi of Nigeria shared firsthand experiences of supporting widows in some of the most challenging environments, reminding attendees that meaningful change begins in communities, release stated.\nKumar Dilip, President of Sulabh International, invoked the legacy of his late father, Dr Bindeshwar Pathak, and the transformative work done with widows in India. He said, \"Let us be clear: the pain of widowhood is often compounded not by fate, but by society... Widows do not need pity--they need power.\"\nTabitha Morton, Executive Director of UN Women UK, echoed this message in her remarks: \"This is not a peripheral issue. It is central to achieving equality. Let's stop treating widowhood as a side-effect of gender inequality, and start treating it as a structural injustice that demands urgent action.\"\nIn closing the conference, Lord Raj Loomba CBE, Founder and Chairman Trustee of The Loomba Foundation, reaffirmed the Foundation's mission: \"No woman should be punished for outliving her husband. That is why we are here. That is why we fight. And that is why, together, we will make sure that widows are never left behind.\" (ANI)\n(The story has come from a syndicated feed and has not been edited by the Tribune Staff.)\nUnlock Exclusive Insights with The Tribune Premium\nTake your experience further with Premium access.\nThought-provoking Opinions, Expert Analysis, In-depth Insights and other Member Only Benefits\nAlready a Member? Sign In Now",
    "highlightText": "",
    "highlightTitle": "",
    "highlightThreadTitle": "",
    "language": "english",
    "sentiment": "positive",
    "categories": [
        "Social Issue",
        "Human Interest",
        "Politics"
    ],
    "topics": [
        "Social Issue->gender",
        "Social Issue->diversity, equity and inclusion",
        "Politics->human rights",
        "Politics->government",
        "Politics->women's rights"
    ],
    "ai_allow": true,
    "has_canonical": false,
    "breaking": null,
    "webz_reporter": false,
    "external_links": [],
    "entities": {
        "persons": [
            {
                "name": "Johnston Busingye",
                "sentiment": "none"
            },
            {
                "name": "Lakshmi Puri",
                "sentiment": "none"
            },
            {
                "name": "Khan",
                "sentiment": "none"
            }
        ],
        "locations": [
            {
                "name": "Africa",
                "sentiment": "none"
            },
            {
                "name": "South",
                "sentiment": "none"
            }
        ],
        "organizations": [
            {
                "name": "Commonwealth Secretariat",
                "sentiment": "none",
                "tickers": []
            },
            {
                "name": "Loomba Foundation",
                "sentiment": "none",
                "tickers": []
            }
        ]
    },
    "syndication": {
        "syndicated": false,
        "syndicate_id": null,
        "first_syndicated": false
    },
    "trust": {
        "categories": [],
        "top_news": [
            "top_news_in",
            "top_news"
        ],
        "bias": "center"
    },
    "rating": null,
    "crawled": "2025-06-26T07:50:26.462+03:00",
    "updated": "2025-06-26T04:54:53.000+00:00"
}