{
    "thread": {
        "uuid": "9acefebbe5d8bf3db5bac72f17f6d46e894d8111",
        "url": "https://www.ilmattino.it/en/salerno_pride_2025_a_march_for_equality-8919662.html",
        "site_full": "www.ilmattino.it",
        "site": "ilmattino.it",
        "site_section": "https://www.ilmattino.it/en",
        "site_categories": [
            "power_and_motorcycles",
            "sports",
            "top_news_it",
            "top_news"
        ],
        "section_title": "English edition - Il Mattino ",
        "site_title": "Il Mattino",
        "title": "Salerno Pride 2025: A March for Equality",
        "title_full": "Salerno Pride 2025: A March for Equality",
        "published": "2025-06-26T07:25:00.000+03:00",
        "replies_count": 0,
        "participants_count": 1,
        "site_type": "news",
        "country": "IT",
        "main_image": "https://statics.cedscdn.it/photos/MED_HIGH/2025/06/25/8919662_25204446_pride.jpg",
        "performance_score": 0,
        "domain_rank": 15509,
        "domain_rank_updated": "2025-06-03T00:00:00.000+03:00",
        "licensing_agency": [],
        "social": {
            "facebook": {
                "likes": 0,
                "comments": 0,
                "shares": 0
            },
            "vk": {
                "shares": 0
            }
        }
    },
    "uuid": "9acefebbe5d8bf3db5bac72f17f6d46e894d8111",
    "url": "https://www.ilmattino.it/en/salerno_pride_2025_a_march_for_equality-8919662.html",
    "ord_in_thread": 0,
    "author": "Redazione Web",
    "published": "2025-06-26T07:25:00.000+03:00",
    "title": "Salerno Pride 2025: A March for Equality",
    "text": "Salerno Pride 2025: A March for Equality\ngiovedì 26 giugno 2025, 06:25\n3 Minutes of Reading\nA thousand colors for more rights and awareness. 'Exist (Resist)' is the theme accompanying Salerno Pride 2025, which returns to the city next Saturday when the parade will wind through the city center streets. Starting from Piazza Ferrovia at 5:30 PM and arriving at Piazza Amendola where, from 8 PM, there will be the closing show featuring institutional and political speeches, moments of music, dance, and performance, and a celebratory remembrance of twenty years of Salerno Pride. This year's theme is meant to be a collective cry against all forms of discrimination and violence, against wars, and in favor of the self-determination of peoples and individuals. The event's patron is journalist Nina Palmieri, joined by international supermodel Fabio Mancini. Over 70 local organizations have joined Salerno Pride, and more than 30 municipal administrations have sponsored the event and have been invited to participate in the parade with their banners and representatives wearing tricolor sashes. Yesterday, at the Salerno City Hall, the presentation of the event took place. 'There is still a need for Prides,' emphasizes Emanuele Avagliano, president of Arcigay Salerno, 'precisely because our rights are wavering, and therefore, we must strongly resist what is happening in the global political scene.' Regarding the program, Avagliano explains that 'the appointment is Saturday at 5:30 PM at Piazza Vittorio Veneto; at 6 PM, the parade will start moving along the Corso, then down Corso Garibaldi and along the Salerno waterfront, as it is our most beautiful showcase to display. After that, we will arrive at Piazza Amendola, where there will be a closing show, and then we will all move to the Sea Garden for an official party dedicated to all those who participated in the Pride.' Before Saturday's parade, tomorrow from 9 AM at the Salone dei Marmi in the city hall, there is a scheduled meeting-debate dedicated to inclusive languages and cultures of equality. 'We organized it,' explains Francesco Napoli, national counselor of Arcigay, 'with the Orders of Psychologists, Social Workers, and Journalists, and it is an event open to all citizens.' 'We strongly believe in the possibility of changing languages,' emphasizes Napoli, according to whom, 'unfortunately, sometimes, words of hate cross our communities and create inequalities, social exclusion, marginalization, victims, and discrimination. So, let's start focusing on languages that include and the culture of equality, especially starting from the professions that deal with them the most.' The city hall is illuminated, until Sunday, with rainbow colors to celebrate Pride. 'These are the colors,' highlights Mayor Vincenzo Napoli, 'of freedom, intelligence, the proposal of a common civil life. As an administration, we are particularly sensitive to the voices coming from various parts, which are voices of freedom, high cultural considerations that are proposed to us, and which we support within the limits of our human possibilities.' Alongside the initiative is, in particular, the Councillor for Equal Opportunities, Paky Memoli. As municipal councilor Fabio Polverino emphasizes, 'The administration, together with the Department for Equal Opportunities with Councillor Paky Memoli, is close to the initiative and has followed the entire organization of the Pride.' 'I want to congratulate Emanuele Avagliano, Francesco Napoli, Arcigay in general,' he continues, 'because they have organized a Pride centered on the battle for rights.'\n© ALL RIGHTS RESERVED\nThis article is automatically translated\nThis article is automatically translated",
    "highlightText": "",
    "highlightTitle": "",
    "highlightThreadTitle": "",
    "language": "english",
    "sentiment": "positive",
    "categories": [
        "Social Issue",
        "Human Interest",
        "Politics"
    ],
    "topics": [
        "Social Issue->social problem",
        "Social Issue->diversity, equity and inclusion",
        "Social Issue->lgbtq",
        "Human Interest->ceremony",
        "Politics->political parties and movements",
        "Politics->political campaigns",
        "Politics->civil rights"
    ],
    "ai_allow": true,
    "has_canonical": false,
    "breaking": true,
    "webz_reporter": false,
    "external_links": [],
    "entities": {
        "persons": [
            {
                "name": "Nina Palmieri",
                "sentiment": "none"
            },
            {
                "name": "Fabio Mancini",
                "sentiment": "none"
            }
        ],
        "locations": [],
        "organizations": []
    },
    "syndication": {
        "syndicated": false,
        "syndicate_id": null,
        "first_syndicated": false
    },
    "trust": {
        "categories": [],
        "top_news": [
            "top_news_it",
            "top_news"
        ],
        "bias": null
    },
    "rating": null,
    "crawled": "2025-06-26T07:37:56.726+03:00",
    "updated": "2025-06-26T04:41:37.000+00:00"
}