{
    "thread": {
        "uuid": "fc5d82ec0e781802a565cde58f36a5d39a4d86ae",
        "url": "https://article.wn.com/view/2026/01/01/Trump_Lets_Loose_at_Glitzy_NYE_Bash_While_Approval_Ratings_S/",
        "site_full": "article.wn.com",
        "site": "wn.com",
        "site_section": "https://wn.com/let%5C",
        "site_categories": [
            "media",
            "arts, culture and entertainment",
            "lifestyle and leisure",
            "science and technology",
            "economy, business and finance",
            "crime, law and justice",
            "politics",
            "sport"
        ],
        "section_title": "Let\\",
        "site_title": "World News",
        "title": "Trump Lets Loose at Glitzy NYE Bash While Approval Ratings Sink - Worldnews.com",
        "title_full": "Trump Lets Loose at Glitzy NYE Bash While Approval Ratings Sink - Worldnews.com",
        "published": "2026-01-01T02:00:00.000+02:00",
        "replies_count": 0,
        "participants_count": 1,
        "site_type": "news",
        "country": "US",
        "main_image": "",
        "performance_score": 0,
        "domain_rank": 8219,
        "domain_rank_updated": "2025-12-28T23:00:00.000+02:00",
        "licensing_agency": [],
        "social": {
            "facebook": {
                "likes": 0,
                "comments": 0,
                "shares": 0
            },
            "vk": {
                "shares": 0
            }
        }
    },
    "uuid": "fc5d82ec0e781802a565cde58f36a5d39a4d86ae",
    "url": "https://article.wn.com/view/2026/01/01/Trump_Lets_Loose_at_Glitzy_NYE_Bash_While_Approval_Ratings_S/",
    "ord_in_thread": 0,
    "author": "System",
    "published": "2026-01-01T02:00:00.000+02:00",
    "title": "Trump Lets Loose at Glitzy NYE Bash While Approval Ratings Sink - Worldnews.com",
    "text": "Joe Raedle/Getty Images President Donald Trump hosted a New Year’s Eve celebration at Mar-a-Lago, welcoming family, friends, and at least one fellow world leader to his Palm Beach...\nread full story\nJoe Raedle/Getty Images President Donald Trump hosted a New Year’s Eve celebration at Mar-a-Lago, welcoming family, friends, and at least one fellow world leader to his Palm Beach...\nread full story",
    "highlightText": "",
    "highlightTitle": "",
    "highlightThreadTitle": "",
    "language": "english",
    "sentiment": "negative",
    "categories": [
        "Politics"
    ],
    "topics": [
        "Politics->political campaigns",
        "Politics->heads of state"
    ],
    "ai_allow": true,
    "has_canonical": false,
    "breaking": null,
    "webz_reporter": false,
    "external_links": [
        "https://www.thedailybeast.com/trump-rings-in-new-year-at-mar-a-lago-with-lavish-party/",
        "https://thedailybeast.com/trump-rings-in-new-year-at-mar-a-lago-with-lavish-party/",
        "https://www.thedailybeast.com/trump-rings-in-new-year-at-mar-a-lago-with-lavish-party"
    ],
    "external_images": [],
    "internal_images": [],
    "entities": {
        "persons": [
            {
                "name": "Joe Raedle",
                "sentiment": "neutral"
            },
            {
                "name": "Donald Trump",
                "sentiment": "neutral"
            }
        ],
        "locations": [],
        "organizations": []
    },
    "syndication": {
        "syndicated": false,
        "syndicate_id": null,
        "first_syndicated": false
    },
    "trust": {
        "categories": [
            "trusted_news"
        ],
        "top_news": [],
        "bias": "center",
        "source": {
            "type": null,
            "city": null,
            "state": null,
            "country": null,
            "domain_type": null,
            "agency": null,
            "organization_name": null
        }
    },
    "rating": null,
    "crawled": "2026-01-01T10:00:15.767+02:00",
    "updated": "2026-01-01T10:02:01.000+02:00"
}