{
    "thread": {
        "uuid": "e4ca5336f983f26d2cec4b3a116bcee0dfa06e20",
        "url": "https://grabien.com/story?id=564192",
        "site_full": "grabien.com",
        "site": "grabien.com",
        "site_section": "https://grabien.com/rss?type=stories",
        "site_categories": [
            "television",
            "health",
            "",
            "exercise",
            "entertainment",
            "crime, law and justice",
            "economy, business and finance",
            "politics",
            "social issue"
        ],
        "section_title": "Grabien Stories",
        "site_title": "Grabien - The Multimedia Marketplace",
        "title": "Andy Cohen Goes off on Eric Adams 'Go Dance Away... ' While Anderson Cooper Tries to Escape out of Frame",
        "title_full": "Andy Cohen Goes off on Eric Adams 'Go Dance Away... ' While Anderson Cooper Tries to Escape out of Frame",
        "published": "2026-01-01T08:46:00.000+02:00",
        "replies_count": 0,
        "participants_count": 0,
        "site_type": "news",
        "country": "US",
        "main_image": "https://media.grabien.com/clipsbank/3300/framelarge/3300092.jpg",
        "performance_score": 0,
        "domain_rank": 131699,
        "domain_rank_updated": "2025-12-28T23:00:00.000+02:00",
        "licensing_agency": [],
        "social": {
            "facebook": {
                "likes": 0,
                "comments": 0,
                "shares": 0
            },
            "vk": {
                "shares": 0
            }
        }
    },
    "uuid": "e4ca5336f983f26d2cec4b3a116bcee0dfa06e20",
    "url": "https://grabien.com/story?id=564192",
    "ord_in_thread": 0,
    "author": null,
    "published": "2026-01-01T08:46:00.000+02:00",
    "title": "Andy Cohen Goes off on Eric Adams 'Go Dance Away... ' While Anderson Cooper Tries to Escape out of Frame",
    "text": "Andy Cohen Goes off on Eric Adams: ‘Go Dance Away... ‘ While Anderson Cooper Tries to Escape out of Frame\n‘You got your pardons’\nRUSH EXCERPT:\nCOHEN: “ No, I’m just saying. Great. You got your pardons go off. After midnight. We’ll we’ll fiddle with what we have, with what you’ve left us with.”",
    "highlightText": "",
    "highlightTitle": "",
    "highlightThreadTitle": "",
    "language": "english",
    "sentiment": "negative",
    "categories": [
        "Politics",
        "Arts, Culture and Entertainment"
    ],
    "topics": [
        "Politics->political process",
        "Arts, Culture and Entertainment->television",
        "Arts, Culture and Entertainment->news media"
    ],
    "ai_allow": true,
    "has_canonical": false,
    "breaking": false,
    "webz_reporter": false,
    "external_links": [],
    "external_images": [],
    "internal_images": [],
    "entities": {
        "persons": [
            {
                "name": "Anderson Cooper",
                "sentiment": "none"
            },
            {
                "name": "Andy Cohen",
                "sentiment": "none"
            },
            {
                "name": "Eric Adams",
                "sentiment": "none"
            }
        ],
        "locations": [],
        "organizations": []
    },
    "syndication": {
        "syndicated": false,
        "syndicate_id": null,
        "first_syndicated": false
    },
    "trust": {
        "categories": null,
        "top_news": [],
        "bias": "right",
        "source": {
            "type": null,
            "city": null,
            "state": null,
            "country": null,
            "domain_type": null,
            "agency": null,
            "organization_name": null
        }
    },
    "rating": null,
    "crawled": "2026-01-01T08:55:30.871+02:00",
    "updated": "2026-01-01T08:57:51.000+02:00"
}