{
    "thread": {
        "uuid": "3a5335c3aafc328dc1425d8e8e67124e01d0b362",
        "url": "https://www.youtube.com/supported_browsers?next_url=https://www.youtube.com/watch?v=cnxZ_mLL3ds",
        "site_full": "www.youtube.com",
        "site": "youtube.com",
        "site_section": "https://feeder.co/out/folder/07af1ba519.rss",
        "site_categories": [
            "television",
            "",
            "entertainment",
            "war, conflict and unrest",
            "arts, culture and entertainment",
            "economy, business and finance",
            "crime, law and justice",
            "politics",
            "sport"
        ],
        "section_title": "Audio and Video News",
        "site_title": "YouTube",
        "title": "Bernie CATCHES Trump IN THE ACT with SHADY DEAL",
        "title_full": "Bernie CATCHES Trump IN THE ACT with SHADY DEAL",
        "published": "2026-01-01T09:13:58.662+02:00",
        "replies_count": 75,
        "participants_count": 64,
        "site_type": "news",
        "country": "US",
        "main_image": "",
        "performance_score": 0,
        "domain_rank": 9,
        "domain_rank_updated": "2025-12-28T23:00:00.000+02:00",
        "licensing_agency": [],
        "social": {
            "facebook": {
                "likes": 0,
                "comments": 0,
                "shares": 0
            },
            "vk": {
                "shares": 0
            }
        }
    },
    "uuid": "3a5335c3aafc328dc1425d8e8e67124e01d0b362",
    "url": "https://www.youtube.com/supported_browsers?next_url=https://www.youtube.com/watch?v=cnxZ_mLL3ds",
    "ord_in_thread": 0,
    "author": "MeidasTouch",
    "published": "2026-01-01T09:13:58.662+02:00",
    "title": "Bernie CATCHES Trump IN THE ACT with SHADY DEAL",
    "text": "Bernie CATCHES Trump IN THE ACT with SHADY DEALTrump Media just merged with a nuclear fusion company, raising major conflict-of-interest questions. Dina Doll reports on this and how Bernie Sanders is sounding the alarm and proposing solutions as AI threatens millions of American jobs, while Trump is just focused on cashing in. Visit https://meidasplus.com for more! MeidasTouch relies on SnapStream to record, watch, monitor, and clip the news. Get a FREE TRIAL of SnapStream by clicking here: https://go.snapstream.com/affiliate/meidastouch/meidasnews?utm_campaign=4490308-affiliate2025&utm_content=customerpartner Support the MeidasTouch Network: https://patreon.com/meidastouch Add the MeidasTouch Podcast: https://podcasts.apple.com/us/podcast/the-meidastouch-podcast/id1510240831 Buy MeidasTouch Merch: https://store.meidastouch.com Follow MeidasTouch on Twitter: https://twitter.com/meidastouch Follow MeidasTouch on Facebook: https://facebook.com/meidastouch Follow MeidasTouch on Instagram: https://instagram.com/meidastouch Follow MeidasTouch on TikTok: https://tiktok.com/@meidastouch",
    "highlightText": "",
    "highlightTitle": "",
    "highlightThreadTitle": "",
    "language": "english",
    "sentiment": "negative",
    "categories": [
        "Politics",
        "Economy, Business and Finance"
    ],
    "topics": [
        "Politics->political campaigns"
    ],
    "ai_allow": true,
    "has_canonical": false,
    "breaking": false,
    "webz_reporter": false,
    "external_links": [
        "https://meidasplus.com",
        "https://store.meidastouch.com",
        "https://podcasts.apple.com/us/podcast/the-meidastouch-podcast/id1510240831",
        "https://patreon.com/meidastouch",
        "https://tiktok.com/@meidastouch",
        "https://go.snapstream.com/affiliate/meidastouch/meidasnews?utm_campaign=4490308-affiliate2025&utm_content=customerpartner",
        "https://facebook.com/meidastouch",
        "https://instagram.com/meidastouch",
        "https://twitter.com/meidastouch",
        "https://www.store.meidastouch.com",
        "https://www.facebook.com/meidastouch",
        "https://www.tiktok.com/@meidastouch",
        "https://www.twitter.com/meidastouch",
        "https://www.go.snapstream.com/affiliate/meidastouch/meidasnews?utm_campaign=4490308-affiliate2025&utm_content=customerpartner",
        "https://www.podcasts.apple.com/us/podcast/the-meidastouch-podcast/id1510240831",
        "https://www.patreon.com/meidastouch",
        "https://www.meidasplus.com",
        "https://go.snapstream.com/affiliate/meidastouch/meidasnews",
        "https://www.instagram.com/meidastouch"
    ],
    "external_images": [],
    "internal_images": [],
    "entities": {
        "persons": [
            {
                "name": "Bernie Sanders",
                "sentiment": "none"
            },
            {
                "name": "Dina Doll",
                "sentiment": "none"
            }
        ],
        "locations": [],
        "organizations": [
            {
                "name": "SnapStream",
                "sentiment": "none",
                "tickers": [
                    {
                        "ticker": null,
                        "exchange": null
                    }
                ]
            }
        ]
    },
    "syndication": {
        "syndicated": false,
        "syndicate_id": null,
        "first_syndicated": false
    },
    "trust": {
        "categories": [
            "fake_news"
        ],
        "top_news": [],
        "bias": "left",
        "source": {
            "type": null,
            "city": null,
            "state": null,
            "country": null,
            "domain_type": null,
            "agency": null,
            "organization_name": null
        }
    },
    "rating": null,
    "crawled": "2026-01-01T09:13:58.662+02:00",
    "updated": "2026-01-01T09:19:14.000+02:00"
}