{
    "thread": {
        "uuid": "99189d376622fd92b6a230c6a199f8b95ae36c75",
        "url": "https://www.hindustantimes.com/videos/world-news/isis-network-shattered-us-launches-massive-nine-day-offensive-across-syria-100-bombs-70-targets-101767244082881.html",
        "site_full": "www.hindustantimes.com",
        "site": "hindustantimes.com",
        "site_section": "https://www.hindustantimes.com/",
        "site_categories": [
            "media",
            "top_news_pk",
            "top_news_gb",
            "top_news_kw",
            "top_news_sa",
            "top_news_nz",
            "top_news_au",
            "top_news_sg",
            "top_news_ie",
            "top_news_za",
            "top_news_ph",
            "top_news_ae",
            "top_news_us",
            "top_news_in",
            "top_news_ca",
            "top_news_my",
            "top_news_iq",
            "top_news_qa",
            "top_news",
            "health",
            "crime, law and justice",
            "arts, culture and entertainment",
            "sport",
            "politics",
            "economy, business and finance",
            "lifestyle and leisure"
        ],
        "section_title": "Latest News: Today’s News Headlines, Breaking News India, World News and Cricket News | Latest News Today | Hindustan Times",
        "site_title": "News: Today’s News Headlines, Breaking News India, World News and Cricket News | Hindustan Times",
        "title": "ISIS network shattered? US launches massive nine-day offensive across Syria; 100+ bombs, 70 targets | Hindustan Times",
        "title_full": "ISIS network shattered? US launches massive nine-day offensive across Syria; 100+ bombs, 70 targets | Hindustan Times",
        "published": "2026-01-01T07:15:00.000+02:00",
        "replies_count": 0,
        "participants_count": 1,
        "site_type": "news",
        "country": "IN",
        "main_image": "https://www.hindustantimes.com/ht-img/img/2026/01/01/1600x900/logo/Trump_syria_1767244455658_1767244460279.jpg",
        "performance_score": 0,
        "domain_rank": 825,
        "domain_rank_updated": "2025-12-28T23:00:00.000+02:00",
        "licensing_agency": [],
        "social": {
            "facebook": {
                "likes": 0,
                "comments": 0,
                "shares": 0
            },
            "vk": {
                "shares": 0
            }
        }
    },
    "uuid": "99189d376622fd92b6a230c6a199f8b95ae36c75",
    "url": "https://www.hindustantimes.com/videos/world-news/isis-network-shattered-us-launches-massive-nine-day-offensive-across-syria-100-bombs-70-targets-101767244082881.html",
    "ord_in_thread": 0,
    "author": "@httweets",
    "published": "2026-01-01T07:15:00.000+02:00",
    "title": "ISIS network shattered? US launches massive nine-day offensive across Syria; 100+ bombs, 70 targets | Hindustan Times",
    "text": "Thu, Jan 01, 2026\nNew Delhi\no\nC\nE-Paper\nSubscribe\nEnjoy unlimited access\nSubscribe Now! Get features like\nAd lite\nA Minimal Ad Experience\nHT Premium Articles\nExpertly crafted articles\nQuickreads Segment\nNews brief in summary format\nHT E-paper\nAccess digital news experience\nSubscribe Now\nHome\nE-Paper\nNew Year 2026 Wishes\nHoroscope 2026\nEntertainment\nLifestyle\nIndia News\nTrending\nUS News\nAstrology\nWorld News\nHT Premium\nHT The Next Voice\nGames\nHTCity\nHt100\nHT Bangla\nHT Telugu\nBusiness\nCities\nReal Estate\nEducation\nLatest News\nLivemint\n+ 19 more\nCar and Bike\nTechnology\nTrending\nUS News\nAstrology\nWorld News\nHT Premium\nHT The Next Voice\nGames\nHTCity\nht100\nHT Bangla\nHT Telugu\nBusiness\nCities\nReal Estate\nEducation\nLatest News\nLivemint\nIndia New year 2026\nSpirit First Look\nT20 World Cup 2026 Schedule\nSmart Money\nSports\nDelhi News\nCentury of Leadership\nBengaluru News\nMumbai News\nTechnology\nQuickreads\nDaily Digest\nFollowing\nPhotos\nGames\nISIS network shattered? US launches massive nine-day offensive across Syria; 100+ bombs, 70 targets\nworld news\nPublished on Jan 01, 2026 10:45 am IST\nShare Via\nCopy Link\nDays after American troops were killed in Syria, Washington launched one of its most intense counter-ISIS campaigns in months. U.S. forces carried out a nine-day blitz targeting terror hideouts, weapons caches and key operatives across central Syria. Fighter jets, helicopters and precision munitions were unleashed as the Pentagon vowed the hunt would not stop. Officials say dozens of ISIS fighters were killed or captured, sending a clear warning message. But as troop numbers shrink and regional dynamics shift, questions remain about what this escalation means next.\nNews\n/\nVideos\n/\nWorld News\n/\nISIS network shattered? US launches massive nine-day offensive across Syria; 100+ bombs, 70 targets\nJoin Hindustan Times\nCreate free account and unlock exciting features like\nNewsletters, Alerts and Recommendations\nGet personalised news and exciting deals\nBookmark the stories you want to read later\nREGISTER FOR FREE\nAlready have an account?\nSign In\nSKIP",
    "highlightText": "",
    "highlightTitle": "",
    "highlightThreadTitle": "",
    "language": "english",
    "sentiment": "negative",
    "categories": [
        "War, Conflict and Unrest",
        "Politics"
    ],
    "topics": [
        "War, Conflict and Unrest->international military intervention",
        "War, Conflict and Unrest->armed conflict",
        "Politics->defence",
        "Politics->international relations"
    ],
    "ai_allow": true,
    "has_canonical": false,
    "breaking": true,
    "webz_reporter": false,
    "external_links": [],
    "external_images": [],
    "internal_images": [],
    "entities": {
        "persons": [],
        "locations": [],
        "organizations": [
            {
                "name": "Hindustan Times",
                "sentiment": "negative",
                "tickers": [
                    {
                        "ticker": null,
                        "exchange": null
                    }
                ]
            },
            {
                "name": "ISIS",
                "sentiment": "neutral",
                "tickers": [
                    {
                        "ticker": null,
                        "exchange": null
                    }
                ]
            },
            {
                "name": "Delhi News\nCentury of Leadership\nBengaluru News\nMumbai News\nTechnology\nQuickreads\nDaily Digest",
                "sentiment": "none",
                "tickers": [
                    {
                        "ticker": null,
                        "exchange": null
                    }
                ]
            }
        ]
    },
    "syndication": {
        "syndicated": false,
        "syndicate_id": null,
        "first_syndicated": false
    },
    "trust": {
        "categories": [
            "fake_news"
        ],
        "top_news": [
            "top_news_pk",
            "top_news_gb",
            "top_news_kw",
            "top_news_sa",
            "top_news_nz",
            "top_news_au",
            "top_news_sg",
            "top_news_ie",
            "top_news_za",
            "top_news_ph",
            "top_news_ae",
            "top_news_us",
            "top_news_in",
            "top_news_ca",
            "top_news_my",
            "top_news_iq",
            "top_news_qa",
            "top_news"
        ],
        "bias": "center",
        "source": {
            "type": null,
            "city": null,
            "state": null,
            "country": null,
            "domain_type": null,
            "agency": null,
            "organization_name": null
        }
    },
    "rating": null,
    "crawled": "2026-01-01T07:22:18.963+02:00",
    "updated": "2026-01-02T08:06:13.000+02:00"
}