{
    "thread": {
        "uuid": "960b036cbc39814dc3ae706075e1b53e624d7dfa",
        "url": "https://www.lokmattimes.com/national/poor-show-in-local-body-polls-rocks-cm-vijayans-boat-voices-grow-for-course-correction/",
        "site_full": "www.lokmattimes.com",
        "site": "lokmattimes.com",
        "site_section": "https://news.google.com/search?q=has%20when%3A1h&hl=en-US&gl=US&ceid=US%3Aen",
        "site_categories": [
            "crime, law and justice",
            "politics",
            "arts, culture and entertainment",
            "sport",
            "economy, business and finance"
        ],
        "section_title": "Google News - Search",
        "site_title": "Latest News, Today's Breaking News, Top Headlines related to India, World, Maharashtra, Business, Sports, & Entertainment at Lokmat Times",
        "title": "Poor show in local body polls rocks CM Vijayan's boat; voices grow for course correction - www.lokmattimes.com",
        "title_full": "Poor show in local body polls rocks CM Vijayan's boat; voices grow for course correction - www.lokmattimes.com",
        "published": "2026-01-01T08:26:20.913+02:00",
        "replies_count": 0,
        "participants_count": 1,
        "site_type": "news",
        "country": "IN",
        "main_image": "https://d3pc1xvrcw35tl.cloudfront.net/ln/feedImages/1200x900/202509270266F_202601.jpg",
        "performance_score": 0,
        "domain_rank": 98936,
        "domain_rank_updated": "2025-12-28T23:00:00.000+02:00",
        "licensing_agency": [],
        "social": {
            "facebook": {
                "likes": 0,
                "comments": 0,
                "shares": 0
            },
            "vk": {
                "shares": 0
            }
        }
    },
    "uuid": "960b036cbc39814dc3ae706075e1b53e624d7dfa",
    "url": "https://www.lokmattimes.com/national/poor-show-in-local-body-polls-rocks-cm-vijayans-boat-voices-grow-for-course-correction/",
    "ord_in_thread": 0,
    "author": "/author/ians/",
    "published": "2026-01-01T08:26:20.913+02:00",
    "title": "Poor show in local body polls rocks CM Vijayan's boat; voices grow for course correction - www.lokmattimes.com",
    "text": "Poor show in local body polls rocks CM Vijayan's boat; voices grow for course correction\nBy IANS | Updated: January 1, 2026 11:45 IST2026-01-01T11:44:10+5:302026-01-01T11:45:12+5:30\nThiruvananthapuram, Jan 1 For nearly a decade, Pinarayi Vijayan has dominated Kerala’s political landscape with an authority that ...\nThiruvananthapuram, Jan 1 For nearly a decade, Pinarayi Vijayan has dominated Kerala’s political landscape with an authority that a few Chief Ministers in the state’s history have wielded.\nWithin the CPI(M), he has emerged as the unchallenged helmsman and within the government, the final arbiter. That aura of invincibility, however, is beginning to fray -- and the most telling sign is not coming from the opposition, but from within the Left Democratic Front (LDF) itself.\nThe first salvo was fired by the CPI, which is the second-largest ally in the ruling coalition.\nIts leadership convened a meeting to review the LDF’s disappointing performance in the recent local body elections, which arrived at an unusually blunt conclusion: the need for correction, and that responsibility rests squarely with CM Vijayan.\nIn Kerala’s Left politics, where allies traditionally choose euphemism over confrontation, this was no minor departure. It marked a clear shift from whispered discontent to open signalling.\nMore significantly, similar sentiments have echoed within the CPI(M). At its own three-day stocktaking meeting on the electoral reversal, a section of the party conveyed -- in unambiguous terms -- that the time has come for a course correction, and that Vijayan himself must lead it.\nThe subtext is hard to miss: the leadership style that once delivered stability and electoral success may now be part of the problem.\nAge and health have inevitably entered the conversation.\nVijayan is past 80 and has been grappling with health issues, even as he continues to project his trademark tough demeanour.\nWhile age alone has never been a disqualifier in Kerala politics, the demands of what could be one of the most stressful election campaigns the state has seen raise legitimate questions.\nThe carefully crafted narrative of a third consecutive Vijayan government after the Assembly polls scheduled for April-May is beginning to look less assured.\nThis dilemma exposes a deeper structural problem for the CPI(M), which is regarding succession.\nThe party has faced this conundrum before, also. In 2016, it was V.S. Achuthanandan, then Leader of Opposition and a mass leader with unmatched popular appeal, who fronted the campaign that led to a decisive LDF victory. Yet, soon after the triumph, Achuthanandan was eased out, making way for Vijayan.\nFive years later, in 2021, Vijayan himself became the face of the campaign -- armed with the advantages of incumbency, a strong administrative image forged during crises such as the Covid-19 pandemic, and his handling of controversies, including the gold smuggling case involving Swapna Suresh.\nHe triumphed, securing a rare second consecutive term for the Left.\nThe past five years, however, have been markedly different. Governance under Vijayan has become increasingly centralised, with the Chief Minister seen as the last word both in the party and government.\nThis concentration of authority, once praised for decisiveness, has now bred stagnation and resentment.\nControversies -- from the lingering shadows of the gold smuggling and Sabarimala-linked cases to allegations of administrative opacity—have chipped away at the moral high ground the Left traditionally claims.\nThe result is a sense that the Vijayan model has reached a cul-de-sac.\nFor perhaps the first time in his tenure, the Chief Minister appears to be navigating genuinely rough waters, with criticism coming not just from rivals but from comrades.\nYet, the CPI(M) leadership is not ready to concede ground.\nParty state secretary M.V. Govindan has struck an openly defiant note, projecting confidence that the LDF will secure a sure 60 of the 140 Assembly seats -- enough, in his assessment, to form a third consecutive Left government.\nHe has pinned hopes on a systematic, door-to-door campaign to recover what was lost in the local body polls, which will enable them to cross the magical figure for governance.\nThat optimism, however, does little to answer the central question now animating Kerala’s political discourse: who after Pinarayi?\nThe absence of a clear successor underscores how deeply the party has tied its fortunes to one individual.\nIf Vijayan’s health or political capital falters further, the CPI(M) may find itself scrambling -- not just for votes, but for leadership.\nThe waning of the “Pinarayi magic\", if that is indeed what is unfolding, does not automatically spell defeat for the Left. But it does signal the end of complacency.\nWhether the CPI(M) can reinvent itself, decentralise authority, and present a credible post-Vijayan vision may well determine not just the outcome of the next election, but the future trajectory of the Left Front in Kerala, its only bastion in the country.\nDisclaimer: This post has been auto-published from an agency feed without any modifications to the text and has not been reviewed by an editor\nOpen in app",
    "highlightText": "",
    "highlightTitle": "",
    "highlightThreadTitle": "",
    "language": "english",
    "sentiment": "negative",
    "categories": [
        "Politics"
    ],
    "topics": [
        "Politics->local elections"
    ],
    "ai_allow": true,
    "has_canonical": false,
    "breaking": true,
    "webz_reporter": false,
    "external_links": [],
    "external_images": [],
    "internal_images": [],
    "entities": {
        "persons": [
            {
                "name": "Pinarayi Vijayan",
                "sentiment": "neutral"
            }
        ],
        "locations": [
            {
                "name": "Kerala",
                "sentiment": "none"
            }
        ],
        "organizations": [
            {
                "name": "LDF",
                "sentiment": "none",
                "tickers": [
                    {
                        "ticker": null,
                        "exchange": null
                    }
                ]
            }
        ]
    },
    "syndication": {
        "syndicated": false,
        "syndicate_id": "960b036cbc39814dc3ae706075e1b53e624d7dfa",
        "first_syndicated": true
    },
    "trust": {
        "categories": [],
        "top_news": [],
        "bias": null,
        "source": {
            "type": null,
            "city": null,
            "state": null,
            "country": null,
            "domain_type": null,
            "agency": null,
            "organization_name": null
        }
    },
    "rating": null,
    "crawled": "2026-01-01T08:26:20.913+02:00",
    "updated": "2026-01-01T08:27:04.000+02:00"
}