{
    "thread": {
        "uuid": "5c6f387b06cd82100ca8be86503b768d06a436e7",
        "url": "https://www.the42.ie/james-montague-interview-6913758-Jan2026/",
        "site_full": "www.the42.ie",
        "site": "the42.ie",
        "site_section": "https://news.google.com/search?q=so%20when%3A1h&hl=en-US&gl=US&ceid=US%3Aen",
        "site_categories": [
            "tech",
            "sport"
        ],
        "section_title": "Google News - Search",
        "site_title": "The 42",
        "title": "Newcastle United takeover 'an attempt to rehabilitate MBS after Khashoggi's murder'",
        "title_full": "Newcastle United takeover 'an attempt to rehabilitate MBS after Khashoggi's murder'",
        "published": "2026-01-01T09:30:00.000+02:00",
        "replies_count": 0,
        "participants_count": 1,
        "site_type": "news",
        "country": "IE",
        "main_image": "https://img2.thejournal.ie/article/6913758/river/?height=400&version=6913759",
        "performance_score": 0,
        "domain_rank": 115741,
        "domain_rank_updated": "2025-12-28T23:00:00.000+02:00",
        "licensing_agency": [],
        "social": {
            "facebook": {
                "likes": 0,
                "comments": 0,
                "shares": 0
            },
            "vk": {
                "shares": 0
            }
        }
    },
    "uuid": "5c6f387b06cd82100ca8be86503b768d06a436e7",
    "url": "https://www.the42.ie/james-montague-interview-6913758-Jan2026/",
    "ord_in_thread": 0,
    "author": "Paul Fennessy",
    "published": "2026-01-01T09:30:00.000+02:00",
    "title": "Newcastle United takeover 'an attempt to rehabilitate MBS after Khashoggi's murder'",
    "text": "WHY HAS Saudi Arabia decided to invest so heavily in the world of sport?\nThat is one of the questions that animates the William Hill-nominated book ‘Engulfed’ by James Montague.\nThe billions spent by the country in football, boxing, and golf have irrevocably changed the sporting landscape.\nWith assistance from key figures in the British and American political establishment, such as Boris Johnson and Donald Trump, the Kingdom has engineered several monumental events, including the takeover of Newcastle United, the successful bid to host the 2034 World Cup and the undermining of the PGA Tour by setting up the rival LIV Golf entity.\nThe investment in sport was connected with Crown Prince Mohammed bin Salman’s Vision 2030, a plan to attract businesses and tourists to Saudi Arabia, and part of an attempt to diversify its economy so as not be so reliant on oil as it had been in the past.\nThis plan was initially carried out without the extravagant investments in sport.\nBut after the substantial PR damage caused by one of the most infamous assassinations in history, the murder of Washington Post journalist Jamal Khashoggi, a new strategy was required, and Montague argues it is no coincidence that a dramatic increase in funds devoted to sport followed.\n“I’ve always been interested in the power that comes from the Gulf when it comes to the rise of the UAE and Qatar, especially in football, and Saudi Arabia had always been a bit of a black hole for me,” he tells The 42.\n“Although I’d reported from there, I’d visited there, it was very difficult to go there. So when I wrote my first book, ‘When Friday Comes,’ I wrote about Saudi Arabia, but it was really somewhere that was very difficult to get into and find out what was going on.\n“And then suddenly, Saudi Arabia just emerges, really announces itself onto the world stage, in 2015 with a new king [Salman bin Abdulaziz Al Saud] and a new crown prince, who wants to open up Saudi Arabia in a way that I don’t think almost anybody who spent time in the Middle East, and perhaps even the Saudis themselves, thought would ever happen. There’s been an opening up, a cultural revolution.\n“And so it started, really, by seeing, slowly, how Saudi investment was a lot of times following the path that the UAE and Qatar had mapped out for it, but then went into this overdrive of spending, really, in the aftermath of the murder of Jamal Khashoggi, which had destroyed this reform process, or certainly the perception of a reform process that was taking place in Saudi Arabia.”\nHe continues: “I think this is the biggest story in sport and probably in politics — the rise to power of autocratic regimes like Saudi Arabia and the power they have in the West, and how much the economy and society seem to be mirroring them more than, say, a democratic society. So this [book] is my attempt to try and tell that story.”\nHaving first visited Saudi Arabia in the late 2000s, Montague has been taken aback by the dramatic changes implemented since then.\nHe describes it initially as having “a very real sense of gender apartheid” and being “crushingly unfree” to a more open present day where women are allowed to work and drive, the mixing of sexes in everyday society is no longer taboo, et cetera.\n“Part of the reason that change hadn’t happened in Saudi Arabia was that the old guard very much believed in incremental change. This is a fundamentally conservative society — we can’t bring in things like women driving because that is fundamentally something that society won’t accept.\n“And actually, what it proved was that you can just overnight change things and people would accept it. And the transformation [was evident] from the very minute I landed in Riyadh for the first time — women were working there, stamping passports, for instance.\n“And you wouldn’t see women in public life at all [before]. I’d go to an Al Nassr football match, and there were groups of women going, not in their own section, but freely mixing with men. And those are things that, in the West, you take for granted. But these are foundational changes.\n“So for all the negative things that you could point towards with MBS’s rise to power — the murder of Jamal Khashoggi, the jailing of political opponents, the executions that are taking place, the fact that for a lot of Saudi activists, exiles who I’ve met and interviewed for ‘Engulfed,’ they say: ‘Yes, there is this cultural thing going on, but politically, the country has never been less free.’”\nIn many ways, the Saudis are following in the footsteps of the UAE and Qatar, who invested heavily in Man City and PSG, respectively, with the latter also hosting the World Cup in 2022. However, the transformation would likely not have taken place on such a dramatic scale were it not for Khashoggi’s murder, which US, British and Turkish intelligence all concluded MBS had approved of, although the Saudi crown prince has denied these claims.\n“It can’t be overstated what Khashoggi’s murder did for its international reputation,” says Montague. “It could not have been lower. And the project that they settled on, that they agreed on, which really moved them back into a conversation where they tried to get beyond Khashoggi and start to rebuild their reputation, was the Newcastle United takeover.\n“And so, one of the things that brought me to this book was interviewing Hatice Cengiz, who was Khashoggi’s fiancée. It was the reason he went to the Saudi consulate in Istanbul; he was called there to get a document that would allow him to get married. It was proof that he had been divorced. And speaking to her, she was very clear about what the takeover was, which was an attempt to rehabilitate MBS after Khashoggi’s murder.\n“And to be honest, it has worked because, through multiple investments in sports, we really don’t hear about that anymore.\n“And this isn’t necessarily something about Saudi Arabia. I think this is about the West. Western politicians, Western sportsmen and women, administrators are willing, really, to take the money, no questions asked. And there are very few people who have said ‘no’. And it’s a point I make in the book. Does that say something bad about Saudi Arabia, or does that say something bad about us?”\nOne of the most interesting sections of the book involves the Newcastle takeover. Montague spends time with Magpies supporters both for and against this development, as well as those who are somewhat conflicted.\n“There’s actually, I think, a silent majority that is very uncomfortable about it. But isn’t like changing a brand of tea or switching from iPhone to Android. If something happens to your football team and you have an ownership that you disagree with, you might have personal misgivings about that. But at the same time, the level that we’re talking about, supporting the football club, it’s not just a product. You are not a customer. This is decades, sometimes generations, of family connection, where someone’s relationship with their father, mother, uncles or cousins is through a football club. And to walk away from that, the level of villainy has to be almost extreme.\n“And so, actually, the majority of people that I spoke to were in that camp. They were like: ‘We’re not comfortable with this at all, but what do you want me to do? No, I am not going to give up my club. I’m not going to give up my family. But that doesn’t mean that we’re necessarily happy about it.’\n“On the other side, there was a very significant group of people who are wholeheartedly behind it, believing that actually, these human rights issues, or the issues about Saudi Arabia, it’s what aboutism, making those criticisms. Because no one was talking about Manchester City, their human rights issues, or Qatar in the World Cup. And if they want to make it, there’s a strange red cartel conspiracy theory that Liverpool, Manchester United and Arsenal can do whatever they want. And what about [Arsenal owner Stan] Kroenke?\n“When I was speaking to Newcastle fans, I was like: ‘Yeah, I wrote a book about that called ‘The Billionaires Club,’ which essentially [posits] that all billionaires pretty much are terrible and they will have their they all have their own kind of moral issues. But there is something about a state that is different. And when a state owns a football club, what that state does, I think, does reflect on the club and the fan base in a certain respect. So it’s been a journey, speaking to fans and trying to understand that from the outside.”\nA vocal minority, led by the NUFC Fans Against Sportswashing group, have persistently opposed the takeover, but they are the exception rather than the rule.\n“One of the people whom I spoke to was a guy who was very high level and works at Amnesty International, working literally on the sportswashing brief, but he’s there,” recalls Montague. “As uncomfortable as he is about the takeover, as unhappy as he is about what’s happening with gulf money, and the influence of gulf money, around the world, and campaigning against it, he still can’t extricate himself from Newcastle United, and it was almost, if this guy can’t, I’m not sure, really, what we expect [other] fans to do in that situation.”\nMontague continues: “There were some paid-for influencers and dodgy online, troll, inauthentic accounts, trying to change the debate online, which was emanating from Saudi Arabia, by the way. It’s one of the most sophisticated states when it comes to manipulating online opinion.\n“So there were some people [wholly supportive], but most people that I’ve met in particular, their values weren’t the same as saying: ‘Well, we don’t care about these.’ ‘Of course, we care about these human rights issues. It’s just, what can we do about it?’\n“I mean, everybody has a point where they probably would walk away from a club, and the people I spoke to said there might be a moment, but they weren’t sure what that is, and it isn’t at that point now.\n“One thing that I remember someone telling me, which was from a Newcastle United fan who was in favour of the takeover, he was like: ‘Well, why should it be football fans that make this big moral decision about what’s right and what’s wrong about this investment, when almost everybody else in the system accepts the money, and it’s all okay, but it’s not okay when your football club gets bought?’ And I do have some sympathy for that, because I think there is a huge amount of hypocrisy about the fact that [Britain] can sell arms to Saudi Arabia, which are then used, for instance, in Yemen.\n“But I think there is this point that these football fans have the least power in this system, right? What about the people who are really damaging it, like the arms companies, the governments that accept all this money, real estate companies, the real villains of the economy? What about them?\n“But spending time with the protesters who are against the takeover, and also Newcastle fans who are in favour of it, they were kind of glad that they existed, even though they were in a small number. I think that the vitriol that they get, people are also embarrassed, because it does remind them that there are people who are willing to stand up, there are people who are willing to walk away from the club, which is something that a lot of people refuse to do, for good reasons, but there are people who do that and, and it brings almost a mirror to [the other] people’s faces, and that’s what the anger is, I think.”\nGiven the enormous power he wields, it is interesting to consider that MBS himself was once a peripheral figure in Saudi society.\n“His father was the very last person that they expected to be king. So as he was growing up, there was [seemingly] absolutely no chance that he would one day be the crown prince. And in his formative years at university, you’re in these elite schools in Riyadh, where cliques develop around different princes, and the more powerful cliques that they obtain, they become more popular.\n“He was very much part of the awkward squad, the outsiders, who were almost laughed at because they were so far away from the throne. So if you can imagine the resentment that bubbles up along that. And your team of misfits are all friends growing up together, thinking: ‘We will never be rich like them. We’ll never be powerful like them.’ And then there were a series of events — in a few years, two Crown Princes died, and suddenly your father is king, and suddenly there is a pathway for you to be king. It’s incredible. I think it explains a lot about the way that he’s operated, and how he’s operating the state, and how any criticism is crushed, because there’s this broiling resentment at the treatment of him as he was coming up.\n“And you can see it with the foundational moment, really, with this anti-corruption purge at the Ritz Carlton Hotel, where hundreds of princes are essentially kept under house arrest in the hotel until they sign over large parts of their fortunes to the state.\n“There is a massive graft problem in Saudi Arabia, but this was also seen as a way of really undermining other political rivals as well, and the glee with which that was done. It was the former elite that had looked down upon him and his family line, which was now taking charge. And so, he’s very much ruled as somebody who has a chip on his shoulder, and that’s often a dangerous place to be.”\nIn the book, MBS comes across as a nerd, given a rare opportunity to live out a revenge fantasy.\n“I mean, a nerd’s quite [apt] because he loves his gaming. I mean, this is one of the most interesting revelations that when I was researching the book, we’ve all seen the story about football and to a certain extent, golf, tennis is now a huge thing. I mean, almost every sport. But for me, the big thing was gaming.\n“If you could choose a sport that was his sport — I mean, he’s nominally an Al Nassr fan — but he’s a gamer. He grew up playing all these games. League of Legends, I found out, was his game. And so he has driven this movement for Saudi Arabia to essentially now dominate the eSports market, which is actually hugely lucrative, and has a huge amount of [potential] growth.\n“And actually, if you add up all the investments with PIF and its related funds, what goes into Newcastle United, what goes into LIV Golf, hosting the World Cup, building the infrastructure so that games can be developed in Saudi Arabia, it is a fraction of the cost of what’s going into eSports. So more is being invested in that than all of the other sports put together.”\nBut it is worth remembering too that for all the ways Saudi Arabia’s rulers have embraced modernity, the regime remains deeply repressive, backwards and ruthless in other respects.\nOne example of thousands is the case of Omar and Sarah Aljabri, children of a former top Saudi intelligence official, Saad Aljabri, who have been unjustly imprisoned since March 2020.\nPer a Human Rights Watch report: “Saudi authorities brought charges against the siblings in September 2020, a month after their father sued Crown Prince Mohammed bin Salman in US Federal Court under the Torture Victim Protection Act, alleging that the crown prince had sent a hit squad to murder him in Canada in 2018. Following their arrests and during their trial, Saudi authorities held the siblings incommunicado, preventing them from meeting with their lawyer or speaking with family members. The authorities have also detained up to 40 other Al-Jabri family members and associates.”\nThere are thousands of other stories like this one. Montague also cites Loujain al-Hathloul, who was arrested for protesting the right for women to drive.\n“And even though that law was changed, she was still jailed because it was seen as if they didn’t want it to appear that it was outside pressure, or pressure from somebody within Saudi society that brought that change, that this was gifted from the royal family itself, where all power and legitimacy reside.\n“The use of travel bans and the arresting of family members to punish dissent is something that every person I spoke to had a story, had a placard of a family member or a friend or colleague who was being arrested and held in Saudi Arabia, almost as punishment for them being outside talking about these things. So it is a huge problem.”\nThe predicament for the Aljabri children, meanwhile, is unlikely to change anytime soon.\n“What’s quite interesting is that it was the first state visit of Donald Trump’s first term, Saudi Arabia. And because MBS presented a vision of power to Donald Trump that he recognised, that basically started this blockade of Qatar from its neighbours. There has been a longtime enmity between the UAE, Saudi Arabia and Qatar, and that allowed him to do it. But as soon as Joe Biden won the election, Saudi Arabia and the UAE realised that they didn’t have carte blanche anymore, and very quickly ended the blockade.\n“And so that’s what needs to change. With Donald Trump in charge, might is right, and that is what will win the day. If there were a different political outlook, there might be some reasoning for people to put pressure on [the hierarchy] for their release. Under Trump, that is never going to happen. So unfortunately, they’re still there. They still can’t get out of the country.\n“And so, we’ve got another three years of Trump. And, I mean, if there’s anything that brought that home to me, a couple of weeks ago, I was back in DC for the World Cup draw. I was queuing to get into the Kennedy Centre where Donald Trump is being awarded this peace prize [by Fifa], which was absolutely ridiculous.\n“But it was taking place outside the Saudi Embassy. That’s where the line was, on Jamal Khashoggi Way. And there’s a huge Saudi contingent there. They’re going to get the 2034 World Cup. And you can see this nexus of power within Fifa, the American government and the Saudis. And when you see that, you think, what pressure can be brought to bear to stop these things from happening, and I don’t see that in the medium term future at all.”\n‘Engulfed: How Saudi Arabia Bought Sport, and the World’ by James Montague is published by Blink Publishing. More info here.",
    "highlightText": "",
    "highlightTitle": "",
    "highlightThreadTitle": "",
    "language": "english",
    "sentiment": "negative",
    "categories": [
        "Sport",
        "Crime, Law and Justice",
        "Politics"
    ],
    "topics": [
        "Sport->sport industry",
        "Crime, Law and Justice->corruption"
    ],
    "ai_allow": true,
    "has_canonical": false,
    "breaking": true,
    "webz_reporter": false,
    "external_links": [
        "https://www.bbc.com/news/world-middle-east-49826905",
        "https://www.amazon.co.uk/Engulfed-Saudi-Arabia-Bought-Sport/dp/178512160X",
        "https://www.aljazeera.com/news/2019/9/30/saudi-crown-prince-denies-ordering-khashoggi-killing",
        "https://www.hrw.org/news/2021/07/25/saudi-arabia-collective-punishment-ex-officials-children",
        "https://www.theguardian.com/world/2018/oct/19/crown-prince-mohammed-jamal-khashoggi-killing-mi6-sir-john-sawers",
        "https://www.bbc.com/news/world-us-canada-56213528",
        "https://aljazeera.com/news/2019/9/30/saudi-crown-prince-denies-ordering-khashoggi-killing",
        "https://amazon.co.uk/Engulfed-Saudi-Arabia-Bought-Sport/dp/178512160X",
        "https://hrw.org/news/2021/07/25/saudi-arabia-collective-punishment-ex-officials-children",
        "https://bbc.com/news/world-middle-east-49826905",
        "https://theguardian.com/world/2018/oct/19/crown-prince-mohammed-jamal-khashoggi-killing-mi6-sir-john-sawers",
        "https://bbc.com/news/world-us-canada-56213528"
    ],
    "external_images": [],
    "internal_images": [],
    "entities": {
        "persons": [
            {
                "name": "Khashoggi",
                "sentiment": "none"
            },
            {
                "name": "William Hill-nominated",
                "sentiment": "none"
            },
            {
                "name": "Mohammed bin Salman",
                "sentiment": "none"
            },
            {
                "name": "James Montague",
                "sentiment": "none"
            },
            {
                "name": "Boris Johnson",
                "sentiment": "none"
            },
            {
                "name": "Donald Trump",
                "sentiment": "none"
            }
        ],
        "locations": [
            {
                "name": "Kingdom",
                "sentiment": "none"
            }
        ],
        "organizations": [
            {
                "name": "Newcastle United",
                "sentiment": "none",
                "tickers": [
                    {
                        "ticker": null,
                        "exchange": null
                    }
                ]
            }
        ]
    },
    "syndication": {
        "syndicated": false,
        "syndicate_id": null,
        "first_syndicated": false
    },
    "trust": {
        "categories": [],
        "top_news": [],
        "bias": null,
        "source": {
            "type": null,
            "city": null,
            "state": null,
            "country": null,
            "domain_type": null,
            "agency": null,
            "organization_name": null
        }
    },
    "rating": null,
    "crawled": "2026-01-01T09:36:37.967+02:00",
    "updated": "2026-01-01T09:45:01.000+02:00"
}