{
    "thread": {
        "uuid": "6e847156c66dc26556274bd43c95bb5f2da25ab2",
        "url": "https://www.independent.ie/entertainment/radio/declan-lynch-there-are-whispers-about-john-creedon-running-for-president-a-terrible-thing-to-inflict-on-a-man-who-has-done-us-no-harm/a615913725.html",
        "site_full": "www.independent.ie",
        "site": "independent.ie",
        "site_section": "https://news.google.com/search?q=about%20when%3A1h&hl=en-US&gl=US&ceid=US%3Aen",
        "site_categories": [
            "media",
            "rugby",
            "sports",
            "top_news_ie",
            "top_news",
            "arts, culture and entertainment",
            "human interest",
            "economy, business and finance",
            "crime, law and justice",
            "lifestyle and leisure",
            "social issue",
            "politics",
            "sport"
        ],
        "section_title": "Google News - Search",
        "site_title": "Irish Independent",
        "title": "Declan Lynch: There are whispers about John Creedon running for president - a terrible thing to inflict on a m",
        "title_full": "Declan Lynch: There are whispers about John Creedon running for president - a terrible thing to inflict on a m",
        "published": "2026-01-01T07:30:00.000+02:00",
        "replies_count": 0,
        "participants_count": 1,
        "site_type": "news",
        "country": "IE",
        "main_image": "https://focus.independent.ie/thumbor/mcohfQmgCvT-YdOAb_jMQWL2szY=/0x63:3054x2099/629x0/prod-mh-ireland/4f009bec-f9a9-4692-8a38-d77a8b06fd2d/69333613-1cf0-4ace-bfde-2da272bd8ef4/4f009bec-f9a9-4692-8a38-d77a8b06fd2d.jpg",
        "performance_score": 0,
        "domain_rank": 3656,
        "domain_rank_updated": "2025-12-28T23:00:00.000+02:00",
        "licensing_agency": [],
        "social": {
            "facebook": {
                "likes": 0,
                "comments": 0,
                "shares": 0
            },
            "vk": {
                "shares": 0
            }
        }
    },
    "uuid": "6e847156c66dc26556274bd43c95bb5f2da25ab2",
    "url": "https://www.independent.ie/entertainment/radio/declan-lynch-there-are-whispers-about-john-creedon-running-for-president-a-terrible-thing-to-inflict-on-a-man-who-has-done-us-no-harm/a615913725.html",
    "ord_in_thread": 0,
    "author": "Declan Lynch",
    "published": "2026-01-01T07:30:00.000+02:00",
    "title": "Declan Lynch: There are whispers about John Creedon running for president - a terrible thing to inflict on a m",
    "text": "Declan Lynch: There are whispers about John Creedon running for president – a terrible thing to inflict on a man who has done us no harm\nRadio reviews\nA hundred years ago on January 1, the Irish Free State broadcasting service started under the title 2RN – an anniversary marked by Bowman: Sunday: 8.30 (RTÉ 1, Sundays), on which the host used material from a programme that he himself had made on this subject, 50 years ago.\nIt must be the broadcasting equivalent of an out-of-body experience to find yourself in the archives from half a century ago — but Bowman merely dropped it discreetly into the background as he described the even stranger beginnings of what they called “wireless broadcasting” in Ireland.",
    "highlightText": "",
    "highlightTitle": "",
    "highlightThreadTitle": "",
    "language": "english",
    "sentiment": "negative",
    "categories": [
        "Politics"
    ],
    "topics": [
        "Politics->political candidates"
    ],
    "ai_allow": true,
    "has_canonical": false,
    "breaking": true,
    "webz_reporter": false,
    "external_links": [],
    "external_images": [],
    "internal_images": [],
    "entities": {
        "persons": [
            {
                "name": "John Creedon",
                "sentiment": "negative"
            },
            {
                "name": "Declan Lynch",
                "sentiment": "negative"
            },
            {
                "name": "Bowman",
                "sentiment": "none"
            }
        ],
        "locations": [],
        "organizations": [
            {
                "name": "Irish Free State",
                "sentiment": "none",
                "tickers": []
            }
        ]
    },
    "syndication": {
        "syndicated": false,
        "syndicate_id": "6e847156c66dc26556274bd43c95bb5f2da25ab2",
        "first_syndicated": true
    },
    "trust": {
        "categories": null,
        "top_news": [
            "top_news_ie",
            "top_news"
        ],
        "bias": "center",
        "source": {
            "type": null,
            "city": null,
            "state": null,
            "country": null,
            "domain_type": null,
            "agency": null,
            "organization_name": null
        }
    },
    "rating": null,
    "crawled": "2026-01-01T07:39:19.735+02:00",
    "updated": "2026-01-02T08:06:54.000+02:00"
}