{
    "thread": {
        "uuid": "bdaebbf45c7460b738f00d530d76af50aab2b158",
        "url": "https://www.haaretz.com/israel-news/2026-01-01/ty-article/.premium/israel-blocked-37-aid-groups-from-gaza-and-then-claimed-credit-for-their-work/0000019b-7835-d379-a3bb-fa35a7e00000",
        "site_full": "www.haaretz.com",
        "site": "haaretz.com",
        "site_section": "https://news.google.com/search?q=for%20when%3A1h&hl=en-US&gl=US&ceid=US%3Aen",
        "site_categories": [
            "media",
            "judaism",
            "religion",
            "top_news_il",
            "top_news",
            "social issue",
            "crime, law and justice",
            "war, conflict and unrest",
            "politics"
        ],
        "section_title": "Google News - Search",
        "site_title": "Haaretz | Israel News, the Middle East and the Jewish World - Haaretz.com",
        "title": "Israel Blocked 37 Aid Groups From Gaza - and Then Claimed Credit for Their Work - Israel News",
        "title_full": "Israel Blocked 37 Aid Groups From Gaza - and Then Claimed Credit for Their Work - Israel News",
        "published": "2026-01-01T09:46:00.000+02:00",
        "replies_count": 0,
        "participants_count": 1,
        "site_type": "news",
        "country": "US",
        "main_image": "https://img.haarets.co.il/bs/0000019b-7835-d379-a3bb-fa35a7e00000/f6/16/490bddc74d0a875fe36726c01e26/242363.jpg?precrop=2200,1279,x0,y189&amp;width=1200&amp;height=630&amp;cmsprod",
        "performance_score": 6,
        "domain_rank": 5423,
        "domain_rank_updated": "2025-12-28T23:00:00.000+02:00",
        "licensing_agency": [],
        "social": {
            "facebook": {
                "likes": 183,
                "comments": 35,
                "shares": 47
            },
            "vk": {
                "shares": 0
            }
        }
    },
    "uuid": "bdaebbf45c7460b738f00d530d76af50aab2b158",
    "url": "https://www.haaretz.com/israel-news/2026-01-01/ty-article/.premium/israel-blocked-37-aid-groups-from-gaza-and-then-claimed-credit-for-their-work/0000019b-7835-d379-a3bb-fa35a7e00000",
    "ord_in_thread": 0,
    "author": "Nir Hasson",
    "published": "2026-01-01T09:46:00.000+02:00",
    "title": "Israel Blocked 37 Aid Groups From Gaza - and Then Claimed Credit for Their Work - Israel News",
    "text": "Israel's decision to prevent 37 international aid organizations from continuing their work in the Gaza Strip is the latest step in a policy that has been both cruel and amateurish in its treatment of Gaza's civilian population.\nLoading...\nAnalysis\nIsrael's political decision to block international aid groups from Gaza continues its cruel and amateurish treatment of Gaza's civilian population over the past two years\nIsrael's decision to prevent 37 international aid organizations from continuing their work in the Gaza Strip is the latest step in a policy that has been both cruel and amateurish in its treatment of Gaza's civilian population.",
    "highlightText": "",
    "highlightTitle": "",
    "highlightThreadTitle": "",
    "language": "english",
    "sentiment": "negative",
    "categories": [
        "Politics",
        "Social Issue"
    ],
    "topics": [
        "Politics->international relations",
        "Politics->non-governmental organisation",
        "Social Issue->social condition"
    ],
    "ai_allow": true,
    "has_canonical": false,
    "breaking": true,
    "webz_reporter": false,
    "external_links": [],
    "external_images": [],
    "internal_images": [],
    "entities": {
        "persons": [],
        "locations": [
            {
                "name": "Gaza Strip",
                "sentiment": "none"
            }
        ],
        "organizations": []
    },
    "syndication": {
        "syndicated": false,
        "syndicate_id": null,
        "first_syndicated": false
    },
    "trust": {
        "categories": null,
        "top_news": [
            "top_news_il",
            "top_news"
        ],
        "bias": "left",
        "source": {
            "type": null,
            "city": null,
            "state": null,
            "country": null,
            "domain_type": null,
            "agency": null,
            "organization_name": null
        }
    },
    "rating": null,
    "crawled": "2026-01-01T09:48:53.570+02:00",
    "updated": "2026-01-02T10:07:39.000+02:00"
}