{
    "thread": {
        "uuid": "4612c2225f9966b2ab190109bd59163234416283",
        "url": "https://article.wn.com/view/2025/10/23/Man_wearing_inflatable_Trump_costume_allegedly_attacked_on_c/",
        "site_full": "article.wn.com",
        "site": "wn.com",
        "site_section": "https://wn.com/crime",
        "site_categories": [
            "media"
        ],
        "section_title": "World News - Crime",
        "site_title": "World News",
        "title": "Man wearing inflatable Trump costume allegedly attacked on camera at blue state 'No Kings' protest: police - Worldnews.com",
        "title_full": "Man wearing inflatable Trump costume allegedly attacked on camera at blue state 'No Kings' protest: police - Worldnews.com",
        "published": "2025-10-23T03:00:00.000+03:00",
        "replies_count": 0,
        "participants_count": 1,
        "site_type": "news",
        "country": "US",
        "main_image": "",
        "performance_score": 0,
        "domain_rank": 8219,
        "domain_rank_updated": "2025-10-20T00:00:00.000+03:00",
        "licensing_agency": [],
        "social": {
            "facebook": {
                "likes": 0,
                "comments": 0,
                "shares": 0
            },
            "vk": {
                "shares": 0
            }
        }
    },
    "uuid": "4612c2225f9966b2ab190109bd59163234416283",
    "url": "https://article.wn.com/view/2025/10/23/Man_wearing_inflatable_Trump_costume_allegedly_attacked_on_c/",
    "ord_in_thread": 0,
    "author": "System",
    "published": "2025-10-23T03:00:00.000+03:00",
    "title": "Man wearing inflatable Trump costume allegedly attacked on camera at blue state 'No Kings' protest: police - Worldnews.com",
    "text": "Thursday, 23 October 2025\nA Massachusetts man has been charged after allegedly assaulting a supporter of President... read full story\nAnswer for your question of the article will be displayed here ...",
    "highlightText": "",
    "highlightTitle": "",
    "highlightThreadTitle": "",
    "language": "english",
    "sentiment": "negative",
    "categories": [
        "Crime, Law and Justice",
        "Politics"
    ],
    "topics": [
        "Crime, Law and Justice->crime",
        "Crime, Law and Justice->assault",
        "Politics->political campaigns"
    ],
    "ai_allow": true,
    "has_canonical": false,
    "breaking": null,
    "webz_reporter": false,
    "external_links": [],
    "external_images": [],
    "internal_images": [],
    "entities": {
        "persons": [],
        "locations": [],
        "organizations": []
    },
    "syndication": {
        "syndicated": false,
        "syndicate_id": null,
        "first_syndicated": false
    },
    "trust": {
        "categories": [
            "trusted_news"
        ],
        "top_news": [],
        "bias": "center",
        "source": {
            "type": null,
            "city": null,
            "state": null,
            "country": null,
            "domain_type": null,
            "agency": null,
            "organization_name": null
        }
    },
    "rating": null,
    "crawled": "2025-10-23T07:11:42.686+03:00",
    "updated": "2025-10-23T07:14:52.000+03:00"
}