{
    "thread": {
        "uuid": "94329e6700f7f3a4a16524e49b62bc3c8b3087e3",
        "url": "https://article.wn.com/view/2025/10/23/China_India_to_stop_buying_Russian_oil_amid_Ukraine_war_Watc/",
        "site_full": "article.wn.com",
        "site": "wn.com",
        "site_section": "https://wn.com/china",
        "site_categories": [
            "media"
        ],
        "section_title": "WN - China",
        "site_title": "World News",
        "title": "China & India to stop buying Russian oil amid Ukraine war? Watch Donald Trump's bombshell claim",
        "title_full": "China & India to stop buying Russian oil amid Ukraine war? Watch Donald Trump's bombshell claim",
        "published": "2025-10-23T08:36:01.248+03:00",
        "replies_count": 0,
        "participants_count": 0,
        "site_type": "news",
        "country": "US",
        "main_image": "",
        "performance_score": 0,
        "domain_rank": 8219,
        "domain_rank_updated": "2025-10-20T00:00:00.000+03:00",
        "licensing_agency": [],
        "social": {
            "facebook": {
                "likes": 0,
                "comments": 0,
                "shares": 0
            },
            "vk": {
                "shares": 0
            }
        }
    },
    "uuid": "94329e6700f7f3a4a16524e49b62bc3c8b3087e3",
    "url": "https://article.wn.com/view/2025/10/23/China_India_to_stop_buying_Russian_oil_amid_Ukraine_war_Watc/",
    "ord_in_thread": 0,
    "author": null,
    "published": "2025-10-23T08:36:01.248+03:00",
    "title": "China & India to stop buying Russian oil amid Ukraine war? Watch Donald Trump's bombshell claim",
    "text": "U.S. President Donald Trump reiterated that India will sharply reduce imports of Russian oil by the end of the year, calling it a “big thing” and describing the shift as a gradual process. Speaking to reporters at the White House, Trump...\n\"be down to almost nothing.\"",
    "highlightText": "",
    "highlightTitle": "",
    "highlightThreadTitle": "",
    "language": "english",
    "sentiment": "negative",
    "categories": [
        "Politics",
        "Economy, Business and Finance",
        "War, Conflict and Unrest"
    ],
    "topics": [
        "Politics->international relations",
        "Politics->economic sanction",
        "Economy, Business and Finance->macro economics",
        "Economy, Business and Finance->foreign exchange market",
        "War, Conflict and Unrest->war"
    ],
    "ai_allow": true,
    "has_canonical": false,
    "breaking": false,
    "webz_reporter": false,
    "external_links": [],
    "external_images": [],
    "internal_images": [],
    "entities": {
        "persons": [
            {
                "name": "Donald Trump",
                "sentiment": "neutral"
            }
        ],
        "locations": [],
        "organizations": []
    },
    "syndication": {
        "syndicated": false,
        "syndicate_id": null,
        "first_syndicated": false
    },
    "trust": {
        "categories": [
            "trusted_news"
        ],
        "top_news": [],
        "bias": "center",
        "source": {
            "type": null,
            "city": null,
            "state": null,
            "country": null,
            "domain_type": null,
            "agency": null,
            "organization_name": null
        }
    },
    "rating": null,
    "crawled": "2025-10-23T08:36:01.248+03:00",
    "updated": "2025-10-23T08:40:13.000+03:00"
}