{
    "thread": {
        "uuid": "5be4745bba46d278bc00e2c58bb240a336798de5",
        "url": "http://www.uniindia.com/sabarimala-gold-theft-bjp-to-stage-day-night-protest-secretariat-seige/south/news/3619148.html",
        "site_full": "www.uniindia.com",
        "site": "uniindia.com",
        "site_section": "http://www.uniindia.net/feed.aspx?lang_id=1",
        "site_categories": [
            "media"
        ],
        "section_title": "United News Of India",
        "site_title": "UNITED NEWS OF INDIA",
        "title": "Sabarimala gold theft: BJP to stage day, night protest, Secretariat seige",
        "title_full": "Sabarimala gold theft: BJP to stage day, night protest, Secretariat seige",
        "published": "2025-10-23T08:33:40.460+03:00",
        "replies_count": 0,
        "participants_count": 1,
        "site_type": "news",
        "country": "IN",
        "main_image": "",
        "performance_score": 0,
        "domain_rank": 74661,
        "domain_rank_updated": "2025-10-20T00:00:00.000+03:00",
        "licensing_agency": [],
        "social": {
            "facebook": {
                "likes": 0,
                "comments": 0,
                "shares": 0
            },
            "vk": {
                "shares": 0
            }
        }
    },
    "uuid": "5be4745bba46d278bc00e2c58bb240a336798de5",
    "url": "http://www.uniindia.com/sabarimala-gold-theft-bjp-to-stage-day-night-protest-secretariat-seige/south/news/3619148.html",
    "ord_in_thread": 0,
    "author": "Uniindia News Service",
    "published": "2025-10-23T08:33:40.460+03:00",
    "title": "Sabarimala gold theft: BJP to stage day, night protest, Secretariat seige",
    "text": "States » SouthPosted at: Oct 23 2025 8:44AM Sabarimala gold theft: BJP to stage day, night protest, Secretariat seigeThiruvananthapuram, Oct 23 (UNI) Intensifying its attack on the ruling Left government, the Bharatiya Janata Party (BJP) will stage a two-day, round-the-clock protest and Secretariat siege tomorrow and October 25 to protest against what it describes as the “Sabarimala gold loot” carried out under the Pinarayi Vijayan government. The protest, which will begin tomorrow evening, will continue through the night and conclude by the evening of October 25. BJP State President Rajeev Chandrasekhar will inaugurate the agitation. According to party leaders, the demonstration aims to expose the alleged large-scale corruption and mismanagement surrounding temple assets, including the recent gold theft linked to Sabarimala. The BJP has accused the state government of shielding those responsible and demanded a central investigation into the matter. Senior state leaders, district office-bearers, and hundreds of party workers are expected to participate in the Secretariat blockade, which the party says will remain peaceful but determined until justice is ensured. UNI DS SQ ARNTags:",
    "highlightText": "",
    "highlightTitle": "",
    "highlightThreadTitle": "",
    "language": "english",
    "sentiment": "negative",
    "categories": [
        "Politics",
        "Crime, Law and Justice"
    ],
    "topics": [
        "Politics->political dissent",
        "Crime, Law and Justice->robbery and theft"
    ],
    "ai_allow": true,
    "has_canonical": false,
    "breaking": false,
    "webz_reporter": false,
    "external_links": [],
    "external_images": [],
    "internal_images": [],
    "entities": {
        "persons": [
            {
                "name": "Rajeev Chandrasekhar",
                "sentiment": "none"
            }
        ],
        "locations": [
            {
                "name": "Sabarimala",
                "sentiment": "none"
            }
        ],
        "organizations": [
            {
                "name": "BJP",
                "sentiment": "negative",
                "tickers": [
                    {
                        "ticker": null,
                        "exchange": null
                    }
                ]
            },
            {
                "name": "Bharatiya Janata Party",
                "sentiment": "none",
                "tickers": [
                    {
                        "ticker": null,
                        "exchange": null
                    }
                ]
            }
        ]
    },
    "syndication": {
        "syndicated": false,
        "syndicate_id": null,
        "first_syndicated": false
    },
    "trust": {
        "categories": [],
        "top_news": [],
        "bias": null,
        "source": {
            "type": null,
            "city": null,
            "state": null,
            "country": null,
            "domain_type": null,
            "agency": null,
            "organization_name": null
        }
    },
    "rating": null,
    "crawled": "2025-10-23T08:33:40.460+03:00",
    "updated": "2025-10-23T08:37:45.000+03:00"
}