{
    "thread": {
        "uuid": "9fa49091ebd3c7a0498a7f9ba13e097c989e35b1",
        "url": "https://article.wn.com/view/2025/10/23/Senator_Rosen_Responds_to_Governor_Lombardo_Stand_Up_to_Your/",
        "site_full": "article.wn.com",
        "site": "wn.com",
        "site_section": "https://wn.com/000",
        "site_categories": [
            "media"
        ],
        "section_title": "WN - 000",
        "site_title": "World News",
        "title": "Senator Rosen Responds to Governor Lombardo: Stand Up to Your Own Party to Protect 40,000 Nevadans from Losing Their Health Care, Massive Cost Increases (Jacky Rosen) - Worldnews.com",
        "title_full": "Senator Rosen Responds to Governor Lombardo: Stand Up to Your Own Party to Protect 40,000 Nevadans from Losing Their Health Care, Massive Cost Increases (Jacky Rosen) - Worldnews.com",
        "published": "2025-10-23T03:00:00.000+03:00",
        "replies_count": 0,
        "participants_count": 1,
        "site_type": "news",
        "country": "US",
        "main_image": "",
        "performance_score": 0,
        "domain_rank": 8219,
        "domain_rank_updated": "2025-10-20T00:00:00.000+03:00",
        "licensing_agency": [],
        "social": {
            "facebook": {
                "likes": 0,
                "comments": 0,
                "shares": 0
            },
            "vk": {
                "shares": 0
            }
        }
    },
    "uuid": "9fa49091ebd3c7a0498a7f9ba13e097c989e35b1",
    "url": "https://article.wn.com/view/2025/10/23/Senator_Rosen_Responds_to_Governor_Lombardo_Stand_Up_to_Your/",
    "ord_in_thread": 0,
    "author": "System",
    "published": "2025-10-23T03:00:00.000+03:00",
    "title": "Senator Rosen Responds to Governor Lombardo: Stand Up to Your Own Party to Protect 40,000 Nevadans from Losing Their Health Care, Massive Cost Increases (Jacky Rosen) - Worldnews.com",
    "text": ") WASHINGTON, DC - Today, U.S. Senator Jacky Rosen (D-NV) released the following statement in response to Governor Joe Lombardo's letter about the Republican government shutdown. Senator Rosen has repeatedly voted in favor of legislation to reopen the government and address the looming spike in health care costs ahead...\nread full story",
    "highlightText": "",
    "highlightTitle": "",
    "highlightThreadTitle": "",
    "language": "english",
    "sentiment": "negative",
    "categories": [
        "Health",
        "Politics"
    ],
    "topics": [
        "Health->health insurance",
        "Health->government health care"
    ],
    "ai_allow": true,
    "has_canonical": false,
    "breaking": null,
    "webz_reporter": false,
    "external_links": [
        "https://www.publicnow.com/view/439C2D5D4E64E2EC55E5BC11ADB8B48848241069?1761191299\n",
        "https://publicnow.com/view/439C2D5D4E64E2EC55E5BC11ADB8B48848241069?1761191299\n",
        "https://www.publicnow.com/view/439C2D5D4E64E2EC55E5BC11ADB8B48848241069\n"
    ],
    "external_images": [],
    "internal_images": [],
    "entities": {
        "persons": [
            {
                "name": "Jacky Rosen",
                "sentiment": "negative"
            },
            {
                "name": "Joe Lombardo",
                "sentiment": "neutral"
            }
        ],
        "locations": [],
        "organizations": []
    },
    "syndication": {
        "syndicated": false,
        "syndicate_id": null,
        "first_syndicated": false
    },
    "trust": {
        "categories": [
            "trusted_news"
        ],
        "top_news": [],
        "bias": "center",
        "source": {
            "type": null,
            "city": null,
            "state": null,
            "country": null,
            "domain_type": null,
            "agency": null,
            "organization_name": null
        }
    },
    "rating": null,
    "crawled": "2025-10-23T07:33:50.072+03:00",
    "updated": "2025-10-23T07:43:13.000+03:00"
}