{
    "thread": {
        "uuid": "a4a53c81d274ec226fc5f5d503c1c36f5d9098ab",
        "url": "https://www.fox10phoenix.com/news/160m-spending-claims-complicate-mcsos-push-end-federal-oversight",
        "site_full": "www.fox10phoenix.com",
        "site": "fox10phoenix.com",
        "site_section": "https://www.fox10phoenix.com/tag/us/az/cochise-county",
        "site_categories": [
            "media",
            "health",
            "cold_and_flu"
        ],
        "section_title": "Cochise County | FOX 10 Phoenix",
        "site_title": "FOX 10 Phoenix | Local News, Weather, and Live Streams | KSAZ-TV",
        "title": "$160M spending claims complicate MCSO's push to end federal oversight | FOX 10 Phoenix",
        "title_full": "$160M spending claims complicate MCSO's push to end federal oversight | FOX 10 Phoenix",
        "published": "2025-10-23T07:15:00.000+03:00",
        "replies_count": 0,
        "participants_count": 1,
        "site_type": "news",
        "country": "US",
        "main_image": "https://images.foxtv.com/static.fox10phoenix.com/www.fox10phoenix.com/content/uploads/2025/10/1280/720/snapshot-7.jpg?ve=1&amp;tl=1",
        "performance_score": 0,
        "domain_rank": 29368,
        "domain_rank_updated": "2025-10-20T00:00:00.000+03:00",
        "licensing_agency": [],
        "social": {
            "facebook": {
                "likes": 0,
                "comments": 0,
                "shares": 0
            },
            "vk": {
                "shares": 0
            }
        }
    },
    "uuid": "a4a53c81d274ec226fc5f5d503c1c36f5d9098ab",
    "url": "https://www.fox10phoenix.com/news/160m-spending-claims-complicate-mcsos-push-end-federal-oversight",
    "ord_in_thread": 0,
    "author": "Jessica Johnson",
    "published": "2025-10-23T07:15:00.000+03:00",
    "title": "$160M spending claims complicate MCSO's push to end federal oversight | FOX 10 Phoenix",
    "text": "The Brief Sheriff Jerry Sheridan dismissed an audit claiming the Maricopa County Sheriff's Office (MCSO) improperly attributed $160 million in taxpayer funds to federal oversight expenses, saying the report lacks credibility. The controversy, which involves claims that over 70% of the funds were misspent, comes as the MCSO pushes to end the federal monitoring while plaintiffs argue issues like disproportionate traffic stops show bias remains. PHOENIX - More than a decade after a federal monitor started overseeing major changes at the Maricopa County Sheriff’s Office (MCSO), Sheriff Jerry Sheridan is responding to an audit that accuses the agency of improperly attributing $160 million in taxpayer funds. What we know: The MCSO has been under federal oversight since 2013 due to a racial profiling lawsuit filed against former Sheriff Joe Arpaio. The independent, court-ordered audit claims a majority of the $160 million the department billed the county for case-related expenses was spent on items unrelated to the oversight program, such as surplus vehicles, body cameras, and a golf cart. The audit claims more than 70% of costs attributed to federal compliance were for unrelated items. Sheridan addressed the controversy at an MCSO meeting Wednesday, Oct. 22, as the department pushes to end the federal monitoring, claiming it is now in full compliance. \"I don&apos;t think there is any mislabeling of funds, I don&apos;t give the monitor&apos;s report any credibility whatsoever,\" Sheridan said. Judge Murray Snow, who oversees the federal monitoring case, addressed the audit&apos;s findings during the meeting. \"I&apos;ve given them the opportunity if they want, even though they haven&apos;t been able to do it yet, to find a justification for these figures,\" Judge Snow said. Related Dig deeper: When asked by FOX 10 to clarify if he believes each of the 38 findings are false, Sheridan deflected the specific accusations. \"I don&apos;t know if it&apos;s every one of them, OK, but to make a big deal about a golf cart, right? How much does a golf cart cost, really?\" Sheridan said. \"And the fact that they left out what it costs county taxpayers to pay him, the monitor, $32 million over 11 years, that&apos;s an awful lot of money.\" The sheriff offered insight into the department&apos;s cost tracking for the Melendres case . \"What the Sheriff&apos;s Office has done for the last 11 years is basically take the things that we are doing that are related to [the case] and just a little asterisk there so we could figure out how much this costs over the years,\" he said. Maricopa County Sheriff Jerry Sheridan Despite the audit, Sheridan took time to praise the MCSO&apos;s handling of the scrutiny, saying, \"There is no law enforcement agency that takes this as seriously as we do.\" However, an ACLU representative for the plaintiffs said work remains before oversight can end. \"MCSO has not, in our position, ruled out potential signals of bias with the alarming increase in traffic stop extensions disproportionately for minority drivers,\" said John Mitchell of the ACLU. What's next: MCSO has been given 30 days to respond to the audit, if they choose to do so. Sheriff Sheridan says they have not decided their course of action just yet. The Source FOX 10's Nicole Krasean reported on this story by attending the Oct. 22 meeting with Maricopa County Sheriff Jerry Sheridan, Judge John Snow, John Mitchell of the ACLU, and by using previous information from a FOX 10 Phoenix news report. Crime and Public Safety Maricopa County News",
    "highlightText": "",
    "highlightTitle": "",
    "highlightThreadTitle": "",
    "language": "english",
    "sentiment": "negative",
    "categories": [
        "Crime, Law and Justice",
        "Politics"
    ],
    "topics": [
        "Crime, Law and Justice->court",
        "Politics->government",
        "Politics->government budget"
    ],
    "ai_allow": true,
    "has_canonical": false,
    "breaking": false,
    "webz_reporter": false,
    "external_links": [],
    "external_images": [],
    "internal_images": [],
    "entities": {
        "persons": [
            {
                "name": "Jerry Sheridan",
                "sentiment": "negative"
            },
            {
                "name": "Joe Arpaio",
                "sentiment": "none"
            }
        ],
        "locations": [],
        "organizations": [
            {
                "name": "MCSO",
                "sentiment": "negative",
                "tickers": []
            },
            {
                "name": "Maricopa County Sheriff's Office",
                "sentiment": "neutral",
                "tickers": [
                    {
                        "ticker": null,
                        "exchange": null
                    }
                ]
            }
        ]
    },
    "syndication": {
        "syndicated": false,
        "syndicate_id": null,
        "first_syndicated": false
    },
    "trust": {
        "categories": [
            "trusted_news"
        ],
        "top_news": [],
        "bias": "center",
        "source": {
            "type": "local_news",
            "city": [
                "Bisbee",
                "Douglas",
                "McNeal"
            ],
            "state": [
                "Arizona"
            ],
            "country": [
                "US"
            ],
            "domain_type": null,
            "agency": null,
            "organization_name": null
        }
    },
    "rating": null,
    "crawled": "2025-10-23T07:21:02.698+03:00",
    "updated": "2025-10-23T09:06:53.268+03:00"
}