{
    "thread": {
        "uuid": "672ba2231c3b6f5e23902671a495cf3c867e9927",
        "url": "https://www.moneycontrol.com/world/trump-says-putin-talks-don-t-go-anywhere-as-he-imposes-new-sanctions-on-russia-s-top-oil-firms-article-13627781.html",
        "site_full": "www.moneycontrol.com",
        "site": "moneycontrol.com",
        "site_section": "https://www.moneycontrol.com/editors-picks-sign-%20/news/news",
        "site_categories": [
            "investing",
            "financial_news",
            "finance"
        ],
        "section_title": "Latest News | Latest Business News | BSE | IPO News - Moneycontrol.com",
        "site_title": "Business News Today: Stock and Share Market News, Economy and Finance News, Sensex, Nifty, Global Market, NSE, BSE Live IPO News",
        "title": "Trump says Putin talks 'don't go anywhere' as he imposes new sanctions on Russia's top oil firms",
        "title_full": "Trump says Putin talks 'don't go anywhere' as he imposes new sanctions on Russia's top oil firms",
        "published": "2025-10-23T01:33:00.000+03:00",
        "replies_count": 0,
        "participants_count": 1,
        "site_type": "news",
        "country": "IN",
        "main_image": "https://images.moneycontrol.com/static-mcnews/2025/10/20251015180144_Trump-Putin-3.jpg",
        "performance_score": 0,
        "domain_rank": 1049,
        "domain_rank_updated": "2025-10-20T00:00:00.000+03:00",
        "licensing_agency": [],
        "social": {
            "facebook": {
                "likes": 0,
                "comments": 0,
                "shares": 0
            },
            "vk": {
                "shares": 0
            }
        }
    },
    "uuid": "672ba2231c3b6f5e23902671a495cf3c867e9927",
    "url": "https://www.moneycontrol.com/world/trump-says-putin-talks-don-t-go-anywhere-as-he-imposes-new-sanctions-on-russia-s-top-oil-firms-article-13627781.html",
    "ord_in_thread": 0,
    "author": "Moneycontrol World Desk",
    "published": "2025-10-23T01:33:00.000+03:00",
    "title": "Trump says Putin talks 'don't go anywhere' as he imposes new sanctions on Russia's top oil firms",
    "text": "US President Donald Trump on Wednesday admitted that his repeated attempts to negotiate an end to the Ukraine war with Russian President Vladimir Putin have failed to yield results, even as he announced sweeping new sanctions on Moscow’s two largest oil companies. “Every time I speak with Vladimir, I have good conversations, and then they don’t go anywhere,” Trump told reporters at the White House while sitting alongside NATO Secretary-General Mark Rutte, reported BBC. The US Treasury later confirmed that the new measures target Russian energy giants Rosneft and Lukoil — a move officials described as one of the most significant sanctions yet against Moscow since the invasion began. Treasury Secretary Scott Bessent said the penalties were imposed after Trump concluded that Putin was not being “honest and forthright” in peace talks. “Given President Putin's refusal to end this senseless war, Treasury is sanctioning Russia's two largest oil companies that fund the Kremlin's war machine,” Bessent said, adding that the department was prepared “to take further action if necessary.” The announcement came a day after the planned Trump-Putin summit in Budapest was called off, with Washington expressing disappointment over the lack of progress in ceasefire negotiations. Trump said he no longer wanted to have a “wasted meeting” until Moscow demonstrated genuine interest in ending the conflict. The European Union also rolled out a new package of sanctions, including a ban on importing Russian liquefied natural gas by 2027 and travel restrictions on Russian diplomats. Since returning to the office in January, Trump has balanced pressure and diplomacy with Moscow, hoping to broker what he called a “historic peace.” But his patience appeared to wear thin after recent talks with Putin failed to move forward.\",",
    "highlightText": "",
    "highlightTitle": "",
    "highlightThreadTitle": "",
    "language": "english",
    "sentiment": "negative",
    "categories": [
        "Politics"
    ],
    "topics": [
        "Politics->government policy"
    ],
    "ai_allow": true,
    "has_canonical": false,
    "breaking": null,
    "webz_reporter": false,
    "external_links": [],
    "external_images": [],
    "internal_images": [],
    "entities": {
        "persons": [
            {
                "name": "Donald Trump",
                "sentiment": "negative"
            },
            {
                "name": "Vladimir Putin",
                "sentiment": "neutral"
            },
            {
                "name": "Scott Bessent",
                "sentiment": "none"
            },
            {
                "name": "Mark Rutte",
                "sentiment": "none"
            }
        ],
        "locations": [],
        "organizations": [
            {
                "name": "White House",
                "sentiment": "none",
                "tickers": [
                    {
                        "ticker": null,
                        "exchange": null
                    }
                ]
            },
            {
                "name": "Treasury",
                "sentiment": "none",
                "tickers": [
                    {
                        "ticker": null,
                        "exchange": null
                    }
                ]
            },
            {
                "name": "NATO",
                "sentiment": "none",
                "tickers": [
                    {
                        "ticker": null,
                        "exchange": null
                    }
                ]
            },
            {
                "name": "BBC",
                "sentiment": "none",
                "tickers": [
                    {
                        "ticker": "BBC",
                        "exchange": "NYSEARCA"
                    }
                ]
            }
        ]
    },
    "syndication": {
        "syndicated": false,
        "syndicate_id": null,
        "first_syndicated": false
    },
    "trust": {
        "categories": [],
        "top_news": [],
        "bias": null,
        "source": {
            "type": null,
            "city": null,
            "state": null,
            "country": null,
            "domain_type": null,
            "agency": null,
            "organization_name": null
        }
    },
    "rating": null,
    "crawled": "2025-10-23T07:56:57.770+03:00",
    "updated": "2025-10-23T07:58:06.000+03:00"
}