{
    "thread": {
        "uuid": "72b2c7784d0a00c0e3639332318a875841c15ce5",
        "url": "https://dailytrust.com/defections-betray-will-of-people-katsina-apc-senator",
        "site_full": "dailytrust.com",
        "site": "dailytrust.com",
        "site_section": "https://news.google.com/search?q=same%20when%3A1h&hl=en-US&gl=US&ceid=US%3Aen",
        "site_categories": [
            "media"
        ],
        "section_title": "Google News - Search",
        "site_title": null,
        "title": "Defections Betray Will Of People - Katsina APC Senator - Daily Trust",
        "title_full": "Defections Betray Will Of People - Katsina APC Senator - Daily Trust",
        "published": "2025-10-23T08:13:00.000+03:00",
        "replies_count": 0,
        "participants_count": 1,
        "site_type": "news",
        "country": "NG",
        "main_image": "https://dailytrust.com/wp-content/uploads/2022/10/Daily-Trust-Logo-566x400.jpg",
        "performance_score": 0,
        "domain_rank": 43063,
        "domain_rank_updated": "2025-10-20T00:00:00.000+03:00",
        "licensing_agency": [],
        "social": {
            "facebook": {
                "likes": 0,
                "comments": 0,
                "shares": 0
            },
            "vk": {
                "shares": 0
            }
        }
    },
    "uuid": "72b2c7784d0a00c0e3639332318a875841c15ce5",
    "url": "https://dailytrust.com/defections-betray-will-of-people-katsina-apc-senator",
    "ord_in_thread": 0,
    "author": "@@daily_trust",
    "published": "2025-10-23T08:13:00.000+03:00",
    "title": "Defections Betray Will Of People - Katsina APC Senator - Daily Trust",
    "text": "As debates continue over the propriety of elected officials defecting from one political party to another, a senator of the ruling All Progressives Congress (APC) has condemned the practice, describing it as a betrayal of the people’s mandate.\nSenator Muntari Dandutse (Katsina South) made the remark on Wednesday during the debate on the Electoral Act Amendment Bill, which was considered for second reading in the Senate.\nIn his contribution, Dandutse said the issue of defection needed to be properly addressed through stronger legislation.\nSPONSOR AD ““The defection issues need to be addressed because you cannot be elected on a platform and then you will defect without a stringent or strict law that is supposed to be put in (place). Because the mandate and the will of the people are being betrayed,” he said.\nHe added that any meaningful amendment to the Electoral Act must include measures that restore public confidence in the system and uphold the integrity of Nigeria’s democracy.\n“So, as a matter of fact, we have to look at it as leaders to ensure that if we want to make this electoral amendment and to restore the confidence of Nigerians and also to restore the dignity of Nigeria in the international fora, we have to make sure that all these issues are looked into clause by clause so that we can move this electoral bill forward and make Nigeria greater for the better and for the yet unborn generation,” he said.\nDandutse, who also spoke in support of proposals to hold all elections on the same day and to empower the Independent National Electoral Commission (INEC) to conduct local government elections, became the first lawmaker from the ruling party to openly criticise the absence of punitive measures for lawmakers who switch parties.\nHis comments come barely a week after the APC secured a two-thirds majority in the Senate for the first time since assuming power in 2015. The party is now just three members short of achieving the same feat in the House of Representatives.\nSince the inauguration of the 10th National Assembly in June 2023, more than 10 senators and over 60 members of the House of Representatives have defected from opposition parties to the ruling APC. Most cited internal crises and leadership disputes within their parties as the reason for their defections.\nThe opposition has consistently called on the leadership of the National Assembly to declare the defectors’ seats vacant, in line with Section 68(1)(g) of the 1999 Constitution, which mandates the loss of a seat if a lawmaker defects without a recognised division in their party. However, the ruling party and the presiding officers of both chambers have rejected such calls, arguing that the constitution allows lawmakers to leave their parties if there are irreconcilable crises within them.\nWithin the same period, at least four governors elected on the platform of the People’s Democratic Party (PDP) have also defected to the APC. However, while Sections 68(1)(g) and 109(1)(g) of the Constitution address defections by members of the National Assembly and state Houses of Assembly, the document does not expressly cover governors. This gap has prompted calls from civil society organisations and other electoral stakeholders for its inclusion in the ongoing constitutional amendment process.\nJoin Daily Trust WhatsApp Community For Quick Access To News and Happenings Around You.",
    "highlightText": "",
    "highlightTitle": "",
    "highlightThreadTitle": "",
    "language": "english",
    "sentiment": "negative",
    "categories": [
        "Politics"
    ],
    "topics": [
        "Politics->political parties and movements",
        "Politics->political process"
    ],
    "ai_allow": true,
    "has_canonical": false,
    "breaking": true,
    "webz_reporter": false,
    "external_links": [
        "https://bit.ly/3ULAYGr",
        "https://www.bit.ly/3ULAYGr"
    ],
    "external_images": [],
    "internal_images": [],
    "entities": {
        "persons": [
            {
                "name": "Muntari Dandutse",
                "sentiment": "none"
            }
        ],
        "locations": [],
        "organizations": [
            {
                "name": "Senate",
                "sentiment": "none",
                "tickers": [
                    {
                        "ticker": null,
                        "exchange": null
                    }
                ]
            },
            {
                "name": "APC",
                "sentiment": "none",
                "tickers": [
                    {
                        "ticker": null,
                        "exchange": null
                    }
                ]
            }
        ]
    },
    "syndication": {
        "syndicated": false,
        "syndicate_id": null,
        "first_syndicated": false
    },
    "trust": {
        "categories": [],
        "top_news": [],
        "bias": null,
        "source": {
            "type": null,
            "city": null,
            "state": null,
            "country": null,
            "domain_type": null,
            "agency": null,
            "organization_name": null
        }
    },
    "rating": null,
    "crawled": "2025-10-23T08:21:15.462+03:00",
    "updated": "2025-10-23T08:22:17.000+03:00"
}