{
    "thread": {
        "uuid": "5e6147dac51ec0744a8b49f6735935c1c5b7fae8",
        "url": "https://news.webindia123.com/news/Articles/India/20250508/4314104.html",
        "site_full": "news.webindia123.com",
        "site": "webindia123.com",
        "site_section": "https://webindia123.com",
        "site_categories": [
            "media"
        ],
        "section_title": "Latest News,India news,bollywood news,career guidance,Education,business listings,travel,health,entertainment,videos,food,craft,automobile|webindia123.com ",
        "site_title": null,
        "title": "\"Big slap to those who called PM Modi a Jumlabaaz\": Jitan Ram Manjhi on Operation Sindoor",
        "title_full": "\"Big slap to those who called PM Modi a Jumlabaaz\": Jitan Ram Manjhi on Operation Sindoor",
        "published": "2025-05-08T01:09:04.618+03:00",
        "replies_count": 0,
        "participants_count": 0,
        "site_type": "news",
        "country": "IN",
        "main_image": "",
        "performance_score": 0,
        "domain_rank": 20699,
        "domain_rank_updated": "2025-05-06T00:00:00.000+03:00",
        "licensing_agency": [],
        "social": {
            "facebook": {
                "likes": 0,
                "comments": 0,
                "shares": 0
            },
            "vk": {
                "shares": 0
            }
        }
    },
    "uuid": "5e6147dac51ec0744a8b49f6735935c1c5b7fae8",
    "url": "https://news.webindia123.com/news/Articles/India/20250508/4314104.html",
    "ord_in_thread": 0,
    "author": null,
    "published": "2025-05-08T01:09:04.618+03:00",
    "title": "\"Big slap to those who called PM Modi a Jumlabaaz\": Jitan Ram Manjhi on Operation Sindoor",
    "text": "Union Minister Jitan Ram Manjhi on Wednesday lauded Operation Sindoor, calling it proof of Prime Minister Narendra Modis decisive leadership, and said it had silenced those who doubted the PMs promises.",
    "highlightText": "",
    "highlightTitle": "",
    "highlightThreadTitle": "",
    "language": "english",
    "sentiment": "positive",
    "categories": [
        "Politics"
    ],
    "topics": [
        "Politics->political process",
        "Politics->political candidates"
    ],
    "ai_allow": true,
    "has_canonical": false,
    "breaking": false,
    "webz_reporter": false,
    "external_links": [],
    "entities": {
        "persons": [
            {
                "name": "Jitan Ram Manjhi",
                "sentiment": "negative"
            },
            {
                "name": "Narendra Modis",
                "sentiment": "none"
            }
        ],
        "locations": [],
        "organizations": []
    },
    "syndication": {
        "syndicated": false,
        "syndicate_id": null,
        "first_syndicated": false
    },
    "trust": {
        "categories": [],
        "bias": null,
        "source": {
            "type": null,
            "city": null,
            "state": null,
            "country": null,
            "domain_type": null,
            "agency": null,
            "organization_name": null
        }
    },
    "rating": null,
    "crawled": "2025-05-08T01:09:04.618+03:00",
    "updated": "2025-05-07T22:14:31.000+00:00"
}