{
    "thread": {
        "uuid": "9e348656ee9f7d2864833549d7f7bf73ea6458ff",
        "url": "https://flipboard.com/topic/gradschool/humbled-nz-s-first-pacific-woman-mp-to-receive-honorary-doctorate/a-GXBC_4wQRIemHj--CyvwpA%3Aa%3A3006369987-7a86e7d8cb%2Fco.nz",
        "site_full": "flipboard.com",
        "site": "flipboard.com",
        "site_section": "https://flipboard.com/topic/gradschool",
        "site_categories": [
            "family_and_parenting",
            "eldercare"
        ],
        "section_title": "Discover More in Graduate School on Flipboard",
        "site_title": "Flipboard: Your Social Magazine",
        "title": "'Humbled': NZ's first Pacific woman MP to receive honorary doctorate | Flipboard",
        "title_full": "'Humbled': NZ's first Pacific woman MP to receive honorary doctorate | Flipboard",
        "published": "2025-05-08T00:11:00.000+03:00",
        "replies_count": 0,
        "participants_count": 1,
        "site_type": "news",
        "country": "US",
        "main_image": "https://ic-cdn.flipboard.com/stuff.co.nz/a3e9b8b6e55d1128f113ad1e2690715bf1d76246/_medium.jpeg",
        "performance_score": 0,
        "domain_rank": 1243,
        "domain_rank_updated": "2025-05-06T00:00:00.000+03:00",
        "licensing_agency": [],
        "social": {
            "facebook": {
                "likes": 0,
                "comments": 0,
                "shares": 0
            },
            "vk": {
                "shares": 0
            }
        }
    },
    "uuid": "9e348656ee9f7d2864833549d7f7bf73ea6458ff",
    "url": "https://flipboard.com/topic/gradschool/humbled-nz-s-first-pacific-woman-mp-to-receive-honorary-doctorate/a-GXBC_4wQRIemHj--CyvwpA%3Aa%3A3006369987-7a86e7d8cb%2Fco.nz",
    "ord_in_thread": 0,
    "author": "stuff.co.nz - Mildred Armah",
    "published": "2025-05-08T00:11:00.000+03:00",
    "title": "'Humbled': NZ's first Pacific woman MP to receive honorary doctorate | Flipboard",
    "text": "‘Humbled’: NZ’s first Pacific woman MP to receive honorary doctorate Luamanuvao Dame Winnie Laban was the first Pacific Island woman MP in New Zealand and has advocated for Pasifika and working-class communities.\nstuff.co.nz - Mildred Armah • 1h",
    "highlightText": "",
    "highlightTitle": "",
    "highlightThreadTitle": "",
    "language": "english",
    "sentiment": "positive",
    "categories": [
        "Politics"
    ],
    "topics": [
        "Politics->political candidates",
        "Politics->women's rights",
        "Politics->civil rights"
    ],
    "ai_allow": true,
    "has_canonical": false,
    "breaking": false,
    "webz_reporter": false,
    "external_links": [],
    "entities": {
        "persons": [
            {
                "name": "Luamanuvao Dame Winnie Laban",
                "sentiment": "negative"
            }
        ],
        "locations": [
            {
                "name": "Pacific Island",
                "sentiment": "none"
            }
        ],
        "organizations": []
    },
    "syndication": {
        "syndicated": false,
        "syndicate_id": null,
        "first_syndicated": false
    },
    "trust": {
        "categories": [],
        "bias": null,
        "source": {
            "type": null,
            "city": null,
            "state": null,
            "country": null,
            "domain_type": null,
            "agency": null,
            "organization_name": null
        }
    },
    "rating": null,
    "crawled": "2025-05-08T01:57:11.953+03:00",
    "updated": "2025-05-07T22:58:34.000+00:00"
}