{
    "thread": {
        "uuid": "6aa718c1d13ef26d707360b044070f2367501a26",
        "url": "https://www.cbsnews.com/texas/video/trump-administration-says-its-preparing-for-trade-talks-with-china",
        "site_full": "www.cbsnews.com",
        "site": "cbsnews.com",
        "site_section": "https://news.google.com/search?q=its%20when%3A1h&hl=en-US&gl=US&ceid=US%3Aen",
        "site_categories": [
            "media",
            "television",
            "entertainment",
            "top_news_ca",
            "top_news_ph",
            "top_news_iq",
            "top_news_nz",
            "top_news_au",
            "top_news_us",
            "top_news_za",
            "top_news_sg",
            "top_news_kw",
            "top_news"
        ],
        "section_title": "Google News - Search",
        "site_title": "CBS News | Breaking news, top stories &amp; today's latest headlines",
        "title": "Trump administration says its preparing for trade talks with China - CBS Texas",
        "title_full": "Trump administration says its preparing for trade talks with China - CBS Texas",
        "published": "2025-05-08T00:40:00.000+03:00",
        "replies_count": 0,
        "participants_count": 1,
        "site_type": "news",
        "country": "US",
        "main_image": "https://assets2.cbsnewsstatic.com/hub/i/r/2025/05/07/443be5d2-1348-4494-b743-c899cad1cd5d/thumbnail/1200x630/c6cb5a350de96c8b479e78f58b3945a6/6834fbcfa0c556b291d411040d9e6b47.jpg?v=e61856d8e666e7ed5709adc37bb2d465",
        "performance_score": 0,
        "domain_rank": 203,
        "domain_rank_updated": "2025-05-06T00:00:00.000+03:00",
        "licensing_agency": [],
        "social": {
            "facebook": {
                "likes": 0,
                "comments": 0,
                "shares": 0
            },
            "vk": {
                "shares": 0
            }
        }
    },
    "uuid": "6aa718c1d13ef26d707360b044070f2367501a26",
    "url": "https://www.cbsnews.com/texas/video/trump-administration-says-its-preparing-for-trade-talks-with-china",
    "ord_in_thread": 0,
    "author": "CBS Texas",
    "published": "2025-05-08T00:40:00.000+03:00",
    "title": "Trump administration says its preparing for trade talks with China - CBS Texas",
    "text": "President Trump said China wants to make a deal \"very badly.\"",
    "highlightText": "",
    "highlightTitle": "",
    "highlightThreadTitle": "",
    "language": "english",
    "sentiment": "positive",
    "categories": [
        "Economy, Business and Finance",
        "Politics"
    ],
    "topics": [
        "Economy, Business and Finance->business strategy and marketing",
        "Economy, Business and Finance->foreign exchange market",
        "Politics->government",
        "Politics->international relations",
        "Politics->economic policy"
    ],
    "ai_allow": true,
    "has_canonical": false,
    "breaking": true,
    "webz_reporter": false,
    "external_links": [],
    "entities": {
        "persons": [],
        "locations": [],
        "organizations": []
    },
    "syndication": {
        "syndicated": false,
        "syndicate_id": null,
        "first_syndicated": false
    },
    "trust": {
        "categories": [],
        "bias": "center",
        "source": {
            "type": null,
            "city": null,
            "state": null,
            "country": null,
            "domain_type": null,
            "agency": null,
            "organization_name": null
        }
    },
    "rating": null,
    "crawled": "2025-05-08T01:54:23.862+03:00",
    "updated": "2025-05-07T22:57:56.000+00:00"
}