{
    "thread": {
        "uuid": "d83470394a8ebfd856814d9a5419447f346b0252",
        "url": "https://www.gurufocus.com/news/2840302/kodiak-gas-services-announces-first-quarter-2025-financial-results-provides-updated-full-year-2025-guidance-kgs-stock-news",
        "site_full": "www.gurufocus.com",
        "site": "gurufocus.com",
        "site_section": "https://www.gurufocus.com/rss.php",
        "site_categories": [
            "investing",
            "financial_news",
            "finance"
        ],
        "section_title": "GuruFocus New Articles",
        "site_title": "GuruFocus | Stock Market Research, Data and Tools",
        "title": "Kodiak Gas Services Announces First Quarter 2025 Financial Results, Provides Updated Full Year ...",
        "title_full": "Kodiak Gas Services Announces First Quarter 2025 Financial Results, Provides Updated Full Year ...",
        "published": "2025-05-08T01:20:00.000+03:00",
        "replies_count": 0,
        "participants_count": 1,
        "site_type": "news",
        "country": "US",
        "main_image": "https://static.gurufocus.com/images/global_logo_twitter_card.png",
        "performance_score": 0,
        "domain_rank": 8327,
        "domain_rank_updated": "2025-05-06T00:00:00.000+03:00",
        "licensing_agency": [],
        "social": {
            "facebook": {
                "likes": 0,
                "comments": 0,
                "shares": 0
            },
            "vk": {
                "shares": 0
            }
        }
    },
    "uuid": "d83470394a8ebfd856814d9a5419447f346b0252",
    "url": "https://www.gurufocus.com/news/2840302/kodiak-gas-services-announces-first-quarter-2025-financial-results-provides-updated-full-year-2025-guidance-kgs-stock-news",
    "ord_in_thread": 0,
    "author": "@gurufocus",
    "published": "2025-05-08T01:20:00.000+03:00",
    "title": "Kodiak Gas Services Announces First Quarter 2025 Financial Results, Provides Updated Full Year ...",
    "text": "- Kodiak Gas Services (\nKGS,Financial) reported a net income of $30.4 million for Q1 2025, showing significant growth from its previous quarter. - The company raised its full-year 2025 adjusted EBITDA guidance to a range of $695 to $725 million, reflecting confidence in future operations.\n- Kodiak increased its quarterly dividend by 10% to $0.45 per share, highlighting a strong return of capital to shareholders.\nKodiak Gas Services, Inc. (KGS), a prominent energy infrastructure provider, released its financial results for the first quarter ended March 31, 2025. The company reported a net income of $30.4 million, marking an increase from $19.1 million in the previous quarter, and closely aligning with the $30.2 million from the same period last year.\nKodiak achieved record quarterly adjusted EBITDA of $177.7 million. The contract services segment showed a 3.1% sequential increase in revenue to $289.0 million, while the gross margin improved to $125.2 million. Fleet utilization rose to 96.9%, reflecting strategic enhancements and a focus on high-demand compression services.\nSignificantly, during Q1 2025, Kodiak deployed 48,900 horsepower of new compression units and repurchased approximately $10 million of common stock at an average price of $36.87. The quarterly dividend was increased by 10% to $0.45 per share, further indicating the company’s robust financial health and shareholder commitment.\nKodiak's updated full-year 2025 outlook projects adjusted EBITDA between $695 and $725 million, which is a $10 million increase at the lower end of the previous guidance. The company emphasizes operational efficiency and fleet optimization as drivers of this positive forecast amidst fluctuating energy prices.\nTotal debt at the end of the quarter was $2.6 billion, with $319.3 million in available liquidity, maintaining a leverage ratio of 3.7x. Kodiak remains poised to meet future growth and service demands in the U.S. natural gas sector, supported by stable, fixed-revenue contracts with key partners.",
    "highlightText": "",
    "highlightTitle": "",
    "highlightThreadTitle": "",
    "language": "english",
    "sentiment": "positive",
    "categories": [
        "Economy, Business and Finance",
        "Economy, Business and Finance",
        "Politics"
    ],
    "topics": [
        "Economy, Business and Finance->financial service",
        "Economy, Business and Finance->business reporting and performance",
        "Economy, Business and Finance->business reporting and performance",
        "Economy, Business and Finance->financial service",
        "Politics->economic policy",
        "Politics->government budget"
    ],
    "ai_allow": true,
    "has_canonical": false,
    "breaking": false,
    "webz_reporter": false,
    "external_links": [],
    "entities": {
        "persons": [],
        "locations": [],
        "organizations": [
            {
                "name": "Kodiak Gas Services, Inc.",
                "sentiment": "none",
                "tickers": []
            }
        ]
    },
    "syndication": {
        "syndicated": false,
        "syndicate_id": null,
        "first_syndicated": false
    },
    "trust": {
        "categories": [],
        "bias": null,
        "source": {
            "type": null,
            "city": null,
            "state": null,
            "country": null,
            "domain_type": null,
            "agency": null,
            "organization_name": null
        }
    },
    "rating": null,
    "crawled": "2025-05-08T01:35:14.402+03:00",
    "updated": "2025-05-07T22:40:13.000+00:00"
}