{
    "thread": {
        "uuid": "ca3c2c4867fc167671a658abe64a9b5c692f4b6b",
        "url": "https://tribune.com.pk/story/2514030/reserves-hit-166b-on-adb-inflows",
        "site_full": "tribune.com.pk",
        "site": "tribune.com.pk",
        "site_section": "https://tribune.com.pk",
        "site_categories": [
            "media",
            "top_news_pk",
            "top_news"
        ],
        "section_title": "International News, Latest News, Breaking News  | The Express Tribune",
        "title": "Reserves hit 16 6b on ADB inflows",
        "title_full": "Reserves hit 16 6b on ADB inflows",
        "published": "2024-12-05T21:32:00.000+02:00",
        "replies_count": 0,
        "participants_count": 1,
        "site_type": "news",
        "country": "",
        "main_image": "https://i.tribune.com.pk/media/images/11623700657-0/11623700657-0.jpg",
        "performance_score": 0,
        "domain_rank": 4092,
        "domain_rank_updated": "2024-12-02T23:00:00.000+02:00",
        "social": {
            "facebook": {
                "likes": 0,
                "comments": 0,
                "shares": 0
            },
            "vk": {
                "shares": 0
            }
        }
    },
    "uuid": "ca3c2c4867fc167671a658abe64a9b5c692f4b6b",
    "url": "https://tribune.com.pk/story/2514030/reserves-hit-166b-on-adb-inflows",
    "ord_in_thread": 0,
    "parent_url": null,
    "author": "Usman Hanif",
    "published": "2024-12-05T21:32:00.000+02:00",
    "title": "Reserves hit 16 6b on ADB inflows",
    "text": "Pakistan's total liquid foreign reserves reached $16.6 billion as of November 29, 2024, according to the State Bank of Pakistan (SBP). These reserves include $12 billion held by the SBP and $4.6 billion held by commercial banks. The SBP reserves increased by $620 million during the week, primarily due to an official inflow of $500 million from the Asian Development Bank (ADB).\nAdditionally, the Saudi Fund for Development (SFD) extended the term for a $3 billion deposit maturing on December 5, 2024, by another year. This extension underscores Saudi Arabia's continued support for Pakistan, contributing to strengthened foreign exchange reserves and economic stability. Initially signed in 2021, the agreement has been rolled over annually since 2022, reflecting the strong relationship between the two nations.\nIn the currency market, the Pakistani rupee remained largely stable against the US dollar on Thursday, recording a minor depreciation of 0.01% in the interbank market. By the end of the session, the rupee stood at Rs277.94, slightly lower by Rs0.02 compared to Wednesday's rate of Rs277.92, as per SBP data. In the open market, the rupee traded at Rs277.16, reflecting a marginal increase of Rs0.09 from the previous day's rate.\nExperts highlighted that Pakistan's economic indicators are showing signs of improvement. A reduced trade deficit, declining inflation, and growing political stability have fostered optimism among investors. Zafar Paracha of the Exchange Companies Association of Pakistan (ECAP) described the recent rupee depreciation as routine,underscoring its stable trajectory. Despite disruptions in November, investor confidence in the government's economic management is strengthening, contributing to a gradual upward trend in the rupee.\nMeanwhile, gold prices in Pakistan recorded an increase on Thursday, in line with a rise in international rates, after remaining stable during the previous session. In the local market, the price of gold per tola climbed by Rs500, reaching Rs275,700, while the price for 10 grams rose by Rs428, settling at Rs236,368, according to the All-Pakistan Gems and Jewellers Sarafa Association (APGJSA).\nOn Wednesday, gold prices had remained unchanged across the country. Internationally, gold prices also experienced an uptick on Thursday, with the APGJSA reporting the global rate at $2,645 per ounce, reflecting a $5 increase. Spot gold remained steady at $2,649.69 per ounce, while US gold futures eased 0.1% to $2,673.30. Market activity remained cautious as investors awaited US non-farm payroll data and the Fed's meeting.\nCOMMENTS\nComments are moderated and generally will be posted if they are on-topic and not abusive.\nFor more information, please see our [Comments FAQ](/comments-policy)",
    "highlightText": "",
    "highlightTitle": "",
    "highlightThreadTitle": "",
    "language": "english",
    "sentiment": "positive",
    "categories": [
        "Economy, Business and Finance",
        "Human Interest",
        "Politics"
    ],
    "topics": null,
    "ai_allow": true,
    "has_canonical": false,
    "webz_reporter": false,
    "external_links": [],
    "external_images": [],
    "entities": {
        "persons": [],
        "organizations": [],
        "locations": []
    },
    "syndication": {
        "syndicated": false,
        "syndicate_id": "ca3c2c4867fc167671a658abe64a9b5c692f4b6b",
        "first_syndicated": true
    },
    "rating": null,
    "crawled": "2024-12-06T01:51:09.166+02:00",
    "updated": "2024-12-06T01:51:09.166+02:00"
}