{
    "thread": {
        "uuid": "8a523f18d504c51a1d9f9f02a6441d7bba2900f4",
        "url": "https://www.lemonde.fr/en/international/article/2024/12/05/thousands-rally-in-romania-for-pro-european-presidential-runner_6735302_4.html",
        "site_full": "www.lemonde.fr",
        "site": "lemonde.fr",
        "site_section": "https://www.golf.einnews.com/live_feed",
        "site_categories": [
            "travel",
            "france",
            "top_news_se",
            "top_news_il",
            "top_news_dk",
            "top_news_fr",
            "top_news_cz",
            "top_news_fi",
            "top_news_nz",
            "top_news_be",
            "top_news_ch",
            "top_news_ma",
            "top_news_ae",
            "top_news_ca",
            "top_news_cl",
            "top_news_iq",
            "top_news_pt",
            "top_news"
        ],
        "section_title": "Live Feed Wire - Golf News Today - EIN Presswire",
        "title": "Thousands rally in Romania for pro-European presidential runner",
        "title_full": "Thousands rally in Romania for pro-European presidential runner",
        "published": "2024-12-05T21:53:00.000+02:00",
        "replies_count": 0,
        "participants_count": 1,
        "site_type": "news",
        "country": "FR",
        "main_image": "https://img.lemde.fr/2024/12/05/0/0/6447/4298/1440/960/60/0/ba60633_4db9bfc92ce5415daef9253725dd5f8e-0-e754eef70b9b46d7a10334d2f9e44392.jpg",
        "performance_score": 0,
        "domain_rank": 551,
        "domain_rank_updated": "2024-12-02T23:00:00.000+02:00",
        "social": {
            "facebook": {
                "likes": 0,
                "comments": 0,
                "shares": 0
            },
            "vk": {
                "shares": 0
            }
        }
    },
    "uuid": "8a523f18d504c51a1d9f9f02a6441d7bba2900f4",
    "url": "https://www.lemonde.fr/en/international/article/2024/12/05/thousands-rally-in-romania-for-pro-european-presidential-runner_6735302_4.html",
    "ord_in_thread": 0,
    "parent_url": null,
    "author": "Le Monde with AFP",
    "published": "2024-12-05T21:53:00.000+02:00",
    "title": "Thousands rally in Romania for pro-European presidential runner",
    "text": "In the first-round on November 24, far right outsider Calin Georgescu, a past admirer of Russian President Vladimir Putin, took the most votes, sparking fears about the future of the EU and NATO member and triggering protests especially among young people.\nLe Monde with AFP\nPublished yesterday at 10:53 pm (Paris), updated at 12:21 am 2 min read\nShare Share on Messenger Share on Facebook Share by email Share on Linkedin Copy link Several thousand rallied in Romania on Thursday in support of a pro-European presidential candidate a few days before key elections, fearing their democratic rights were under threat.\nAround 3,000 gathered at University Square in the capital Bucharest, waving European Union flags and chanting \"Freedom\" and \"Europe.\"\nIn the first-round on November 24, far right outsider Calin Georgescu, a past admirer of Russian President Vladimir Putin, took the most votes, sparking fears about the future of the EU and NATO member and triggering protests especially among young people.\nGeorgescu is to face Elena Lasconi, the leader of the centrist, pro-EU USR party, in a run-off on Sunday.\n\"I fear that democracy is going to disappear in this country and this is what I don't want,\" said Liliana Rotaru, who works in the banking sector.\nRead more Subscribers only Far right makes spectacular breakthrough in Romania \"I trust my people and hope that they will choose wisely and vote for the European Union and NATO,\" the 50-year-old added. \"So that means for Mrs Lasconi.\"\nAnother protester, Radu Bourceanu, who works in human resources, said the protesters gathered to show \"we are pro European\" but said it was hard to predict the outcome of Sunday's vote \"because, we have a mass manipulation through diverse, social media apps.\"\nRomanian authorities have pointed to \"massive\" social media promotion, \"manipulated\" influencers and cyberattacks as they declassified documents detailing allegations against Georgescu and Russia.\n\"I'm really anxious, and I do really hope that democracy will win and the Russian influence will not prevail in Romanian elections,\" said Laura Boncu, 33.\nPartner service Learn French with Gymglish Thanks to a daily lesson, an original story and a personalized correction, in 15 minutes per day. Try for free \"I don't know how our future will look if the Russian candidate, the pro-Russian candidate, will win,\" she said.\n\"I'm here to show that Romania is still a democracy, and we're fighting and we're showing up to be able to live tomorrow in a democracy.\"\nGeorgescu has in recent days avoided answering questions about his previous praise for Putin and his \"Russian wisdom.\"\nA critic of the EU and NATO, he says he does not want to leave either grouping but wants to put Romania \"on the world map.\"\n'Intentional manipulation' The European Commission on Thursday said it had stepped up its monitoring of TikTok, after receiving information about possible Russian interference in Romania's presidential election.\nWhile stopping short of announcing an infringement by TikTok, the European Commission said the Chinese-origin video-sharing platform should \"freeze and preserve\" data related to the \"actual or foreseeable systemic risks its service could pose on electoral processes and civic discourse in the EU.\"\nRead more Romanian presidency accuses TikTok of 'preferential treatment' for far-right candidate The European executive acts as the EU's digital watchdog under the Digital Services Act (DSA), which came fully into force on February 17.\nTikTok, owned by Chinese tech company ByteDance, must also retain internal documents and information about the design and functioning of its \"recommender systems,\" as well as information on the way it addresses the risk of \"intentional manipulation,\" the Commission said.\n\"We have already been cooperating with the Commission and will continue to do so,\" a TikTok spokesperson said in a statement. \"We look forward to establishing the facts in light of some of the speculation and inaccurate reports we have seen.\"\nAuthorities in Bucharest have alleged Russian meddling and \"preferential treatment\" by TikTok of the far-right candidate Calin Georgescu, who won the first-round vote. TikTok denied the claim, and Russia insisted it was not interfering in the election.\nLe Monde with AFP\nReuse this content",
    "highlightText": "",
    "highlightTitle": "",
    "highlightThreadTitle": "",
    "language": "english",
    "sentiment": "positive",
    "categories": [
        "Politics",
        "Social Issue",
        "Human Interest"
    ],
    "topics": null,
    "ai_allow": false,
    "has_canonical": false,
    "webz_reporter": false,
    "external_links": [],
    "external_images": [],
    "entities": {
        "persons": [],
        "organizations": [],
        "locations": []
    },
    "syndication": {
        "syndicated": false,
        "syndicate_id": null,
        "first_syndicated": false
    },
    "rating": null,
    "crawled": "2024-12-06T01:53:48.306+02:00",
    "updated": "2024-12-06T01:53:48.306+02:00"
}