{
    "thread": {
        "uuid": "3b2bca89d2021c1e4dd7f13ba6c5b1936e0f09ff",
        "url": "https://news.bloomberglaw.com/health-law-and-business/hhs-urges-health-providers-to-comply-with-language-requirements",
        "site_full": "news.bloomberglaw.com",
        "site": "bloomberglaw.com",
        "site_section": "https://news.bgov.com/health-law-and-business",
        "site_categories": [
            "media"
        ],
        "section_title": "Health Law &amp; Business News",
        "title": "HHS Urges Health Providers to Comply With Language Requirements",
        "title_full": "HHS Urges Health Providers to Comply With Language Requirements",
        "published": "2024-12-05T21:31:00.000+02:00",
        "replies_count": 0,
        "participants_count": 1,
        "site_type": "news",
        "country": "US",
        "main_image": "https://db0ip7zd23b50.cloudfront.net/dims4/default/6c5c36f/2147483647/crop/5519x2123+0+333/resize/959x370%3E/quality/90/?url=http%3A%2F%2Fbloomberg-bna-brightspot.s3.amazonaws.com%2Fad%2Fb4%2Face1eb90443dab191c653d108bdf%2Fgettyimages-1157263234.jpg",
        "performance_score": 0,
        "domain_rank": 2114,
        "domain_rank_updated": "2024-12-02T23:00:00.000+02:00",
        "social": {
            "facebook": {
                "likes": 0,
                "comments": 0,
                "shares": 0
            },
            "vk": {
                "shares": 0
            }
        }
    },
    "uuid": "3b2bca89d2021c1e4dd7f13ba6c5b1936e0f09ff",
    "url": "https://news.bloomberglaw.com/health-law-and-business/hhs-urges-health-providers-to-comply-with-language-requirements",
    "ord_in_thread": 0,
    "parent_url": null,
    "author": "Ian Lopez",
    "published": "2024-12-05T21:31:00.000+02:00",
    "title": "HHS Urges Health Providers to Comply With Language Requirements",
    "text": "The US Department of Health and Human Services is pressing health-care providers to comply with often overlooked discrimination protections for people with disabilities or limited English proficiency.\n[The “dear colleagues” letter](https://www.hhs.gov/sites/default/files/ocr-dcl-section-1557-language-access.pdf), issued Thursday, points to HHS rulemaking around the hotly contested Section 1557 of the Affordable Care Act. HHS views on Section 1557 discrimination protections have varied between several presidential administrations, particularly around the extent to which they protect LGBTQ people.\nAs noted in the letter, the HHS’ most recent [rulemaking](https://public-inspection.federalregister.gov/2024-08711.pdf) on 1557 lays out requirements for health providers and others to make sure non-English speakers can properly access ...\nLearn more about Bloomberg Law or Log In to keep reading:\nLearn About Bloomberg Law\nAI-powered legal analytics, workflow tools and premium legal & business news.\nAlready a subscriber?\nLog in to keep reading or access research tools.",
    "highlightText": "",
    "highlightTitle": "",
    "highlightThreadTitle": "",
    "language": "english",
    "sentiment": "positive",
    "categories": [
        "Health",
        "Social Issue",
        "Politics"
    ],
    "topics": null,
    "ai_allow": true,
    "has_canonical": false,
    "webz_reporter": false,
    "external_links": [
        "https://public-inspection.federalregister.gov/2024-08711.pdf",
        "https://www.hhs.gov/sites/default/files/ocr-dcl-section-1557-language-access.pdf",
        "https://hhs.gov/sites/default/files/ocr-dcl-section-1557-language-access.pdf",
        "https://www.public-inspection.federalregister.gov/2024-08711.pdf"
    ],
    "external_images": [],
    "entities": {
        "persons": [],
        "organizations": [
            {
                "name": "US Department of Health and Human Services",
                "sentiment": "negative"
            }
        ],
        "locations": []
    },
    "syndication": {
        "syndicated": false,
        "syndicate_id": null,
        "first_syndicated": false
    },
    "rating": null,
    "crawled": "2024-12-06T00:04:04.170+02:00",
    "updated": "2024-12-06T00:04:04.170+02:00"
}