{
    "thread": {
        "uuid": "a6854e8694086a370ce563f55ea3a7b91e8d373c",
        "url": "https://www.deccanherald.com/india/karnataka/siddu-hogs-limelight-as-congress-makes-a-mark-in-hassan-3305762",
        "site_full": "www.deccanherald.com",
        "site": "deccanherald.com",
        "site_section": "https://www.deccanherald.com/india/assam",
        "site_categories": [
            "media",
            "top_news_in",
            "top_news_kw",
            "top_news"
        ],
        "section_title": "Assam News, Latest Assam News, New Assam News Today and Headlines | Deccan Herald ",
        "title": "Siddu hogs limelight as Congress makes a mark in Hassan",
        "title_full": "Siddu hogs limelight as Congress makes a mark in Hassan",
        "published": "2024-12-05T23:49:00.000+02:00",
        "replies_count": 0,
        "participants_count": 1,
        "site_type": "news",
        "country": "IN",
        "main_image": "https://images.deccanherald.com/deccanherald%2F2024-12-05%2Fkyop1z2r%2Ffile7yclkpa7337sjlcbbbt.jpg?rect=0%2C0%2C3560%2C1869&amp;w=1200&amp;ar=40%3A21&amp;auto=format%2Ccompress&amp;ogImage=true&amp;mode=crop",
        "performance_score": 0,
        "domain_rank": 2873,
        "domain_rank_updated": "2024-12-02T23:00:00.000+02:00",
        "social": {
            "facebook": {
                "likes": 0,
                "comments": 0,
                "shares": 0
            },
            "vk": {
                "shares": 0
            }
        }
    },
    "uuid": "a6854e8694086a370ce563f55ea3a7b91e8d373c",
    "url": "https://www.deccanherald.com/india/karnataka/siddu-hogs-limelight-as-congress-makes-a-mark-in-hassan-3305762",
    "ord_in_thread": 0,
    "parent_url": null,
    "author": "Sujay B M",
    "published": "2024-12-05T23:49:00.000+02:00",
    "title": "Siddu hogs limelight as Congress makes a mark in Hassan",
    "text": "<p>Hassan: Chief Minister Siddaramaiah hogged the limelight on Thursday at the Jana Kalyana Samavesha in Hassan even as it was projected as a Congress event and not just centred on the chief minister. </p>.<p>While Congress leaders termed their leader “Bhagyagala Saradara,” and “Tagaru,” many of his fans travelled hundreds of kilometres just to catch a glimpse of the CM.</p>.<p>The convention, jointly organised by the Karnataka Pradesh Congress Committee (KPCC) and the Swabhimanigala Okkootagalu, saw the attendance of around 1.5 lakh people from around six districts of the Old Mysore region.</p>.<p>Keen to sustain the momentum gained after the 3-0 clean sweep in the just-concluded bypolls, the grand old party relied on Siddaramaiah’s mass appeal and its five flagship guarantees to widen its base Hassan - a traditional JD(S) stronghold.</p>.<p>In tune with this strategy, Siddaramaiah, his deputy D K Shivakumar and other leaders went hammer and tongs against former PM H D Deve Gowda and his family.</p>.<p>Initially planned to blunt the BJP-JD(S) combine’s attack on Siddaramaiah over alleged Mysuru Urban Development Authority (MUDA) irregularities and to showcase the chief minister’s popularity, the event was termed Siddaramaiah Swabhimani Janandolana Samavesha.</p>.<p>However, after criticism from within Congress over the personality-centric event and Shivakumar’s intervention, the event assumed a party character.</p>.<p>For his part, even the chief minister acknowledged the importance of the KPCC being involved in the event.</p>.<p>“Swabhimanigala Okkootagalu wanted to organise this event under their banner. However, I told them that as the CM of the state, I cannot participate unless the party is also involved. Some non-Congress members who sympathise with the party are also part of the convention.”</p>.<p>Recalling thespian Rajkumar’s popular coinage “Abhimani Devaragalu” (Fans are Gods), Siddaramaiah termed voters as Gods.</p>.<p>Despite talks resurfacing of a potential power sharing between Siddaramaiah and Shivakumar, the euphoria at the event forced the DyCM to play second fiddle.</p>.<p>After a loud cheer by Siddaramaiah’s followers, Shivakumar said: “Don’t worry. In Mysuru, this bande (rock) D K Shivakumar has said that he will be with Siddaramaiah. I will be there now, tomorrow also and till I die. This is the history of this Kanakapura Bande. Wherever I work, I am honest.”</p>.<p>The emphasis on Siddaramaiah and the involvement of his followers was reminiscent of Siddaramotsava, an event conducted in Davangere in 2022 to commemorate Siddaramaiah’s 75th birthday. Recalling the Ahinda (Kannada acronym for minorities, backward classes and SC/STs), convention in 2005, Siddaramaiah reiterated that he did not leave the JD(S) but was instead expelled from the regional party after the convention.</p>.<p>Stepping up the attack on the NDA, Congress leaders emphasised that the guarantees were here to stay.</p>",
    "highlightText": "",
    "highlightTitle": "",
    "highlightThreadTitle": "",
    "language": "english",
    "sentiment": "positive",
    "categories": [
        "Politics",
        "Human Interest",
        "Social Issue"
    ],
    "topics": null,
    "ai_allow": true,
    "has_canonical": false,
    "webz_reporter": false,
    "external_links": [],
    "external_images": [],
    "entities": {
        "persons": [],
        "organizations": [],
        "locations": []
    },
    "syndication": {
        "syndicated": false,
        "syndicate_id": null,
        "first_syndicated": false
    },
    "rating": null,
    "crawled": "2024-12-06T00:42:20.738+02:00",
    "updated": "2024-12-06T00:42:20.738+02:00"
}