{
    "thread": {
        "uuid": "ff4cae4b9a93b11f72205e6d9aa9d46eaf1e74a4",
        "url": "https://www.marinelink.com/news/japan-steps-maritime-security-aid-519973?cid=22",
        "site_full": "www.marinelink.com",
        "site": "marinelink.com",
        "site_section": "https://www.marinelink.com/news/rss?cid=22",
        "site_categories": [
            "media"
        ],
        "section_title": "MarineLink News",
        "title": "Japan Steps Up with Maritime Security Aid for the Philippines",
        "title_full": "Japan Steps Up with Maritime Security Aid for the Philippines",
        "published": "2024-12-05T21:21:00.000+02:00",
        "replies_count": 0,
        "participants_count": 0,
        "site_type": "news",
        "country": "US",
        "main_image": "https://images.marinelink.com/images/maritime/w800/copyright-polackadobestock-155227.jpg",
        "performance_score": 0,
        "domain_rank": 24014,
        "domain_rank_updated": "2024-12-02T23:00:00.000+02:00",
        "social": {
            "facebook": {
                "likes": 0,
                "comments": 0,
                "shares": 0
            },
            "vk": {
                "shares": 0
            }
        }
    },
    "uuid": "ff4cae4b9a93b11f72205e6d9aa9d46eaf1e74a4",
    "url": "https://www.marinelink.com/news/japan-steps-maritime-security-aid-519973?cid=22",
    "ord_in_thread": 0,
    "parent_url": null,
    "author": null,
    "published": "2024-12-05T21:21:00.000+02:00",
    "title": "Japan Steps Up with Maritime Security Aid for the Philippines",
    "text": "Japan Steps Up with Maritime Security Aid for the Philippines\nJapan and the Philippines signed a 1.6 billion yen ($10.65 million) security assistance deal on Thursday to boost the Southeast Asian nation's maritime security and surveillance abilities amid heightened tensions in the South China Sea.\nBoth the Philippines and Japan, two of the United States' closest Asian allies, have taken a strong line against what they see as aggressive behavior by Chinese vessels amid decades-old disputes over maritime sovereignty.\nJapan will provide the Philippine Navy with equipment such as rigid-hulled inflatable boats and coastal radar systems under its Overseas Security Assistance program to enhance its maritime domain awareness capabilities.\n\"The project is expected to contribute to maintaining and strengthening regional security and to enhance the security of the vital sea lanes, and will be of significance to Japan's security,\" Japan's embassy in Manila said.\nThe Philippine Air Force will receive equipment to support its air surveillance radar system, boosting monitoring capabilities, it added.\n\"The strengthened security cooperation reflects Japan and the Philippines' shared commitment to regional peace and stability,\" the Philippines' Department of National Defense said in a statement.\nJapan has no claim to the South China Sea, but has a separate maritime dispute with China in the East China Sea.\nOn Wednesday, the Philippines accused Chinese coast guard vessels of firing water cannons and side-swiping a Manila fisheries bureau boat on a resupply mission in a contested shoal in the South China Sea. China has maintained that its actions were lawful and professional.\n(Reuters)",
    "highlightText": "",
    "highlightTitle": "",
    "highlightThreadTitle": "",
    "language": "english",
    "sentiment": "positive",
    "categories": [
        "Politics",
        "War, Conflict and Unrest",
        "Economy, Business and Finance"
    ],
    "topics": null,
    "ai_allow": true,
    "has_canonical": false,
    "webz_reporter": false,
    "external_links": [],
    "external_images": [],
    "entities": {
        "persons": [],
        "organizations": [
            {
                "name": "Philippine Navy",
                "sentiment": "none"
            }
        ],
        "locations": [
            {
                "name": "South",
                "sentiment": "none"
            }
        ]
    },
    "syndication": {
        "syndicated": false,
        "syndicate_id": null,
        "first_syndicated": false
    },
    "rating": null,
    "crawled": "2024-12-06T01:19:25.737+02:00",
    "updated": "2024-12-06T01:19:25.737+02:00"
}