{
    "thread": {
        "uuid": "3ec0f2be75404121bef4a509fcc88d2b22dfd5c9",
        "url": "https://myfox28columbus.com/news/nation-world/elon-musks-son-x-12-joins-dad-for-doge-meeting-on-capitol-hill",
        "site_full": "myfox28columbus.com",
        "site": "myfox28columbus.com",
        "site_section": "https://myfox28columbus.com",
        "site_categories": [
            "media"
        ],
        "section_title": "chevron-right",
        "title": "Elon Musk's son X-Æ-12 joins dad for DOGE meeting on Capitol Hill",
        "title_full": "Elon Musk's son X-Æ-12 joins dad for DOGE meeting on Capitol Hill",
        "published": "2024-12-05T23:42:00.000+02:00",
        "replies_count": 0,
        "participants_count": 1,
        "site_type": "news",
        "country": "US",
        "main_image": "https://myfox28columbus.com/resources/media2/16x9/1536/986/0x129/90/9e9aa237-3db3-475f-9348-41dbcb1c8ca8-GeEEfa3W4AAnE6o.jpeg",
        "performance_score": 0,
        "domain_rank": 60407,
        "domain_rank_updated": "2024-12-02T23:00:00.000+02:00",
        "social": {
            "facebook": {
                "likes": 0,
                "comments": 0,
                "shares": 0
            },
            "vk": {
                "shares": 0
            }
        }
    },
    "uuid": "3ec0f2be75404121bef4a509fcc88d2b22dfd5c9",
    "url": "https://myfox28columbus.com/news/nation-world/elon-musks-son-x-12-joins-dad-for-doge-meeting-on-capitol-hill",
    "ord_in_thread": 0,
    "parent_url": null,
    "author": "JACKSON WALKER | The National News Desk",
    "published": "2024-12-05T23:42:00.000+02:00",
    "title": "Elon Musk's son X-Æ-12 joins dad for DOGE meeting on Capitol Hill",
    "text": "{p}X owner Elon Musk and his 4-year-old son X-Æ-12 appeared together on Capitol Hill Thursday for a meeting regarding the fledgling Department of Government Efficiency (DOGE).{/p}{p}President-elect Donald Trump gave control of the incoming presidential advisory commission to Musk and former Republican presidential candidate Vivek Ramaswamy. Present at the meeting alongside the two co-heads were House Speaker Mike Johnson, R-La., Sen. Mike Lee, R-Utah, Rep. James Comer, R-Ky., and Rep. Marjorie Taylor Greene, R-Ga., according to images circulating social media.{/p}{p}“Our committee looks forward to partnering with @DOGE to make the federal government more efficient, effective, and accountable to the American people,” the House Oversight Committee wrote via X. An attached image showed X-Æ-12 seated on his father’s shoulders.{/p}{p}{sd-embed class=\\\"sd-embedded-media\\\" data-embed-file=\\\"1864776791384051720\\\" data-embed-type=\\\"twitter\\\" contenteditable=\\\"false\\\"}{/sd-embed}{/p}{p}\\\"Government is too big, it does too many things, and it does almost nothing well,\\\" Speaker Johnson told reporters before the meeting. “The taxpayers deserve better. They deserve a more responsive government, a more efficient government -- one that is leaner and more focused on its primary objectives.”{/p}{p}The meeting comes as DOGE begins to garner the support of politicians on both sides of the aisle, including Sen. Bernie Sanders, I-Vt., who recently urged it to examine the bloated Department of Defense after it failed its seventh consecutive audit. Rep. Ro Khanna, D-Calif., on Thursday also {a href=\\\"https://thenationaldesk.com/news/americas-news-now/california-democrat-wants-to-work-with-trumps-doge-slash-waste-ro-khanna-department-of-government-efficiency-elon-musk-vivek-ramaswamy#\\\" target=\\\"_blank\\\" title=\\\"https://thenationaldesk.com/news/americas-news-now/california-democrat-wants-to-work-with-trumps-doge-slash-waste-ro-khanna-department-of-government-efficiency-elon-musk-vivek-ramaswamy#\\\"}offered{/a} his support to the commission, citing his work in regulating government spending.{/p}{p}X-Æ-12, pronounced “Ex Ash A Twelve,\\\" is one of Musk’s 12 children. He is also the father of Tau Techno Mechanicus Musk, Exa Dark Sideræl Musk, Strider Musk and Azure Musk.{/p}{p}{em}{a href=\\\"https://twitter.com/_jlwalker_\\\" target=\\\"_blank\\\" title=\\\"https://twitter.com/_jlwalker_\\\"}Follow {/a}Jackson Walker on X at @_jlwalker_ for the latest trending national news. Have a news tip? Send it to jacwalker@sbgtv.com.{/em}{/p}{p}Gusty winds will continue tonight, pushing windchills to near zero again. Then a warming trend into the weekend and early next week.{/p}{p}THURSDAY NIGHT: partly cloudy, windy, frigid wind chills, low 19, windchills near zero.{br}FRIDAY: partly cloudy, cold, high 32.{br}SATURDAY: partly cloudy, chilly, high 38.{br}SUNDAY: increasing clouds, becoming windy, milder, chance of rain in the evening and overnight, high 50.{br}MONDAY: windy, cloudy, rain and showers, high 54.{br}TUESDAY: overcast, rain during the day, changing to wintry mix late, high 50.{br}WEDNESDAY: mainly cloudy, colder, breezy, scattered wintry mix showers, high 37.{br}THURSDAY: partly cloudy, cold, high 34.{/p}{p}Selected wind gust reports in Central Ohio Wednesday night and Thursday morning through 5am Thursday:{br}60 mphOSU Airport{br}56 mphDelaware{br}55 mphMarysville{br}54 mphNewark-Heath{br}52 mphLancaster{br}49 mphWashington Court House{/p}{p}Northeastern Ohio remains under WINTER WEATHER ADVISORIES and LAKE EFFECT SNOW WARNINGS through early Friday. some areas may collect another 5 to 10 inches of snow which will be blown around by 40-50 mph wind gusts. Northwestern Pennsylvania is likely to see additional accumulations of 10 to 20 inches with 50 mph wind gusts helping to create blizzard conditions.{/p}{p}Central Ohio is caught between very strong low pressure to the northeast and strong high pressure to the west. In between, we get very gusty wind and arctic air rushing into the state. The high pressure is attempting to scour away some of the clouds that the low pressure is generating. Yeah, it’s a conflicted, complicated environment. Midday temperatures are in the upper-teens and lower-20s with wind chills in the single digits. Temperatures will remain well-below average tonight, dropping into the upper-teens in urban areas and lower-teens in rural areas. Windchills will be near zero again Friday morning. With the cold air and very strong wind, we can’t rule out a chance for a few flurries, but accumulation looks unlikely. The wind should help with evaporation, even as cold as it is, mitigating the chances for slick roads Friday morning.{/p}{p}High pressure builds into the Mid-Mississippi and Ohio River Valleys by Friday afternoon and begins to change the wind direction again. With a southwesterly breeze by Saturday morning, the worst of the lake effect should taper off in Northeastern Ohio. Our temperatures will remain below average but be slightly warmer on Saturday. We are expecting a chilly but dry day for Toys for Tots.{/p}{p}Gusty winds return on Sunday as we are, once again, sandwiched between high pressure to the south and low pressure to the north. Scattered rain showers will develop by Sunday evening and continue through the day on Monday. The northern low will drag a cold front through Ohio on Tuesday with more rain. rain and wintry mix showers continue behind the front on Wednesday, especially in the morning. High pressure allows for some sunshine on Thursday.{/p}{p}Marshall McPeek, Chief Meteorologist.{/p}{p}X owner Elon Musk and his 4-year-old son X-Æ-12 appeared together on Capitol Hill Thursday for a meeting regarding the fledgling Department of Government Efficiency (DOGE).{/p}{p}President-elect Donald Trump gave control of the incoming presidential advisory commission to Musk and former Republican presidential candidate Vivek Ramaswamy. Present at the meeting alongside the two co-heads were House Speaker Mike Johnson, R-La., Sen. Mike Lee, R-Utah, Rep. James Comer, R-Ky., and Rep. Marjorie Taylor Greene, R-Ga., according to images circulating social media.{/p}{p}“Our committee looks forward to partnering with @DOGE to make the federal government more efficient, effective, and accountable to the American people,” the House Oversight Committee wrote via X. An attached image showed X-Æ-12 seated on his father’s shoulders.{/p}{p}{sd-embed class=\\\"sd-embedded-media\\\" data-embed-file=\\\"1864776791384051720\\\" data-embed-type=\\\"twitter\\\" contenteditable=\\\"false\\\"}{/sd-embed}{/p}{p}\\\"Government is too big, it does too many things, and it does almost nothing well,\\\" Speaker Johnson told reporters before the meeting. “The taxpayers deserve better. They deserve a more responsive government, a more efficient government -- one that is leaner and more focused on its primary objectives.”{/p}{p}The meeting comes as DOGE begins to garner the support of politicians on both sides of the aisle, including Sen. Bernie Sanders, I-Vt., who recently urged it to examine the bloated Department of Defense after it failed its seventh consecutive audit. Rep. Ro Khanna, D-Calif., on Thursday also {a href=\\\"https://thenationaldesk.com/news/americas-news-now/california-democrat-wants-to-work-with-trumps-doge-slash-waste-ro-khanna-department-of-government-efficiency-elon-musk-vivek-ramaswamy#\\\" target=\\\"_blank\\\" title=\\\"https://thenationaldesk.com/news/americas-news-now/california-democrat-wants-to-work-with-trumps-doge-slash-waste-ro-khanna-department-of-government-efficiency-elon-musk-vivek-ramaswamy#\\\"}offered{/a} his support to the commission, citing his work in regulating government spending.{/p}{p}X-Æ-12, pronounced “Ex Ash A Twelve,\\\" is one of Musk’s 12 children. He is also the father of Tau Techno Mechanicus Musk, Exa Dark Sideræl Musk, Strider Musk and Azure Musk.{/p}{p}{em}{a href=\\\"https://twitter.com/_jlwalker_\\\" target=\\\"_blank\\\" title=\\\"https://twitter.com/_jlwalker_\\\"}Follow {/a}Jackson Walker on X at @_jlwalker_ for the latest trending national news. Have a news tip? Send it to jacwalker@sbgtv.com.{/em}{/p}{p}Gusty winds will continue tonight, pushing windchills to near zero again. Then a warming trend into the weekend and early next week.{/p}{p}THURSDAY NIGHT: partly cloudy, windy, frigid wind chills, low 19, windchills near zero.{br}FRIDAY: partly cloudy, cold, high 32.{br}SATURDAY: partly cloudy, chilly, high 38.{br}SUNDAY: increasing clouds, becoming windy, milder, chance of rain in the evening and overnight, high 50.{br}MONDAY: windy, cloudy, rain and showers, high 54.{br}TUESDAY: overcast, rain during the day, changing to wintry mix late, high 50.{br}WEDNESDAY: mainly cloudy, colder, breezy, scattered wintry mix showers, high 37.{br}THURSDAY: partly cloudy, cold, high 34.{/p}{p}Selected wind gust reports in Central Ohio Wednesday night and Thursday morning through 5am Thursday:{br}60 mphOSU Airport{br}56 mphDelaware{br}55 mphMarysville{br}54 mphNewark-Heath{br}52 mphLancaster{br}49 mphWashington Court House{/p}{p}Northeastern Ohio remains under WINTER WEATHER ADVISORIES and LAKE EFFECT SNOW WARNINGS through early Friday. some areas may collect another 5 to 10 inches of snow which will be blown around by 40-50 mph wind gusts. Northwestern Pennsylvania is likely to see additional accumulations of 10 to 20 inches with 50 mph wind gusts helping to create blizzard conditions.{/p}{p}Central Ohio is caught between very strong low pressure to the northeast and strong high pressure to the west. In between, we get very gusty wind and arctic air rushing into the state. The high pressure is attempting to scour away some of the clouds that the low pressure is generating. Yeah, it’s a conflicted, complicated environment. Midday temperatures are in the upper-teens and lower-20s with wind chills in the single digits. Temperatures will remain well-below average tonight, dropping into the upper-teens in urban areas and lower-teens in rural areas. Windchills will be near zero again Friday morning. With the cold air and very strong wind, we can’t rule out a chance for a few flurries, but accumulation looks unlikely. The wind should help with evaporation, even as cold as it is, mitigating the chances for slick roads Friday morning.{/p}{p}High pressure builds into the Mid-Mississippi and Ohio River Valleys by Friday afternoon and begins to change the wind direction again. With a southwesterly breeze by Saturday morning, the worst of the lake effect should taper off in Northeastern Ohio. Our temperatures will remain below average but be slightly warmer on Saturday. We are expecting a chilly but dry day for Toys for Tots.{/p}{p}Gusty winds return on Sunday as we are, once again, sandwiched between high pressure to the south and low pressure to the north. Scattered rain showers will develop by Sunday evening and continue through the day on Monday. The northern low will drag a cold front through Ohio on Tuesday with more rain. rain and wintry mix showers continue behind the front on Wednesday, especially in the morning. High pressure allows for some sunshine on Thursday.{/p}{p}Marshall McPeek, Chief Meteorologist.{/p}",
    "highlightText": "",
    "highlightTitle": "",
    "highlightThreadTitle": "",
    "language": "english",
    "sentiment": "positive",
    "categories": [
        "Science and Technology",
        "Human Interest",
        "Politics"
    ],
    "topics": null,
    "ai_allow": true,
    "has_canonical": true,
    "webz_reporter": false,
    "external_links": [
        "https://thenationaldesk.com/news/americas-news-now/california-democrat-wants-to-work-with-trumps-doge-slash-waste-ro-khanna-department-of-government-efficiency-elon-musk-vivek-ramaswamy#\\",
        "https://twitter.com/_jlwalker_\\",
        "https://www.twitter.com/_jlwalker_\\",
        "https://www.thenationaldesk.com/news/americas-news-now/california-democrat-wants-to-work-with-trumps-doge-slash-waste-ro-khanna-department-of-government-efficiency-elon-musk-vivek-ramaswamy#\\"
    ],
    "external_images": [],
    "entities": {
        "persons": [
            {
                "name": "Elon Musk",
                "sentiment": "negative"
            },
            {
                "name": "Marjorie Taylor Greene",
                "sentiment": "none"
            },
            {
                "name": "Vivek Ramaswamy",
                "sentiment": "none"
            },
            {
                "name": "Donald Trump",
                "sentiment": "none"
            },
            {
                "name": "Mike Johnson",
                "sentiment": "none"
            },
            {
                "name": "James Comer",
                "sentiment": "none"
            },
            {
                "name": "Mike Lee",
                "sentiment": "none"
            }
        ],
        "organizations": [
            {
                "name": "House Oversight Committee",
                "sentiment": "none"
            }
        ],
        "locations": [
            {
                "name": "R-Utah",
                "sentiment": "none"
            },
            {
                "name": "R-Ga.",
                "sentiment": "none"
            },
            {
                "name": "R-La.",
                "sentiment": "none"
            },
            {
                "name": "R-Ky.",
                "sentiment": "none"
            }
        ]
    },
    "syndication": {
        "syndicated": false,
        "syndicate_id": null,
        "first_syndicated": false
    },
    "rating": null,
    "crawled": "2024-12-06T01:23:04.339+02:00",
    "updated": "2024-12-06T01:23:04.339+02:00"
}