{
    "thread": {
        "uuid": "20a6929bfc1887b032c195b5897819816a6e9127",
        "url": "https://www.breitbart.com/politics/2024/12/05/marsha-blackburn-unveil-bill-freeze-federal-hiring-relocate-agencies-d-c-swamp",
        "site_full": "www.breitbart.com",
        "site": "breitbart.com",
        "site_section": "https://breitbart.com/news",
        "site_categories": [
            "media",
            "law_government_and_politics",
            "politics",
            "top_news_us",
            "top_news"
        ],
        "section_title": "All News - Breitbart News Network",
        "title": "Marsha Blackburn to Unveil Bill to Freeze Federal Hiring, Relocate Agencies from D.C. Swamp",
        "title_full": "Marsha Blackburn to Unveil Bill to Freeze Federal Hiring, Relocate Agencies from D.C. Swamp",
        "published": "2024-12-05T02:00:00.000+02:00",
        "replies_count": 54,
        "participants_count": 28,
        "site_type": "news",
        "country": "US",
        "main_image": "https://media.breitbart.com/media/2024/12/Marsha-Blackburn-finger-pointing-ap-640x335.jpg",
        "performance_score": 0,
        "domain_rank": 1697,
        "domain_rank_updated": "2024-12-02T23:00:00.000+02:00",
        "social": {
            "facebook": {
                "likes": 0,
                "comments": 0,
                "shares": 0
            },
            "vk": {
                "shares": 0
            }
        }
    },
    "uuid": "20a6929bfc1887b032c195b5897819816a6e9127",
    "url": "https://www.breitbart.com/politics/2024/12/05/marsha-blackburn-unveil-bill-freeze-federal-hiring-relocate-agencies-d-c-swamp",
    "ord_in_thread": 0,
    "parent_url": null,
    "author": "Sean Moran",
    "published": "2024-12-05T02:00:00.000+02:00",
    "title": "Marsha Blackburn to Unveil Bill to Freeze Federal Hiring, Relocate Agencies from D.C. Swamp",
    "text": "Sen. Marsha Blackburn (R-TN) said on Thursday that she plans to introduce legislation to freeze federal hiring and move agencies out of the D.C. swamp.\n“I will be introducing legislation that coincides with @DOGE ’s plan to make the federal government more efficient,” Blackburn wrote on Thursday. “My DOGE Act will freeze federal hiring, begin the process to relocate agencies out of the D.C. swamp, and establish a merit-based salary system for the federal workforce. @elonmusk @VivekGRamaswamy .”\nThe Tennessee senator’s announcement comes on the heels of her hosting Vivek Ramaswamy on her podcast, Unmuted with Marsha , to discuss how to cut government waste; Ramaswamy and Elon Musk will lead the Department of Government Efficiency (DOGE) initiative.\nMuch of Blackburn’s forthcoming legislation may draw inspiration from her prior work to drain the D.C. swamp and cut waste.\nSens. Blackburn and Josh Hawley (R-MO) introduced legislation in 2019, the Helping Infrastructure Restore the Economy (HIRE) Act to move federal agency headquarters to regions of the American Heartland.\nBlackburn said in a statement when she and Hawley introduced the bill:\nMoving agencies outside of Washington, DC, both boosts local economies and lowers costs — that’s a winning combination. This legislation would enable Americans across the country to have greater access to good jobs. Tennesseans would greatly benefit from having portions of the Department of Education in the Volunteer State. It is my hope that the HIRE Act will quickly pass the Senate.\nOne study found that moving agencies in the Agriculture Department will save $300 million over 15 years. The report also found that moving agencies outside D.C. could save money by decreasing employee attrition.\nThe HIRE Act would move the headquarters of the Agriculture Department to Missouri and the Education Department to Tennessee, as well as eight other agencies to economically depressed areas in separate states.\nSean Moran is a policy reporter for Breitbart News. Follow him on X @SeanMoran3 .\nPolitics Department of Government Efficiency (DOGE) Donald Trump Marsha Blackburn Vivek Ramaswamy",
    "highlightText": "",
    "highlightTitle": "",
    "highlightThreadTitle": "",
    "language": "english",
    "sentiment": "positive",
    "categories": [
        "Politics"
    ],
    "topics": null,
    "ai_allow": true,
    "has_canonical": false,
    "webz_reporter": false,
    "external_links": [
        "https://x.com/DOGE",
        "https://x.com/VivekGRamaswamy",
        "https://x.com/elonmusk",
        "https://www.youtube.com/embed/b3Mou5Nl4C0?feature=oembed",
        "https://outreach.senate.gov/iqextranet/iqClickTrk.aspx?&#038;cid=SenHawley&#038;crop=14387.5275583.5139381.7149193&#038;report_id=&#038;redirect=https%3a%2f%2fwww.usda.gov%2fsites%2fdefault%2ffiles%2fdocuments%2f061319-CBA.pdf&#038;redir_log=167216827336429",
        "https://twitter.com/SeanMoran3",
        "https://outreach.senate.gov/iqextranet/iqClickTrk.aspx",
        "https://www.twitter.com/SeanMoran3",
        "https://www.youtube.com/embed/b3Mou5Nl4C0",
        "https://www.x.com/DOGE",
        "https://www.outreach.senate.gov/iqextranet/iqClickTrk.aspx?&#038;cid=SenHawley&#038;crop=14387.5275583.5139381.7149193&#038;report_id=&#038;redirect=https%3a%2f%2fwww.usda.gov%2fsites%2fdefault%2ffiles%2fdocuments%2f061319-CBA.pdf&#038;redir_log=167216827336429",
        "https://www.x.com/VivekGRamaswamy",
        "https://www.x.com/elonmusk",
        "https://youtube.com/embed/b3Mou5Nl4C0?feature=oembed"
    ],
    "external_images": [],
    "entities": {
        "persons": [
            {
                "name": "Marsha Blackburn",
                "sentiment": "negative"
            },
            {
                "name": "Vivek Ramaswamy",
                "sentiment": "none"
            },
            {
                "name": "Josh Hawley",
                "sentiment": "none"
            }
        ],
        "organizations": [
            {
                "name": "Blackburn",
                "sentiment": "none"
            }
        ],
        "locations": [
            {
                "name": "D.C.",
                "sentiment": "none"
            }
        ]
    },
    "syndication": {
        "syndicated": false,
        "syndicate_id": null,
        "first_syndicated": false
    },
    "rating": null,
    "crawled": "2024-12-06T00:02:49.958+02:00",
    "updated": "2024-12-06T00:02:49.958+02:00"
}