{
    "thread": {
        "uuid": "f6d86b9409fd45941e08768d17b6046b163a2e8b",
        "url": "https://www.newsonair.gov.in/pm-modi-says-government-is-working-with-spirit-of-public-welfare-for-every-individual-without-any-discrimination",
        "site_full": "www.newsonair.gov.in",
        "site": "newsonair.gov.in",
        "site_section": "https://news.google.com/search?q=any%20when%3A1h&hl=en-US&gl=US&ceid=US%3Aen",
        "site_categories": [
            "crime, law and justice",
            "politics",
            "war, conflict and unrest",
            "sport",
            "economy, business and finance"
        ],
        "section_title": "Google News - Search",
        "site_title": "Home -",
        "title": "PM Modi says govt is working with spirit of public welfare for every individual without any discrimination | DD News On Air",
        "title_full": "PM Modi says govt is working with spirit of public welfare for every individual without any discrimination | DD News On Air",
        "published": "2026-01-15T10:58:44.433+02:00",
        "replies_count": 0,
        "participants_count": 1,
        "site_type": "news",
        "country": "IN",
        "main_image": "",
        "performance_score": 0,
        "domain_rank": 60900,
        "domain_rank_updated": "2026-01-11T23:00:00.000+02:00",
        "licensing_agency": [],
        "social": {
            "facebook": {
                "likes": 0,
                "comments": 0,
                "shares": 0
            },
            "vk": {
                "shares": 0
            }
        }
    },
    "uuid": "f6d86b9409fd45941e08768d17b6046b163a2e8b",
    "url": "https://www.newsonair.gov.in/pm-modi-says-government-is-working-with-spirit-of-public-welfare-for-every-individual-without-any-discrimination",
    "ord_in_thread": 0,
    "author": "Site Admin",
    "published": "2026-01-15T10:58:44.433+02:00",
    "title": "PM Modi says govt is working with spirit of public welfare for every individual without any discrimination | DD News On Air",
    "text": "Prime Minister Narendra Modi has said that India has shown that democratic institutions and democratic processes give democracy with stability, speed and scale. Addressing the Conference of Speakers and Presiding Officers of the Commonwealth at Samvidhan Sadan in New Delhi today, Mr Modi said India has turned diversity into the strength of its democracy.\nHe said, in India, democracy means last-mile delivery, and the government is working with a spirit of public welfare for every individual without any discrimination. Mr Modi highlighted that nearly 25 crore people in India came out of poverty over the past few years. Prime Minister Modi said that in India, the people are paramount, and their aspirations have been made the top priority. He said India turned diversity into its strength and emerged as the fastest-growing major economy. Mr Modi said, today, UPI in India is the world’s largest digital payment system.\nHe said, India is the world’s largest vaccine producer and the world’s number two steel producer. The Prime Minister said, this is the fourth occasion when the Conference of Commonwealth Speakers and Presiding Officers is being held in India. Prime Minister said India is strongly raising the concerns of the Global South on every global platform. Mr Modi said, during its G20 Presidency as well, India placed the priorities of the Global South at the centre of the global agenda.\nSpeaking on the occasion, Lok Sabha Speaker Om Birla said that AI and social media have enhanced the efficiency and capability of democratic institutions. He added that the misuse of AI and social media has given rise to serious challenges like misinformation, cybercrime, and social division. The Speaker emphasised that it is the collective responsibility of all to seriously consider these challenges and find appropriate solutions.\nMr Birla expressed hope that deep discussions on important global issues will take place at this conference, and concrete policy decisions will be taken. Mr Birla highlighted that in the Indian Parliament’s journey of over seven decades, democracy has been empowered through the creation of people-centric policies and welfare laws. He stated that India’s fair electoral system has ensured the participation of every citizen of the country in democracy, and this has increased people’s faith in democracy.",
    "highlightText": "",
    "highlightTitle": "",
    "highlightThreadTitle": "",
    "language": "english",
    "sentiment": "positive",
    "categories": [
        "Politics"
    ],
    "topics": [
        "Politics->government policy",
        "Politics->government"
    ],
    "ai_allow": true,
    "has_canonical": false,
    "breaking": true,
    "webz_reporter": false,
    "external_links": [],
    "external_images": [],
    "internal_images": [],
    "entities": {
        "persons": [
            {
                "name": "Narendra Modi",
                "sentiment": "negative"
            }
        ],
        "locations": [
            {
                "name": "India",
                "sentiment": "none"
            },
            {
                "name": "New Delhi",
                "sentiment": "none"
            },
            {
                "name": "Samvidhan Sadan",
                "sentiment": "none"
            }
        ],
        "organizations": [
            {
                "name": "DD News On Air",
                "sentiment": "negative",
                "tickers": []
            },
            {
                "name": "Commonwealth",
                "sentiment": "none",
                "tickers": [
                    {
                        "ticker": null,
                        "exchange": null
                    }
                ]
            }
        ]
    },
    "syndication": {
        "syndicated": false,
        "syndicate_id": null,
        "first_syndicated": false
    },
    "trust": {
        "categories": null,
        "top_news": [],
        "bias": null,
        "source": {
            "type": "gov_news",
            "city": [],
            "state": [],
            "country": [],
            "domain_type": null,
            "agency": null,
            "organization_name": null
        }
    },
    "rating": null,
    "crawled": "2026-01-15T10:58:44.433+02:00",
    "updated": "2026-01-15T11:01:13.000+02:00"
}