{
    "thread": {
        "uuid": "c36d95e4881e02b3a8c3525624046923eca8e702",
        "url": "https://www.africa-newsroom.com/press/the-chairperson-of-the-african-union-commission-welcomes-the-signature-of-the-charter-for-peace-and-national-reconciliation-in-libya-by-the-president-of-the-presidential-council?lang=en",
        "site_full": "www.africa-newsroom.com",
        "site": "africa-newsroom.com",
        "site_section": "https://www.africa-newsroom.com/press/tag/energy",
        "site_categories": [
            "travel",
            "africa",
            "social issue",
            "environment",
            "politics",
            "health",
            "economy, business and finance"
        ],
        "section_title": "\n\t APO Group - Africa Newsroom  / Press Release &raquo; Energy\n",
        "site_title": "APO Group - Africa Newsroom / Press Releases Related to Africa",
        "title": "The Chairperson of the African Union Commission welcomes the signature of the Charter for Peace and National Reconciliation in Libya by the President of the Presidential Council",
        "title_full": "The Chairperson of the African Union Commission welcomes the signature of the Charter for Peace and National Reconciliation in Libya by the President of the Presidential Council",
        "published": "2026-01-15T07:59:00.000+02:00",
        "replies_count": 0,
        "participants_count": 1,
        "site_type": "news",
        "country": "GH",
        "main_image": "https://www.africa-newsroom.com/files/large/2cfcaf4fc0f21f3",
        "performance_score": 0,
        "domain_rank": 195631,
        "domain_rank_updated": "2026-01-11T23:00:00.000+02:00",
        "licensing_agency": [],
        "social": {
            "facebook": {
                "likes": 0,
                "comments": 0,
                "shares": 0
            },
            "vk": {
                "shares": 0
            }
        }
    },
    "uuid": "c36d95e4881e02b3a8c3525624046923eca8e702",
    "url": "https://www.africa-newsroom.com/press/the-chairperson-of-the-african-union-commission-welcomes-the-signature-of-the-charter-for-peace-and-national-reconciliation-in-libya-by-the-president-of-the-presidential-council?lang=en",
    "ord_in_thread": 0,
    "author": "APO Group - Africa Newsroom",
    "published": "2026-01-15T07:59:00.000+02:00",
    "title": "The Chairperson of the African Union Commission welcomes the signature of the Charter for Peace and National Reconciliation in Libya by the President of the Presidential Council",
    "text": "African Union (AU)|\nThe Chairperson of the African Union Commission welcomes the signature of the Charter for Peace and National Reconciliation in Libya by the President of the Presidential Council\nThe Chairperson of the African Union Commission reiterates his full solidarity with and strong support for Libya and its people\nH.E. Mahmoud Ali Youssouf, Chairperson of the African Union Commission, welcomes the significant step taken by H.E. Dr. Mohamed Younis El-Menfi, President of the Presidential Council of the State of Libya, regarding the signing of the Charter for Peace and National Reconciliation in Tripoli on January 7, 2025. Furthermore, He expresses his profound appreciation for this commitment, which serves the interests of the peace and national reconciliation process in Libya.\nThe Chairperson of the African Union Commission views this act as a decisive step toward achieving lasting peace in Libya. Furthermore, He calls on all Libyan parties to demonstrate full commitment and to engage constructively and in good faith, in a spirit of responsibility, dialogue, and tolerance, so as to ensure that the national interest prevails over all other considerations.\nThe Chairperson of the African Union Commission reiterates his full solidarity with and strong support for Libya and its people, reaffirming the African Union’s determination to continue its tireless efforts toward achieving lasting peace in the country.\nIn this regard, He reaffirms the supreme priority and steadfast commitment of the African Union to the implementation of the Charter for Peace and National Reconciliation, signed in Addis Ababa in February 2025 under its auspices, while renewing the AU full support for the new UN roadmap in Libya.\nFor media inquiries, please contact:\nMr. Nuur Mohamud Sheekh I Spokesperson of the Chairperson I African Union Commission I Email: SheekhN@AfricanUnion.org | Addis Ababa, Ethiopia\nDistributed by APO Group on behalf of African Union (AU).",
    "highlightText": "",
    "highlightTitle": "",
    "highlightThreadTitle": "",
    "language": "english",
    "sentiment": "positive",
    "categories": [
        "Politics",
        "Social Issue"
    ],
    "topics": [
        "Politics->international relations",
        "Social Issue->communities"
    ],
    "ai_allow": true,
    "has_canonical": false,
    "breaking": null,
    "webz_reporter": false,
    "external_links": [],
    "external_images": [],
    "internal_images": [],
    "entities": {
        "persons": [
            {
                "name": "H.E. Mahmoud Ali Youssouf",
                "sentiment": "none"
            }
        ],
        "locations": [
            {
                "name": "Libya",
                "sentiment": "none"
            },
            {
                "name": "Tripoli",
                "sentiment": "none"
            }
        ],
        "organizations": [
            {
                "name": "Presidential Council",
                "sentiment": "none",
                "tickers": [
                    {
                        "ticker": null,
                        "exchange": null
                    }
                ]
            }
        ]
    },
    "syndication": {
        "syndicated": false,
        "syndicate_id": null,
        "first_syndicated": false
    },
    "trust": {
        "categories": [],
        "top_news": [],
        "bias": null,
        "source": {
            "type": null,
            "city": null,
            "state": null,
            "country": null,
            "domain_type": null,
            "agency": null,
            "organization_name": null
        }
    },
    "rating": null,
    "crawled": "2026-01-15T09:17:02.020+02:00",
    "updated": "2026-01-15T09:22:14.000+02:00"
}