{
    "thread": {
        "uuid": "309119da60bea3b58b49a46e84e3dd8e5d0c57e2",
        "url": "https://www.npr.org/2026/01/15/nx-s1-5677283/trump-administration-restores-2-billion-in-grants-for-mental-health-addiction",
        "site_full": "www.npr.org",
        "site": "npr.org",
        "site_section": "https://news.google.com/search?q=for%20when%3A1h&hl=en-US&gl=US&ceid=US%3Aen",
        "site_categories": [
            "music",
            "entertainment",
            "arts, culture and entertainment",
            "war, conflict and unrest",
            "economy, business and finance",
            "crime, law and justice",
            "health",
            "social issue",
            "politics"
        ],
        "section_title": "Google News - Search",
        "site_title": "NPR - Breaking News, Analysis, Music, Arts &amp; Podcasts : NPR",
        "title": "Trump administration restores $2 billion in grants for mental health, addiction : NPR",
        "title_full": "Trump administration restores $2 billion in grants for mental health, addiction : NPR",
        "published": "2026-01-15T11:45:00.000+02:00",
        "replies_count": 0,
        "participants_count": 1,
        "site_type": "news",
        "country": "US",
        "main_image": "https://media.npr.org/include/images/facebook-default-wide-s1400-c85.jpg",
        "performance_score": 0,
        "domain_rank": 450,
        "domain_rank_updated": "2026-01-11T23:00:00.000+02:00",
        "licensing_agency": [],
        "social": {
            "facebook": {
                "likes": 0,
                "comments": 0,
                "shares": 0
            },
            "vk": {
                "shares": 0
            }
        }
    },
    "uuid": "309119da60bea3b58b49a46e84e3dd8e5d0c57e2",
    "url": "https://www.npr.org/2026/01/15/nx-s1-5677283/trump-administration-restores-2-billion-in-grants-for-mental-health-addiction",
    "ord_in_thread": 0,
    "author": "Brian Mann",
    "published": "2026-01-15T11:45:00.000+02:00",
    "title": "Trump administration restores $2 billion in grants for mental health, addiction : NPR",
    "text": "Without warning the Trump administration canceled grants late Tuesday for a wide range of addiction and mental health services, but the decision was reversed a day later after political backlash.\nSponsor Message\nA MARTÍNEZ, HOST:\nAfter a day of confusion and backroom negotiations, the Trump administration last night restored roughly $2 billion in grant money for mental health and addiction programs nationwide.\nMICHEL MARTIN, HOST:\nThe money had been cut off without warning, sending shockwaves through the country's public health system.\nMARTÍNEZ: NPR's Brian Mann broke this story. He's here to update us. Brian, so do we know for sure that all of these care providers are actually going to get that funding?\nBRIAN MANN, BYLINE: Yeah, that's confirmed.\nMARTÍNEZ: OK.\nMANN: NPR first reported Wednesday morning the Substance Abuse and Mental Health Services Administration was terminating these grants for roughly 2,000 organizations. These are front line programs helping some of the most vulnerable people in the country. The decision to slash the money came as a complete shock, and it triggered a huge political backlash.\nAnd so last night, an administration official confirmed to NPR that cuts are being reversed. They asked not to be identified because they didn't have permission to speak publicly about this move. They said organizations were being notified the full $2 billion in funding are being restored. I spoke about this with Hannah Wesolowski - she's with the National Alliance on Mental Illness - who said she's relieved but also exhausted.\nHANNAH WESOLOWSKI: After a day of panic across the country, nonprofits and people with mental health conditions are deeply alarmed, but hopeful that this money is being restored. That being said, this is hit after hit after hit.\nMANN: Wesolowski said these organizations are deeply demoralized. Over the last 24 hours, a lot of people thought they were losing their jobs. They thought their really sick patients were going to lose care.\nMARTÍNEZ: So any idea why the Trump administration reversed course like this?\nMANN: You know, A, it's not clear who actually ordered those termination letters to be sent out in the first place. And NPR also wasn't able to confirm who ordered this reversal. What we do know is that after NPR reported on the cuts, care providers like Dr. Dan Lustig, who runs an addiction treatment program in Chicago, started reaching out to lawmakers in Washington, D.C., with a simple message - that these cuts would have been dangerous.\nDAN LUSTIG: We provide treatment, life-saving treatment, because if people don't get access to treatment, they just die. And that's a fact. I mean, you could spin this any way people want to, but people are going to die.\nMANN: And it appears lawmakers got that message. There was a bipartisan effort to convince the Trump administration to reverse course. Again, here's Hannah Wesolowski.\nWESOLOWSKI: We heard from offices on both sides of the political aisle, who were working on this issue throughout the day and really speaks to the power of the collaboration on this issue.\nMARTÍNEZ: All right, Brian, so the money is on the way this time, at least. What does this whiplash kind of a day really say about the direction of leadership of public health in the U.S.?\nMANN: Yeah, it's a remarkable moment. People I've been talking to say the country feels rudderless with public health. On Tuesday, all these programs are being defunded. No one's sure why. Now the money is restored, again, no clear explanation. For months, the Trump administration has been signaling that they think many of the country's current public health programs are ineffective and need to be replaced. But people I'm talking to say there's no clear plan, just these moments of disruption and chaos. The fear is the federal government could dismantle the current safety net without putting anything new in its place.\nMARTÍNEZ: All right, that's NPR addiction correspondent Brian Mann. Brian, thank you for your reporting on this.\nMANN: Thanks, A.\nCopyright © 2026 NPR. All rights reserved. Visit our website terms of use and permissions pages at www.npr.org for further information.\nAccuracy and availability of NPR transcripts may vary. Transcript text may be revised to correct errors or match updates to audio. Audio on npr.org may be edited after its original broadcast or publication. The authoritative record of NPR’s programming is the audio record.",
    "highlightText": "",
    "highlightTitle": "",
    "highlightThreadTitle": "",
    "language": "english",
    "sentiment": "positive",
    "categories": [
        "Health",
        "Politics"
    ],
    "topics": [
        "Health->mental health and disorder",
        "Health->drug rehabilitation",
        "Politics->government policy",
        "Politics->healthcare policy",
        "Politics->government"
    ],
    "ai_allow": true,
    "has_canonical": false,
    "breaking": true,
    "webz_reporter": false,
    "external_links": [],
    "external_images": [],
    "internal_images": [],
    "entities": {
        "persons": [
            {
                "name": "Trump",
                "sentiment": "negative"
            }
        ],
        "locations": [],
        "organizations": [
            {
                "name": "NPR",
                "sentiment": "negative",
                "tickers": [
                    {
                        "ticker": "NPR",
                        "exchange": "CVE"
                    }
                ]
            }
        ]
    },
    "syndication": {
        "syndicated": false,
        "syndicate_id": "309119da60bea3b58b49a46e84e3dd8e5d0c57e2",
        "first_syndicated": true
    },
    "trust": {
        "categories": null,
        "top_news": [],
        "bias": "center",
        "source": {
            "type": null,
            "city": null,
            "state": null,
            "country": null,
            "domain_type": null,
            "agency": null,
            "organization_name": null
        }
    },
    "rating": null,
    "crawled": "2026-01-15T11:53:21.838+02:00",
    "updated": "2026-01-16T04:40:29.519+02:00"
}