{
    "thread": {
        "uuid": "95bafa8c66e5cc81b946d221615a1b84c2f884eb",
        "url": "https://www.miragenews.com/defense-chiefs-hegseth-merino-monroy-hold-talks-1446041",
        "site_full": "www.miragenews.com",
        "site": "miragenews.com",
        "site_section": "https://miragenews.com/category/life/social",
        "site_categories": [
            "media"
        ],
        "section_title": "Social news | Mirage News",
        "site_title": "Australia&#039;s 24/7 live news &amp; media portal | Mirage News",
        "title": "Defense Chiefs Hegseth, Merino Monroy Hold Talks | Mirage News",
        "title_full": "Defense Chiefs Hegseth, Merino Monroy Hold Talks | Mirage News",
        "published": "2025-04-17T01:32:00.000+03:00",
        "replies_count": 0,
        "participants_count": 1,
        "site_type": "news",
        "country": "AU",
        "main_image": "https://media.defense.gov/2016/May/25/2001544776/1280/1280/0/120213-F-MG591-256.JPG",
        "performance_score": 0,
        "domain_rank": 10732,
        "domain_rank_updated": "2025-04-15T00:00:00.000+03:00",
        "licensing_agency": [],
        "social": {
            "facebook": {
                "likes": 0,
                "comments": 0,
                "shares": 0
            },
            "vk": {
                "shares": 0
            }
        }
    },
    "uuid": "95bafa8c66e5cc81b946d221615a1b84c2f884eb",
    "url": "https://www.miragenews.com/defense-chiefs-hegseth-merino-monroy-hold-talks-1446041",
    "ord_in_thread": 0,
    "author": "Mirage News",
    "published": "2025-04-17T01:32:00.000+03:00",
    "title": "Defense Chiefs Hegseth, Merino Monroy Hold Talks | Mirage News",
    "text": "On April 16, Secretary of Defense Pete Hegseth had a productive bilateral meeting at the Pentagon with El Salvador's Minister of Defense, H.E. René Merino Monroy, to discuss U.S. national security interests and our countries' defense cooperation. Secretary Hegseth made clear that the Western Hemisphere is a top priority for the President and the Department of Defense. The Secretary praised El Salvador's impressive progress in pacifying foreign terrorist organizations as well as its commitment to increasing military capabilities to further cooperate with the United States on mutual defense priorities. Both the Secretary and the Minister committed to increasing and building upon existing bilateral cooperation between our militaries. The Secretary looks forward to further engagement with El Salvador for the mutual benefit of both our nations and our peoples.\nhere.",
    "highlightText": "",
    "highlightTitle": "",
    "highlightThreadTitle": "",
    "language": "english",
    "sentiment": "positive",
    "categories": [
        "Politics",
        "Economy, Business and Finance",
        "Human Interest"
    ],
    "topics": [
        "Politics->international relations",
        "Politics->government",
        "Politics->defence",
        "Economy, Business and Finance->foreign exchange market",
        "Economy, Business and Finance->business governance",
        "Human Interest->ceremony"
    ],
    "ai_allow": true,
    "has_canonical": false,
    "breaking": false,
    "webz_reporter": false,
    "external_links": [],
    "entities": {
        "persons": [
            {
                "name": "Pete Hegseth",
                "sentiment": "negative"
            },
            {
                "name": "H.E. René Merino Monroy",
                "sentiment": "none"
            }
        ],
        "locations": [
            {
                "name": "Western Hemisphere",
                "sentiment": "none"
            }
        ],
        "organizations": []
    },
    "syndication": {
        "syndicated": false,
        "syndicate_id": null,
        "first_syndicated": false
    },
    "trust": {
        "categories": [],
        "bias": null,
        "source": {
            "type": null,
            "city": null,
            "state": null,
            "country": null,
            "domain_type": null,
            "agency": null,
            "organization_name": null
        }
    },
    "rating": null,
    "crawled": "2025-04-17T01:39:21.274+03:00",
    "updated": "2025-04-17T01:39:21.274+03:00"
}