{
    "thread": {
        "uuid": "f85cfb4f935df7defbfeb3e76d41abc78bce2485",
        "url": "https://www.jamaicaobserver.com/2025/04/16/mocho-councillor-welcomes-govt-response-water-issues",
        "site_full": "www.jamaicaobserver.com",
        "site": "jamaicaobserver.com",
        "site_section": "https://jamaicaobserver.com/editorial",
        "site_categories": [
            "media"
        ],
        "section_title": "Editorial - Jamaica Observer",
        "site_title": "Home - Jamaica Observer",
        "title": "Mocho councillor welcomes gov't response to water issues - Jamaica Observer",
        "title_full": "Mocho councillor welcomes gov't response to water issues - Jamaica Observer",
        "published": "2025-04-17T00:53:00.000+03:00",
        "replies_count": 0,
        "participants_count": 1,
        "site_type": "news",
        "country": "US",
        "main_image": "https://www.jamaicaobserver.com/jamaicaobserver/news/wp-content/uploads/sites/4/2025/04/image_1-230-1024x672.jpg",
        "performance_score": 0,
        "domain_rank": 8596,
        "domain_rank_updated": "2025-04-15T00:00:00.000+03:00",
        "licensing_agency": [],
        "social": {
            "facebook": {
                "likes": 0,
                "comments": 0,
                "shares": 0
            },
            "vk": {
                "shares": 0
            }
        }
    },
    "uuid": "f85cfb4f935df7defbfeb3e76d41abc78bce2485",
    "url": "https://www.jamaicaobserver.com/2025/04/16/mocho-councillor-welcomes-govt-response-water-issues",
    "ord_in_thread": 0,
    "author": "KEVIN JACKSON; Observer writer",
    "published": "2025-04-17T00:53:00.000+03:00",
    "title": "Mocho councillor welcomes gov't response to water issues - Jamaica Observer",
    "text": "Mocho councillor welcomes gov’t response to water issues\nKINGSTON, Jamaica — Councillor for the Mocho Division, Romaine Morris, is welcoming a commitment made by Minister without portfolio in the Ministry of Economic Growth and Job Creation, Matthew Samuda, in addressing concerns raised about the Goshen Pumping System and water access in Mocho.\nMorris, in a statement on Wednesday, said he acknowledges the government’s commitment to restoring and improving the water system and appreciates the interventions outlined, including the installation of a new pump and storage capacity upgrades.\nHowever, Morris sought to remind the public that a comprehensive water supply plan had already been developed and approved through a collaboration between the Clarendon Municipal Corporation, the National Water Commission and Rural Water Supply Limited.\nREAD:\nMocho water system upgrades on track – Minister Samuda\nAccording to Morris, this plan, completed before 2020, was designed to ensure 80 per cent water coverage across the Mocho Division. In 2019, funding was secured through Rural Water Supply Ltd, but was rescinded during the COVID-19 pandemic.\nThe proposal included a 100,000-gallon tank to be built at the highest point in Mocho (land already secured), a $18 million estimate provided by Tankweld Ltd, and water piped from the Goshen system to the tank, then gravity-fed to underserved districts: Belmont, Stewarton, Richmond Park, Mount Airey, Folly, Green Park, Ashley, Mocho Reid, and several schools.\nMorris is now advocating to expand the tank to 200,000 gallons, making it possible to extend piped water to the Toll Gate Division as well.\n“I am ready to meet with Minister Samuda and his team to bring this vision to life. The people of Mocho have waited long enough,” said Morris.",
    "highlightText": "",
    "highlightTitle": "",
    "highlightThreadTitle": "",
    "language": "english",
    "sentiment": "positive",
    "categories": [
        "Politics",
        "Social Issue",
        "Human Interest"
    ],
    "topics": [
        "Politics->government policy",
        "Politics->local government and authority",
        "Social Issue->communities",
        "Social Issue->social services"
    ],
    "ai_allow": true,
    "has_canonical": false,
    "breaking": false,
    "webz_reporter": false,
    "external_links": [],
    "entities": {
        "persons": [
            {
                "name": "Mocho",
                "sentiment": "negative"
            },
            {
                "name": "Matthew Samuda",
                "sentiment": "none"
            },
            {
                "name": "Morris",
                "sentiment": "none"
            }
        ],
        "locations": [],
        "organizations": [
            {
                "name": "Clarendon Municipal Corporation",
                "sentiment": "none",
                "tickers": []
            },
            {
                "name": "Ministry of Economic Growth",
                "sentiment": "none",
                "tickers": []
            },
            {
                "name": "Rural Water Supply Limited",
                "sentiment": "none",
                "tickers": []
            },
            {
                "name": "National Water Commission",
                "sentiment": "none",
                "tickers": []
            },
            {
                "name": "Rural Water Supply Ltd",
                "sentiment": "none",
                "tickers": []
            }
        ]
    },
    "syndication": {
        "syndicated": false,
        "syndicate_id": null,
        "first_syndicated": false
    },
    "trust": {
        "categories": [],
        "bias": null,
        "source": {
            "type": null,
            "city": null,
            "state": null,
            "country": null,
            "domain_type": null,
            "agency": null,
            "organization_name": null
        }
    },
    "rating": null,
    "crawled": "2025-04-17T01:27:58.769+03:00",
    "updated": "2025-04-17T01:27:58.769+03:00"
}