{
    "thread": {
        "uuid": "749550f7eb3998299673e531712d44a639bb21a9",
        "url": "https://flipboard.com/topic/lincolncountywashingtonstate/hey-seattle-fifa-needs-volunteers-for-2025-world-cup/a-rossLRBvQY2mrIek82T6fA%3Aa%3A3408378425-9371a9c59f%2Fkiro7.com",
        "site_full": "flipboard.com",
        "site": "flipboard.com",
        "site_section": "https://flipboard.com/topic/lincolncountywashingtonstate",
        "site_categories": [
            "family_and_parenting",
            "eldercare"
        ],
        "section_title": "Discover More in Lincoln County (Wash.) on Flipboard",
        "site_title": "Flipboard: Your Social Magazine",
        "title": "Hey, Seattle! FIFA needs volunteers for 2025 World Cup | Flipboard",
        "title_full": "Hey, Seattle! FIFA needs volunteers for 2025 World Cup | Flipboard",
        "published": "2025-04-17T00:13:00.000+03:00",
        "replies_count": 0,
        "participants_count": 1,
        "site_type": "news",
        "country": "US",
        "main_image": "https://cmg-cmg-tv-10090-prod.web.arc-cdn.net/resizer/v2/5R2MLI4YKNH6NLJTETGAKIWM3I.jpg?auth=d31c865f5cdcbd730f2649fdcc39170d357d46873fe28a411e159db9fd05a9d2",
        "performance_score": 0,
        "domain_rank": 1236,
        "domain_rank_updated": "2025-04-15T00:00:00.000+03:00",
        "licensing_agency": [],
        "social": {
            "facebook": {
                "likes": 0,
                "comments": 0,
                "shares": 0
            },
            "vk": {
                "shares": 0
            }
        }
    },
    "uuid": "749550f7eb3998299673e531712d44a639bb21a9",
    "url": "https://flipboard.com/topic/lincolncountywashingtonstate/hey-seattle-fifa-needs-volunteers-for-2025-world-cup/a-rossLRBvQY2mrIek82T6fA%3Aa%3A3408378425-9371a9c59f%2Fkiro7.com",
    "ord_in_thread": 0,
    "author": "kiro7.com - KIRO 7 News Staff",
    "published": "2025-04-17T00:13:00.000+03:00",
    "title": "Hey, Seattle! FIFA needs volunteers for 2025 World Cup | Flipboard",
    "text": "Hey, Seattle! FIFA needs volunteers for 2025 World Cup FIFA announced it’s looking for volunteers in Seattle ahead of the 2025 Club World Cup.Six matches will be played at Lumen Field:• June 15: Botafogo …\nkiro7.com - KIRO 7 News Staff • 54m",
    "highlightText": "",
    "highlightTitle": "",
    "highlightThreadTitle": "",
    "language": "english",
    "sentiment": "positive",
    "categories": [
        "Human Interest",
        "Social Issue",
        "Politics"
    ],
    "topics": [
        "Social Issue->communities",
        "Politics->local government and authority",
        "Politics->sports policies"
    ],
    "ai_allow": true,
    "has_canonical": false,
    "breaking": false,
    "webz_reporter": false,
    "external_links": [],
    "entities": {
        "persons": [],
        "locations": [
            {
                "name": "Lumen Field",
                "sentiment": "none"
            }
        ],
        "organizations": [
            {
                "name": "FIFA",
                "sentiment": "negative",
                "tickers": [
                    {
                        "ticker": "EA",
                        "exchange": "NASDAQ"
                    }
                ]
            }
        ]
    },
    "syndication": {
        "syndicated": false,
        "syndicate_id": null,
        "first_syndicated": false
    },
    "trust": {
        "categories": [],
        "bias": null,
        "source": {
            "type": null,
            "city": null,
            "state": null,
            "country": null,
            "domain_type": null,
            "agency": null,
            "organization_name": null
        }
    },
    "rating": null,
    "crawled": "2025-04-17T01:10:22.308+03:00",
    "updated": "2025-04-17T01:10:22.308+03:00"
}