{
    "thread": {
        "uuid": "a8163277f3e47cf38eaa6c8a2cf924a0c7c12431",
        "url": "https://flipboard.com/topic/blacklivesmatterplaza/d-c-and-commanders-near-3b-deal-for-new-football-stadium-at-rfk-site/a-BCDEFlECQkeWyDpfVZ2_Tg%3Aa%3A221841707-151d6495aa%2Faxios.com",
        "site_full": "flipboard.com",
        "site": "flipboard.com",
        "site_section": "https://flipboard.com/topic/blacklivesmatterplaza",
        "site_categories": [
            "family_and_parenting",
            "eldercare"
        ],
        "section_title": "Discover More in Black Lives Matter Plaza on Flipboard",
        "site_title": "Flipboard: Your Social Magazine",
        "title": "D.C. and Commanders near $3B deal for new football stadium at RFK site | Flipboard",
        "title_full": "D.C. and Commanders near $3B deal for new football stadium at RFK site | Flipboard",
        "published": "2025-04-17T00:43:00.000+03:00",
        "replies_count": 0,
        "participants_count": 1,
        "site_type": "news",
        "country": "US",
        "main_image": "https://ic-cdn.flipboard.com/axios.com/18e3eb13d2e17d5e47b8c2199e0f0e1564adea01/_medium.jpeg",
        "performance_score": 0,
        "domain_rank": 1236,
        "domain_rank_updated": "2025-04-15T00:00:00.000+03:00",
        "licensing_agency": [],
        "social": {
            "facebook": {
                "likes": 0,
                "comments": 0,
                "shares": 0
            },
            "vk": {
                "shares": 0
            }
        }
    },
    "uuid": "a8163277f3e47cf38eaa6c8a2cf924a0c7c12431",
    "url": "https://flipboard.com/topic/blacklivesmatterplaza/d-c-and-commanders-near-3b-deal-for-new-football-stadium-at-rfk-site/a-BCDEFlECQkeWyDpfVZ2_Tg%3Aa%3A221841707-151d6495aa%2Faxios.com",
    "ord_in_thread": 0,
    "author": "Axios - Cuneyt Dil",
    "published": "2025-04-17T00:43:00.000+03:00",
    "title": "D.C. and Commanders near $3B deal for new football stadium at RFK site | Flipboard",
    "text": "D.C. and Commanders near $3B deal for new football stadium at RFK site A $3 billion deal is shaping up to build a new Washington Commanders football stadium in D.C. by 2030, NBC4 reports. Why it matters: D.C. is chasing …\nAxios - Cuneyt Dil • 22m",
    "highlightText": "",
    "highlightTitle": "",
    "highlightThreadTitle": "",
    "language": "english",
    "sentiment": "positive",
    "categories": [
        "Economy, Business and Finance",
        "Politics"
    ],
    "topics": [
        "Economy, Business and Finance->media and entertainment industry",
        "Economy, Business and Finance->business financing",
        "Politics->local government and authority",
        "Politics->government"
    ],
    "ai_allow": true,
    "has_canonical": false,
    "breaking": false,
    "webz_reporter": false,
    "external_links": [],
    "entities": {
        "persons": [],
        "locations": [
            {
                "name": "D.C.",
                "sentiment": "none"
            }
        ],
        "organizations": []
    },
    "syndication": {
        "syndicated": false,
        "syndicate_id": null,
        "first_syndicated": false
    },
    "trust": {
        "categories": [],
        "bias": null,
        "source": {
            "type": null,
            "city": null,
            "state": null,
            "country": null,
            "domain_type": null,
            "agency": null,
            "organization_name": null
        }
    },
    "rating": null,
    "crawled": "2025-04-17T01:08:08.749+03:00",
    "updated": "2025-04-17T01:08:08.749+03:00"
}