{
    "thread": {
        "uuid": "7f8f419fba758f0cf83cb49fc6dc3f6897063856",
        "url": "https://twitchy.com/brettt/2025/04/16/marco-rubio-shuts-down-agency-responsible-for-censoring-americans-n2411485",
        "site_full": "twitchy.com",
        "site": "twitchy.com",
        "site_section": "https://twitchy.com/feed/",
        "site_categories": [
            "tax_planning",
            "media",
            "law_government_and_politics",
            "finance",
            "politics"
        ],
        "section_title": "Twitchy",
        "site_title": "Twitchy  &ndash; Who Said What",
        "title": "Marco Rubio Shuts Down Agency Responsible for Censoring Americans",
        "title_full": "Marco Rubio Shuts Down Agency Responsible for Censoring Americans",
        "published": "2025-04-17T01:30:00.000+03:00",
        "replies_count": 0,
        "participants_count": 1,
        "site_type": "news",
        "country": "US",
        "main_image": "https://media.townhall.com/cdn/hodl/2022/311/7ba95b6a-3518-46bb-a2ec-05a95ca77764.png",
        "performance_score": 0,
        "domain_rank": 21822,
        "domain_rank_updated": "2025-04-15T00:00:00.000+03:00",
        "licensing_agency": [],
        "social": {
            "facebook": {
                "likes": 0,
                "comments": 0,
                "shares": 0
            },
            "vk": {
                "shares": 0
            }
        }
    },
    "uuid": "7f8f419fba758f0cf83cb49fc6dc3f6897063856",
    "url": "https://twitchy.com/brettt/2025/04/16/marco-rubio-shuts-down-agency-responsible-for-censoring-americans-n2411485",
    "ord_in_thread": 0,
    "author": "Brett T.",
    "published": "2025-04-17T01:30:00.000+03:00",
    "title": "Marco Rubio Shuts Down Agency Responsible for Censoring Americans",
    "text": "Good news, everyone! Secretary of State Marco Rubio has essentially shut down the State Department's Counter Foreign Information Manipulation and Interference agency, formerly the Global Engagement Center. These were the people censoring you on social media for \"disinformation.\"\nBREAKING 🚨 The US State Department has just placed all 30 full-time staff at the Global Engagement Center’s remnant known as R-FIMI on leave, eliminated all 50 full-time staff positions and delivered a notice to Congress ending R-FIMI’s existence and $65 million in funding 🧵👇\n— Mike Benz (@MikeBenzCyber)[April 16, 2025]\nNice.\nThis historic development today was made possible by\n— Mike Benz (@MikeBenzCyber)[@SecRubio]and Acting Under Secretary for Public Diplomacy[@DarrenJBeattie], as part of a complete restructuring of the State Department’s activities and capacities to prevent the abuses and weaponization of the past.[April 16, 2025]\nThe development today is the State Department’s initiation of a RIF (Reduction In Force) that will permanently end the positions at GEC / R-FIMI, so there is no more reshuffling of positions or simple renamings of the office to carry out the same malign censorship efforts.\n— Mike Benz (@MikeBenzCyber)[April 16, 2025]\nWhile GEC was formally sunset late last year after a showdown in Congress to deny its reauthorization, the Biden State Department got around this by putting GEC’s staff and operations under a new name: the Counter Foreign Information Manipulation and Interference office (R-FIMI).\n— Mike Benz (@MikeBenzCyber)[April 16, 2025]\nLast month,\n— Mike Benz (@MikeBenzCyber)[@SecRubio]and Acting Under Secretary for Public Diplomacy[@DarrenJBeattie]terminated 100+ contractors that R-FIMI worked with, which formed a deep partner web between censorship operatives in the private sector and the muscle of the US gov’t to go after speech.[April 16, 2025]\nBut in gov’t, it’s easier to terminate a contractor than a public employee. The structuring of today’s move as Stage 1 of a RIF to eliminate the office and dissolve the office entirely prevents the possibility of bureaucratic delays that come from contesting firings.\n— Mike Benz (@MikeBenzCyber)[April 16, 2025]\nRubio himself chimed in:\nOver the last decade, Americans have been slandered, fired, charged, and even jailed for simply voicing their opinions.\n— Secretary Marco Rubio (@SecRubio)\nThat ends today.\nI am announcing the closure of the[@StateDept]'s Counter Foreign Information Manipulation and Interference, formerly the Global Engagement…[https://t.co/ucdBPmPJC1][April 16, 2025]\n… Center (GEC), which cost taxpayers more than $50 million per year and actively silenced and censored the voices of Americans they were supposed to be serving.\nGood. We managed to send Joe Biden's \"Disinformation Governance Board\" packing, and there's no need for the \"Global Engagement Center.\" Free speech is back.\nGod bless you, sir.\n— Barto Blanco (@elbartoblanco)[April 16, 2025]\nThank you!\n— Savannah (@BasedSavannah)[pic.twitter.com/dqBMh3glsh][April 16, 2025]\nYou are so exceeding expectations Secretary Rubio. Totally agree with everything you are doing.\n— Debra Davis (@DebD266)[April 16, 2025]\nWhen do you refer them to the DOJ for criminal prosecution? They conspired (RICO) to deprive over half the nation of our God-given rights.\n— B_Meeseeks (@B_meeseek)[April 16, 2025]\nA taxpayer-funded office, spending $50–61 million annually that suppresses American voices while claiming to combat foreign disinformation fees like yet another case of the government operating behind closed doors. No wonder many people were unaware of its existence.\n— AgaObF (@AgaObF)[April 16, 2025]\nThey weren't aware of its existence until they were censored or shadowbanned.\nWonderful! Overdue correction.\n— Eric Beeman (@onekama_mi)[April 16, 2025]\nWho else wants to know more about which Americans have been “slandered, fired, charged, and even jailed for simply voicing their opinions”—apparently with the government’s help?\n— Mike Lee (@BasedMikeLee)[https://t.co/yq2sAZoHm4][April 16, 2025]\n***",
    "highlightText": "",
    "highlightTitle": "",
    "highlightThreadTitle": "",
    "language": "english",
    "sentiment": "positive",
    "categories": [
        "Politics",
        "Social Issue",
        "Economy, Business and Finance"
    ],
    "topics": [
        "Politics->government policy",
        "Politics->censorship and freedom of speech",
        "Politics->political development",
        "Social Issue->discrimination",
        "Social Issue->social problem",
        "Economy, Business and Finance->financial and economic news",
        "Economy, Business and Finance->business governance"
    ],
    "ai_allow": true,
    "has_canonical": false,
    "breaking": false,
    "webz_reporter": false,
    "external_links": [],
    "entities": {
        "persons": [
            {
                "name": "Marco Rubio",
                "sentiment": "negative"
            },
            {
                "name": "Mike Benz",
                "sentiment": "none"
            }
        ],
        "locations": [],
        "organizations": [
            {
                "name": "US State Department",
                "sentiment": "neutral",
                "tickers": []
            },
            {
                "name": "Congress",
                "sentiment": "none",
                "tickers": []
            },
            {
                "name": "GEC",
                "sentiment": "none",
                "tickers": []
            }
        ]
    },
    "syndication": {
        "syndicated": false,
        "syndicate_id": null,
        "first_syndicated": false
    },
    "trust": {
        "categories": [],
        "bias": null,
        "source": {
            "type": null,
            "city": null,
            "state": null,
            "country": null,
            "domain_type": null,
            "agency": null,
            "organization_name": null
        }
    },
    "rating": null,
    "crawled": "2025-04-17T01:48:28.158+03:00",
    "updated": "2025-04-17T01:48:28.158+03:00"
}