{
    "thread": {
        "uuid": "88adf1d14824e3cfd6cde83232294ec0b19c2d18",
        "url": "https://www.12onyourside.com:443/video/2025/04/16/safety-improvements-coming-hull-street-richmond",
        "site_full": "www.12onyourside.com",
        "site": "12onyourside.com",
        "site_section": "https://12onyourside.com",
        "site_categories": [],
        "section_title": "WWBT | Central Virginia News and Weather",
        "site_title": "WWBT | Central Virginia News and Weather",
        "title": "Safety improvements coming to Hull Street in Richmond",
        "title_full": "Safety improvements coming to Hull Street in Richmond",
        "published": "2025-04-17T00:59:00.000+03:00",
        "replies_count": 0,
        "participants_count": 1,
        "site_type": "news",
        "country": "US",
        "main_image": "https://gray-wwbt-prod.gtv-cdn.com/resizer/v2/https%3A%2F%2Fdo0bihdskp9dy.cloudfront.net%2F04-16-2025%2Ft_80b939027bc94ad283d32b0aa01b99c0_name_file_1280x720_2000_v3_1_.jpg?auth=5b95df12b1e226a802e51b83ccd5fe94ca50c7fabb34f9152d4a349d504ea662&amp;width=1200&amp;height=600&amp;smart=true",
        "performance_score": 0,
        "domain_rank": 17826,
        "domain_rank_updated": "2025-04-15T00:00:00.000+03:00",
        "licensing_agency": [],
        "social": {
            "facebook": {
                "likes": 0,
                "comments": 0,
                "shares": 0
            },
            "vk": {
                "shares": 0
            }
        }
    },
    "uuid": "88adf1d14824e3cfd6cde83232294ec0b19c2d18",
    "url": "https://www.12onyourside.com:443/video/2025/04/16/safety-improvements-coming-hull-street-richmond",
    "ord_in_thread": 0,
    "author": "@12OnYourSide",
    "published": "2025-04-17T00:59:00.000+03:00",
    "title": "Safety improvements coming to Hull Street in Richmond",
    "text": "Updated: 1 hour ago\nEaster on Parade is returning this weekend to Monument Avenue.\nUpdated: 2 hours ago\nRichmond Police Chief Rick Edwards says they believe a shooting broke out after two attendees got into an argument\nUpdated: 3 hours ago\nTwo teens, ages 16 and 17, face a murder charge after a shooting victim died last week.\nUpdated: 3 hours ago\nA Henrico man faces multiple charges after police say he assaulted two officers during a traffic stop.",
    "highlightText": "",
    "highlightTitle": "",
    "highlightThreadTitle": "",
    "language": "english",
    "sentiment": "positive",
    "categories": [
        "Social Issue",
        "Politics",
        "Human Interest"
    ],
    "topics": [
        "Social Issue->communities",
        "Social Issue->social services",
        "Politics->government policy",
        "Politics->local government and authority",
        "Politics->safety of citizens"
    ],
    "ai_allow": true,
    "has_canonical": false,
    "breaking": false,
    "webz_reporter": false,
    "external_links": [],
    "entities": {
        "persons": [
            {
                "name": "Rick Edwards",
                "sentiment": "none"
            }
        ],
        "locations": [],
        "organizations": []
    },
    "syndication": {
        "syndicated": false,
        "syndicate_id": null,
        "first_syndicated": false
    },
    "trust": {
        "categories": [],
        "bias": null,
        "source": {
            "type": null,
            "city": null,
            "state": null,
            "country": null,
            "domain_type": null,
            "agency": null,
            "organization_name": null
        }
    },
    "rating": null,
    "crawled": "2025-04-17T01:20:11.923+03:00",
    "updated": "2025-04-17T01:20:11.923+03:00"
}