{
    "thread": {
        "uuid": "2108598bbe2d730a76122a6310a1fc39c800f3ca",
        "url": "https://www.mk.co.kr/en/politics/11193346",
        "site_full": "www.mk.co.kr",
        "site": "mk.co.kr",
        "site_section": "https://mk.co.kr/en",
        "site_categories": [
            "under_construction",
            "top_news_kr",
            "top_news"
        ],
        "section_title": "MK",
        "title": "The public's power is once again engulfed in extreme internal strife over its position on the impeac.. - MK",
        "title_full": "The public's power is once again engulfed in extreme internal strife over its position on the impeac.. - MK",
        "published": "2024-12-12T02:00:00.000+02:00",
        "replies_count": 0,
        "participants_count": 0,
        "site_type": "news",
        "country": "KR",
        "main_image": "https://wimg.mk.co.kr/news/cms/202412/13/news-p.v1.20241212.a3a829ceeed949eeac0c21f49938a528_P1.jpg",
        "performance_score": 0,
        "domain_rank": 5939,
        "domain_rank_updated": "2024-12-09T23:00:00.000+02:00",
        "social": {
            "facebook": {
                "likes": 0,
                "comments": 0,
                "shares": 0
            },
            "vk": {
                "shares": 0
            }
        }
    },
    "uuid": "2108598bbe2d730a76122a6310a1fc39c800f3ca",
    "url": "https://www.mk.co.kr/en/politics/11193346",
    "ord_in_thread": 0,
    "parent_url": null,
    "author": null,
    "published": "2024-12-12T02:00:00.000+02:00",
    "title": "The public's power is once again engulfed in extreme internal strife over its position on the impeac.. - MK",
    "text": "The public's power is once again engulfed in extreme internal strife over its position on the impeachment motion of President Yoon Suk Yeol, which is scheduled for the 14th. Han Dong-hoon, the leader of People's Power, who had insisted on \"orderly resignation,\" turned to \"pro-impeachment\" on the 12th, while Kwon Sung-dong, the new floor leader who was elected with pro-Yoon (Yoon Suk Yeol) support, said, \"The rejection of impeachment is still a party theory.\" Analysts say that the possibility of impeachment is increasing as more and more lawmakers support impeachment, especially among close (Han Dong-hoon), as President Yoon's statement to the public adds fuel.\nRepresentative Kwon Sung-dong (5th term, Gangneung, Gangwon Province), who received 72 votes out of 106 votes, was elected as the new floor leader at the National Assembly. Rep. Kim Tae-ho, who ran with him, won only 34 votes.\nIn the floor leader election, Kwon clearly revealed his color as a pro-Yoon-gye. Representative Kwon said, \"Yes, that's right. I'm pro-Yoon,\" he said. \"What is heavier than impeachment is division.\" Later, in a meeting with reporters, he said, \"It is still the party's theory to reject impeachment,\" adding, \"If the presidential impeachment bill comes to the plenary session once again, we will gather the lawmakers' opinions and make a decision.\" \"We will also decide whether to 'free vote' through a general meeting of lawmakers,\" he said. \"Each lawmaker's opinion should be respected, but it is necessary to go to a single alternative on important issues.\"\nOn the other hand, Rep. Kim, who is classified as non-margin, said, \"I'm really ashamed that the president produced by our party faces the tragedy of impeachment again,\" adding, \"It's unfortunate, but it's time to let go of the president who joined hands.\" Ahead of the floor leader election, some in the party said Kim was a \"candidate put forward by the pro-limit party.\"\nThe election results confirmed that close relationships were only half of those of pro-profit communities in number. However, with 34 votes supporting candidate Kim, some predict that the possibility of impeachment will increase in the vote on the 14th. Until now, only about 20 lawmakers have been classified as close relatives. Rep. Jeong Seong-guk, a member of the pro-Yoon-gye, said, \"It will be approved if only eight people pass, but what is the point of pro-Yoon-gye exceeding 70 votes?\" and added, \"Many (many) lawmakers are already in an atmosphere of being sorted out (for the provisional decision).\"\nSome in the party say that President Yoon's statement influenced the votes. Han Chin-gye, a member of the party, criticized, \"It seems that Han was also shocked to see the president's statement,\" adding, \"The ruling party is not driving itself to a situation where it cannot defend itself, putting the party further into crisis.\"\nIn addition to the impeachment of President Yoon, Han expressed his position to push for measures to deprive him of party membership. Immediately after the statement, Han said, \"The only way to solve the problem is to suspend the president's duty through impeachment,\" adding, \"I ordered the party to convene an ethics committee to expel President Yoon and leave the party.\" On the other hand, floor leader Kwon expressed a different voice, saying, \"I think the president will judge the issue of his future if he delivers such a intention to the president's office rather than summoning an ethics committee to expel him.\"\nAccording to the results of the impeachment vote on Friday, the current leadership system led by Han is expected to face a major inflection point. \"If the impeachment bill is passed, it is natural for all (the supreme council members) to resign,\" former Supreme Council member Kim Min told reporters. \"It is strange if all the leadership does not collapse.\" According to the People's Power Party Constitutional Party regulations, if four elected supreme council members resign, the system will be converted to an emergency committee system. If former Supreme Council members In Yo-han, Kim Jae-won, and Kim Min-jeon, who are pro-Yoon, resign, and one of the Supreme Council members Jang Dong-hyuk or Jin Jong-oh resigns, the Han Dong-hoon leadership could collapse.\nClose circles immediately protested. Regarding some people's argument that Han should resign if the impeachment bill is passed, Chung said, \"I completely disagree,\" adding, \"This order was caused by emergency martial law, and it was Han who tried to prevent it first at that time.\"",
    "highlightText": "",
    "highlightTitle": "",
    "highlightThreadTitle": "",
    "language": "english",
    "sentiment": "negative",
    "categories": [
        "Politics",
        "Social Issue",
        "War, Conflict and Unrest"
    ],
    "topics": null,
    "ai_allow": true,
    "has_canonical": false,
    "webz_reporter": false,
    "external_links": [],
    "external_images": [],
    "entities": {
        "persons": [
            {
                "name": "Kwon Sung-dong",
                "sentiment": "none"
            },
            {
                "name": "Yoon Suk Yeol",
                "sentiment": "none"
            },
            {
                "name": "Kim Tae-ho",
                "sentiment": "none"
            }
        ],
        "organizations": [
            {
                "name": "National Assembly",
                "sentiment": "none"
            },
            {
                "name": "People's Power",
                "sentiment": "none"
            }
        ],
        "locations": []
    },
    "syndication": {
        "syndicated": false,
        "syndicate_id": null,
        "first_syndicated": false
    },
    "rating": null,
    "crawled": "2024-12-13T00:09:23.328+02:00",
    "updated": "2024-12-13T00:09:23.328+02:00"
}