{
    "thread": {
        "uuid": "27490fa94018be4953372f4873228ce7f4ceaab9",
        "url": "https://euromaidanpress.com/2024/12/12/russias-advance-threatens-new-front-in-central-ukraine-military-expert-says",
        "site_full": "euromaidanpress.com",
        "site": "euromaidanpress.com",
        "site_section": "https://www.euromaidanpress.com",
        "site_categories": [
            "media"
        ],
        "section_title": "Euromaidan Press: Ukrainian News in English, News from Ukraine",
        "title": "Russia’s advance threatens new front in central Ukraine, military expert says",
        "title_full": "Russia’s advance threatens new front in central Ukraine, military expert says",
        "published": "2024-12-12T22:53:00.000+02:00",
        "replies_count": 0,
        "participants_count": 1,
        "site_type": "news",
        "country": "US",
        "main_image": "",
        "performance_score": 0,
        "domain_rank": 17974,
        "domain_rank_updated": "2024-12-09T23:00:00.000+02:00",
        "social": {
            "facebook": {
                "likes": 0,
                "comments": 0,
                "shares": 0
            },
            "vk": {
                "shares": 0
            }
        }
    },
    "uuid": "27490fa94018be4953372f4873228ce7f4ceaab9",
    "url": "https://euromaidanpress.com/2024/12/12/russias-advance-threatens-new-front-in-central-ukraine-military-expert-says",
    "ord_in_thread": 0,
    "parent_url": null,
    "author": "Olena Mukhina",
    "published": "2024-12-12T22:53:00.000+02:00",
    "title": "Russia’s advance threatens new front in central Ukraine, military expert says",
    "text": "Read More Latest news Ukraine Russia attacks 4 oblasts overnight, injuring 4 civilians Ukraine's military downed 26 of 28 drones Russian laucnhed overnight into 28 March by Maria Tril",
    "highlightText": "",
    "highlightTitle": "",
    "highlightThreadTitle": "",
    "language": "english",
    "sentiment": "negative",
    "categories": [
        "War, Conflict and Unrest",
        "Politics"
    ],
    "topics": null,
    "ai_allow": true,
    "has_canonical": false,
    "webz_reporter": false,
    "external_links": [
        "https://www.patreon.com/euromaidanpress",
        "https://radio.nv.ua/",
        "https://www.patreon.com/bePatron?u=36526209",
        "https://patreon.com/bePatron?u=36526209",
        "https://www.patreon.com/bePatron",
        "https://radio.nv.ua",
        "https://www.radio.nv.ua/",
        "https://patreon.com/euromaidanpress"
    ],
    "external_images": [],
    "entities": {
        "persons": [],
        "organizations": [],
        "locations": []
    },
    "syndication": {
        "syndicated": false,
        "syndicate_id": null,
        "first_syndicated": false
    },
    "rating": null,
    "crawled": "2024-12-13T00:20:51.010+02:00",
    "updated": "2024-12-13T19:05:52.046+02:00"
}