{
    "thread": {
        "uuid": "9d5882db6c1d87e383235712c6fe8f93bce6bd51",
        "url": "https://www.newsbreak.com/morristown-minute-1590138/3712958320080-nj-sues-glock-over-handguns-easily-converted-to-illegal-machine-guns",
        "site_full": "www.newsbreak.com",
        "site": "newsbreak.com",
        "site_section": "https://www.newsbreak.com/morristown-minute-1590138",
        "site_categories": [
            "under_construction",
            "non_standard_content"
        ],
        "section_title": "Morristown Minute&#x27;s Home Page | NewsBreak",
        "title": "NJ Sues Glock Over Handguns Easily Converted to Illegal Machine Guns",
        "title_full": "NJ Sues Glock Over Handguns Easily Converted to Illegal Machine Guns",
        "published": "2024-12-12T21:44:00.000+02:00",
        "replies_count": 0,
        "participants_count": 1,
        "site_type": "news",
        "country": "",
        "main_image": "https://img.particlenews.com/img/id/0jezTh_0xOG4fcU00?type=thumbnail_1600x1200",
        "performance_score": 0,
        "domain_rank": 3600,
        "domain_rank_updated": "2024-12-09T23:00:00.000+02:00",
        "social": {
            "facebook": {
                "likes": 0,
                "comments": 0,
                "shares": 0
            },
            "vk": {
                "shares": 0
            }
        }
    },
    "uuid": "9d5882db6c1d87e383235712c6fe8f93bce6bd51",
    "url": "https://www.newsbreak.com/morristown-minute-1590138/3712958320080-nj-sues-glock-over-handguns-easily-converted-to-illegal-machine-guns",
    "ord_in_thread": 0,
    "parent_url": null,
    "author": "NewsBreak Original",
    "published": "2024-12-12T21:44:00.000+02:00",
    "title": "NJ Sues Glock Over Handguns Easily Converted to Illegal Machine Guns",
    "text": "7 days ago Glock Has Refused to Change Its Handgun Design to Prevent Civilians from Using Them as Machine Guns, Lawsuit Alleges. Photo by Morristown Minute The State of New Jersey alleges Glock’s design knowingly enables dangerous modifications that fuel gun violence. NEW JERSEY - New Jersey Attorney General Matthew J. Platkin announced a groundbreaking lawsuit against Glock, Inc. and Glock Ges.m.b.H. , accusing the gun manufacturer of facilitating gun violence by designing and distributing handguns easily converted into illegal machine guns. The lawsuit, filed in New Jersey Superior Court’s Chancery Division, seeks to halt the sale of these firearms in the state and obtain restitution for public harm caused by Glock’s allegedly unsafe practices.\nThe Issue: Handguns Turned Machine Guns The lawsuit centers on Glock’s semi-automatic pistols, which can be modified with inexpensive and widely available devices called “ Glock switches .” These small, external add-ons can be purchased online for less than $20 or produced using a 3D printer. Once attached to the backplate of a Glock handgun, the switch enables the firearm to fire up to 1,200 rounds per minute with a single trigger pull—matching or exceeding the rate of military-grade automatic weapons.\nAccording to the complaint, Glock has been aware of this vulnerability in its handgun design since at least the 1980s, when founder Gaston Glock introduced a prototype switch that could convert a semi-automatic weapon into a machine gun. Despite requests from law enforcement and regulators to modify its design to prevent such conversions, Glock has refused to act.\n“With this lawsuit, we are putting the homemade machine gun industry out of business. For decades, Glock has knowingly sold weapons that anyone with a screwdriver and a YouTube video can convert into a military-grade machine gun in a matter of minutes,” said Attorney General Platkin . “Glock’s ownership sits in Austria lining their pockets with profits paid for by American bloodshed fueled by their products — and we are sick of it. Our message today to Glock is clear: the days of putting greed ahead of the safety of our residents and law enforcement officers are over.”\nIncreasing Threats in New Jersey New Jersey has some of the nation’s strictest gun laws , including bans on the possession, manufacture, or sale of machine guns. However, the state has seen a surge in gun violence involving Glock handguns, including those converted into illegal machine guns.\nFrom 2020 to 2023, recoveries of Glock firearms linked to crimes in New Jersey more than doubled. Law enforcement reports an increasing number of switched Glocks during investigations of home invasions, narcotics sales, and fatal shootings. Many of these incidents involve minors, both as victims and perpetrators.\nThe lawsuit highlights how the rapid-fire capability of switched Glocks, coupled with their decreased accuracy due to recoil, creates a heightened danger to public safety.\n“Glock knows that its guns are commonly switched to machine guns and routinely used to perpetrate violent crime, but has done nothing meaningful to stop it,” said Ravi Ramanathan , Director of the Statewide Affirmative Firearms Enforcement Office (SAFE). “Just like for any other product, in any other industry, the manufacturer of a product that could be so easily, illegally, and dangerously altered is legally required to modify its design to keep the public safe. Sales of the dangerous product would stop. The gun industry should not be treated differently than any other industry. That is what we are demanding today.”\nAllegations Against Glock The state’s lawsuit accuses Glock of violating New Jersey’s 2022 firearms industry public safety law and the Product Liability Act by knowingly enabling the proliferation of illegal machine guns. Among the allegations:\nTrademark Ties: Many Glock switches bear Glock’s registered trademark, creating the perception that the company condones or is associated with their use. Glock has allegedly taken no action to dissociate itself from these products. Profit Incentive: The company’s refusal to modify its designs benefits its bottom line, as the ease of conversion appeals to certain buyers, including those involved in criminal activities. Regulatory Defiance: Glock has ignored requests from the Bureau of Alcohol, Tobacco, Firearms, and Explosives (ATF) to make its firearms less susceptible to modification. Broader Efforts and Legal Goals The lawsuit aligns with a broader initiative to hold firearm manufacturers accountable for their role in gun violence. On the same day, Minnesota filed a similar lawsuit against Glock, and New Jersey announced the formation of a multistate coalition targeting irresponsible practices within the firearms industry.\nNew Jersey’s legal action seeks to bar Glock from selling these “switchable” firearms to civilians through its statewide dealer network and demands restitution for the harm caused by their use.\nAttorney General Platkin emphasized that this case is part of a wider effort to prioritize public safety. The Attorney General’s office is represented in this case by Special Counsel Pillsbury Winthrop Shaw Pittman LLP and members of the Division of Law’s Special Litigation Section.\nThis lawsuit could mark a significant turning point in addressing the intersection of gun design, illegal modifications, and public safety, setting the stage for potential nationwide implications.\nFor updates, subscribe to our free newsletter! Support your local news!\ngun violence second amendment law enforcement lawsuit public safety 24",
    "highlightText": "",
    "highlightTitle": "",
    "highlightThreadTitle": "",
    "language": "english",
    "sentiment": "negative",
    "categories": [
        "Crime, Law and Justice",
        "Politics",
        "Social Issue"
    ],
    "topics": null,
    "ai_allow": true,
    "has_canonical": false,
    "webz_reporter": false,
    "external_links": [
        "https://www.youtube-nocookie.com/embed/Sofvxw-rdYQ",
        "https://morristownminute.town.news/g/morristown-nj/n/283747/new-jersey-sues-glock-over-handguns-easily-converted-illegal-machine-guns",
        "https://morristownminute.town.news/subscribe",
        "https://www.njoag.gov/governor-murphy-ag-platkin-brady-report-shows-our-gun-laws-are-working/",
        "https://www.nj.gov/oag/newsreleases24/2024-0326_Multistate-Letter-to-Glock.pdf",
        "https://img.particlenews.com/image.php?url=13bY2J_0xOG4fcU00",
        "https://morristownminute.town.news/support",
        "https://nj.gov/oag/newsreleases24/Glock-complaint.pdf",
        "https://img.particlenews.com/image.php?type=thumbnail_580x000&url=13bY2J_0xOG4fcU00",
        "https://img.particlenews.com/image.php",
        "https://www.morristownminute.town.news/subscribe",
        "https://www.morristownminute.town.news/support",
        "https://nj.gov/oag/newsreleases24/2024-0326_Multistate-Letter-to-Glock.pdf",
        "https://www.morristownminute.town.news/g/morristown-nj/n/283747/new-jersey-sues-glock-over-handguns-easily-converted-illegal-machine-guns",
        "https://www.img.particlenews.com/image.php?url=13bY2J_0xOG4fcU00",
        "https://njoag.gov/governor-murphy-ag-platkin-brady-report-shows-our-gun-laws-are-working/",
        "https://www.img.particlenews.com/image.php?type=thumbnail_580x000&url=13bY2J_0xOG4fcU00",
        "https://youtube-nocookie.com/embed/Sofvxw-rdYQ",
        "https://www.njoag.gov/governor-murphy-ag-platkin-brady-report-shows-our-gun-laws-are-working",
        "https://www.nj.gov/oag/newsreleases24/Glock-complaint.pdf"
    ],
    "external_images": [],
    "entities": {
        "persons": [],
        "organizations": [],
        "locations": []
    },
    "syndication": {
        "syndicated": false,
        "syndicate_id": null,
        "first_syndicated": false
    },
    "rating": null,
    "crawled": "2024-12-13T00:19:37.172+02:00",
    "updated": "2024-12-20T05:25:05.570+02:00"
}