{
    "thread": {
        "uuid": "b7f3c000a8a32ccd4de7d6f399595bb6c5a2283b",
        "url": "https://cathnews.com/2024/12/13/welfare-payments-to-rise-but-advocates-say-its-not-enough",
        "site_full": "cathnews.com",
        "site": "cathnews.com",
        "site_section": "https://www.cathnews.com",
        "site_categories": [
            "religion",
            "catholicism"
        ],
        "section_title": "Catholic News and Jobs in Australia - CathNews",
        "title": "Welfare payments to rise but advocates say it’s not enough",
        "title_full": "Welfare payments to rise but advocates say it’s not enough",
        "published": "2024-12-12T21:50:00.000+02:00",
        "replies_count": 0,
        "participants_count": 1,
        "site_type": "news",
        "country": "AU",
        "main_image": "",
        "performance_score": 0,
        "domain_rank": 114118,
        "domain_rank_updated": "2024-12-09T23:00:00.000+02:00",
        "social": {
            "facebook": {
                "likes": 0,
                "comments": 0,
                "shares": 0
            },
            "vk": {
                "shares": 0
            }
        }
    },
    "uuid": "b7f3c000a8a32ccd4de7d6f399595bb6c5a2283b",
    "url": "https://cathnews.com/2024/12/13/welfare-payments-to-rise-but-advocates-say-its-not-enough",
    "ord_in_thread": 0,
    "parent_url": null,
    "author": "Rebecca Comini",
    "published": "2024-12-12T21:50:00.000+02:00",
    "title": "Welfare payments to rise but advocates say it’s not enough",
    "text": "Amanda Rishworth (Facebook/Amanda Rishworth MP) More than one million recipients of youth, student and carer support will have their payments increased as part of a regular indexation in January but advocates say the high cost of living, including soaring rent, far outpaces the extra money. Source: The Guardian.\nThe rate increases are automatically linked to price changes in the consumer price index, with youth allowance, Austudy, youth disability support pension and carer allowance all going up.\nFrom January 1 single recipients on youth allowance who are over 18 years old and living at home will have their payment increase $17.30 a fortnight, from $459.80 to $477.10. Those living away from home will receive $670.30 instead of $646.\nAustudy payments will increase between $24.30 and $26.30 to up to $845.80, so recipients with no dependent children will receive $670.30 a fortnight, while those with children will get $845.80.\nMore than 660,000 people on carer allowance will see an extra $5.80 in their fortnightly payment, increasing it to $159.30 a fortnight.\nAnd single recipients of youth allowance with children will have their payment increase by $30.60 to a maximum rate of $845.80 a fortnight, including the energy supplement.\nBut anti-poverty activists have said it will do little to help people living below the poverty line, calling for the Government to bring payments above the Henderson poverty line of $612.10 a week for a single person.\nThose on JobSeeker, the age pension and disability support pension will not receive an increase because it is indexed twice a year in March and September.\nSocial Services Minister Amanda Rishworth said the Albanese Government remained deeply committed to helping Australians manage the cost-of-living pressures and assisting them with a strong social security safety net when they need it.\nAntipoverty Centre spokesperson Jay Coonan said those on welfare payments were struggling so much the indexation would do little to alleviate the pressures the cost-of-living and housing crises were putting on people with lower incomes.\nFULL STORY\nWelfare payments to increase for 1 million Australians but advocates say it’s not enough (By Cait Kelly, The Guardian )",
    "highlightText": "",
    "highlightTitle": "",
    "highlightThreadTitle": "",
    "language": "english",
    "sentiment": "negative",
    "categories": [
        "Social Issue",
        "Politics",
        "Human Interest"
    ],
    "topics": null,
    "ai_allow": true,
    "has_canonical": false,
    "webz_reporter": false,
    "external_links": [
        "https://www.theguardian.com/australia-news/2024/dec/12/centrelink-welfare-payments-increasing-youth-studen-carer-details-indexation",
        "https://theguardian.com/australia-news/2024/dec/12/centrelink-welfare-payments-increasing-youth-studen-carer-details-indexation"
    ],
    "external_images": [],
    "entities": {
        "persons": [
            {
                "name": "Amanda Rishworth",
                "sentiment": "none"
            }
        ],
        "organizations": [
            {
                "name": "Facebook",
                "sentiment": "none"
            }
        ],
        "locations": []
    },
    "syndication": {
        "syndicated": false,
        "syndicate_id": null,
        "first_syndicated": false
    },
    "rating": null,
    "crawled": "2024-12-13T00:13:09.793+02:00",
    "updated": "2024-12-13T00:13:09.793+02:00"
}