{
    "thread": {
        "uuid": "6c17d952f7afb2dd22811e4fb23a0d4e61d67a39",
        "url": "https://www.bssnews.net/national-parlament-election-2026/360162",
        "site_full": "www.bssnews.net",
        "site": "bssnews.net",
        "site_section": "https://news.google.com/search?q=were%20when%3A1h&hl=en-US&gl=US&ceid=US%3Aen",
        "site_categories": [
            "crime, law and justice",
            "media",
            "sport",
            "economy, business and finance",
            "politics"
        ],
        "section_title": "Google News - Search",
        "site_title": "Bangladesh Sangbad Sangstha (BSS)",
        "title": "Festive mood marks polling in Cumilla | National Parlament Election 2026",
        "title_full": "Festive mood marks polling in Cumilla | National Parlament Election 2026",
        "published": "2026-02-12T07:56:41.065+02:00",
        "replies_count": 0,
        "participants_count": 1,
        "site_type": "news",
        "country": "BD",
        "main_image": "https://www.bssnews.net/assets/news_photos/2026/02/12/image-360162-1770874866.jpg",
        "performance_score": 0,
        "domain_rank": 111246,
        "domain_rank_updated": "2026-02-08T23:00:00.000+02:00",
        "licensing_agency": [],
        "social": {
            "facebook": {
                "likes": 0,
                "comments": 0,
                "shares": 0
            },
            "vk": {
                "shares": 0
            }
        }
    },
    "uuid": "6c17d952f7afb2dd22811e4fb23a0d4e61d67a39",
    "url": "https://www.bssnews.net/national-parlament-election-2026/360162",
    "ord_in_thread": 0,
    "author": "BSS",
    "published": "2026-02-12T07:56:41.065+02:00",
    "title": "Festive mood marks polling in Cumilla | National Parlament Election 2026",
    "text": "CUMILLA, Feb 12, 2026 (BSS) – Voting in the 13th Jatiya Sangsad election and referendum is underway in Cumilla after 17 years, marked by huge enthusiasm and spontaneous participation of voters.\nPolling began this morning at nearly 1,500 centres across the district’s 11 parliamentary constituencies.\nLong queues of voters were seen at almost every centre. With men and women, youths, elderly people, first-time voters, ethnic communities and religious minorities joining in, a joyful and festive atmosphere is prevailing across the district.\nVoter presence was significant from the start of polling at 7:30am, with turnout continuing to rise as the day progresses.\nAt many centres, women voters were seen waiting for long time in separate queues. In some places, young voters were taking selfies and sharing their first voting experience on social media. The alert presence of law enforcement agencies at the centres has created confidence among voters.\nThe administration said extensive security measures have been taken across Cumilla to ensure a free, fair, peaceful and neutral election.\nVoting is being held with the participation of around 50,00,000 voters in the district’s 11 constituencies.\nA total of 26,334 members of law enforcement agencies are on duty at nearly 1,500 centres, alongside 98 executive and judicial magistrates deployed in the field.\nCumilla Deputy Commissioner and Returning Officer Md Reza Hasan said polling has been continuing peacefully in the district’s 11 constituencies since morning.\nA total of 73 executive magistrates and 25 judicial magistrates are performing duties in these constituencies, he said, adding that 55 platoons of the army, 39 platoons of BGB and 24 mobile teams of RAB are also on duty.\nHe said voters are able to cast their votes without obstruction and no untoward incidents have been reported anywhere.\nAt Neura Government Primary School centre in Cumilla Sadar South, sexagenarian voter Abdul Kader said he had seen many elections but had not witnessed such a peaceful and festive atmosphere for a long time.\n“I came early in the morning to vote. I feel very good after voting,” he said.\nAt Neura Mominul Islam High School centre, housewife Sheuli Akter said women are able to vote in a safe environment with separate queues and adequate security.\n“It feels joyful to vote in such an environment after a long time,” she added.\nAt Sangraish Saleha Girls’ High School centre in Ward No-16 of the city, Cumilla Victoria Government College student Moumita Poran Nishi, who came to vote for the first time, said, “Today is my first vote in life. I came to the centre with friends in the morning. I am standing in line but not feeling irritated. I feel like I am part of a historic moment.”\nAt Kotbari Changini Primary School centre, hill community voter Jyoti Ranjan Tripura said his entire family came to vote and expressed satisfaction at the peaceful environment.\nHe said people from his community were also voting with enthusiasm this time.\nAt one centre, an elderly voter was brought in a wheelchair by his son. Eighty-two-year-old Abul Hossain said, “My health is not good, yet I came to vote. Today’s environment inspired me.”\nYoung women voters were also seen in large numbers. College student Sumaiya Nasrin said, “We want to be part of change. I feel proud to vote.”\nA disciplined environment was observed outside the polling centres as law enforcement personnel maintained alert positions and monitored the voting process.\nPresiding officers inside the centres assisted voters. No reports of untoward incidents were received anywhere till filling of this report.",
    "summary": "With men and women, youths, elderly people, first-time voters, ethnic communities and religious minorities joining in, a joyful and festive atmosphere is prevailing across the district. At Neura Government Primary School centre in Cumilla Sadar South, sexagenarian voter Abdul Kader said he had seen many elections but had not witnessed such a peaceful and festive atmosphere for a long time. At Neura Mominul Islam High School centre, housewife Sheuli Akter said women are able to vote in a safe environment with separate queues and adequate security.",
    "highlightText": "",
    "highlightTitle": "",
    "highlightThreadTitle": "",
    "language": "english",
    "sentiment": "positive",
    "categories": [
        "Politics",
        "Lifestyle and Leisure"
    ],
    "topics": [
        "Politics->national elections",
        "Politics->referenda",
        "Lifestyle and Leisure->party"
    ],
    "ai_allow": true,
    "has_canonical": false,
    "breaking": true,
    "webz_reporter": false,
    "external_links": [],
    "external_images": [],
    "internal_images": [],
    "entities": {
        "persons": [],
        "locations": [
            {
                "name": "Cumilla",
                "sentiment": "none"
            }
        ],
        "organizations": []
    },
    "syndication": {
        "syndicated": false,
        "syndicate_id": "6c17d952f7afb2dd22811e4fb23a0d4e61d67a39",
        "first_syndicated": true
    },
    "trust": {
        "categories": [],
        "top_news": [],
        "bias": null,
        "source": {
            "type": null,
            "city": null,
            "state": null,
            "country": null,
            "domain_type": null,
            "agency": null,
            "organization_name": null
        }
    },
    "rating": null,
    "crawled": "2026-02-12T07:56:41.065+02:00",
    "updated": "2026-02-12T08:00:48.000+02:00"
}