{
    "thread": {
        "uuid": "34229a8e6ba6c57b5985ff64d6b33a15f16badc2",
        "url": "https://www.bssnews.net/national-parlament-election-2026/360183",
        "site_full": "www.bssnews.net",
        "site": "bssnews.net",
        "site_section": "https://www.bssnews.net/archive",
        "site_categories": [
            "sport",
            "politics",
            "media",
            "economy, business and finance",
            "crime, law and justice"
        ],
        "section_title": "Bangladesh Sangbad Sangstha (BSS)",
        "site_title": "Bangladesh Sangbad Sangstha (BSS)",
        "title": "Dream of July martyrs set to be realized through peaceful polls: Adviser Faruk | National Parlament Election 2026 | Bangladesh Sangbad Sangstha (BSS)",
        "title_full": "Dream of July martyrs set to be realized through peaceful polls: Adviser Faruk | National Parlament Election 2026 | Bangladesh Sangbad Sangstha (BSS)",
        "published": "2026-02-12T02:00:00.000+02:00",
        "replies_count": 0,
        "participants_count": 0,
        "site_type": "news",
        "country": "BD",
        "main_image": "",
        "performance_score": 0,
        "domain_rank": 111246,
        "domain_rank_updated": "2026-02-08T23:00:00.000+02:00",
        "licensing_agency": [],
        "social": {
            "facebook": {
                "likes": 0,
                "comments": 0,
                "shares": 0
            },
            "vk": {
                "shares": 0
            }
        }
    },
    "uuid": "34229a8e6ba6c57b5985ff64d6b33a15f16badc2",
    "url": "https://www.bssnews.net/national-parlament-election-2026/360183",
    "ord_in_thread": 0,
    "author": null,
    "published": "2026-02-12T02:00:00.000+02:00",
    "title": "Dream of July martyrs set to be realized through peaceful polls: Adviser Faruk | National Parlament Election 2026 | Bangladesh Sangbad Sangstha (BSS)",
    "text": "BSS\nCHATTOGRAM, Feb 12, 2026 (BSS) - Liberation War Affairs Adviser Faruk-e-Azam Bir Protik today expressed deep satisfaction over the unprecedented festivity and enthusiasm during the opening hours of the 13th parliamentary elections and referendum.\nHe cast his vote at Bangladesh Women's Association School and College polling centre under the Chattogram-9 (Kotowali-Bakalia) constituency in the port city at around 7:35 am.\n\"People of all ages are enjoying the voting festival like Eid,\" Faruk-e-Azam told BSS immediately after casting his ballot at the very beginning of polling.\n\"The supreme sacrifices made by our valiant sons, especially the younger generation during July Uprising, will become successful and meaningful through such a participatory and peaceful election.\"\nThe veteran freedom fighter said the entire world, particularly leading democratic nations and organizations including the European Union, the United Kingdom, the United States and the United Nations, are closely observing the much-discussed 13th parliamentary polls and referendum.\nHe noted that the election is being held in the backdrop of the country's efforts to return to the democratic path following the fall of the Sheikh Hasina-led 16-year rule amid the student-mass July Uprising.\n\"If this peaceful and enthusiastic atmosphere continues until the end of voting, including the announcement of results and a smooth transition of power to an elected government, it will help restore and brighten Bangladesh's image on the global stage,\" he said.\nFaruk-e-Azam said the orderly and vibrant environment he witnessed at various polling centres in the city and adjacent areas was highly encouraging for democracy-loving people.\nImmediately after casting his vote, he began visiting several constituencies in the district, including Chattogram-5 (Hathazari-Bayezid), Chattogram-4 (Fatikchari), Chattogram-6 (Raozan) and Chattogram-7 (Rangunia), to observe the voting situation firsthand.\nHe said the interim government led by Prof. Muhammad Yunus has sincerely sought to hold the long-awaited national election in a free, fair, peaceful and festive atmosphere.\n\"Now the government's sole objective is being realized with the cooperation of all, including the Election Commission, political parties, administration, law enforcement agencies and the people as a whole,\" he added.",
    "summary": "CHATTOGRAM, Feb 12, 2026 (BSS) - Liberation War Affairs Adviser Faruk-e-Azam Bir Protik today expressed deep satisfaction over the unprecedented festivity and enthusiasm during the opening hours of the 13th parliamentary elections and referendum. He noted that the election is being held in the backdrop of the country's efforts to return to the democratic path following the fall of the Sheikh Hasina-led 16-year rule amid the student-mass July Uprising.",
    "highlightText": "",
    "highlightTitle": "",
    "highlightThreadTitle": "",
    "language": "english",
    "sentiment": "positive",
    "categories": [
        "Politics",
        "War, Conflict and Unrest"
    ],
    "topics": [
        "Politics->political process",
        "Politics->voting",
        "War, Conflict and Unrest->peace process"
    ],
    "ai_allow": true,
    "has_canonical": false,
    "breaking": null,
    "webz_reporter": false,
    "external_links": [],
    "external_images": [],
    "internal_images": [],
    "entities": {
        "persons": [
            {
                "name": "Faruk - e - Azam",
                "sentiment": "none"
            }
        ],
        "locations": [
            {
                "name": "Bangladesh",
                "sentiment": "none"
            },
            {
                "name": "Kotowali - Bakalia",
                "sentiment": "none"
            }
        ],
        "organizations": [
            {
                "name": "BSS",
                "sentiment": "none",
                "tickers": [
                    {
                        "ticker": null,
                        "exchange": null
                    }
                ]
            },
            {
                "name": "Sangbad Sangstha",
                "sentiment": "none",
                "tickers": []
            },
            {
                "name": "Bangladesh Women ' s Association School and College",
                "sentiment": "none",
                "tickers": []
            }
        ]
    },
    "syndication": {
        "syndicated": false,
        "syndicate_id": null,
        "first_syndicated": false
    },
    "trust": {
        "categories": [],
        "top_news": [],
        "bias": null,
        "source": {
            "type": null,
            "city": null,
            "state": null,
            "country": null,
            "domain_type": null,
            "agency": null,
            "organization_name": null
        }
    },
    "rating": null,
    "crawled": "2026-02-12T08:39:28.447+02:00",
    "updated": "2026-02-12T08:43:43.000+02:00"
}