{
    "thread": {
        "uuid": "3512e64aea93fad6e235a5255db25d0a237205f1",
        "url": "https://broadandliberty.com/2026/02/12/peter-mccusker-unity-comes-from-inclusion-not-subversion/",
        "site_full": "broadandliberty.com",
        "site": "broadandliberty.com",
        "site_section": "https://news.google.com/search?q=from%20when%3A1h&hl=en-US&gl=US&ceid=US%3Aen",
        "site_categories": [
            "crime, law and justice",
            "politics",
            "legal_issues",
            "economy, business and finance",
            "law_government_and_politics"
        ],
        "section_title": "Google News - Search",
        "site_title": "Broad + Liberty - Thought-provoking, shareable ideas for free thinkers in greater Philadelphia and beyond.",
        "title": "Peter McCusker: Unity comes from inclusion, not subversion",
        "title_full": "Peter McCusker: Unity comes from inclusion, not subversion",
        "published": "2026-02-12T12:45:00.000+02:00",
        "replies_count": 0,
        "participants_count": 1,
        "site_type": "news",
        "country": "US",
        "main_image": "https://broadandliberty.com/wp-content/uploads/2026/02/Bad-Bunny-halftime-show-e1770833645332.jpg",
        "performance_score": 0,
        "domain_rank": null,
        "domain_rank_updated": null,
        "licensing_agency": [],
        "social": {
            "facebook": {
                "likes": 0,
                "comments": 0,
                "shares": 0
            },
            "vk": {
                "shares": 0
            }
        }
    },
    "uuid": "3512e64aea93fad6e235a5255db25d0a237205f1",
    "url": "https://broadandliberty.com/2026/02/12/peter-mccusker-unity-comes-from-inclusion-not-subversion/",
    "ord_in_thread": 0,
    "author": "Peter McCusker",
    "published": "2026-02-12T12:45:00.000+02:00",
    "title": "Peter McCusker: Unity comes from inclusion, not subversion",
    "text": "Peter McCusker: Unity comes from inclusion, not subversion\nSports regularly is cited as helping to create a unified America. For instance, we rightly hear that sports excellence is extraordinarily achievement based. And that usually is true. An often-cited archetypal example is Jackie Robinson’s breaking baseball’s so-called “color barrier” through virtue of his outstanding capabilities. What is almost never mentioned is that Robinson’s ascension into the major leagues was facilitated by a white man—Wesley Branch Rickey who would not tolerate racial injustice.\nBecause of people like Jackie Robinson and Branch Rickey, sports continually proves that every human being deserves complete, unbiased opportunities and recognition. And, as our country’s primary sports platform, when viewing the Superbowl, every American citizen should feel valued and included. There is no reason to privilege one group over the others. But the Superbowl halftime show violated that common sense essential perspective. Although about thirteen percent of Americans claim Spanish as their first language, halftime entertainment was almost totally devoid of English. That is not to say that the event should have been exclusively in English, but that unity would be encouraged by a linguistically balanced approach.\nUnity is not achieved by symbolic inversion — by marginalizing one majority in order to elevate a minority — but by deliberate inclusion that signals mutual recognition. A nationally shared ritual such as the Super Bowl halftime show carries an implicit civic responsibility: it is one of the few cultural moments that simultaneously reaches across region, class, race, age, and ideology. When that moment is linguistically or culturally exclusionary, even unintentionally, it undermines the very premise that sports uniquely occupy a unifying role in American life.\nThe problem is not the celebration of Latino culture, which is both appropriate and long overdue in many contexts. Rather, the issue is proportionality and intent. A unifying event should reflect the pluralistic composition of the nation while maintaining a shared symbolic vocabulary. Language is not merely a communicative tool; it is a marker of belonging. When a significant portion of the audience cannot linguistically access the performance, the message — however artistically sophisticated — becomes segmented rather than shared. Inclusion without intelligibility risks becoming performative rather than integrative.\nHistorically, the most successful national symbols have worked precisely because they invite participation rather than demand adaptation. Jackie Robinson did not enter Major League Baseball by redefining the rules of the game for one group; he entered by demonstrating excellence within a framework that then expanded its moral boundaries. Branch Rickey’s role mattered because he understood that justice does not require cultural erasure or symbolic dominance, but principled insistence on fairness within shared institutions. The lesson is not merely historical; it is structural. Unity emerges when institutions emphasize common ground while honoring difference — not when difference is foregrounded in ways that fragment the audience into insiders and outsiders.\nA linguistically balanced halftime show would have modeled this principle. Alternating languages, incorporating translation, or blending performances in a way that preserved mutual intelligibility would have signaled respect for diversity without sacrificing cohesion. Such an approach would have affirmed that American identity is not zero-sum — that cultural recognition need not come at the expense of shared experience.\nIf sports are to continue serving as one of the last broadly trusted arenas of national unity, then those who curate its most visible moments must take that responsibility seriously. The Super Bowl halftime show is not merely entertainment; it is a civic mirror. When that mirror reflects only parts of the nation at a time, rather than the nation as a whole, it misses an opportunity to do what sports have historically done best: remind us that excellence, fairness, and belonging are not competing values, but mutually reinforcing ones.\nPeter McCusker is a licensed psychologist and the author of six books. He blogs at Healthful Activity for Life.",
    "summary": "Unity is not achieved by symbolic inversion — by marginalizing one majority in order to elevate a minority — but by deliberate inclusion that signals mutual recognition. A nationally shared ritual such as the Super Bowl halftime show carries an implicit civic responsibility: it is one of the few cultural moments that simultaneously reaches across region, class, race, age, and ideology. When that moment is linguistically or culturally exclusionary, even unintentionally, it undermines the very premise that sports uniquely occupy a unifying role in American life.",
    "highlightText": "",
    "highlightTitle": "",
    "highlightThreadTitle": "",
    "language": "english",
    "sentiment": "positive",
    "categories": [
        "Politics",
        "Human Interest"
    ],
    "topics": [
        "Politics->sports policies"
    ],
    "ai_allow": true,
    "has_canonical": false,
    "breaking": true,
    "webz_reporter": false,
    "external_links": [
        "https://www.amazon.com/stores/Peter-J.-McCusker/author/B003K1IT7C?ccs_id=62aa4753-3af3-4e5d-9655-730d9e1893ad",
        "https://healthfulactivityforlife.blogspot.com/",
        "https://healthfulactivityforlife.blogspot.com",
        "https://amazon.com/stores/Peter-J.-McCusker/author/B003K1IT7C?ccs_id=62aa4753-3af3-4e5d-9655-730d9e1893ad",
        "https://www.amazon.com/stores/Peter-J.-McCusker/author/B003K1IT7C",
        "https://www.healthfulactivityforlife.blogspot.com/"
    ],
    "external_images": [],
    "internal_images": [],
    "entities": {
        "persons": [
            {
                "name": "Peter McCusker",
                "sentiment": "none"
            },
            {
                "name": "Wesley Branch Rickey",
                "sentiment": "none"
            },
            {
                "name": "Jackie Robinson",
                "sentiment": "none"
            }
        ],
        "locations": [
            {
                "name": "America",
                "sentiment": "none"
            }
        ],
        "organizations": []
    },
    "syndication": {
        "syndicated": false,
        "syndicate_id": null,
        "first_syndicated": false
    },
    "trust": {
        "categories": null,
        "top_news": [],
        "bias": null,
        "source": {
            "type": "local_news",
            "city": [
                "Liberty"
            ],
            "state": [
                "Pennsylvania"
            ],
            "country": [
                "US"
            ],
            "domain_type": null,
            "agency": null,
            "organization_name": null
        }
    },
    "rating": null,
    "crawled": "2026-02-12T12:59:15.399+02:00",
    "updated": "2026-02-12T13:01:24.000+02:00"
}