{
    "thread": {
        "uuid": "9a8abefa8654f7dc5057aef5705c3ab1aba706bb",
        "url": "https://www.kickoff.com/world-news/international/should-liam-rosenior-achieve-success-at-chelsea-it-could-pave-the-way-for-more-black-coaches-to-mana",
        "site_full": "www.kickoff.com",
        "site": "kickoff.com",
        "site_section": "https://www.kickoff.com/",
        "site_categories": [
            "sports",
            "sport",
            "world_soccer"
        ],
        "section_title": "KickOff | Kick Off",
        "site_title": "KickOff | Kick Off",
        "title": "How Rosenior's appointment at Chelsea could inspire African coaches",
        "title_full": "How Rosenior's appointment at Chelsea could inspire African coaches",
        "published": "2026-02-12T12:03:28.615+02:00",
        "replies_count": 0,
        "participants_count": 1,
        "site_type": "news",
        "country": "ZA",
        "main_image": "",
        "performance_score": 0,
        "domain_rank": 24917,
        "domain_rank_updated": "2026-02-08T23:00:00.000+02:00",
        "licensing_agency": [],
        "social": {
            "facebook": {
                "likes": 0,
                "comments": 0,
                "shares": 0
            },
            "vk": {
                "shares": 0
            }
        }
    },
    "uuid": "9a8abefa8654f7dc5057aef5705c3ab1aba706bb",
    "url": "https://www.kickoff.com/world-news/international/should-liam-rosenior-achieve-success-at-chelsea-it-could-pave-the-way-for-more-black-coaches-to-mana",
    "ord_in_thread": 0,
    "author": "Eshlin Vedan",
    "published": "2026-02-12T12:03:28.615+02:00",
    "title": "How Rosenior's appointment at Chelsea could inspire African coaches",
    "text": "Should Liam Rosenior achieve success at Chelsea, it could pave the way for more black coaches to manage in elite leagues… and the KickOff international team explains why.\nWhen Rosenior was appointed as Blues boss in January, replacing Enzo Maresca, he became only the club’s second black manager after Dutch football legend Ruud Gullit, who managed the club between 1996-1998 as a player-manager.\nThe latter was the first-ever black person to manage in the Premier League and Rosenior becomes the 10th.\nDespite black players accounting for 43% of Premier League footballers, a 2022 report published by the Black Footballers Partnership found that only 4.4% of the managerial positions by former players was occupied by black applicants.\nAn African manager is yet to coach a club in the English Premier League, although Dakar-born Frenchman Patrick Viera previously managed Crystal Palace between 2021-2023.\nREAD| African star boosts Man City's title charge\nWhile there is no shortage of diversity in Europe’s top five leagues and in English football on the pitch, the lack of diversity in management points to a reluctance and perhaps even discrimination when it comes to achieving diversity in the boardroom of clubs.\nThere will be heavy expectations on Rosenior, and he is the first black manager to be in charge of a club in the English top-flight, which is in a good position to challenge for and win trophies.\nGiven that he took charge midway through the campaign, a top four finish this season would lay a good platform for next term.\nThe former fullback is also armed with the knowledge and experience required to succeed. As a player, he featured for England at youth level and had a respectable playing career, mainly featuring in the English Championship between two stints in the Premier League with Fulham and Hull City.\nWith that said, Rosenior does have a big task on his hands to fully win over the Blues fanbase given that he has not previously managed an elite club or had a playing career in the most prestigious competitions, with most of the club’s former managers having achieved one of the two.\nREAD| Foster on target to help Burnley hold Spurs\nOne thing that works in his favour is that he has done the hard yards and was not parachuted into a top job. Before taking charge of the Blues, he had spells at Derby County, Hull City and most recently Strasbourg, who are also owned by BlueCo — the parent company of Chelsea.\nA student of the game, he was always destined for management, so much so that at the age of 10, he drew a picture of himself as a football manager, not as a player.\n“Not as a player,” he told the Athletic in 2022. “As a manager. That’s why, to me, it feels like my calling, my goal in life. And not just to be a manager, but a successful manager.”",
    "summary": "Should Liam Rosenior achieve success at Chelsea, it could pave the way for more black coaches to manage in elite leagues… and the KickOff international team explains why. There will be heavy expectations on Rosenior, and he is the first black manager to be in charge of a club in the English top-flight, which is in a good position to challenge for and win trophies. Given that he took charge midway through the campaign, a top four finish this season would lay a good platform for next term.",
    "highlightText": "",
    "highlightTitle": "",
    "highlightThreadTitle": "",
    "language": "english",
    "sentiment": "positive",
    "categories": [
        "Sport",
        "Politics"
    ],
    "topics": [
        "Sport->sport industry",
        "Sport->sports coaching",
        "Politics->political parties and movements",
        "Politics->political development",
        "Politics->sports policies"
    ],
    "ai_allow": true,
    "has_canonical": false,
    "breaking": false,
    "webz_reporter": false,
    "external_links": [],
    "external_images": [],
    "internal_images": [],
    "entities": {
        "persons": [],
        "locations": [],
        "organizations": []
    },
    "syndication": {
        "syndicated": false,
        "syndicate_id": null,
        "first_syndicated": false
    },
    "trust": {
        "categories": [],
        "top_news": [],
        "bias": null,
        "source": {
            "type": null,
            "city": null,
            "state": null,
            "country": null,
            "domain_type": null,
            "agency": null,
            "organization_name": null
        }
    },
    "rating": null,
    "crawled": "2026-02-12T12:03:28.615+02:00",
    "updated": "2026-02-12T12:07:43.000+02:00"
}