{
    "thread": {
        "uuid": "b1001ca7112468b391aa71d08c974c0bc2349743",
        "url": "https://uk.news.yahoo.com/britain-backs-ukraine-500million-missiles-083143731.html",
        "site_full": "uk.news.yahoo.com",
        "site": "yahoo.com",
        "site_section": "https://unitedkingdompoliticaltimes.com/",
        "site_categories": [
            "arts, culture and entertainment",
            "finance",
            "human interest",
            "financial_news",
            "lifestyle and leisure",
            "economy, business and finance",
            "media",
            "crime, law and justice",
            "politics"
        ],
        "section_title": "United Kingdom Political Times",
        "site_title": "Latest news and today's top stories | Yahoo News UK",
        "title": "Britain backs Ukraine with new £500million missiles and defence systems deal - Yahoo News UK",
        "title_full": "Britain backs Ukraine with new £500million missiles and defence systems deal - Yahoo News UK",
        "published": "2026-02-12T10:31:00.000+02:00",
        "replies_count": 0,
        "participants_count": 1,
        "site_type": "news",
        "country": "US",
        "main_image": "https://s.yimg.com/os/en/evening_standard_239/2fbb590ff907d69dd9f2cb2dba980538",
        "performance_score": 0,
        "domain_rank": 53,
        "domain_rank_updated": "2026-02-08T23:00:00.000+02:00",
        "licensing_agency": [],
        "social": {
            "facebook": {
                "likes": 0,
                "comments": 0,
                "shares": 0
            },
            "vk": {
                "shares": 0
            }
        }
    },
    "uuid": "b1001ca7112468b391aa71d08c974c0bc2349743",
    "url": "https://uk.news.yahoo.com/britain-backs-ukraine-500million-missiles-083143731.html",
    "ord_in_thread": 0,
    "author": "Michael Howie",
    "published": "2026-02-12T10:31:00.000+02:00",
    "title": "Britain backs Ukraine with new £500million missiles and defence systems deal - Yahoo News UK",
    "text": "Britain backs Ukraine with new £500million missiles and defence systems deal Michael Howie Thu 12 February 2026 at 8:31 am UTC 2 min read Add Yahoo as a preferred source to see more of our stories on Google.\nBritain backs Ukraine with new £500million missiles and defence systems deal Britain will provide Ukraine with more than £500 million in new defence missiles and systems, the Ministry of Defence has announced.\nDefence Secretary John Healey said the UK will contribute £150 million for the first time to Nato's prioritised Ukraine requirements list (Purl), a programme designed to ensure air defence missiles reach Ukraine quickly.\nA further 1,000 lightweight multirole missiles, manufactured in Belfast, will be delivered to Ukraine under a £390 million deal.\nAdvertisement Advertisement Advertisement Advertisement Thursday’s announcement comes as Mr Healey co-hosts meetings in Brussels with the 50-nation Ukraine Defence Contact Group and Nato defence ministers.\nMr Healey and German defence minister Boris Pistorius will co-chair the meeting, attended by Ukrainian defence minister Mykhailo Fedorov and Nato secretary general Mark Rutte.\nUnder the Purl scheme, Nato countries work together to buy defence equipment from the United States for Ukraine.\nDefence Secretary John Healey MP said: “As we approach the fifth year of (Vladimir) Putin's full-scale invasion, the UK and our allies are more committed than ever to supporting Ukraine.\nFirefighters work at the site of a business hit by an overnight Russian missile strike in Kharkiv, Ukraine, on January 30, 2026 (via REUTERS) “I'm proud of the UK's continued leadership and pleased to confirm a new half a billion pound package of air defence, including £150 million for Purl, to help Ukrainians defend against Putin's relentless drone and missile attacks.”\nAdvertisement Advertisement Advertisement Advertisement As news of the missiles deal emerged, Ukraine’s air said force said the country had been targeted in a fresh wave of strikes from overnight.\nMoscow launched 24 ballistic missile, one cruise ⁠missile and 219 drones, officials said.\nAir ​defence ⁠units shot ‌down or neutralised 16 missiles ‌and 197 drones, ‌the air force said ⁠in a post on Telegram.\nIt added that the cities of Kyiv, ‌Kharkiv, Dnipro ​and Odesa were ‌the ⁠main targets ⁠of the strike.\nThe latest bombardment comes days after Mr Healey called Russian attacks on Ukrainian civilians “brutal” and “cynical” during a visit to Kyiv.\nThe Defence Secretary condemned Russian President Mr Putin following drone and missile attacks on Ukrainian cities that killed at least four and wounded dozens last week.\nAdvertisement Advertisement Advertisement Advertisement He told the BBC in Kyiv at the time: \"He talks about peace, but he is stepping up and escalating his attacks.\n\"Not attacks on the Ukrainian military, but on civilians and cities like this.\"\nHe added: \"It's brutal, it's cynical, it's exactly why we have got to work so hard to help Ukraine secure a peace.\"\nAdvertisement About our ads",
    "summary": "Britain backs Ukraine with new £500million missiles and defence systems deal Michael Howie Thu 12 February 2026 at 8:31 am UTC 2 min read Add Yahoo as a preferred source to see more of our stories on Google. Under the Purl scheme, Nato countries work together to buy defence equipment from the United States for Ukraine. Defence Secretary John Healey MP said: “As we approach the fifth year of (Vladimir) Putin's full-scale invasion, the UK and our allies are more committed than ever to supporting Ukraine.",
    "highlightText": "",
    "highlightTitle": "",
    "highlightThreadTitle": "",
    "language": "english",
    "sentiment": "positive",
    "categories": [
        "War, Conflict and Unrest",
        "Politics"
    ],
    "topics": [
        "War, Conflict and Unrest->armed conflict",
        "Politics->defence",
        "Politics->international relations"
    ],
    "ai_allow": true,
    "has_canonical": true,
    "breaking": null,
    "webz_reporter": false,
    "external_links": [
        "http://www.standard.co.uk/",
        "https://s.yimg.com/os/creatr-uploaded-images/2024-11/6bcd7400-9acb-11ef-8fff-0f38cb4c29b2",
        "https://www.google.com/preferences/source?q=uk.news.yahoo.com",
        "https://s.yimg.com/ny/api/res/1.2/fED82n8RsjlzrbB7mZrcIQ--/YXBwaWQ9aGlnaGxhbmRlcjt3PTEyNDI7aD04Mjc7Y2Y9d2VicA--/https://media.zenfs.com/en/evening_standard_239/2fbb590ff907d69dd9f2cb2dba980538",
        "https://s.yimg.com/ny/api/res/1.2/yM_PJfAHb8uD5_fw1jf3Sg--/YXBwaWQ9aGlnaGxhbmRlcjt3PTI0MDA7aD0xNTk4O2NmPXdlYnA-/https://media.zenfs.com/en/evening_standard_239/2fbb590ff907d69dd9f2cb2dba980538",
        "https://s.yimg.com/ny/api/res/1.2/HX5L0F5I4Ymb0ZpoInlz6A--/YXBwaWQ9aGlnaGxhbmRlcjt3PTk2MDtoPTYzOTtjZj13ZWJw/https://media.zenfs.com/en/evening_standard_239/e60166e957421b6f105051ea388d719b",
        "https://s.yimg.com/ny/api/res/1.2/OxZ6E9fuyVaSW1ypya4iIg--/YXBwaWQ9aGlnaGxhbmRlcjt3PTI5ODtoPTYwO2NmPXdlYnA-/https://s.yimg.com/os/creatr-uploaded-images/2024-11/6bcd7400-9acb-11ef-8fff-0f38cb4c29b2",
        "https://s.yimg.com/ny/api/res/1.2/1v3q_9t6ti_ufoShiYq.Ow--/YXBwaWQ9aGlnaGxhbmRlcjt3PTI5ODtoPTYwO2NmPXdlYnA-/https://s.yimg.com/os/creatr-uploaded-images/2024-11/4c5f5750-9acb-11ef-bf6f-e91153f38d60",
        "https://www.s.yimg.com/ny/api/res/1.2/fED82n8RsjlzrbB7mZrcIQ--/YXBwaWQ9aGlnaGxhbmRlcjt3PTEyNDI7aD04Mjc7Y2Y9d2VicA--/https://www.media.zenfs.com/en/evening_standard_239/2fbb590ff907d69dd9f2cb2dba980538",
        "https://www.s.yimg.com/os/creatr-uploaded-images/2024-11/6bcd7400-9acb-11ef-8fff-0f38cb4c29b2",
        "http://www.standard.co.uk",
        "https://www.s.yimg.com/ny/api/res/1.2/HX5L0F5I4Ymb0ZpoInlz6A--/YXBwaWQ9aGlnaGxhbmRlcjt3PTk2MDtoPTYzOTtjZj13ZWJw/https://www.media.zenfs.com/en/evening_standard_239/e60166e957421b6f105051ea388d719b",
        "https://www.s.yimg.com/ny/api/res/1.2/OxZ6E9fuyVaSW1ypya4iIg--/YXBwaWQ9aGlnaGxhbmRlcjt3PTI5ODtoPTYwO2NmPXdlYnA-/https://www.s.yimg.com/os/creatr-uploaded-images/2024-11/6bcd7400-9acb-11ef-8fff-0f38cb4c29b2",
        "http://standard.co.uk/",
        "https://www.s.yimg.com/ny/api/res/1.2/yM_PJfAHb8uD5_fw1jf3Sg--/YXBwaWQ9aGlnaGxhbmRlcjt3PTI0MDA7aD0xNTk4O2NmPXdlYnA-/https://www.media.zenfs.com/en/evening_standard_239/2fbb590ff907d69dd9f2cb2dba980538",
        "https://www.s.yimg.com/ny/api/res/1.2/1v3q_9t6ti_ufoShiYq.Ow--/YXBwaWQ9aGlnaGxhbmRlcjt3PTI5ODtoPTYwO2NmPXdlYnA-/https://www.s.yimg.com/os/creatr-uploaded-images/2024-11/4c5f5750-9acb-11ef-bf6f-e91153f38d60",
        "https://www.google.com/preferences/source",
        "https://google.com/preferences/source?q=uk.news.yahoo.com"
    ],
    "external_images": [],
    "internal_images": [],
    "entities": {
        "persons": [
            {
                "name": "Michael Howie",
                "sentiment": "neutral"
            },
            {
                "name": "John Healey",
                "sentiment": "none"
            }
        ],
        "locations": [
            {
                "name": "Ukraine",
                "sentiment": "none"
            },
            {
                "name": "Britain",
                "sentiment": "none"
            }
        ],
        "organizations": [
            {
                "name": "Yahoo News UK",
                "sentiment": "neutral",
                "tickers": [
                    {
                        "ticker": null,
                        "exchange": null
                    }
                ]
            },
            {
                "name": "Google",
                "sentiment": "none",
                "tickers": [
                    {
                        "ticker": "GOOG",
                        "exchange": "NASDAQ"
                    }
                ]
            },
            {
                "name": "Ministry of Defence",
                "sentiment": "none",
                "tickers": [
                    {
                        "ticker": null,
                        "exchange": null
                    }
                ]
            },
            {
                "name": "Nato",
                "sentiment": "none",
                "tickers": [
                    {
                        "ticker": null,
                        "exchange": null
                    }
                ]
            }
        ]
    },
    "syndication": {
        "syndicated": false,
        "syndicate_id": null,
        "first_syndicated": false
    },
    "trust": {
        "categories": null,
        "top_news": [],
        "bias": "center",
        "source": {
            "type": null,
            "city": null,
            "state": null,
            "country": null,
            "domain_type": null,
            "agency": null,
            "organization_name": null
        }
    },
    "rating": null,
    "crawled": "2026-02-12T12:06:35.726+02:00",
    "updated": "2026-02-12T12:09:47.000+02:00"
}