{
    "thread": {
        "uuid": "6376f8b49aa9c734106d69000be5b62e085c25d9",
        "url": "https://www.marketbeat.com/instant-alerts/methode-electronics-inc-nysemei-declares-007-quarterly-dividend-2025-07-09/",
        "site_full": "www.marketbeat.com",
        "site": "marketbeat.com",
        "site_section": "https://www.marketbeat.com/instant-alerts",
        "site_categories": [
            "investing",
            "financial_news",
            "finance",
            "stocks"
        ],
        "section_title": "\r\n\tStock Market Alerts | MarketBeat\r\n",
        "site_title": "MarketBeat: Stock Market News and Research Tools",
        "title": "Methode Electronics, Inc. (NYSE:MEI) Declares $0.07 Quarterly Dividend",
        "title_full": "Methode Electronics, Inc. (NYSE:MEI) Declares $0.07 Quarterly Dividend",
        "published": "2025-07-10T05:59:00.000+03:00",
        "replies_count": 0,
        "participants_count": 1,
        "site_type": "news",
        "country": "US",
        "main_image": "https://www.marketbeat.com/logos/methode-electronics-logo-1200x675.PNG",
        "performance_score": 0,
        "domain_rank": 9003,
        "domain_rank_updated": "2025-06-03T00:00:00.000+03:00",
        "licensing_agency": [],
        "social": {
            "facebook": {
                "likes": 0,
                "comments": 0,
                "shares": 0
            },
            "vk": {
                "shares": 0
            }
        }
    },
    "uuid": "6376f8b49aa9c734106d69000be5b62e085c25d9",
    "url": "https://www.marketbeat.com/instant-alerts/methode-electronics-inc-nysemei-declares-007-quarterly-dividend-2025-07-09/",
    "ord_in_thread": 0,
    "author": "MarketBeat",
    "published": "2025-07-10T05:59:00.000+03:00",
    "title": "Methode Electronics, Inc. (NYSE:MEI) Declares $0.07 Quarterly Dividend",
    "text": "Methode Electronics, Inc. (NYSE:MEI) Declares $0.07 Quarterly Dividend Written by MarketBeat July 9, 2025 Share Link copied to clipboard. Methode Electronics, Inc. ( NYSE:MEI - Get Free Report ) announced a quarterly dividend on Wednesday, July 9th, RTT News reports. Investors of record on Monday, July 21st will be given a dividend of 0.07 per share by the electronics maker on Friday, August 1st. This represents a $0.28 dividend on an annualized basis and a yield of 2.73%.\nGet Methode Electronics alerts: Sign Up Methode Electronics has a dividend payout ratio of 70.0% meaning its dividend is sufficiently covered by earnings. Equities analysts expect Methode Electronics to earn $0.37 per share next year, which means the company may not be able to cover its $0.56 annual dividend with an expected future payout ratio of 151.4%. Methode Electronics Trading Down 1.2%\nShares of MEI stock traded down $0.12 on Wednesday, reaching $10.27. 677,775 shares of the stock were exchanged, compared to its average volume of 419,782. The stock has a market cap of $366.54 million, a P/E ratio of -3.93 and a beta of 1.01. The company has a quick ratio of 1.75, a current ratio of 2.84 and a debt-to-equity ratio of 0.47. The firm has a 50 day moving average of $8.36 and a two-hundred day moving average of $8.83. Methode Electronics has a 1-year low of $5.08 and a 1-year high of $17.45.\nMethode Electronics ( NYSE:MEI - Get Free Report ) last announced its quarterly earnings results on Wednesday, July 9th. The electronics maker reported ($0.77) earnings per share (EPS) for the quarter, missing the consensus estimate of $0.08 by ($0.85). Methode Electronics had a negative net margin of 8.57% and a negative return on equity of 2.82%. On average, research analysts anticipate that Methode Electronics will post -0.4 EPS for the current year. Institutional Trading of Methode Electronics\nAn institutional investor recently bought a new position in Methode Electronics stock. Strs Ohio bought a new stake in shares of Methode Electronics, Inc. ( NYSE:MEI - Free Report ) in the 1st quarter, according to its most recent 13F filing with the Securities & Exchange Commission. The firm bought 20,900 shares of the electronics maker's stock, valued at approximately $133,000. Strs Ohio owned approximately 0.06% of Methode Electronics at the end of the most recent reporting period. Institutional investors own 95.49% of the company's stock. Wall Street Analyst Weigh In\nSeparately, Robert W. Baird lowered their price target on Methode Electronics from $9.00 to $7.00 and set a \"neutral\" rating for the company in a report on Tuesday, April 15th.\nRead Our Latest Analysis on MEI Methode Electronics Company Profile ( Get Free Report )\nMethode Electronics, Inc designs, engineers, and produces mechatronic products worldwide. It operates through four segments: Automotive, Industrial, Interface, and Medical. The Automotive segment supplies electronic and electro-mechanical devices, and related products to automobile original equipment manufacturers directly or through their tiered suppliers. Further Reading\nThis instant news alert was generated by narrative science technology and financial data from MarketBeat in order to provide readers with the fastest and most accurate reporting. This story was reviewed by MarketBeat's editorial team prior to publication. Please send any questions or comments about this story to contact@marketbeat.com.\nShould You Invest $1,000 in Methode Electronics Right Now? Before you consider Methode Electronics, you'll want to hear this.\nMarketBeat keeps track of Wall Street's top-rated and best performing research analysts and the stocks they recommend to their clients on a daily basis. MarketBeat has identified the five stocks that top analysts are quietly whispering to their clients to buy now before the broader market catches on... and Methode Electronics wasn't on the list.\nWhile Methode Electronics currently has a Moderate Buy rating among analysts, top-rated analysts believe these five stocks are better buys.\nView The Five Stocks Here\n7 Stocks to Buy And Hold Forever Enter your email address and we'll send you MarketBeat's list of seven stocks and why their long-term outlooks are very promising.\nGet This Free Report Like this article? Share it with a colleague. Link copied to clipboard.",
    "highlightText": "",
    "highlightTitle": "",
    "highlightThreadTitle": "",
    "language": "english",
    "sentiment": "positive",
    "categories": [
        "Economy, Business and Finance",
        "Social Issue",
        "Politics"
    ],
    "topics": [
        "Economy, Business and Finance->corporate news and profiles",
        "Economy, Business and Finance->financial service",
        "Social Issue->social condition",
        "Social Issue->social networking",
        "Politics->economic policy",
        "Politics->government budget",
        "Politics->regulation of industry"
    ],
    "ai_allow": true,
    "has_canonical": false,
    "breaking": null,
    "webz_reporter": false,
    "external_links": [
        "https://twitter.com/intent/tweet?text=Methode+Electronics%2c+Inc.+(NYSE%3aMEI)+Declares+%240.07+Quarterly+Dividend%20https://www.marketbeat.com/instant-alerts/methode-electronics-inc-nysemei-declares-007-quarterly-dividend-2025-07-09/",
        "https://twitter.com/intent/tweet?text=Methode+Electronics%2c+Inc.+(NYSE%3aMEI)+Declares+%240.07+Quarterly+Dividend%20%24MEI%20%23MEI%20https://www.marketbeat.com/instant-alerts/methode-electronics-inc-nysemei-declares-007-quarterly-dividend-2025-07-09/",
        "https://api.stocktwits.com/widgets/share?via=MarketBeat&body=Methode+Electronics%2c+Inc.+(NYSE%3aMEI)+Declares+%240.07+Quarterly+Dividend%20https://www.marketbeat.com/instant-alerts/methode-electronics-inc-nysemei-declares-007-quarterly-dividend-2025-07-09/",
        "https://www.facebook.com/sharer/sharer.php?u=https://www.marketbeat.com/instant-alerts/methode-electronics-inc-nysemei-declares-007-quarterly-dividend-2025-07-09/",
        "https://www.american",
        "https://www.rttnews.com/calendar/Dividend.aspx/",
        "https://www.americanconsumernews.net/scripts/standalone/viewcount.ashx?type=d&id=252523&domain=marketbeat.com&referrer=",
        "https://www.linkedin.com/cws/share?mini=true&url=https://www.marketbeat.com/instant-alerts/methode-electronics-inc-nysemei-declares-007-quarterly-dividend-2025-07-09/",
        "https://www.linkedin.com/cws/share?mini=true&url=https://www.marketbeat.com/instant-alerts/methode-electronics-inc-nysemei-declares-007-quarterly-dividend-2025-07-09",
        "https://twitter.com/intent/tweet?text=Methode+Electronics%2c+Inc.+(NYSE%3aMEI)+Declares+%240.07+Quarterly+Dividend%20https://www.marketbeat.com/instant-alerts/methode-electronics-inc-nysemei-declares-007-quarterly-dividend-2025-07-09",
        "https://americanconsumernews.net/scripts/standalone/viewcount.ashx?type=d&id=252523&domain=marketbeat.com&referrer=",
        "https://twitter.com/intent/tweet?text=Methode+Electronics%2c+Inc.+(NYSE%3aMEI)+Declares+%240.07+Quarterly+Dividend%20%24MEI%20%23MEI%20https://www.marketbeat.com/instant-alerts/methode-electronics-inc-nysemei-declares-007-quarterly-dividend-2025-07-09",
        "https://american",
        "https://rttnews.com/calendar/Dividend.aspx/",
        "https://facebook.com/sharer/sharer.php?u=https://marketbeat.com/instant-alerts/methode-electronics-inc-nysemei-declares-007-quarterly-dividend-2025-07-09/",
        "https://www.facebook.com/sharer/sharer.php",
        "https://www.facebook.com/sharer/sharer.php?u=https://www.marketbeat.com/instant-alerts/methode-electronics-inc-nysemei-declares-007-quarterly-dividend-2025-07-09",
        "https://api.stocktwits.com/widgets/share?via=MarketBeat&body=Methode+Electronics%2c+Inc.+(NYSE%3aMEI)+Declares+%240.07+Quarterly+Dividend%20https://www.marketbeat.com/instant-alerts/methode-electronics-inc-nysemei-declares-007-quarterly-dividend-2025-07-09",
        "https://api.stocktwits.com/widgets/share?via=MarketBeat&body=Methode+Electronics%2c+Inc.+(NYSE%3aMEI)+Declares+%240.07+Quarterly+Dividend%20https://marketbeat.com/instant-alerts/methode-electronics-inc-nysemei-declares-007-quarterly-dividend-2025-07-09/",
        "https://www.americanconsumernews.net/scripts/standalone/viewcount.ashx",
        "https://api.stocktwits.com/widgets/share",
        "https://twitter.com/intent/tweet?text=Methode+Electronics%2c+Inc.+(NYSE%3aMEI)+Declares+%240.07+Quarterly+Dividend%20%24MEI%20%23MEI%20https://marketbeat.com/instant-alerts/methode-electronics-inc-nysemei-declares-007-quarterly-dividend-2025-07-09/",
        "https://linkedin.com/cws/share?mini=true&url=https://marketbeat.com/instant-alerts/methode-electronics-inc-nysemei-declares-007-quarterly-dividend-2025-07-09/",
        "https://www.linkedin.com/cws/share",
        "https://www.rttnews.com/calendar/Dividend.aspx",
        "https://twitter.com/intent/tweet",
        "https://twitter.com/intent/tweet?text=Methode+Electronics%2c+Inc.+(NYSE%3aMEI)+Declares+%240.07+Quarterly+Dividend%20https://marketbeat.com/instant-alerts/methode-electronics-inc-nysemei-declares-007-quarterly-dividend-2025-07-09/"
    ],
    "entities": {
        "persons": [],
        "locations": [],
        "organizations": []
    },
    "syndication": {
        "syndicated": false,
        "syndicate_id": null,
        "first_syndicated": false
    },
    "trust": {
        "categories": [],
        "top_news": [],
        "bias": null,
        "source": {
            "type": null,
            "city": null,
            "state": null,
            "country": null,
            "domain_type": null,
            "agency": null,
            "organization_name": null
        }
    },
    "rating": null,
    "crawled": "2025-07-10T07:24:00.969+03:00",
    "updated": "2025-07-10T04:28:54.000+00:00"
}