{
    "thread": {
        "uuid": "04b17653ac6c374a3de3af4091abf889d81046ff",
        "url": "https://tribuneonlineng.com/democratising-nigerias-national-action-will-roll-back-malaria-ntds-professor-oyibo",
        "site_full": "tribuneonlineng.com",
        "site": "tribuneonlineng.com",
        "site_section": "https://www.tribuneonlineng.com",
        "site_categories": [
            "shopping"
        ],
        "section_title": "Breaking News, Latest News, World News, Entertainment - Tribune Online",
        "site_title": "Breaking News, Latest News, Politics, Entertainment - Tribune Online",
        "title": "Democratising Nigeria's national action will roll back malaria, NTDs -Professor Oyibo",
        "title_full": "Democratising Nigeria's national action will roll back malaria, NTDs -Professor Oyibo",
        "published": "2025-07-10T03:55:00.000+03:00",
        "replies_count": 0,
        "participants_count": 1,
        "site_type": "news",
        "country": "NG",
        "main_image": "",
        "performance_score": 0,
        "domain_rank": 19657,
        "domain_rank_updated": "2025-06-03T00:00:00.000+03:00",
        "licensing_agency": [],
        "social": {
            "facebook": {
                "likes": 0,
                "comments": 0,
                "shares": 0
            },
            "vk": {
                "shares": 0
            }
        }
    },
    "uuid": "04b17653ac6c374a3de3af4091abf889d81046ff",
    "url": "https://tribuneonlineng.com/democratising-nigerias-national-action-will-roll-back-malaria-ntds-professor-oyibo",
    "ord_in_thread": 0,
    "author": "Sade Oguntola",
    "published": "2025-07-10T03:55:00.000+03:00",
    "title": "Democratising Nigeria's national action will roll back malaria, NTDs -Professor Oyibo",
    "text": "DIRECTOR of the Centre for Transdisciplinary Research in Malaria and Neglected Tropical Diseases (CTRMNTD), Professor Wellington Oyibo, stated that if Nigeria democratises its national action plan for addressing malaria and Neglected Tropical Diseases (NTDs), it will ultimately eradicate these diseases throughout the country.\nDuring a virtual meeting with members of the Health Writers’ Association of Nigeria (HEWAN), Oyibo stated that malaria and neglected tropical diseases (NTDs) are public health challenges deeply rooted in poverty and that they can only be eliminated through unified and innovative action.\nOyibo stated that effectively combating malaria can only be accomplished when 90% of the population consistently adopts preventive and diagnostic practices that significantly reduce the burden of the disease, especially at the individual level.\nProf. Oyibo challenged the assumption that malaria should be treated without a proper diagnosis, emphasizing that the disease is no longer uniformly prevalent across Nigeria and argued that indiscriminate treatment could be both harmful and ineffective.\nHe expressed concern about the health system’s slow adoption of rapid diagnostic testing (RDTs), despite their accuracy and potential to reduce the wastage of antimalarial medicines, particularly in areas like Lagos, where malaria rates have significantly declined.\nThe Don said the Centre is conducting a comparative study between microscopy and rapid diagnostic tests (RDTs), focusing on understanding healthcare providers’ behaviour and patient preferences regarding testing versus presumptive treatment.\nProfessor Oyibo criticized Nigeria’s ongoing reliance on imported malaria commodities, despite the country’s substantial population and its capacity to locally produce insecticide-treated nets, diagnostics, and medicines. Additionally, local production would create employment opportunities.\nHe also highlighted the significant burden that neglected tropical diseases impose on women, particularly conditions such as female genital schistosomiasis that are often underreported and contribute to infertility, stillbirths, and various other reproductive health challenges.\nHe highlighted the serious injustice faced by women and girls who suffer from infections acquired through routine activities such as farming or swimming in contaminated water, even though these infections are not a result of lifestyle choices, but rather a consequence of environmental exposure.\nProf. Oyibo advocated for more inclusive research that accurately reflects the lived experiences of vulnerable populations. He urged Nigerians to ask the fundamental question: “What can I do?” Instead of relying solely on government or international aid.\nHe emphasized that CTRMNTD is prioritizing the innovation and the adoption of proven health interventions, such as testing before treatment and the consistent use of preventive measures like mosquito nets through unique multidisciplinary approach\nAccording to him, this is also to address the various facets of malaria and neglected tropical diseases (NTDs) as well as persistent myths and misinformation that contribute to their spread.\nHe advocated for a national cultural shift towards evidence-based treatment, akin to global best practices, where diagnosis precedes medication to significantly enhance outcomes and minimize unnecessary drug use.\nHe urged all stakeholders—including journalists, health professionals, and citizens—to become change agents in their communities. He expressed optimism that, with a shared commitment, malaria can not only be reduced but ultimately eradicated from Africa.\nREAD ALSO: Malaria claims child’s life every two minutes in Africa — Oyo commissioner",
    "highlightText": "",
    "highlightTitle": "",
    "highlightThreadTitle": "",
    "language": "english",
    "sentiment": "positive",
    "categories": [
        "Health",
        "Social Issue",
        "Politics"
    ],
    "topics": [
        "Health->communicable disease",
        "Health->health organisation",
        "Health->government health care",
        "Social Issue->social services",
        "Social Issue->demographics",
        "Social Issue->social problem",
        "Politics->healthcare policy"
    ],
    "ai_allow": true,
    "has_canonical": false,
    "breaking": null,
    "webz_reporter": false,
    "external_links": [],
    "entities": {
        "persons": [],
        "locations": [],
        "organizations": []
    },
    "syndication": {
        "syndicated": false,
        "syndicate_id": null,
        "first_syndicated": false
    },
    "trust": {
        "categories": [],
        "top_news": [],
        "bias": null,
        "source": {
            "type": null,
            "city": null,
            "state": null,
            "country": null,
            "domain_type": null,
            "agency": null,
            "organization_name": null
        }
    },
    "rating": null,
    "crawled": "2025-07-10T07:49:01.895+03:00",
    "updated": "2025-07-10T04:55:35.000+00:00"
}