{
    "thread": {
        "uuid": "ad1c34a26fca9b5036c07fddffd21881621974d1",
        "url": "https://www.thenewstribune.com/sports/college/article310353510.html",
        "site_full": "www.thenewstribune.com",
        "site": "thenewstribune.com",
        "site_section": "https://news.google.com/search?q=into%20when%3A1h&hl=en-US&gl=US&ceid=US%3Aen",
        "site_categories": [
            "media"
        ],
        "section_title": "Google News - Search",
        "site_title": "Tacoma WA Breaking News, Crime &amp; More | Tacoma News Tribune",
        "title": "Virginia State turns viral moment into real impact",
        "title_full": "Virginia State turns viral moment into real impact",
        "published": "2025-07-10T04:24:00.000+03:00",
        "replies_count": 0,
        "participants_count": 1,
        "site_type": "news",
        "country": "US",
        "main_image": "https://www.mcclatchy-wires.com/incoming/qltza1/picture306653471/alternates/LANDSCAPE_1140/ed4aea0c-c718-4da6-9c74-71e5e145f6a3",
        "performance_score": 0,
        "domain_rank": 7181,
        "domain_rank_updated": "2025-06-03T00:00:00.000+03:00",
        "licensing_agency": [],
        "social": {
            "facebook": {
                "likes": 0,
                "comments": 0,
                "shares": 0
            },
            "vk": {
                "shares": 0
            }
        }
    },
    "uuid": "ad1c34a26fca9b5036c07fddffd21881621974d1",
    "url": "https://www.thenewstribune.com/sports/college/article310353510.html",
    "ord_in_thread": 0,
    "author": "Tolly Carr",
    "published": "2025-07-10T04:24:00.000+03:00",
    "title": "Virginia State turns viral moment into real impact",
    "text": "College Sports\nVirginia State turns viral moment into real impact\nA surprise at Virginia State University's 2025 Spring Commencement turned into a story of pride, energy, and real support for HBCU students.\nDuring the ceremony, VSU launched its now-iconic clacking fans as part of a surprise celebration. Staff placed the fans beneath graduates' chairs and timed their reveal perfectly. When 803Fresh's viral hit \"Boots On The Ground\" blasted through the speakers and hit the line, \"Where them fans at?\", graduates leapt up, dancing and waving their fans in celebration.\nA video of that moment spread like wildfire. It earned millions of views across social media and caught the attention of national outlets. Within days, students, alumni, and fans everywhere wanted clacking fans of their own.\nVirginia State leverages a symbol with purpose\nTo meet the demand, VSU released a limited batch of 600 fans to the public. Each sale sent $20 directly to the Student Tuition Assistance Fund. Altogether, the effort raised $12,000 to support students facing unexpected financial challenges that could impact their enrollment.\nDr. Gwen Williams Dandridge, Assistant Vice President for Communications at Virginia State, emphasized how a joyful moment evolved into something meaningful. She noted that offering the fans for purchase allowed supporters to relive the celebration while giving back to current students. This initiative, she said, shows how VSU turns school spirit into lasting impact.\nThe post Virginia State turns viral moment into real impact appeared first on HBCU Gameday.\nCopyright HBCU Gameday 2012-2025\nThis story was originally published July 9, 2025 at 6:24 PM.",
    "highlightText": "",
    "highlightTitle": "",
    "highlightThreadTitle": "",
    "language": "english",
    "sentiment": "positive",
    "categories": [
        "Education",
        "Social Issue",
        "Politics"
    ],
    "topics": [
        "Education->students",
        "Education->college and university",
        "Education->educational grading",
        "Social Issue->social services",
        "Politics->education policy",
        "Politics->government"
    ],
    "ai_allow": true,
    "has_canonical": true,
    "breaking": null,
    "webz_reporter": false,
    "external_links": [
        "https://hbcugameday.com/category/ciaa/virginia-state/",
        "https://hbcugameday.com/2025/07/09/virginia-state-turns-viral-moment-into-real-impact/",
        "https://hbcugameday.com",
        "https://hbcugameday.com/category/ciaa/virginia-state",
        "https://www.hbcugameday.com/category/ciaa/virginia-state/",
        "https://www.hbcugameday.com",
        "https://hbcugameday.com/2025/07/09/virginia-state-turns-viral-moment-into-real-impact",
        "https://www.hbcugameday.com/2025/07/09/virginia-state-turns-viral-moment-into-real-impact/"
    ],
    "entities": {
        "persons": [],
        "locations": [],
        "organizations": [
            {
                "name": "College Sports\nVirginia State",
                "sentiment": "neutral",
                "tickers": []
            }
        ]
    },
    "syndication": {
        "syndicated": false,
        "syndicate_id": "ad1c34a26fca9b5036c07fddffd21881621974d1",
        "first_syndicated": true
    },
    "trust": {
        "categories": [
            "trusted_news"
        ],
        "top_news": [],
        "bias": "center",
        "source": {
            "type": null,
            "city": null,
            "state": null,
            "country": null,
            "domain_type": null,
            "agency": null,
            "organization_name": null
        }
    },
    "rating": null,
    "crawled": "2025-07-10T07:02:34.556+03:00",
    "updated": "2025-07-10T04:06:33.000+00:00"
}