{
    "thread": {
        "uuid": "03de196d3c6bbe09b2f5d58c51e8fde32ff084a5",
        "url": "https://www.thehansindia.com/business/indias-retail-asset-securitisation-rises-rs-52000-cr-in-q1-fy26-986779",
        "site_full": "www.thehansindia.com",
        "site": "thehansindia.com",
        "site_section": "https://assets.thehansindia.com/bengaluru",
        "site_categories": [
            "media"
        ],
        "section_title": "Bengaluru news - Latest News, Politics in Bengaluru",
        "site_title": "Andhra Pradesh Breaking News, Telangana News, Hyderabad News Updates, National News, Breaking News",
        "title": "India's retail asset securitisation rises Rs 52,000 cr in Q1 FY26",
        "title_full": "India's retail asset securitisation rises Rs 52,000 cr in Q1 FY26",
        "published": "2025-07-10T06:47:00.000+03:00",
        "replies_count": 0,
        "participants_count": 1,
        "site_type": "news",
        "country": "IN",
        "main_image": "https://assets.thehansindia.com/h-upload/2025/07/10/1566615-retail-asset.jpg",
        "performance_score": 0,
        "domain_rank": 8302,
        "domain_rank_updated": "2025-06-03T00:00:00.000+03:00",
        "licensing_agency": [],
        "social": {
            "facebook": {
                "likes": 0,
                "comments": 0,
                "shares": 0
            },
            "vk": {
                "shares": 0
            }
        }
    },
    "uuid": "03de196d3c6bbe09b2f5d58c51e8fde32ff084a5",
    "url": "https://www.thehansindia.com/business/indias-retail-asset-securitisation-rises-rs-52000-cr-in-q1-fy26-986779",
    "ord_in_thread": 0,
    "author": "The Hans India",
    "published": "2025-07-10T06:47:00.000+03:00",
    "title": "India's retail asset securitisation rises Rs 52,000 cr in Q1 FY26",
    "text": "India’s retail asset securitisation rises Rs 52,000 cr in Q1 FY26\nIndia’s retail asset securitisation rises Rs 52,000 cr in Q1 FY26 India’s retail asset securitisation rises Rs 52,000 cr in Q1 FY26\nNew Delhi: The retail asset securitisation market in India has shown steady growth in the first quarter (Q1) of FY26, with a total transaction volume...\nNew Delhi: The retail asset securitisation market in India has shown steady growth in the first quarter (Q1) of FY26, with a total transaction volume of Rs52,000 crore, a new report said on Wednesday.\nThis includes both pass-through certificate (PTC) issuances and direct assignment (DA) transactions, according to CareEdge Ratings report. The volume represents a 6 per cent growth over the same period previous year.\nDespite this, the market’s stability is a positive sign, driven by strong demand for credit, confidence from investors, and the strategic efforts of originators to diversify their funding sources.\nOne of the most significant milestones in Q1 FY26 was the completion of India’s first residential mortgage-backed securitisation (RMBS) deal, carried out by RMBS Development Company Limited (RDCL).\nThis deal was also the first securitisation transaction to be executed on the Electronic Book Provider (EBP) platform, which marks a new chapter in India’s securitisation market. This transaction could act as a catalyst for more investors to enter the RMBS sector, potentially boosting innovation and participation in mortgage-backed securities. The move is expected to create more long-term funding opportunities and allow for better risk transfer.\nLooking at the transaction composition in Q1 FY26, there has been a noticeable shift. PTC transactions now make up 56 per cent of the total volume, which marks a significant change from previous periods when direct assignment (DA) transactions were more dominant.\nThe increase in PTCs likely reflects changing preferences among investors, regulatory factors, and a growing desire for more standardised and tradable financial products. This shift also suggests that originators are looking to attract a broader investor base.\nAmong the PTC issuances, asset-backed securitisation (ABS) products were a major contributor, accounting for around 75 per cent of the total volume.\nMortgage-backed securitisation (MBS), on the other hand, remained steady at 10 per cent. A key highlight in Q1 FY26 was the rise in PTC issuances from Microfinance Institutions (MFIs).\nMFIs contributed 15 per cent of the total PTC volumes, a significant increase from 8 per cent in Q1 FY25. This growth reflects greater stability in asset quality within the microfinance sector, and suggests that investor confidence in this space is on the rise.\nIn the ABS category, vehicle loan financing continued to be a major player, contributing over Rs 14,600 crore, or 51 per cent of total PTC issuances in Q1 FY26.",
    "highlightText": "",
    "highlightTitle": "",
    "highlightThreadTitle": "",
    "language": "english",
    "sentiment": "positive",
    "categories": [
        "Economy, Business and Finance",
        "Social Issue",
        "Politics"
    ],
    "topics": [
        "Economy, Business and Finance->financial service",
        "Politics->economic policy"
    ],
    "ai_allow": true,
    "has_canonical": false,
    "breaking": null,
    "webz_reporter": false,
    "external_links": [],
    "entities": {
        "persons": [],
        "locations": [],
        "organizations": []
    },
    "syndication": {
        "syndicated": false,
        "syndicate_id": null,
        "first_syndicated": false
    },
    "trust": {
        "categories": [],
        "top_news": [],
        "bias": null,
        "source": {
            "type": null,
            "city": null,
            "state": null,
            "country": null,
            "domain_type": null,
            "agency": null,
            "organization_name": null
        }
    },
    "rating": null,
    "crawled": "2025-07-10T08:04:55.871+03:00",
    "updated": "2025-07-10T05:12:34.000+00:00"
}