{
    "thread": {
        "uuid": "0436734ee680aff67ea33208cbbd449cfcb9f154",
        "url": "https://www.wvnews.com/news/around_the_web/states/montana-fwp-proposes-increasing-wolf-quota-to-500-for-2025-26-season/article_df0b13d3-1098-516c-9490-41f6442d2485.html",
        "site_full": "www.wvnews.com",
        "site": "wvnews.com",
        "site_section": "https://www.wvnews.com/search/?f=rss&amp",
        "site_categories": [
            "media"
        ],
        "section_title": "www.wvnews.com - RSS Results",
        "site_title": "Valley News",
        "title": "Montana FWP proposes increasing wolf quota to 500 for 2025-26 season",
        "title_full": "Montana FWP proposes increasing wolf quota to 500 for 2025-26 season",
        "published": "2025-07-10T06:50:00.000+03:00",
        "replies_count": 0,
        "participants_count": 1,
        "site_type": "news",
        "country": "US",
        "main_image": "https://bloximages.chicago2.vip.townnews.com/wvnews.com/content/tncms/assets/v3/editorial/d/f0/df0b13d3-1098-516c-9490-41f6442d2485/686ee7b4b246c.preview.jpg?crop=1774%2C931%2C0%2C118&amp;resize=1200%2C630&amp;order=crop%2Cresize",
        "performance_score": 0,
        "domain_rank": 21074,
        "domain_rank_updated": "2025-06-03T00:00:00.000+03:00",
        "licensing_agency": [],
        "social": {
            "facebook": {
                "likes": 0,
                "comments": 0,
                "shares": 0
            },
            "vk": {
                "shares": 0
            }
        }
    },
    "uuid": "0436734ee680aff67ea33208cbbd449cfcb9f154",
    "url": "https://www.wvnews.com/news/around_the_web/states/montana-fwp-proposes-increasing-wolf-quota-to-500-for-2025-26-season/article_df0b13d3-1098-516c-9490-41f6442d2485.html",
    "ord_in_thread": 0,
    "author": "BLAIR MILLER blair.miller@lee.net",
    "published": "2025-07-10T06:50:00.000+03:00",
    "title": "Montana FWP proposes increasing wolf quota to 500 for 2025-26 season",
    "text": "Montana Fish, Wildlife and Parks is proposing increasing the statewide quota for the upcoming wolf hunting and trapping season to 500 as the state tries to reduce the number of wolves in Montana while the population remains relatively stable.\nIf approved by the Fish and Wildlife Commission at its August meeting, the new wolf quota would be an increase of 166 wolves above the previous quota of 334 established for the 2024-25 wolf hunting and trapping season. A total of 297 wolves were killed — 176 by hunters and 121 by trappers — during the season that ended March 15.\nyellowstone wolf\nFour Yellowstone National Park wolves were killed in the 2023 season of Montana's wolf hunt out of a total harvest of 258 animals statewide.\nFWP releases final Montana wolf conservation and management plan\nWolf calls\nA dominant male wolf of Yellowstone National Park's Lupine Creek Pack howls to reconnect with his pack while elk watch from nearby.\nMontana settles with conservation groups that sued to shorten wolf trapping season",
    "highlightText": "",
    "highlightTitle": "",
    "highlightThreadTitle": "",
    "language": "english",
    "sentiment": "positive",
    "categories": [
        "Environment",
        "Politics",
        "Social Issue"
    ],
    "topics": [
        "Environment->endangered species",
        "Environment->animal",
        "Politics->government policy",
        "Politics->local government and authority",
        "Politics->political process",
        "Social Issue->population and census"
    ],
    "ai_allow": false,
    "has_canonical": true,
    "breaking": null,
    "webz_reporter": false,
    "external_links": [
        "https://experience.arcgis.com/experience/34fbb4c9509e45959f6291965388c345",
        "https://helenair.com/tncms/asset/editorial/9de525e5-e282-5a63-96ee-dd15caac12f4",
        "https://fwp.mt.gov/aboutfwp/commission/august-2025-meeting",
        "https://fwp.mt.gov/binaries/content/assets/fwp/commission/2025/august-21/wildlife/wolf/pi-sheet_2025-26-furbearer-and-wolf-proposal-to-commission-06-26-25.pdf",
        "https://helenair.com/tncms/asset/editorial/adc72a32-77a9-55c4-b7c7-a5a1d0574ffb",
        "https://www.fwp.mt.gov/binaries/content/assets/fwp/commission/2025/august-21/wildlife/wolf/pi-sheet_2025-26-furbearer-and-wolf-proposal-to-commission-06-26-25.pdf",
        "https://www.experience.arcgis.com/experience/34fbb4c9509e45959f6291965388c345",
        "https://www.helenair.com/tncms/asset/editorial/adc72a32-77a9-55c4-b7c7-a5a1d0574ffb",
        "https://www.helenair.com/tncms/asset/editorial/9de525e5-e282-5a63-96ee-dd15caac12f4",
        "https://www.fwp.mt.gov/aboutfwp/commission/august-2025-meeting"
    ],
    "entities": {
        "persons": [],
        "locations": [],
        "organizations": []
    },
    "syndication": {
        "syndicated": false,
        "syndicate_id": null,
        "first_syndicated": false
    },
    "trust": {
        "categories": [],
        "top_news": [],
        "bias": "center",
        "source": {
            "type": null,
            "city": null,
            "state": null,
            "country": null,
            "domain_type": null,
            "agency": null,
            "organization_name": null
        }
    },
    "rating": null,
    "crawled": "2025-07-10T08:07:58.696+03:00",
    "updated": "2025-07-10T05:15:46.000+00:00"
}