{
    "thread": {
        "uuid": "f44de634d34ece55100d96ca73b9c900bc223179",
        "url": "https://www.hindustantimes.com/india-news/centre-plans-to-expand-delhis-3rd-ring-road-with-eastern-arm-to-cut-traffic-snarls-101752112776172.html",
        "site_full": "www.hindustantimes.com",
        "site": "hindustantimes.com",
        "site_section": "https://www.htsyndication.com/articles",
        "site_categories": [
            "media",
            "top_news_pk",
            "top_news_gb",
            "top_news_kw",
            "top_news_sa",
            "top_news_nz",
            "top_news_au",
            "top_news_sg",
            "top_news_ie",
            "top_news_za",
            "top_news_ph",
            "top_news_ae",
            "top_news_us",
            "top_news_in",
            "top_news_ca",
            "top_news_my",
            "top_news_iq",
            "top_news_qa",
            "top_news"
        ],
        "section_title": "HTDS Content Services is South Asia&rsquo;s biggest syndication news agency with a vast collection of News, Images and Cartoons. Apart from Hindustan Times and Mint, HTDS Content Services disseminates a wide spectrum of licensed content from more than 200 publications. The content is packaged and syndicated to a broad range of global clients. HTDS Content Services also offers a rare collection of images and cartoons from Hindustan Times Archives",
        "site_title": "News: Today’s News Headlines, Breaking News India, World News and Cricket News | Hindustan Times",
        "title": "Centre plans to expand Delhi's '3rd Ring Road' with eastern arm to cut traffic snarls | Latest News India - Hindustan Times",
        "title_full": "Centre plans to expand Delhi's '3rd Ring Road' with eastern arm to cut traffic snarls | Latest News India - Hindustan Times",
        "published": "2025-07-10T05:01:00.000+03:00",
        "replies_count": 0,
        "participants_count": 1,
        "site_type": "news",
        "country": "IN",
        "main_image": "https://www.hindustantimes.com/ht-img/img/2025/07/10/1600x900/A-view-of-the-Urban-Extension-Road--UER-II---part-_1752112812038_1752112819346.jpg",
        "performance_score": 0,
        "domain_rank": 862,
        "domain_rank_updated": "2025-06-03T00:00:00.000+03:00",
        "licensing_agency": [],
        "social": {
            "facebook": {
                "likes": 0,
                "comments": 0,
                "shares": 1
            },
            "vk": {
                "shares": 0
            }
        }
    },
    "uuid": "f44de634d34ece55100d96ca73b9c900bc223179",
    "url": "https://www.hindustantimes.com/india-news/centre-plans-to-expand-delhis-3rd-ring-road-with-eastern-arm-to-cut-traffic-snarls-101752112776172.html",
    "ord_in_thread": 0,
    "author": "@httweets",
    "published": "2025-07-10T05:01:00.000+03:00",
    "title": "Centre plans to expand Delhi's '3rd Ring Road' with eastern arm to cut traffic snarls | Latest News India - Hindustan Times",
    "text": "Centre plans to expand Delhi's ‘3rd Ring Road’ with eastern arm to cut traffic snarls\nThe new six-lane highway will begin at Alipur in North Delhi—currently the northern endpoint of UER-II—and run through Tronica City in Ghaziabad.\nThe National Highways Authority of India (NHAI) is planning a major eastern extension of the Urban Extension Road-II (UER-II), widely known as Delhi’s third Ring Road, to ease pressure on key arterial roads such as the Ring Road, Outer Ring Road, Kalindi Kunj, and Sarai Kale Khan by routing traffic through northeast Delhi into Ghaziabad and ultimately Noida, officials aware of the development said on Wednesday.\nA view of the Urban Extension Road (UER II), part of Dwarka Expressway.(Vipin Kumar/HT) A view of the Urban Extension Road (UER II), part of Dwarka Expressway.(Vipin Kumar/HT)\nThe new six-lane highway will begin at Alipur in North Delhi—currently the northern endpoint of UER-II—and run through Tronica City in Ghaziabad, connecting to the Delhi-Dehradun Expressway near Mandaula. From there, it will wind through Ghitora and Farukhnagar, link up with the Delhi-Meerut Expressway, and end along the Noida-Greater Noida Expressway, documents accessed by HT show.\nThis expansion complements the UER-II, which is expected to be fully operational by August.\nWhen completed, the eastern arm of UER-II will offer a seamless corridor cutting across Haryana, Delhi, and Uttar Pradesh. It is designed to serve both local and out-of-town vehicles, giving commuters from southern and southeastern Delhi a direct route north—without entering the city’s already choked core—and allowing long-distance traffic to bypass Delhi altogether.\nA senior government official, asking not to identified, said the extension was among the top infrastructure priorities discussed during a meeting between Delhi chief minister Rekha Gupta and Union road transport minister Nitin Gadkari on June 4.\n“The goal is to decongest Delhi by creating alternative corridors that allow intercity and freight traffic to avoid the city centre,” the official said, requesting anonymity.\nAn NHAI project report estimates the cost of the first 17-km leg of the extension at ₹3,350 crore. This stretch will link UER-II with the Delhi-Dehradun Expressway near Tronica City.\n“The idea is to create an alternative bypass that diverts traffic moving between Haryana, Rajasthan and Uttarakhand. This will reduce load on NH-48 (Delhi-Jaipur), NH-44, Ring Road and the Barapullah corridor,” the official added.\nNHAI has also proposed a second leg—about 65km in length—that will run from Mandaula to Noida via Ghaziabad, skirting towns such as Ghitora, Farukhnagar, Hidan and Indirapuram. This segment is likely to cost ₹7,500 crore. It will improve connectivity between Loni, Baghpat, Ghaziabad, Noida, and Faridabad to different parts of North, Northwest and Southwest Delhi, officials said.\n“The second leg will act as a high-speed bypass for vehicles travelling between Ghaziabad and Noida and parts of Delhi, reducing traffic on corridors such as Kalindi Kunj, Sarai Kale Khan and Delhi-Meerut Expressway,” the NHAI report noted.\nTogether, the two highway segments will span 82km and are expected to cost around ₹10,850 crore. Officials said that bids for the preparation of detailed project reports (DPRs) for both sections are currently being evaluated and are likely to be awarded soon.\nThis eastern expansion complements the main UER-II, construction of which is nearing completion. As HT reported earlier this month, the 75km UER-II is expected to be fully operational by August and will reduce travel time by up to 60% between the Indira Gandhi International Airport and parts of southwest and northwest Delhi.\nSections around Najafgarh, Mundka and Alipur are already operational. Once complete, UER-II will form a ring of high-speed corridors connecting major expressways including the Delhi-Jaipur, Delhi-Meerut, and Delhi-Dehradun expressways with the Dwarka Expressway and the Delhi-Mumbai Expressway.\n“This is part of a larger strategy to push highway-grade bypasses around congested urban centres and improve freight mobility while enhancing commuter convenience,” an official said.\nNHAI did not respond to requests for comment.\nIndia News,\nWeather Todayand\nLatest News,\nBharat Bandh Today Liveand\nJaguar Fighter Jet Crashon Hindustan Times.\nIndia News,\nWeather Todayand\nLatest News,\nBharat Bandh Today Liveand\nJaguar Fighter Jet Crashon Hindustan Times.\nNews/\nIndia News/ Centre plans to expand Delhi's ‘3rd Ring Road’ with eastern arm to cut traffic snarls",
    "highlightText": "",
    "highlightTitle": "",
    "highlightThreadTitle": "",
    "language": "english",
    "sentiment": "positive",
    "categories": [
        "Politics",
        "Economy, Business and Finance"
    ],
    "topics": [
        "Politics->local government and authority",
        "Politics->government policy",
        "Economy, Business and Finance->transport",
        "Economy, Business and Finance->business governance"
    ],
    "ai_allow": true,
    "has_canonical": false,
    "breaking": null,
    "webz_reporter": false,
    "external_links": [],
    "entities": {
        "persons": [
            {
                "name": "Sarai Kale Khan",
                "sentiment": "none"
            },
            {
                "name": "Vipin Kumar",
                "sentiment": "none"
            }
        ],
        "locations": [
            {
                "name": "Delhi-Dehradun Expressway",
                "sentiment": "none"
            },
            {
                "name": "Outer Ring Road",
                "sentiment": "none"
            },
            {
                "name": "Tronica City",
                "sentiment": "none"
            },
            {
                "name": "Mandaula",
                "sentiment": "none"
            },
            {
                "name": "North",
                "sentiment": "none"
            },
            {
                "name": "Noida",
                "sentiment": "none"
            }
        ],
        "organizations": [
            {
                "name": "Hindustan Times",
                "sentiment": "negative",
                "tickers": []
            },
            {
                "name": "National Highways Authority of India",
                "sentiment": "none",
                "tickers": []
            },
            {
                "name": "NHAI",
                "sentiment": "none",
                "tickers": []
            }
        ]
    },
    "syndication": {
        "syndicated": false,
        "syndicate_id": null,
        "first_syndicated": false
    },
    "trust": {
        "categories": [
            "fake_news"
        ],
        "top_news": [
            "top_news_pk",
            "top_news_gb",
            "top_news_kw",
            "top_news_sa",
            "top_news_nz",
            "top_news_au",
            "top_news_sg",
            "top_news_ie",
            "top_news_za",
            "top_news_ph",
            "top_news_ae",
            "top_news_us",
            "top_news_in",
            "top_news_ca",
            "top_news_my",
            "top_news_iq",
            "top_news_qa",
            "top_news"
        ],
        "bias": "center",
        "source": {
            "type": null,
            "city": null,
            "state": null,
            "country": null,
            "domain_type": null,
            "agency": null,
            "organization_name": null
        }
    },
    "rating": null,
    "crawled": "2025-07-10T08:18:50.854+03:00",
    "updated": "2025-07-10T05:21:54.000+00:00"
}