{
    "thread": {
        "uuid": "639412b0981af8a3de2504af39db177ad618f175",
        "url": "https://radiojamaicanewsonline.com/business/investor-demand-for-goj-treasury-bills-exceed-expectation",
        "site_full": "radiojamaicanewsonline.com",
        "site": "radiojamaicanewsonline.com",
        "site_section": "https://radiojamaicanewsonline.com/arts-entertainment",
        "site_categories": [
            "health",
            "cold_and_flu"
        ],
        "section_title": "Arts & Entertainment | RJR News - Jamaican News Online",
        "site_title": "Home | RJR News - Jamaican News Online",
        "title": "Investor Demand For GOJ Treasury Bills Exceed Expectation | RJR News - Jamaican News Online",
        "title_full": "Investor Demand For GOJ Treasury Bills Exceed Expectation | RJR News - Jamaican News Online",
        "published": "2025-07-10T01:08:00.000+03:00",
        "replies_count": 0,
        "participants_count": 0,
        "site_type": "news",
        "country": "US",
        "main_image": "",
        "performance_score": 0,
        "domain_rank": 198334,
        "domain_rank_updated": "2025-06-03T00:00:00.000+03:00",
        "licensing_agency": [],
        "social": {
            "facebook": {
                "likes": 0,
                "comments": 0,
                "shares": 0
            },
            "vk": {
                "shares": 0
            }
        }
    },
    "uuid": "639412b0981af8a3de2504af39db177ad618f175",
    "url": "https://radiojamaicanewsonline.com/business/investor-demand-for-goj-treasury-bills-exceed-expectation",
    "ord_in_thread": 0,
    "author": null,
    "published": "2025-07-10T01:08:00.000+03:00",
    "title": "Investor Demand For GOJ Treasury Bills Exceed Expectation | RJR News - Jamaican News Online",
    "text": "The Government of Jamaica says investor demand for its short-term treasury bills has far exceeded expectations.\nIt was seeking to raise $2.2 billion through its 90-day, 182-day and 270-day treasure bills to help fund this year's budget.\nBut investors pumped in more than double that amount, some $5.5 billion.\nThe 90-day bill, which targeted $700 million, attracted $1.9 billion in an average interest rate of 5.2% per year.\nAnother $2.1 billion was invested in the 182-day bill, also above the $700 million target, at an average interest rate of 5.4%, and the 270-day instrument, which aimed to raise $800 million, received $1.6 billion at an average rate of 5.8%.\nThe total amount of outstanding treasure bills now stands at $10.34 billion.",
    "highlightText": "",
    "highlightTitle": "",
    "highlightThreadTitle": "",
    "language": "english",
    "sentiment": "positive",
    "categories": [
        "Economy, Business and Finance",
        "Politics",
        "Human Interest"
    ],
    "topics": [
        "Economy, Business and Finance->debt market",
        "Economy, Business and Finance->financial service",
        "Politics->government budget",
        "Politics->economic policy"
    ],
    "ai_allow": true,
    "has_canonical": false,
    "breaking": null,
    "webz_reporter": false,
    "external_links": [],
    "entities": {
        "persons": [],
        "locations": [],
        "organizations": [
            {
                "name": "GOJ Treasury",
                "sentiment": "none",
                "tickers": []
            }
        ]
    },
    "syndication": {
        "syndicated": false,
        "syndicate_id": null,
        "first_syndicated": false
    },
    "trust": {
        "categories": [],
        "top_news": [],
        "bias": null,
        "source": {
            "type": null,
            "city": null,
            "state": null,
            "country": null,
            "domain_type": null,
            "agency": null,
            "organization_name": null
        }
    },
    "rating": null,
    "crawled": "2025-07-10T07:32:06.865+03:00",
    "updated": "2025-07-10T04:38:22.000+00:00"
}