{
    "thread": {
        "uuid": "9eb3b1e00fb9f1c72d4f5e5f8f13ff8279799471",
        "url": "https://www.dawn.com/news/1923206",
        "site_full": "www.dawn.com",
        "site": "dawn.com",
        "site_section": "https://www.dawn.com/feeds/newspaper/feed",
        "site_categories": [
            "media",
            "top_news_in",
            "top_news_pk",
            "top_news_ae",
            "top_news_qa",
            "top_news_sa",
            "top_news"
        ],
        "section_title": "The Dawn News - Newspaper",
        "site_title": "Home - DAWN.COM",
        "title": "PM unveils scheme for soft agricultural loans",
        "title_full": "PM unveils scheme for soft agricultural loans",
        "published": "2025-07-10T06:36:00.000+03:00",
        "replies_count": 0,
        "participants_count": 1,
        "site_type": "news",
        "country": "US",
        "main_image": "https://i.dawn.com/large/2025/07/10092349d5d6b7c.jpg?r=092458",
        "performance_score": 0,
        "domain_rank": 3050,
        "domain_rank_updated": "2025-06-03T00:00:00.000+03:00",
        "licensing_agency": [],
        "social": {
            "facebook": {
                "likes": 1,
                "comments": 0,
                "shares": 23
            },
            "vk": {
                "shares": 0
            }
        }
    },
    "uuid": "9eb3b1e00fb9f1c72d4f5e5f8f13ff8279799471",
    "url": "https://www.dawn.com/news/1923206",
    "ord_in_thread": 0,
    "author": "none@none.com (Syed Irfan Raza)",
    "published": "2025-07-10T06:36:00.000+03:00",
    "title": "PM unveils scheme for soft agricultural loans",
    "text": "ISLAMABAD: Prime Minister Shehbaz Sharif on Wednesday unveiled a scheme for offering soft agricultural loans to farmers under the Public Private Partnership (PPP) model.\nPresiding over a review meeting on development of the agriculture sector, the prime minister directed the authorities concerned to formulate a strategy for sustainable agricultural reforms in collaboration with provinces.\n“Agricultural reforms shall commence with the provision of easy loans to farmers, for which a public-private partnership model is to be adopted,” Mr Sharif was quoted as saying in a press release issued by the PM Office.\nThe PM issued directives for urgent reforms in the Zarai Taraqqiati Bank for transparent provision of easy loans to farmers. He said the coming Public Sector Development Programme (PSDP) would prioritise agricultural projects, focusing on mechanisation, digitisation, easy access to loans for farmers, and creating a business-friendly environment.\nPrime Minister Shehbaz Sharif said sustainable agricultural reforms would boost the economy and reiterated the government’s commitment to an enhanced focus on reforming the livestock sector alongside agricultural commodities.\nHe said the federal and provincial governments would coordinate for implementation of agricultural reforms, calling for proposals to work out short-term and long-term strategies to enhance storage capacity for agricultural commodities.\nThe prime minister said progress in agriculture would primarily benefit farmers, emphasising collaboration among experts to develop the sector on modern lines.\nHe called for utilisation of agricultural zoning and value chain strategies to boost exports and introduce technology tailored to the needs of small landholders.\nProposals were presented to the prime minister for increasing agricultural production, improving infrastructure, establishing simple and sustainable regulations for a business-friendly environment, and ensuring easy access to loans for farmers.\nThe meeting was told that an “agriculture innovation and growth action plan”, focused on increasing farmers’ income, raising productivity and implementing reforms, was going ahead in the right direction.\nThe prime minister was told that measures were being taken to establish secure storage facilities for agricultural commodities.\nRecord remittances\nThe prime minister expressed satisfaction over record remittances received during the fiscal year 2024-25, saying that the government was committed to ushering in economic prosperity for all.\nThe prime minister observed that Pakistanis had sent remittances totalling $38.3 billion during the previous financial year, surpassing the tally for 2023-24 by $8bn.\n“The record surge in remittances reflects expatriate Pakistanis’ valuable contribution and their confidence in the national economy,” the PM observed.\nHe added that the recent positive economic indicators proved beyond doubt that the government’s policies were paying dividends.\nPublished in Dawn, July 10th, 2025\nX,",
    "highlightText": "",
    "highlightTitle": "",
    "highlightThreadTitle": "",
    "language": "english",
    "sentiment": "positive",
    "categories": [
        "Economy, Business and Finance",
        "Politics",
        "Social Issue"
    ],
    "topics": [
        "Economy, Business and Finance->agriculture",
        "Economy, Business and Finance->financial service",
        "Economy, Business and Finance->business financing",
        "Politics->local government and authority",
        "Politics->economic policy",
        "Politics->government",
        "Social Issue->communities",
        "Social Issue->social services",
        "Social Issue->social condition"
    ],
    "ai_allow": true,
    "has_canonical": false,
    "breaking": null,
    "webz_reporter": false,
    "external_links": [
        "https://twitter.com/dawn_business",
        "https://www.twitter.com/dawn_business"
    ],
    "entities": {
        "persons": [],
        "locations": [],
        "organizations": []
    },
    "syndication": {
        "syndicated": false,
        "syndicate_id": null,
        "first_syndicated": false
    },
    "trust": {
        "categories": [],
        "top_news": [
            "top_news_in",
            "top_news_pk",
            "top_news_ae",
            "top_news_qa",
            "top_news_sa",
            "top_news"
        ],
        "bias": "right",
        "source": {
            "type": null,
            "city": null,
            "state": null,
            "country": null,
            "domain_type": null,
            "agency": null,
            "organization_name": null
        }
    },
    "rating": null,
    "crawled": "2025-07-10T08:01:09.842+03:00",
    "updated": "2025-07-11T05:06:02.000+00:00"
}