{
    "thread": {
        "uuid": "36069618cb2ef74bcea3307ea119a4ae328d590b",
        "url": "https://article.wn.com/view/2025/07/10/China_earmarks_150_million_yuan_for_natural_disaster_respons/",
        "site_full": "article.wn.com",
        "site": "wn.com",
        "site_section": "https://wn.com/asia",
        "site_categories": [
            "media"
        ],
        "section_title": "World News - Asia",
        "site_title": "World News",
        "title": "China earmarks 150 million yuan for natural disaster response - Worldnews.com",
        "title_full": "China earmarks 150 million yuan for natural disaster response - Worldnews.com",
        "published": "2025-07-10T03:00:00.000+03:00",
        "replies_count": 0,
        "participants_count": 0,
        "site_type": "news",
        "country": "US",
        "main_image": "",
        "performance_score": 0,
        "domain_rank": 3835,
        "domain_rank_updated": "2025-06-03T00:00:00.000+03:00",
        "licensing_agency": [],
        "social": {
            "facebook": {
                "likes": 0,
                "comments": 0,
                "shares": 0
            },
            "vk": {
                "shares": 0
            }
        }
    },
    "uuid": "36069618cb2ef74bcea3307ea119a4ae328d590b",
    "url": "https://article.wn.com/view/2025/07/10/China_earmarks_150_million_yuan_for_natural_disaster_respons/",
    "ord_in_thread": 0,
    "author": null,
    "published": "2025-07-10T03:00:00.000+03:00",
    "title": "China earmarks 150 million yuan for natural disaster response - Worldnews.com",
    "text": "BEIJING -- China has earmarked 150 million yuan (about $20.97 million) from its central natural-disaster-relief fund to support relief efforts in regions affected by flooding, typhoons and geological disasters, the Ministry of Finance (MOF) said on Wednesday. An MOF statement said that emergency funds, allocated by the",
    "highlightText": "",
    "highlightTitle": "",
    "highlightThreadTitle": "",
    "language": "english",
    "sentiment": "positive",
    "categories": [
        "Disaster and Accident",
        "Economy, Business and Finance",
        "Politics"
    ],
    "topics": [
        "Disaster and Accident->natural disaster",
        "Economy, Business and Finance->economy",
        "Economy, Business and Finance->business governance",
        "Economy, Business and Finance->financial and economic news",
        "Politics->government policy",
        "Politics->safety of citizens"
    ],
    "ai_allow": true,
    "has_canonical": false,
    "breaking": null,
    "webz_reporter": false,
    "external_links": [],
    "entities": {
        "persons": [],
        "locations": [],
        "organizations": []
    },
    "syndication": {
        "syndicated": false,
        "syndicate_id": null,
        "first_syndicated": false
    },
    "trust": {
        "categories": [
            "trusted_news"
        ],
        "top_news": [],
        "bias": "center",
        "source": {
            "type": null,
            "city": null,
            "state": null,
            "country": null,
            "domain_type": null,
            "agency": null,
            "organization_name": null
        }
    },
    "rating": null,
    "crawled": "2025-07-10T07:39:14.940+03:00",
    "updated": "2025-07-10T04:46:49.000+00:00"
}