{
    "thread": {
        "uuid": "fcccd8fdcf78050ebe11753a7a2e3198e5bf7ee0",
        "url": "https://www.sentinelassam.com/topheadlines/congress-faces-major-setback-as-members-withdraw-support-in-hailakandi-zila-parishad",
        "site_full": "www.sentinelassam.com",
        "site": "sentinelassam.com",
        "site_section": "https://www.sentinelassam.com/feed",
        "site_categories": [
            "under_construction"
        ],
        "section_title": "404 - Page not found  ",
        "site_title": null,
        "title": "Congress Faces Major Setback as Members Withdraw Support in Hailakandi Zila Parishad",
        "title_full": "Congress Faces Major Setback as Members Withdraw Support in Hailakandi Zila Parishad",
        "published": "2025-11-27T07:22:00.000+02:00",
        "replies_count": 0,
        "participants_count": 1,
        "site_type": "news",
        "country": "IN",
        "main_image": "https://media.assettype.com/sentinelassam-english%2F2025-11-26%2F8nsp9pcp%2FWhatsApp-Image-2025-11-26-at-10.55.30-AM-2.jpeg?w=1200&amp;ar=40%3A21&amp;auto=format%2Ccompress&amp;ogImage=true&amp;mode=crop&amp;enlarge=true&amp;overlay=false&amp;overlay_position=bottom&amp;overlay_width=100",
        "performance_score": 0,
        "domain_rank": 197711,
        "domain_rank_updated": "2025-11-23T23:00:00.000+02:00",
        "licensing_agency": [],
        "social": {
            "facebook": {
                "likes": 0,
                "comments": 0,
                "shares": 0
            },
            "vk": {
                "shares": 0
            }
        }
    },
    "uuid": "fcccd8fdcf78050ebe11753a7a2e3198e5bf7ee0",
    "url": "https://www.sentinelassam.com/topheadlines/congress-faces-major-setback-as-members-withdraw-support-in-hailakandi-zila-parishad",
    "ord_in_thread": 0,
    "author": "Sentinel Digital Desk",
    "published": "2025-11-27T07:22:00.000+02:00",
    "title": "Congress Faces Major Setback as Members Withdraw Support in Hailakandi Zila Parishad",
    "text": "Hailakandi: The political deadlock inside the Hailakandi Zila Parishad has intensified, signalling a major setback for the Congress ahead of the 2026 Assembly elections. With administrative work nearly paralysed, six out of the eight Parishad members have reportedly sought the intervention of the district’s Guardian Minister, Krishnendu Paul, urging him to take control of the deteriorating situation.\nSources said that the members, three from the BJP, two from Congress, and one independent recently held a crucial meeting with Minister Paul in Guwahati. During the discussion, they expressed frustration over the functioning of Chairperson Fatima Begum Choudhury, alleging that mismanagement and irregularities had brought the Parishad’s administrative activities to a halt. Complaints included poor handling of development schemes, lack of transparency in fund usage, irregular file movement, and failure to hold timely meetings.\nThe members claimed that the Chairperson and her husband, Manna Khan, were unable to manage the Parishad’s responsibilities, pushing the entire administrative machinery into a standstill. They insisted that normal functioning could not be restored without a change in leadership.\nHowever, the new Panchayat Rules have emerged as a major obstacle. As per the revised guidelines, a no-confidence motion against a Zila Parishad Chairperson can only be initiated after completing two years and six months in office. Any attempt to remove the Chairperson now may trigger legal complications, further prolonging the crisis. Notably, Hailakandi was the only district where Congress succeeded in forming a Zila Parishad board on August 11 this year, with Fatima Begum Choudhury elected as Chairperson. Since then, tensions have been rising, especially after BJP members raised objections over the election process. With political equations rapidly shifting and intervention efforts which are currently underway, the future of the Hailakandi Zila Parishad remains uncertain. Administrative sources say that the situation may become clearer in the coming days.",
    "highlightText": "",
    "highlightTitle": "",
    "highlightThreadTitle": "",
    "language": "english",
    "sentiment": "negative",
    "categories": [
        "Politics"
    ],
    "topics": [
        "Politics->political process",
        "Politics->local government and authority"
    ],
    "ai_allow": true,
    "has_canonical": false,
    "breaking": false,
    "webz_reporter": false,
    "external_links": [],
    "external_images": [],
    "internal_images": [],
    "entities": {
        "persons": [
            {
                "name": "Fatima Begum Choudhury",
                "sentiment": "none"
            },
            {
                "name": "Krishnendu Paul",
                "sentiment": "none"
            },
            {
                "name": "Manna Khan",
                "sentiment": "none"
            }
        ],
        "locations": [
            {
                "name": "Zila Parishad",
                "sentiment": "none"
            }
        ],
        "organizations": [
            {
                "name": "Congress",
                "sentiment": "none",
                "tickers": [
                    {
                        "ticker": null,
                        "exchange": null
                    }
                ]
            },
            {
                "name": "BJP",
                "sentiment": "none",
                "tickers": [
                    {
                        "ticker": null,
                        "exchange": null
                    }
                ]
            }
        ]
    },
    "syndication": {
        "syndicated": false,
        "syndicate_id": null,
        "first_syndicated": false
    },
    "trust": {
        "categories": [],
        "top_news": [],
        "bias": null,
        "source": {
            "type": null,
            "city": null,
            "state": null,
            "country": null,
            "domain_type": null,
            "agency": null,
            "organization_name": null
        }
    },
    "rating": null,
    "crawled": "2025-11-27T07:33:41.316+02:00",
    "updated": "2025-11-27T07:34:56.000+02:00"
}