{
    "thread": {
        "uuid": "947ee5dfb191b197fbeb611148d7c4a34729fa47",
        "url": "https://www.dtnext.in/news/world/ex-peru-president-martin-vizcarra-gets-14-year-jail-term-in-bribery-case-854653",
        "site_full": "www.dtnext.in",
        "site": "dtnext.in",
        "site_section": "https://www.dtnext.in",
        "site_categories": [
            "media"
        ],
        "section_title": "DT Next - Latest News Today from Chennai, TamilNadu, India, World, Sports, and Business | Today English Newspaper",
        "site_title": "DT Next: Latest News Today - Breaking News and today Headlines from India, Tamilnadu, World,  Entertainment, Business, Sports and more | Today News Paper",
        "title": "Ex-Peru President Martin Vizcarra gets 14-year jail term in bribery case",
        "title_full": "Ex-Peru President Martin Vizcarra gets 14-year jail term in bribery case",
        "published": "2025-11-27T08:15:00.000+02:00",
        "replies_count": 0,
        "participants_count": 1,
        "site_type": "news",
        "country": "IN",
        "main_image": "https://media.dtnext.in/h-upload/2025/11/27/878650-martin.jpg",
        "performance_score": 0,
        "domain_rank": 121318,
        "domain_rank_updated": "2025-11-23T23:00:00.000+02:00",
        "licensing_agency": [],
        "social": {
            "facebook": {
                "likes": 0,
                "comments": 0,
                "shares": 0
            },
            "vk": {
                "shares": 0
            }
        }
    },
    "uuid": "947ee5dfb191b197fbeb611148d7c4a34729fa47",
    "url": "https://www.dtnext.in/news/world/ex-peru-president-martin-vizcarra-gets-14-year-jail-term-in-bribery-case-854653",
    "ord_in_thread": 0,
    "author": "IANS",
    "published": "2025-11-27T08:15:00.000+02:00",
    "title": "Ex-Peru President Martin Vizcarra gets 14-year jail term in bribery case",
    "text": "Ex-Peru President Martin Vizcarra gets 14-year jail term in bribery case\nThe judge stated that Vizcarra received approximately 2.3 million soles (around 690,000 US dollars) in unlawful contributions from the companies Obrainsa and Contratistas Generales SAT through commissions and staggered payments\nLIMA: A Peruvian court has handed former President Martin Vizcarra a 14-year prison sentence after finding him guilty of accepting bribes years before he assumed the nation's highest office, adding another name to the list of Peru's former leaders convicted in corruption scandals, local media reported.\nThe court on Wednesday (local time) ruled that Vizcarra took bribes amounting to $676,000 from construction companies in exchange for awarding public works contracts while he was governor of the southern Moquegua region between 2011 and 2014.\nThe judge stated that Vizcarra received approximately 2.3 million soles (around 690,000 US dollars) in unlawful contributions from the companies Obrainsa and Contratistas Generales SAT through commissions and staggered payments.\nIn addition to the prison sentence, the court prohibited Vizcarra from holding any public office for a period of nine years and mandated that he pay 94,900 soles in civil damages.\nAfter the ruling, Vizcarra expressed on social media that he was a target of \"revenge\" for opposing what he referred to as a \"mafia pact.\"\nDuring the trial, which began last October, Vizcarra repeatedly denied any wrongdoing and insisted that he was being targeted for political reasons.\nHe rose to the presidency in 2018 following his predecessor's resignation but was removed by Congress two years later amid ongoing graft investigations.\nHis older brother, Mario Vizcarra, is preparing to contest the April 2026 presidential election under the 'Peru First' banner, a party in which the former president remains a key advisor.\nIn the 2021 polls, Vizcarra secured the highest number of votes among congressional candidates but was later barred by Congress from holding public office for ten years after he dissolved the legislature in 2019.\nPeru continues to grapple with deep political instability, having cycled through six presidents since 2018 due to resignations and impeachment proceedings often rooted in corruption allegations.\nThree other former presidents are also behind bars. Alejandro Toledo and Ollanta Humala are serving sentences for corruption, while Pedro Castillo remains detained as he faces rebellion charges.'",
    "highlightText": "",
    "highlightTitle": "",
    "highlightThreadTitle": "",
    "language": "english",
    "sentiment": "negative",
    "categories": [
        "Crime, Law and Justice",
        "Politics"
    ],
    "topics": [
        "Crime, Law and Justice->court",
        "Crime, Law and Justice->corruption",
        "Politics->political candidates",
        "Politics->impeachment"
    ],
    "ai_allow": true,
    "has_canonical": false,
    "breaking": false,
    "webz_reporter": false,
    "external_links": [],
    "external_images": [],
    "internal_images": [],
    "entities": {
        "persons": [
            {
                "name": "Martin Vizcarra",
                "sentiment": "none"
            }
        ],
        "locations": [],
        "organizations": [
            {
                "name": "Contratistas Generales",
                "sentiment": "none",
                "tickers": []
            }
        ]
    },
    "syndication": {
        "syndicated": false,
        "syndicate_id": null,
        "first_syndicated": false
    },
    "trust": {
        "categories": [],
        "top_news": [],
        "bias": null,
        "source": {
            "type": null,
            "city": null,
            "state": null,
            "country": null,
            "domain_type": null,
            "agency": null,
            "organization_name": null
        }
    },
    "rating": null,
    "crawled": "2025-11-27T08:31:17.744+02:00",
    "updated": "2025-11-27T08:34:59.000+02:00"
}