{
    "thread": {
        "uuid": "9533d513df0bf312099e5013e1636c5224e0b244",
        "url": "https://www.greaterkashmir.com/latest-news/budgam-police-crack-down-on-jei-linked-institutes-and-members/",
        "site_full": "www.greaterkashmir.com",
        "site": "greaterkashmir.com",
        "site_section": "https://news.google.com/search?q=down%20when%3A1h&hl=en-US&gl=US&ceid=US%3Aen",
        "site_categories": [
            "media"
        ],
        "section_title": "Google News - Search",
        "site_title": "Greater Kashmir: Latest News, Headlines &amp; Updates from Jammu &amp; Kashmir",
        "title": "Budgam Police crack down on JeI-linked institutes and members",
        "title_full": "Budgam Police crack down on JeI-linked institutes and members",
        "published": "2025-11-27T08:04:00.000+02:00",
        "replies_count": 0,
        "participants_count": 1,
        "site_type": "news",
        "country": "IN",
        "main_image": "https://greaterkashmir.imagibyte.sortdcdn.net/wp-content/uploads/2025/11/police-in-Budgam-raid-JeI-residences-e1764223463512.jpg",
        "performance_score": 0,
        "domain_rank": 102027,
        "domain_rank_updated": "2025-11-23T23:00:00.000+02:00",
        "licensing_agency": [],
        "social": {
            "facebook": {
                "likes": 0,
                "comments": 0,
                "shares": 0
            },
            "vk": {
                "shares": 0
            }
        }
    },
    "uuid": "9533d513df0bf312099e5013e1636c5224e0b244",
    "url": "https://www.greaterkashmir.com/latest-news/budgam-police-crack-down-on-jei-linked-institutes-and-members/",
    "ord_in_thread": 0,
    "author": "GK Web Desk",
    "published": "2025-11-27T08:04:00.000+02:00",
    "title": "Budgam Police crack down on JeI-linked institutes and members",
    "text": "Budgam, Nov 27: In its efforts to dismantle the terror ecosystem and separatist propaganda, Budgam Police on Thursday launched a crackdown on the proscribed organisation Jamaat-e-Islami (JeI), carrying out searches at residences and institutions linked to the group, officials said.\nA police spokesperson said in a statement that the searches were conducted based on credible intelligence suggesting that some JeI members were involved in anti-national activities.\nHe said multiple searches were carried out in Chadoora, Soibugh, and Beerwah areas following due legal procedures.\nThe search teams comprised police officers, lady police personnel, and local numberdars. Various electronic devices and documents were seized from the residences of JeI-linked individuals and associated institutions.\nThe operation aimed to dismantle the terror ecosystem and separatist propaganda of the proscribed Jamaat-e-Islami. Through such actions, Budgam Police reaffirmed its commitment to establishing and ensuring a peaceful and terror-free environment in the district.",
    "highlightText": "",
    "highlightTitle": "",
    "highlightThreadTitle": "",
    "language": "english",
    "sentiment": "negative",
    "categories": [
        "Crime, Law and Justice",
        "Politics"
    ],
    "topics": [
        "Crime, Law and Justice->terrorism",
        "Crime, Law and Justice->police",
        "Politics->safety of citizens",
        "Politics->political dissent",
        "Politics->political process"
    ],
    "ai_allow": true,
    "has_canonical": false,
    "breaking": true,
    "webz_reporter": false,
    "external_links": [],
    "external_images": [],
    "internal_images": [],
    "entities": {
        "persons": [],
        "locations": [
            {
                "name": "Budgam",
                "sentiment": "none"
            },
            {
                "name": "Chadoora",
                "sentiment": "none"
            }
        ],
        "organizations": [
            {
                "name": "Budgam Police",
                "sentiment": "none",
                "tickers": [
                    {
                        "ticker": null,
                        "exchange": null
                    }
                ]
            }
        ]
    },
    "syndication": {
        "syndicated": false,
        "syndicate_id": "9533d513df0bf312099e5013e1636c5224e0b244",
        "first_syndicated": true
    },
    "trust": {
        "categories": [],
        "top_news": [],
        "bias": null,
        "source": {
            "type": null,
            "city": null,
            "state": null,
            "country": null,
            "domain_type": null,
            "agency": null,
            "organization_name": null
        }
    },
    "rating": null,
    "crawled": "2025-11-27T08:17:04.135+02:00",
    "updated": "2025-11-27T08:19:28.000+02:00"
}