{
    "thread": {
        "uuid": "2b03ca70929e27f3485f8056886f08d458b72537",
        "url": "https://www.scoop.co.nz/stories/AK2602/S00435/waikato-regional-council-welcomes-te-huia-trial-extension.htm",
        "site_full": "www.scoop.co.nz",
        "site": "scoop.co.nz",
        "site_section": "https://www.scoop.co.nz/news/politics.html",
        "site_categories": [
            "health",
            "media",
            "environment",
            "sport",
            "economy, business and finance",
            "disaster and accident",
            "social issue",
            "politics",
            "law_government_and_politics",
            "crime, law and justice"
        ],
        "section_title": "\nPolitics | Scoop News\n",
        "site_title": "Scoop - New Zealand News",
        "title": "Waikato Regional Council Welcomes Te Huia Trial Extension | Scoop News",
        "title_full": "Waikato Regional Council Welcomes Te Huia Trial Extension | Scoop News",
        "published": "2026-02-19T02:00:00.000+02:00",
        "replies_count": 0,
        "participants_count": 1,
        "site_type": "news",
        "country": "NZ",
        "main_image": "http://img.scoop.co.nz/stories/images/1908/scoop_image.jpg",
        "performance_score": 0,
        "domain_rank": 24269,
        "domain_rank_updated": "2026-02-15T23:00:00.000+02:00",
        "licensing_agency": [],
        "social": {
            "facebook": {
                "likes": 0,
                "comments": 0,
                "shares": 0
            },
            "vk": {
                "shares": 0
            }
        }
    },
    "uuid": "2b03ca70929e27f3485f8056886f08d458b72537",
    "url": "https://www.scoop.co.nz/stories/AK2602/S00435/waikato-regional-council-welcomes-te-huia-trial-extension.htm",
    "ord_in_thread": 0,
    "author": "Thursday",
    "published": "2026-02-19T02:00:00.000+02:00",
    "title": "Waikato Regional Council Welcomes Te Huia Trial Extension | Scoop News",
    "text": "Waikato Regional Council Welcomes Te Huia Trial Extension\nWaikato Regional Council has today welcomed the NZ Transport Agency Waka Kotahi (NZTA) Board’s decision to support a 12-month extension of the Waikato-Auckland Te Huia trial.\nThe council wrote to the board in December asking for the extension to the end of June 2027 with 60 per cent central government funding.\nIt would enable patronage to recover and test the impact of benefits accruing from opening of the City Rail Link later in 2026 as well as continued implementation of a series of measures to increase both passenger numbers and revenue, the council said.\nThe NZTA Board agreed when it met in Wellington this afternoon. It means regional councillors will be asked to support continued local funding at the current rate when they meet next week to consider the budget for 2026/27.\nFull engagement on the future of Te Huia would then occur as part of the 2027-2037 Long Term Plan process.\nWaikato Regional Council Chair Warren Maher acknowledged the board for its timely decision. “We thank the board for considering our request favourably and giving councillors time to consider the next steps.\n“I also note the support we received from local councils, as well as champions of Te Huia.”\nIn December, councils who form part of the Future Proof partnership – Auckland, Hamilton city, and Waipā and Waikato district – signalled their support for the extension of the trial at the 60 per cent funding assistance rate.\nLetters of support from Auckland, Hamilton City, Waipā and Waikato district councils said they were committed to sustainable economic growth across the sub-region, along the Hamilton to Auckland corridor, and in the emerging economic zone centred around the north Waikato and south Auckland areas.\nWith housing growth continuing to be strong, it was essential that resilient multi-modal road and rail corridors are protected and developed over time to offer choice for people and freight today while protecting against future congestion, they said.\nFull council meetings are livestreamed and recorded. Visit the website for the agenda and link: waikatoregion.govt.nz/council-meetings/council",
    "summary": "Waikato Regional Council Welcomes Te Huia Trial Extension Waikato Regional Council has today welcomed the NZ Transport Agency Waka Kotahi (NZTA) Board’s decision to support a 12-month extension of the Waikato-Auckland Te Huia trial. The council wrote to the board in December asking for the extension to the end of June 2027 with 60 per cent central government funding.",
    "highlightText": "",
    "highlightTitle": "",
    "highlightThreadTitle": "",
    "language": "english",
    "sentiment": "positive",
    "categories": [
        "Politics"
    ],
    "topics": [
        "Politics->regional government and authority"
    ],
    "ai_allow": true,
    "has_canonical": false,
    "breaking": null,
    "webz_reporter": false,
    "external_links": [],
    "external_images": [],
    "internal_images": [],
    "entities": {
        "persons": [],
        "locations": [],
        "organizations": [
            {
                "name": "Scoop News",
                "sentiment": "negative",
                "tickers": [
                    {
                        "ticker": null,
                        "exchange": null
                    }
                ]
            },
            {
                "name": "Waikato Regional Council",
                "sentiment": "negative",
                "tickers": []
            },
            {
                "name": "NZ Transport Agency Waka Kotahi",
                "sentiment": "none",
                "tickers": []
            },
            {
                "name": "NZTA",
                "sentiment": "none",
                "tickers": [
                    {
                        "ticker": null,
                        "exchange": null
                    }
                ]
            },
            {
                "name": "City Rail Link",
                "sentiment": "none",
                "tickers": []
            }
        ]
    },
    "syndication": {
        "syndicated": false,
        "syndicate_id": null,
        "first_syndicated": false
    },
    "trust": {
        "categories": [],
        "top_news": [
            "top_news_nz",
            "top_news"
        ],
        "bias": null,
        "source": {
            "type": null,
            "city": null,
            "state": null,
            "country": null,
            "domain_type": null,
            "agency": null,
            "organization_name": null
        }
    },
    "rating": null,
    "crawled": "2026-02-19T09:14:27.810+02:00",
    "updated": "2026-02-19T09:17:29.000+02:00"
}