{
    "thread": {
        "uuid": "748838e4beead995771d0226ee878503257bd049",
        "url": "https://english.ratopati.com/story/49365/crimes-against-the-country-were-committed-under-the-guise-of-new-power-kp-oli",
        "site_full": "english.ratopati.com",
        "site": "ratopati.com",
        "site_section": "https://english.ratopati.com/rss",
        "site_categories": [
            "politics",
            "economy, business and finance",
            "sport",
            "media",
            "crime, law and justice"
        ],
        "section_title": "Ratopati | No.1 Nepali News Portal",
        "site_title": "Nepal's first 24-hour updated news portal - Ratopati",
        "title": "Oli Stresses Political Stability and Major Party Cooperation for National Prosperity Ahead of Elections",
        "title_full": "Oli Stresses Political Stability and Major Party Cooperation for National Prosperity Ahead of Elections",
        "published": "2026-02-19T10:32:00.000+02:00",
        "replies_count": 0,
        "participants_count": 0,
        "site_type": "news",
        "country": "NP",
        "main_image": "https://npcdn.ratopati.com/media/news/3r3Sb8xg2n.jpg",
        "performance_score": 0,
        "domain_rank": 55241,
        "domain_rank_updated": "2026-02-15T23:00:00.000+02:00",
        "licensing_agency": [],
        "social": {
            "facebook": {
                "likes": 0,
                "comments": 0,
                "shares": 0
            },
            "vk": {
                "shares": 0
            }
        }
    },
    "uuid": "748838e4beead995771d0226ee878503257bd049",
    "url": "https://english.ratopati.com/story/49365/crimes-against-the-country-were-committed-under-the-guise-of-new-power-kp-oli",
    "ord_in_thread": 0,
    "author": null,
    "published": "2026-02-19T10:32:00.000+02:00",
    "title": "Oli Stresses Political Stability and Major Party Cooperation for National Prosperity Ahead of Elections",
    "text": "Oli Stresses Political Stability and Major Party Cooperation for National Prosperity Ahead of Elections\nKathmandu. CPN-UML Chairman KP Sharma Oli has put forth political stability and cooperation among major parties as essential prerequisites for the nation's prosperity. Presenting the party's stance regarding the upcoming House of Representatives elections, he termed the incident of Bhadra 24 as a planned attack on Nepal's national existence and sovereignty.\nAccusing criminal elements of committing crimes against the nation under the guise of a 'new force,' Oli urged voters to recognize such forces in time. Oli interpreted the recent cooperation among major parties as an honest attempt to end political instability.\nHe claimed that the alliance of major parties is not a cause for crisis but rather a step taken to halt the cycle of instability. He asserted that the events of Bhadra 23 and 24 were orchestrated with the objective of attacking the system from the streets after failing to topple a stable government through constitutional means. Stating that newly emerged figures have already demonstrated their capabilities at the local and federal levels, Oli maintained that the UML's 'track record' for good governance and development has been proven.\nThe UML Chairman announced that his party's government, formed after the elections, will advance 11 priority tasks with specified deadlines starting from the first cabinet meeting. He informed that 25 policy pillars aimed at achieving the goal of 'Prosperous Nepal, Happy Nepali' have been incorporated into the manifesto. Specifically, he pledged that the UML would take responsibility for the immediate reconstruction of structures damaged during the August agitation, including Singha Durbar, the courts, and the Parliament building, and for boosting the diminished morale of the private sector.\nCalling the discussions surrounding generational transition and intergenerational conflict a delusion, Oli argued that the nation can only be built through a confluence of the energy of the youth and the wisdom of the experienced. Comparing the youth to 'fire' and experience to 'light,' he stated that fire requires direction and light requires energy.\nHe claimed this election is not merely about changing generations but is a 'referendum between building and destroying the nation.' He appealed to the general public to vote with the sentiment of 'nation first' for the defense of national self-respect and the constitution.\nThis specific news has been automatically translated by AI. As a result, there may be some inaccuracies or language errors.",
    "summary": "CPN-UML Chairman KP Sharma Oli has put forth political stability and cooperation among major parties as essential prerequisites for the nation's prosperity. Presenting the party's stance regarding the upcoming House of Representatives elections, he termed the incident of Bhadra 24 as a planned attack on Nepal's national existence and sovereignty. Stating that newly emerged figures have already demonstrated their capabilities at the local and federal levels, Oli maintained that the UML's 'track record' for good governance and development has been proven.",
    "highlightText": "",
    "highlightTitle": "",
    "highlightThreadTitle": "",
    "language": "english",
    "sentiment": "positive",
    "categories": [
        "Politics"
    ],
    "topics": null,
    "ai_allow": true,
    "has_canonical": false,
    "breaking": null,
    "webz_reporter": false,
    "external_links": [],
    "external_images": [],
    "internal_images": [],
    "entities": {
        "persons": [
            {
                "name": "KP Sharma Oli",
                "sentiment": "none"
            }
        ],
        "locations": [
            {
                "name": "Kathmandu",
                "sentiment": "none"
            },
            {
                "name": "Nepal",
                "sentiment": "none"
            }
        ],
        "organizations": [
            {
                "name": "House of Representatives",
                "sentiment": "none",
                "tickers": [
                    {
                        "ticker": null,
                        "exchange": null
                    }
                ]
            }
        ]
    },
    "syndication": {
        "syndicated": false,
        "syndicate_id": null,
        "first_syndicated": false
    },
    "trust": {
        "categories": [],
        "top_news": [],
        "bias": null,
        "source": {
            "type": null,
            "city": null,
            "state": null,
            "country": null,
            "domain_type": null,
            "agency": null,
            "organization_name": null
        }
    },
    "rating": null,
    "crawled": "2026-02-19T11:38:42.177+02:00",
    "updated": "2026-02-19T11:39:32.000+02:00"
}