{
    "thread": {
        "uuid": "5970717eb955e0f1d89c6a5e146c2c8696291f87",
        "url": "https://www.thehindubusinessline.com/info-tech/pm-modis-speech-dubbed-in-11-languages-ai-enabled-sign-language-enabled/article70651321.ece",
        "site_full": "www.thehindubusinessline.com",
        "site": "thehindubusinessline.com",
        "site_section": "https://www.thehindubusinessline.com/sitemap/googlenews/all/all.xml",
        "site_categories": [
            "financial_news",
            "media",
            "finance",
            "politics",
            "economy, business and finance",
            "science and technology"
        ],
        "section_title": "",
        "site_title": "Business News Today: Latest Business News, Finance News | The Hindu BusinessLine",
        "title": "PM Modi's speech dubbed in 11 languages, AI-enabled sign language Enabled",
        "title_full": "PM Modi's speech dubbed in 11 languages, AI-enabled sign language Enabled",
        "published": "2026-02-19T12:36:00.000+02:00",
        "replies_count": 0,
        "participants_count": 1,
        "site_type": "news",
        "country": "IN",
        "main_image": "https://bl-i.thgim.com/public/incoming/q7ryj6/article70651356.ece/alternates/LANDSCAPE_1200/20260219040L.jpg",
        "performance_score": 0,
        "domain_rank": 12849,
        "domain_rank_updated": "2026-02-15T23:00:00.000+02:00",
        "licensing_agency": [],
        "social": {
            "facebook": {
                "likes": 0,
                "comments": 0,
                "shares": 0
            },
            "vk": {
                "shares": 0
            }
        }
    },
    "uuid": "5970717eb955e0f1d89c6a5e146c2c8696291f87",
    "url": "https://www.thehindubusinessline.com/info-tech/pm-modis-speech-dubbed-in-11-languages-ai-enabled-sign-language-enabled/article70651321.ece",
    "ord_in_thread": 0,
    "author": "PTI",
    "published": "2026-02-19T12:36:00.000+02:00",
    "title": "PM Modi's speech dubbed in 11 languages, AI-enabled sign language Enabled",
    "text": "India's strides in artificial intelligence were showcased during Prime Minister Narendra Modi's speech at the AI Impact Summit here on Thursday, which was dubbed live in 11 languages, along with an AI-enabled sign language interpretation.\nThe AI-enabled sign language interpretation was projected on a large screen behind the prime minister in the auditorium at Bharat Mandapam, ensuring the speech was accessible to everyone.\nThe speech was dubbed live in 11 languages: Assamese, Bangla, English, Gujarati, Kannada, Malayalam, Marathi, Odia, Punjabi, Tamil and Telugu.\nVideos featuring the multilingual and sign language interpretations were shared on the prime minister's social media accounts.\nPublished on February 19, 2026",
    "summary": "India's strides in artificial intelligence were showcased during Prime Minister Narendra Modi's speech at the AI Impact Summit here on Thursday, which was dubbed live in 11 languages, along with an AI-enabled sign language interpretation. The AI-enabled sign language interpretation was projected on a large screen behind the prime minister in the auditorium at Bharat Mandapam, ensuring the speech was accessible to everyone. The speech was dubbed live in 11 languages: Assamese, Bangla, English, Gujarati, Kannada, Malayalam, Marathi, Odia, Punjabi, Tamil and Telugu. Videos featuring the multilingual and sign language interpretations were shared on the prime minister's social media accounts.",
    "highlightText": "",
    "highlightTitle": "",
    "highlightThreadTitle": "",
    "language": "english",
    "sentiment": "positive",
    "categories": [
        "Science and Technology",
        "Politics"
    ],
    "topics": [
        "Science and Technology->information technology and computer science",
        "Science and Technology->technology and engineering",
        "Politics->political process"
    ],
    "ai_allow": true,
    "has_canonical": false,
    "breaking": false,
    "webz_reporter": false,
    "external_links": [],
    "external_images": [],
    "internal_images": [],
    "entities": {
        "persons": [
            {
                "name": "Narendra Modi",
                "sentiment": "negative"
            }
        ],
        "locations": [
            {
                "name": "India",
                "sentiment": "none"
            },
            {
                "name": "Bharat Mandapam",
                "sentiment": "none"
            }
        ],
        "organizations": []
    },
    "syndication": {
        "syndicated": false,
        "syndicate_id": "5970717eb955e0f1d89c6a5e146c2c8696291f87",
        "first_syndicated": true
    },
    "trust": {
        "categories": null,
        "top_news": [],
        "bias": "center",
        "source": {
            "type": null,
            "city": null,
            "state": null,
            "country": null,
            "domain_type": null,
            "agency": null,
            "organization_name": null
        }
    },
    "rating": null,
    "crawled": "2026-02-19T12:46:45.745+02:00",
    "updated": "2026-02-19T12:51:29.000+02:00"
}