{
    "thread": {
        "uuid": "16ec3a1d0cca8ff530315811a0ff3acfd2b8dd89",
        "url": "https://www.newsbytesapp.com/news/india/delhi-is-working-on-a-new-drone-policy/tldr",
        "site_full": "www.newsbytesapp.com",
        "site": "newsbytesapp.com",
        "site_section": "https://www.newsbytesapp.com/news/india",
        "site_categories": [
            "arts, culture and entertainment",
            "science and technology",
            "media",
            "economy, business and finance",
            "politics",
            "crime, law and justice",
            "sport",
            "lifestyle and leisure"
        ],
        "section_title": "India News, Latest and Breaking News about India",
        "site_title": "NewsBytes: Latest News, India, Cricket, Politics, Bollywood, Gadgets",
        "title": "Delhi is working on a new drone policy",
        "title_full": "Delhi is working on a new drone policy",
        "published": "2026-02-19T12:45:14.884+02:00",
        "replies_count": 0,
        "participants_count": 0,
        "site_type": "news",
        "country": "IN",
        "main_image": "",
        "performance_score": 0,
        "domain_rank": 35442,
        "domain_rank_updated": "2026-02-15T23:00:00.000+02:00",
        "licensing_agency": [],
        "social": {
            "facebook": {
                "likes": 0,
                "comments": 0,
                "shares": 0
            },
            "vk": {
                "shares": 0
            }
        }
    },
    "uuid": "16ec3a1d0cca8ff530315811a0ff3acfd2b8dd89",
    "url": "https://www.newsbytesapp.com/news/india/delhi-is-working-on-a-new-drone-policy/tldr",
    "ord_in_thread": 0,
    "author": null,
    "published": "2026-02-19T12:45:14.884+02:00",
    "title": "Delhi is working on a new drone policy",
    "text": "Delhi is working on a new drone policy\nDelhi is working on a new drone policy to boost jobs and investment, while bringing drones into everyday city life—from tracking pollution to helping police and planning urban spaces.\nAn apex panel has held discussions on multiple aspects of the policy and looked at what's working in other states; consultations with stakeholders are expected to begin next month before the policy is drafted.\nThe plan includes startup support and funding for research\nThis policy could mean more opportunities for young people in piloting, tech maintenance, data analytics, and even drone manufacturing.\nThe plan includes cool perks like startup support and funding for research.\nPlus, Delhi Police are already using 75 drones across the city for crime scenes and crowd control—so drones might soon be a regular part of how the city runs.",
    "summary": "Delhi is working on a new drone policy Delhi is working on a new drone policy to boost jobs and investment, while bringing drones into everyday city life—from tracking pollution to helping police and planning urban spaces. An apex panel has held discussions on multiple aspects of the policy and looked at what's working in other states; consultations with stakeholders are expected to begin next month before the policy is drafted. The plan includes startup support and funding for research This policy could mean more opportunities for young people in piloting, tech maintenance, data analytics, and even drone manufacturing.",
    "highlightText": "",
    "highlightTitle": "",
    "highlightThreadTitle": "",
    "language": "english",
    "sentiment": "positive",
    "categories": [
        "Politics",
        "Science and Technology"
    ],
    "topics": [
        "Politics->government policy",
        "Science and Technology->technology and engineering"
    ],
    "ai_allow": true,
    "has_canonical": false,
    "breaking": false,
    "webz_reporter": false,
    "external_links": [],
    "external_images": [],
    "internal_images": [],
    "entities": {
        "persons": [],
        "locations": [
            {
                "name": "Delhi",
                "sentiment": "none"
            }
        ],
        "organizations": []
    },
    "syndication": {
        "syndicated": false,
        "syndicate_id": null,
        "first_syndicated": false
    },
    "trust": {
        "categories": [],
        "top_news": [],
        "bias": null,
        "source": {
            "type": null,
            "city": null,
            "state": null,
            "country": null,
            "domain_type": null,
            "agency": null,
            "organization_name": null
        }
    },
    "rating": null,
    "crawled": "2026-02-19T12:45:14.884+02:00",
    "updated": "2026-02-19T12:50:37.000+02:00"
}