{
    "thread": {
        "uuid": "124e7af3b3e9e2d3f7252266fc5e7b6020da8289",
        "url": "https://www.newsbreak.com/news/3793670154283-new-citizens-take-oath-of-allegiance-in-putnam",
        "site_full": "www.newsbreak.com",
        "site": "newsbreak.com",
        "site_section": "https://www.newsbreak.com/somers-ny",
        "site_categories": [
            "under_construction"
        ],
        "section_title": "Somers, NY Local News and More | NewsBreak",
        "title": "New citizens take oath of allegiance in Putnam - NewsBreak",
        "title_full": "New citizens take oath of allegiance in Putnam - NewsBreak",
        "published": "2025-02-06T13:01:00.000+02:00",
        "replies_count": 0,
        "participants_count": 1,
        "site_type": "news",
        "country": "US",
        "main_image": "https://img.particlenews.com/img/id/1iMbJD_0ygagJkw00",
        "performance_score": 0,
        "domain_rank": 3569,
        "domain_rank_updated": "2025-02-03T23:00:00.000+02:00",
        "social": {
            "facebook": {
                "likes": 0,
                "comments": 0,
                "shares": 0
            },
            "vk": {
                "shares": 0
            }
        }
    },
    "uuid": "124e7af3b3e9e2d3f7252266fc5e7b6020da8289",
    "url": "https://www.newsbreak.com/news/3793670154283-new-citizens-take-oath-of-allegiance-in-putnam",
    "ord_in_thread": 0,
    "parent_url": null,
    "author": "Mid-Hudson News Staff",
    "published": "2025-02-06T13:01:00.000+02:00",
    "title": "New citizens take oath of allegiance in Putnam - NewsBreak",
    "text": "By Mid-Hudson News Staff ,\n11 hours ago CARMEL – Twenty-nine residents of Putnam County recited their oath of allegiance to the United States and received a rousing ovation at the historic Putnam Courthouse Wednesday. They are our newest citizens. Since 2015, following a 20-year hiatus, hundreds of newcomers have taken their oaths, thanks to the efforts... Read full article\nRead in NewsBreak",
    "highlightText": "",
    "highlightTitle": "",
    "highlightThreadTitle": "",
    "language": "english",
    "sentiment": "positive",
    "categories": [
        "Politics",
        "Human Interest"
    ],
    "topics": [
        "Politics->citizens' initiative and recall",
        "Politics->fundamental rights",
        "Human Interest->ceremony"
    ],
    "ai_allow": true,
    "has_canonical": false,
    "breaking": false,
    "webz_reporter": false,
    "external_links": [],
    "external_images": [],
    "entities": {
        "persons": [],
        "organizations": [],
        "locations": [
            {
                "name": "County",
                "sentiment": "none"
            }
        ]
    },
    "syndication": {
        "syndicated": false,
        "syndicate_id": null,
        "first_syndicated": false
    },
    "trust": null,
    "rating": null,
    "crawled": "2025-02-07T00:21:48.237+02:00",
    "updated": "2025-02-07T00:21:48.237+02:00"
}