{
    "thread": {
        "uuid": "0a3fddca8e2067b71c673528f2548e178b202d4c",
        "url": "https://azpbs.org/horizon/2025/01/asu-selected-as-home-and-partner-for-chips-act",
        "site_full": "azpbs.org",
        "site": "azpbs.org",
        "site_section": "https://azpbs.org",
        "site_categories": [],
        "section_title": "Home - Arizona PBS",
        "title": "ASU selected as home and partner for CHIPS Act - Arizona PBS",
        "title_full": "ASU selected as home and partner for CHIPS Act - Arizona PBS",
        "published": "2025-01-09T23:18:00.000+02:00",
        "replies_count": 0,
        "participants_count": 0,
        "site_type": "news",
        "country": "US",
        "main_image": "https://azpbs.org/wp-content/uploads/2025/01/sally-morton.png",
        "performance_score": 0,
        "domain_rank": 15909,
        "domain_rank_updated": "2025-01-06T23:00:00.000+02:00",
        "social": {
            "facebook": {
                "likes": 0,
                "comments": 0,
                "shares": 0
            },
            "vk": {
                "shares": 0
            }
        }
    },
    "uuid": "0a3fddca8e2067b71c673528f2548e178b202d4c",
    "url": "https://azpbs.org/horizon/2025/01/asu-selected-as-home-and-partner-for-chips-act",
    "ord_in_thread": 0,
    "parent_url": null,
    "author": null,
    "published": "2025-01-09T23:18:00.000+02:00",
    "title": "ASU selected as home and partner for CHIPS Act - Arizona PBS",
    "text": "ASU selected as home and partner for CHIPS Act\nJan. 8\n[More from this show](https://azpbs.org/horizon)\nASU has been selected as the home and partner for CHIPS and Science Act-funded national lab for semiconductor advanced packaging. On Monday, Jan. 6, The U.S. Commerce Department and Natcast, the operator of the National Semiconductor Technology Center (NSTC), announced the selection of Arizona as the site of the co-located NSTC Prototyping and NAPMP Advanced Packaging Piloting Facility. It is the third of three CHIPS for America research and development flagship facilities and the one with the largest financial investment.\nLocated at ASU Research Park in Tempe, the new facility will combine semiconductor research and prototyping for front-end manufacturing and packaging capabilities, meeting a unique need for advanced packaging R&D within the U.S. semiconductor ecosystem. The facility, which is part of the CHIPS for America initiative, which aims to strengthen the U.S. semiconductor supply chain and accelerate cutting-edge research and development, is expected to be operational as early as the fourth quarter of 2028, representing hundreds of new jobs and billions of dollars of investment.\nSally Morton, Executive Vice President of Knowledge Enterprise at ASU joined “Arizona Horizon” to discuss what this means to the ASU community.\nIn this segment:\n[ ](https://azpbs.org/horizon/2024/12/journalists-year-in-review-2024/)\nDec. 27, 2024\n[Journalists year in review 2024](https://azpbs.org/horizon/2024/12/journalists-year-in-review-2024/)\n[Journalists year in review 2024](https://azpbs.org/horizon/2024/12/journalists-year-in-review-2024/)\n[ ](https://azpbs.org/horizon/2024/12/economic-roundtable-2024/)\nDec. 26, 2024\n[Economic Roundtable 2024](https://azpbs.org/horizon/2024/12/economic-roundtable-2024/)\n[Economic Roundtable 2024](https://azpbs.org/horizon/2024/12/economic-roundtable-2024/)\n[ ](https://azpbs.org/horizon/2024/12/the-legacy-of-senator-kyrsten-sinema/)\nDec. 19, 2024\n[The legacy of Senator Kyrsten Sinema](https://azpbs.org/horizon/2024/12/the-legacy-of-senator-kyrsten-sinema/)\n[The legacy of Senator Kyrsten Sinema](https://azpbs.org/horizon/2024/12/the-legacy-of-senator-kyrsten-sinema/)",
    "highlightText": "",
    "highlightTitle": "",
    "highlightThreadTitle": "",
    "language": "english",
    "sentiment": "positive",
    "categories": [
        "Politics",
        "Science and Technology"
    ],
    "topics": [
        "Politics->government policy",
        "Politics->economic policy",
        "Science and Technology->technology and engineering",
        "Science and Technology->scientific institution"
    ],
    "ai_allow": true,
    "has_canonical": false,
    "breaking": null,
    "webz_reporter": false,
    "external_links": [],
    "external_images": [],
    "entities": {
        "persons": [],
        "organizations": [],
        "locations": []
    },
    "syndication": {
        "syndicated": false,
        "syndicate_id": null,
        "first_syndicated": false
    },
    "rating": null,
    "crawled": "2025-01-10T00:34:04.722+02:00",
    "updated": "2025-01-10T00:34:04.722+02:00"
}