{
    "thread": {
        "uuid": "5ce97def969cb5398909a4b7f2730d934547b320",
        "url": "https://timesofindia.indiatimes.com/city/chennai/cbi-reopens-kk-nagar-triple-murder-case-after-17-years/articleshow/117096294.cms",
        "site_full": "timesofindia.indiatimes.com",
        "site": "indiatimes.com",
        "site_section": "https://timesofindia.indiatimes.com/india/tamil-nadu",
        "site_categories": [
            "under_construction",
            "top_news_nz",
            "top_news_au",
            "top_news_ae",
            "top_news_us",
            "top_news_gb",
            "top_news_th",
            "top_news_sa",
            "top_news_sg",
            "top_news_ph",
            "top_news_hk",
            "top_news_nl",
            "top_news_qa",
            "top_news_ie",
            "top_news_pk",
            "top_news_id",
            "top_news_dk",
            "top_news_eg",
            "top_news_za",
            "top_news_my",
            "top_news_kw",
            "top_news_be",
            "top_news_in",
            "top_news_ca",
            "top_news_iq",
            "top_news"
        ],
        "section_title": "Tamil Nadu News, Latest Tamil Nadu News Headlines &amp; Live Updates - Times of India",
        "title": "CBI reopens KK Nagar triple murder case after 17 years - Times of India",
        "title_full": "CBI reopens KK Nagar triple murder case after 17 years - Times of India",
        "published": "2025-01-09T20:47:00.000+02:00",
        "replies_count": 0,
        "participants_count": 1,
        "site_type": "news",
        "country": "IN",
        "main_image": "https://static.toiimg.com/thumb/msid-117096289,width-1070,height-580,imgsize-72192,resizemode-75,overlay-toi_sw,pt-32,y_pad-40/photo.jpg",
        "performance_score": 0,
        "domain_rank": 273,
        "domain_rank_updated": "2025-01-06T23:00:00.000+02:00",
        "social": {
            "facebook": {
                "likes": 0,
                "comments": 0,
                "shares": 0
            },
            "vk": {
                "shares": 0
            }
        }
    },
    "uuid": "5ce97def969cb5398909a4b7f2730d934547b320",
    "url": "https://timesofindia.indiatimes.com/city/chennai/cbi-reopens-kk-nagar-triple-murder-case-after-17-years/articleshow/117096294.cms",
    "ord_in_thread": 0,
    "parent_url": null,
    "author": "Venkadesan S",
    "published": "2025-01-09T20:47:00.000+02:00",
    "title": "CBI reopens KK Nagar triple murder case after 17 years - Times of India",
    "text": "Chennai: Seventeen years after the state was shocked by the triple murder of retired Tamil Nadu Minerals Ltd (Tamin) chairman Saravanan, his wife Kasthuri, who retired as under secretary in home dept and their househelp Anbarasi at their house in KK Nagar, CBI has reopened the investigation and registered a fresh FIR.Besides the murders, no one knows the fate of diamonds, precious stones and gold at the house, contents in bank lockers and properties standing in the name of the ex-chairman, who was known for his collection of precious stones.In 2014, Madras high court had directed the CBI to reinvestigate the case after the four ‘assailants' convicted by the fast-track court appealed against the order, citing loopholes in police investigation. The govt approached the Supreme Court seeking to quash the high court's order, but their appeal was rejected in Feb 2024, after which CBI formally took over the case for investigation.On Nov 20 2008, Saravanan, his wife Kasthuri, and their house help Anbarasi were found murdered inside the bungalow on Natesan Street in KK Nagar. Based on the complaint of Unni Krishnan, a junior assistant in Tamin, who first saw the bodies, the KK Nagar police registered a case.Until 2010, there was no progress in the investigation, after which a public interest litigation was filed in the high court. The court set an ultimatum for the state govt and said the case would be transferred to CB-CID if the killers were not traced. The KK Nagar police then managed to arrest four people — Udhaya alias Udhayakumar of Ashok Nagar, N Mohandoss of Mugalivakkam, Sathyabhama (wife of Mohandoss) and Mohamed Yasin of Velachery. They were found guilty by a fast track court and sentenced to life imprisonment. When they appealed against the order before the high court, a division bench comprising Justice S Rajeswaran and Justice A Arumughaswamy criticised the poor investigation by the police which was unable to establish the accused's link to the murder. In its order, apart from directing CBI to investigate the murder afresh, the court also instructed the agency to probe the angle of investigation officers having looted the bank lockers of the murder victims, as they opened lockers without following any procedure and did not record seizure of locker keys.Now that CBI is revisiting the case after 17 years, several police officers, who were inspectors and assistant commissioners in KK Nagar and Ashok Nagar during 2008, will be interrogated.",
    "highlightText": "",
    "highlightTitle": "",
    "highlightThreadTitle": "",
    "language": "english",
    "sentiment": "positive",
    "categories": [
        "Crime, Law and Justice",
        "Politics",
        "Social Issue"
    ],
    "topics": [
        "Crime, Law and Justice->investigation (criminal)",
        "Crime, Law and Justice->homicide",
        "Crime, Law and Justice->court",
        "Politics->political crisis",
        "Politics->civil rights",
        "Social Issue->social problem",
        "Social Issue->juvenile delinquency",
        "Social Issue->communities"
    ],
    "ai_allow": true,
    "has_canonical": false,
    "breaking": null,
    "webz_reporter": false,
    "external_links": [],
    "external_images": [],
    "entities": {
        "persons": [],
        "organizations": [],
        "locations": []
    },
    "syndication": {
        "syndicated": false,
        "syndicate_id": null,
        "first_syndicated": false
    },
    "rating": null,
    "crawled": "2025-01-10T00:27:25.344+02:00",
    "updated": "2025-01-10T00:27:25.344+02:00"
}