{
    "thread": {
        "uuid": "200f46a5c19b504135e366f888ee9e42b0e1580e",
        "url": "https://www.newsbreak.com/kmtv-3-news-now-563650/3753035143466-doors-at-restores-symbolize-the-doors-carter-opened-for-others",
        "site_full": "www.newsbreak.com",
        "site": "newsbreak.com",
        "site_section": "https://www.newsbreak.com/kmtv-3-news-now-563650",
        "site_categories": [
            "under_construction",
            "non_standard_content"
        ],
        "section_title": "KMTV 3 News Now&#x27;s Home Page | NewsBreak",
        "title": "Doors at ReStores symbolize the doors Carter opened for others - NewsBreak",
        "title_full": "Doors at ReStores symbolize the doors Carter opened for others - NewsBreak",
        "published": "2025-01-09T21:30:00.000+02:00",
        "replies_count": 0,
        "participants_count": 1,
        "site_type": "news",
        "country": "US",
        "main_image": "https://img.particlenews.com/img/id/1d1Bzn_0y1e9pnE00",
        "performance_score": 0,
        "domain_rank": 3611,
        "domain_rank_updated": "2025-01-06T23:00:00.000+02:00",
        "social": {
            "facebook": {
                "likes": 0,
                "comments": 0,
                "shares": 0
            },
            "vk": {
                "shares": 0
            }
        }
    },
    "uuid": "200f46a5c19b504135e366f888ee9e42b0e1580e",
    "url": "https://www.newsbreak.com/kmtv-3-news-now-563650/3753035143466-doors-at-restores-symbolize-the-doors-carter-opened-for-others",
    "ord_in_thread": 0,
    "parent_url": null,
    "author": "Mary Nelson",
    "published": "2025-01-09T21:30:00.000+02:00",
    "title": "Doors at ReStores symbolize the doors Carter opened for others - NewsBreak",
    "text": "By Mary Nelson ,\n3 hours ago President Jimmy Carter once said, \"We're all the same folks. We want the same for our children - a better life, one that's filled with excitement and challenge and hope and self-respect, a better prospect for the future.\"\nHe walked the walk through Habitat for Humanity .\nNeighbors impacted by Carter may sign commemorative doors at ReStores in Omaha and Council Bluffs. The doors symbolize 'the many doors of opportunity that President Carter helped make possible.'\nThey'll be out through Saturday - after which, messages will be shared with The Carter Center .\nFor store locations in Omaha, click here . For Council Bluffs, click here .\nAnd, to sign the online Memory Book, click here .\nDownload our apps today for all of our latest coverage.\nGet the latest news and weather delivered straight to your inbox .\n2",
    "highlightText": "",
    "highlightTitle": "",
    "highlightThreadTitle": "",
    "language": "english",
    "sentiment": "positive",
    "categories": [
        "Human Interest",
        "Politics"
    ],
    "topics": [
        "Politics->freedom of religion",
        "Politics->human rights",
        "Politics->civil rights"
    ],
    "ai_allow": true,
    "has_canonical": false,
    "breaking": null,
    "webz_reporter": false,
    "external_links": [
        "https://www.3newsnow.com/account/manage-email-preferences",
        "https://img.particlenews.com/image.php?url=1d1Bzn_0y1e9pnE00",
        "https://habitatcb.org/restore/our-purpose.html",
        "https://www.cartercenter.org/",
        "https://www.habitat.org/",
        "https://img.particlenews.com/image.php?type=thumbnail_580x000&url=1d1Bzn_0y1e9pnE00",
        "https://www.3newsnow.com/apps",
        "https://omahahabitatrestore.org/#",
        "https://habitatomaha.org/honor-president-carter/",
        "https://img.particlenews.com/image.php",
        "https://www.habitatomaha.org/honor-president-carter/",
        "https://habitatomaha.org/honor-president-carter",
        "https://www.habitatcb.org/restore/our-purpose.html",
        "https://www.img.particlenews.com/image.php?url=1d1Bzn_0y1e9pnE00",
        "https://www.omahahabitatrestore.org/#",
        "https://www.habitat.org",
        "https://habitat.org/",
        "https://3newsnow.com/apps",
        "https://cartercenter.org/",
        "https://3newsnow.com/account/manage-email-preferences",
        "https://www.cartercenter.org",
        "https://www.img.particlenews.com/image.php?type=thumbnail_580x000&url=1d1Bzn_0y1e9pnE00"
    ],
    "external_images": [],
    "entities": {
        "persons": [],
        "organizations": [],
        "locations": []
    },
    "syndication": {
        "syndicated": false,
        "syndicate_id": null,
        "first_syndicated": false
    },
    "rating": null,
    "crawled": "2025-01-10T00:42:07.283+02:00",
    "updated": "2025-01-10T00:42:07.283+02:00"
}