{
    "thread": {
        "uuid": "a070cc77903a4ce500b3502a87ec7a7594014201",
        "url": "https://news.nestia.com/detail/Forum%3A-Spruce-up-Singapore-to-welcome-SG60/13188278",
        "site_full": "news.nestia.com",
        "site": "nestia.com",
        "site_section": "https://news.nestia.com/en/list?offset=0&limit=100&featured_tag_filter=true",
        "site_categories": [
            "uncategorized"
        ],
        "section_title": "News &amp; Headlines - Singapore Top Reads | Nestia",
        "title": "Forum: Spruce up Singapore to welcome SG60 | Nestia",
        "title_full": "Forum: Spruce up Singapore to welcome SG60 | Nestia",
        "published": "2025-01-10T00:02:00.000+02:00",
        "replies_count": 0,
        "participants_count": 1,
        "site_type": "news",
        "country": "SG",
        "main_image": "https://nestia-food-obs-ap-southeast-3.nestia.com/202408/16/8124fe1370149cc0cbbec4dfe8d9416e_750x750.jpg",
        "performance_score": 0,
        "domain_rank": 108524,
        "domain_rank_updated": "2025-01-06T23:00:00.000+02:00",
        "social": {
            "facebook": {
                "likes": 0,
                "comments": 0,
                "shares": 0
            },
            "vk": {
                "shares": 0
            }
        }
    },
    "uuid": "a070cc77903a4ce500b3502a87ec7a7594014201",
    "url": "https://news.nestia.com/detail/Forum%3A-Spruce-up-Singapore-to-welcome-SG60/13188278",
    "ord_in_thread": 0,
    "parent_url": null,
    "author": "The Straits Times - Forum",
    "published": "2025-01-10T00:02:00.000+02:00",
    "title": "Forum: Spruce up Singapore to welcome SG60 | Nestia",
    "text": "UPDATED Jan 10, 2025, 05:00 AM Thanks for sharing! I hope Budget 2025 will allocate more funds to enhance the cleanliness of our public spaces, ensuring Singapore remains a home where we can live, work and play.",
    "highlightText": "",
    "highlightTitle": "",
    "highlightThreadTitle": "",
    "language": "english",
    "sentiment": "positive",
    "categories": [
        "Politics",
        "Social Issue",
        "Human Interest"
    ],
    "topics": [
        "Politics->government budget",
        "Politics->public inquiry",
        "Social Issue->communities",
        "Social Issue->social condition",
        "Social Issue->demographics",
        "Human Interest->anniversary"
    ],
    "ai_allow": true,
    "has_canonical": false,
    "breaking": null,
    "webz_reporter": false,
    "external_links": [],
    "external_images": [],
    "entities": {
        "persons": [],
        "organizations": [],
        "locations": []
    },
    "syndication": {
        "syndicated": false,
        "syndicate_id": null,
        "first_syndicated": false
    },
    "rating": null,
    "crawled": "2025-01-10T00:18:36.039+02:00",
    "updated": "2025-01-10T00:18:36.039+02:00"
}