{
    "thread": {
        "uuid": "f2ff3dd08069e8bdc95e2709d30031a52762bf1b",
        "url": "https://www.inkl.com/news/starmer-confirms-he-knew-mandelson-kept-epstein-ties-after-prison-term",
        "site_full": "www.inkl.com",
        "site": "inkl.com",
        "site_section": "https://www.inkl.com/sitemap-google-news-0003.xml",
        "site_categories": [
            "politics",
            "crime, law and justice",
            "science and technology",
            "arts, culture and entertainment",
            "economy, business and finance",
            "media",
            "sport",
            "lifestyle and leisure"
        ],
        "section_title": "",
        "site_title": "inkl – The world’s news at your fingertips",
        "title": "PM says he knew when giving Mandelson US job he had…",
        "title_full": "PM says he knew when giving Mandelson US job he had…",
        "published": "2026-02-04T15:22:00.000+02:00",
        "replies_count": 0,
        "participants_count": 0,
        "site_type": "news",
        "country": "US",
        "main_image": "https://images.inkl.com/s3/article/lead_image/22975981/500.jpg",
        "performance_score": 0,
        "domain_rank": 41753,
        "domain_rank_updated": "2026-02-01T23:00:00.000+02:00",
        "licensing_agency": [],
        "social": {
            "facebook": {
                "likes": 0,
                "comments": 0,
                "shares": 0
            },
            "vk": {
                "shares": 0
            }
        }
    },
    "uuid": "f2ff3dd08069e8bdc95e2709d30031a52762bf1b",
    "url": "https://www.inkl.com/news/starmer-confirms-he-knew-mandelson-kept-epstein-ties-after-prison-term",
    "ord_in_thread": 0,
    "author": null,
    "published": "2026-02-04T15:22:00.000+02:00",
    "title": "PM says he knew when giving Mandelson US job he had…",
    "text": "Keir Starmer has confirmed for the first time he knew about Peter Mandelson’s longer-term relationship with Jeffrey Epstein before appointing him US ambassador, saying the former peer had “lied repeatedly” about the extent of his contact with the child sex offender.\nQuestioned repeatedly at prime minister’s questions, Starmer said Mandelson had “betrayed our country” in his dealings with Epstein.\n“He lied repeatedly to my team, when asked about his relationship with Epstein before and during his tenure as ambassador,” the prime minister said. “I regret appointing him. If I knew then what I know now, he would never been anywhere near government.”\nSaying Mandelson was being investigated by police over his apparent leaking of market-sensitive information and Downing Street emails to Epstein while serving in Gordon Brown’s government, Starmer said the former caibinet minister had been removed as a privy councillor and there were also moves to strip him of his title.\nHe said: “This morning, I have agreed with his majesty the king that Mandelson should be removed from the list of privy councillors on grounds that he brought the reputation of the privy council into disrepute.”\nSenior ministers are routinely made members of the privy council, a historical body that used to advise the monarch, and remain so for life.\nSaying his thoughts were with Epstein’s victims, Starmer added: “Can I also say our thoughts are with all those who lost jobs, savings and livelihoods in the aftermath of the 2008 financial crash. To learn that there was a cabinet minister leaking sensitive information at the height of the response to the 2008 crash is beyond infuriating, and I’m as angry as the public and any member of this house.”\nMandelson, he said, had “betrayed our country, our parliament and my party”.\nQuestioned repeatedly by Kemi Badenoch, the Conservative leader, about what he knew regarding Mandelson’s ties to Epstein before appointing the peer US ambassador, Starmer acknowledged he knew – as had been reported in the media – that Mandelson and Epstein were in contact after the disgraced financier’s 2008 jail term for child sex offences.\nBadenoch asked: “Can the prime minister tell us, did the official security vetting he received mention Mandelson’s ongoing relationship with the paedophile Jeffrey Epstein?”\nStarmer replied: “Yes, it did. As a result, various questions were put to him.” Mandelson had responded with lies, he said.\nThe Conservatives are seeking to force the release of official documents about Mandelson’s appointment, using an opposition-day debate later on Wednesday. The government has offered to do this in a more limited way, tabling an amendment to the Tory motion.\n“I want to make sure this house sees the full documentation, so it will see for itself the extent to which, time and time again, Mandelson completely misrepresented the extent of his relationship with Epstein, and lied throughout the process, including in response to the due diligence,” Starmer said.\nIt was, however, vital to first remove documents that related to national security or could jeopardise international relations, he said.\nBadenoch accused the prime minister of using national security as “a red herring”, saying the Tory motion would also take account of national security. She added: “The national security issue was appointing Mandelson.”\nShe went on to criticise Morgan McSweeney, Starmer’s chief of staff, who is seen as having been instrumental in pushing for Mandelson to get the Washington role, asking if Starmer still had confidence in him.\nStarmer said: “Morgan McSweeney is an essential part of my team. He helped me change the Labour party and win an election. Of course, I have confidence.”\nOn Tuesday, the Metropolitan police said they had formally launched a criminal investigation into the claims that Mandelson leaked market-sensitive information, after documents from the Epstein files appeared to show the then business secretary sent confidential details of internal discussions in the aftermath of the financial crash.\nThe revelations have prompted a furious backlash from across the political spectrum, including from Brown, prime minister at the time of the alleged breaches.",
    "summary": "Keir Starmer has confirmed for the first time he knew about Peter Mandelson’s longer-term relationship with Jeffrey Epstein before appointing him US ambassador, saying the former peer had “lied repeatedly” about the extent of his contact with the child sex offender.",
    "highlightText": "",
    "highlightTitle": "",
    "highlightThreadTitle": "",
    "language": "english",
    "sentiment": "negative",
    "categories": [
        "Politics"
    ],
    "topics": [
        "Politics->political candidates",
        "Politics->heads of government"
    ],
    "ai_allow": true,
    "has_canonical": true,
    "breaking": null,
    "webz_reporter": false,
    "external_links": [
        "https://www.theguardian.com/politics/2026/feb/04/keir-starmer-release-files-peter-mandelson-us-ambassador-appointment",
        "https://www.theguardian.com/uk-news/2026/feb/03/met-police-to-launch-investigation-into-alleged-mandelson-epstein-email-leaks",
        "https://www.theguardian.com/politics/2026/feb/04/a-whiff-of-familiarity-in-mandelsons-2009-collusion-with-the-banks",
        "https://theguardian.com/politics/2026/feb/04/keir-starmer-release-files-peter-mandelson-us-ambassador-appointment",
        "https://theguardian.com/politics/2026/feb/04/a-whiff-of-familiarity-in-mandelsons-2009-collusion-with-the-banks",
        "https://theguardian.com/uk-news/2026/feb/03/met-police-to-launch-investigation-into-alleged-mandelson-epstein-email-leaks"
    ],
    "external_images": [],
    "internal_images": [],
    "entities": {
        "persons": [
            {
                "name": "Peter Mandelson",
                "sentiment": "negative"
            },
            {
                "name": "Keir Starmer",
                "sentiment": "negative"
            },
            {
                "name": "Jeffrey Epstein",
                "sentiment": "none"
            }
        ],
        "locations": [
            {
                "name": "US",
                "sentiment": "none"
            }
        ],
        "organizations": []
    },
    "syndication": {
        "syndicated": false,
        "syndicate_id": null,
        "first_syndicated": false
    },
    "trust": {
        "categories": [],
        "top_news": [],
        "bias": null,
        "source": {
            "type": null,
            "city": null,
            "state": null,
            "country": null,
            "domain_type": null,
            "agency": null,
            "organization_name": null
        }
    },
    "rating": null,
    "crawled": "2026-02-05T07:03:16.602+02:00",
    "updated": "2026-02-05T07:07:44.000+02:00"
}