{
    "thread": {
        "uuid": "5a7df3345bd819623e36ec7ef3b4a6d5da7a022c",
        "url": "https://dailynewshungary.com/tisza-party-accuses-fidesz-corruption/",
        "site_full": "dailynewshungary.com",
        "site": "dailynewshungary.com",
        "site_section": "https://dailynewshungary.com/comments/feed/",
        "site_categories": [
            "arts, culture and entertainment",
            "politics",
            "science and technology",
            "media",
            "economy, business and finance",
            "lifestyle and leisure",
            "weather"
        ],
        "section_title": "\n\tComments for DailyNewsHungary\t",
        "site_title": "Latest Top News About Hungary : Stay Informed Today",
        "title": "Comment on Main Hungarian opposition Tisza Party slams Fidesz over EU funds, accuses party of corruption by Marija Rajevic",
        "title_full": "Comment on Main Hungarian opposition Tisza Party slams Fidesz over EU funds, accuses party of corruption by Marija Rajevic",
        "published": "2026-02-05T04:05:00.000+02:00",
        "replies_count": 0,
        "participants_count": 1,
        "site_type": "news",
        "country": "HU",
        "main_image": "https://dailynewshungary.b-cdn.net/wp-content/uploads/2024/11/MagyarPeterTisza.jpg",
        "performance_score": 0,
        "domain_rank": 66259,
        "domain_rank_updated": "2026-02-01T23:00:00.000+02:00",
        "licensing_agency": [],
        "social": {
            "facebook": {
                "likes": 0,
                "comments": 0,
                "shares": 0
            },
            "vk": {
                "shares": 0
            }
        }
    },
    "uuid": "5a7df3345bd819623e36ec7ef3b4a6d5da7a022c",
    "url": "https://dailynewshungary.com/tisza-party-accuses-fidesz-corruption/",
    "ord_in_thread": 0,
    "author": "Marija Rajevic",
    "published": "2026-02-05T04:05:00.000+02:00",
    "title": "Comment on Main Hungarian opposition Tisza Party slams Fidesz over EU funds, accuses party of corruption by Marija Rajevic",
    "text": "Main Hungarian opposition Tisza Party slams Fidesz over EU funds, accuses party of corruption\nMEPs of the opposition Tisza Party on Wednesday slammed the Fidesz delegation, saying “Fidesz is not interested in ensuring crucial cohesion funding for Hungarians unless they can steal from it”.\nTisza commented on the decision of the European Parliament’s regional development committee, which adopted Tisza’s first report containing guidelines on the use of cohesion funding in the 2026 EU budget. Tamás Deutsch, the leader of the Fidesz delegation and a member of the committee, was absent from the vote, the party said in a statement.\nGabriella Gerzsenyi, the report’s author, conducted “deep, multiple-round” talks with party grouping, but the Patriots for Europe EP group failed to appear at them, it said.\n“Today, Hungary cannot access 1,000 billion in EU funding because of the pervasive corruption in the System of National Cooperation. In the report, we call on institutions to draft a system that would ensure that Hungarians are not punished for the sins of the government. We work every day in the EP to ensure that as much of the funding as possible makes its way directly to Hungarians entitled to it,” Gerzsenyi said, adding that the party would strive for an agreement with EU institutions over funds withheld by Brussels, should it come to power at the 2026 elections.\nThe statement also said that contrary to what Fidesz said in its statement, the report does not mention illegal migration. It calls for increasing cohesion funding in areas such as handling demographic challenges, support for rural areas and affordable housing, it said. The MEPs of the allied ruling Fidesz and Christian Democrats (KDNP) said in a statement issued in response that Tisza promoted the use of cohesion monies to “finance the needs of illegal migrants” and the strengthening of the “political blackmail of the rule-of-law conditionality” in the EP.\n“Supporting illegal migration and the political blackmail of Hungary remains unacceptable for the MEPs of Fidesz-KDNP. We will continue to stand up against it at every forum,” the group said.\nRead also:\n5 Comments\n-\nIf you believe a word this guy says, I’ve got a plot of prime land on the Moon for sale. Real cheap, too! Inquiries to hello(at)imasucker.com.\n-\nMagyar Peter – Tisza Party.\nTruth & Fact(s) – the factual message Communicated – contained in this article – QUALITY.\nthe DOWNFALL, the rightful Happening as I commentate, of the Victor Mihaly. Orban led Fidesz Government, the FACTS – in our possession, ready to be tabled or referenced in “other” means of COMMUNICATION – that of course we known, will GROW in being of Fact & Truth – of this “Heinous” led Fidesz Government of Hungary by Victor Mihaly. Orban that will CONCLUDE bring about the DOWNFALL of this Government of Hungary, under the Prime Ministership of Victor Mihaly. Orban.\nWe have Hungary – as a country in millions been SLAUGHTERED by this Treasonous, Traitorous & Judas in conduct – in their characters – in their being – of the Orban led Fidesz Government – that Facts and Truth – will DEVOUR them.\nMounting PRESSURIZATION already likened to a “Vesuvius” cataclysmic eruption in waiting, driven by Truth & Facts – DIRECTED back at or “in the face of” – the Orban led “Mob” – that will result in, the removal, the “ridding” that WILL give us as a country a “twinkling” of HOPE, of a FUTURE – through SOLIDARITY – the DOWNFALL of Orban and his Fidesz Government.\nSolidarity – Truth & Fact – WILL Free Us. -\nMagyar Peter – Tisza Party.\nTruth & Fact(s) – the factual message Communicated – contained in this article – QUALITY.\nthe DOWNFALL, the rightful Happening as I commentate, of the Victor Mihaly. Orban led Fidesz Government, the FACTS – in our possession, ready to be tabled or referenced in “other” means of COMMUNICATION – that of course we known, will GROW in being of Fact & Truth – of this “Heinous” led Fidesz Government of Hungary by Victor Mihaly. Orban that will CONCLUDE bring about the DOWNFALL of this Government of Hungary, under the Prime Ministership of Victor Mihaly. Orban.\nWe have Hungary – as a country in millions been SLAUGHTERED by this Treasonous, Traitorous & Judas in conduct – in their characters – in their being – of the Orban led Fidesz Government – that Facts and Truth – will DEVOUR them.\nMounting PRESSURIZATION already likened to a “Vesuvius” cataclysmic eruption in waiting, driven by Truth & Facts – DIRECTED back at or “in the face of” – the Orban led “Mob” – that will result in, the removal, the “ridding” that WILL give us as a country a “twinkling” of HOPE, of a FUTURE – through SOLIDARITY – the DOWNFALL of Orban and his Fidesz Government.\nSolidarity – Truth & Fact – WILL Free Us. -\nThat says something about Fidesz politicians when they don’t show up to discuss and vote on EU guidelines on cohesion funding. The guidelines are all about prevention of corrupt use and they don’t want to have anything to do with that kind of discussion.\n-\nPozdravljeni, ponudba za posojilo med zasebnimi resnimi v 24 urah. Dajem resna in zanesljiva zasebna posojila v razponu od 2.000 € do 1.000.000 € s stopnjo 3% . Če vas to zanima, me kontaktirajte po mojem e-pošti:\nmarijarajevic259@gmail.com",
    "summary": "The MEPs of the allied ruling Fidesz and Christian Democrats (KDNP) said in a statement issued in response that Tisza promoted the use of cohesion monies to “finance the needs of illegal migrants” and the strengthening of the “political blackmail of the rule-of-law conditionality” in the EP. We have Hungary – as a country in millions been SLAUGHTERED by this Treasonous, Traitorous & Judas in conduct – in their characters – in their being – of the Orban led Fidesz Government – that Facts and Truth – will DEVOUR them.",
    "highlightText": "",
    "highlightTitle": "",
    "highlightThreadTitle": "",
    "language": "english",
    "sentiment": "negative",
    "categories": [
        "Politics",
        "Economy, Business and Finance"
    ],
    "topics": [
        "Politics->government",
        "Politics->political parties and movements",
        "Economy, Business and Finance->business and market analysis",
        "Economy, Business and Finance->business governance",
        "Economy, Business and Finance->financial and economic news"
    ],
    "ai_allow": true,
    "has_canonical": false,
    "breaking": null,
    "webz_reporter": false,
    "external_links": [
        "https://www.facebook.com/gerzsenyi.gabriella.official/?locale=hu_HU",
        "https://www.facebook.com/dajcstomi/",
        "https://facebook.com/gerzsenyi.gabriella.official/?locale=hu_HU",
        "https://www.facebook.com/dajcstomi",
        "https://www.facebook.com/gerzsenyi.gabriella.official/",
        "https://facebook.com/dajcstomi/"
    ],
    "external_images": [],
    "internal_images": [],
    "entities": {
        "persons": [
            {
                "name": "Marija Rajevic",
                "sentiment": "negative"
            },
            {
                "name": "Tamás Deutsch",
                "sentiment": "none"
            }
        ],
        "locations": [],
        "organizations": [
            {
                "name": "Tisza Party",
                "sentiment": "negative",
                "tickers": []
            },
            {
                "name": "Fidesz",
                "sentiment": "negative",
                "tickers": [
                    {
                        "ticker": null,
                        "exchange": null
                    }
                ]
            },
            {
                "name": "European Parliament",
                "sentiment": "neutral",
                "tickers": [
                    {
                        "ticker": null,
                        "exchange": null
                    }
                ]
            }
        ]
    },
    "syndication": {
        "syndicated": false,
        "syndicate_id": null,
        "first_syndicated": false
    },
    "trust": {
        "categories": [],
        "top_news": [],
        "bias": null,
        "source": {
            "type": null,
            "city": null,
            "state": null,
            "country": null,
            "domain_type": null,
            "agency": null,
            "organization_name": null
        }
    },
    "rating": null,
    "crawled": "2026-02-05T07:36:26.282+02:00",
    "updated": "2026-02-05T07:40:27.000+02:00"
}