{
    "thread": {
        "uuid": "689afbcf78ea81b3878bce64fba58f7cd7aa85c2",
        "url": "https://www.ktvb.com/article/news/local/capitol-watch/hundreds-idahoans-speak-out-against-medicaid-cuts-statehouse/277-2394ae5a-3cee-44df-b226-2d0791240fcc",
        "site_full": "www.ktvb.com",
        "site": "ktvb.com",
        "site_section": "https://www.ktvb.com/nation-world",
        "site_categories": [
            "economy, business and finance",
            "dating",
            "by_us_locale",
            "sport",
            "media",
            "society",
            "politics",
            "crime, law and justice",
            "travel"
        ],
        "section_title": "National and World News | ktvb.com",
        "site_title": "Boise&#x27;s Leading Local News: Weather, Traffic, Sports and more | Boise, Idaho | ktvb.com",
        "title": "Hundreds of Idahoans speak out against Medicaid cuts at the statehouse Wednesday night",
        "title_full": "Hundreds of Idahoans speak out against Medicaid cuts at the statehouse Wednesday night",
        "published": "2026-02-05T00:17:00.000+02:00",
        "replies_count": 0,
        "participants_count": 1,
        "site_type": "news",
        "country": "US",
        "main_image": "https://media.ktvb.com/assets/KTVB/images/a51d94b6-588b-4429-8242-53c33edb942b/20260205T051935/a51d94b6-588b-4429-8242-53c33edb942b_1140x641.jpg",
        "performance_score": 0,
        "domain_rank": 32427,
        "domain_rank_updated": "2026-02-01T23:00:00.000+02:00",
        "licensing_agency": [],
        "social": {
            "facebook": {
                "likes": 0,
                "comments": 0,
                "shares": 0
            },
            "vk": {
                "shares": 0
            }
        }
    },
    "uuid": "689afbcf78ea81b3878bce64fba58f7cd7aa85c2",
    "url": "https://www.ktvb.com/article/news/local/capitol-watch/hundreds-idahoans-speak-out-against-medicaid-cuts-statehouse/277-2394ae5a-3cee-44df-b226-2d0791240fcc",
    "ord_in_thread": 0,
    "author": "Aspen Shumpert",
    "published": "2026-02-05T00:17:00.000+02:00",
    "title": "Hundreds of Idahoans speak out against Medicaid cuts at the statehouse Wednesday night",
    "text": "BOISE, Idaho — More than 500 people filled the Lincoln Auditorium and three overflow rooms at the Idaho Statehouse on Wednesday evening to testify against proposed cuts to Medicaid, warning that reductions to the program would strip away services that keep some of the state's most vulnerable residents alive.\n\"I am terrified,\" said Michelle Lance, a speech therapist who attended the forum, told KTVB.\nDemocratic lawmakers organized the unofficial hearing after the Joint Finance and Appropriations Committee, which oversees the state budget, declined to take public testimony on the proposed cuts. Senate Minority Leader Melissa Wintrow and House Minority Leader Ilana Rubel co-chaired the forum.\n\"Unfortunately, the committee would not open, and so we just thought it was so important to invite people here to share,\" Wintrow said.\nJFAC is the only state committee that does not take public comments at hearings.\nGov. Brad Little's budget proposal calls for $45 million in Medicaid cuts from the state's general fund. Among the options the governor has put forward that lawmakers will need to decide on are: \" \"An additional reduction to hospital rates; an additional reduction to residential habilitation rates; removal of administrative costs for Managed Care contracts; removal of the pharmacy benefit for non-expansion adults on Medicaid; removal of adult dental services; removal of home and community based services; removal of physical, occupational, and speech therapy services; removal of case management support; removal of hospice services; removal of adult prosthetics and orthotics; removal of adult in-home nursing services; removal of adult chiropractic services; removal of adult audiology services; or removal of adult vision services,\" according to the Governor's budget book.\nIdaho faces an estimated $40 million budget shortfall this fiscal year and critics point to last year's historic tax cuts as a cut to revenue that has put Idaho in a position to have to cut Medicaid.\nJFAC co-chair Rep. Josh Tanner, R-Eagle, has said the governor's proposed $45 million in Medicaid cuts may not go far enough, citing Medicaid spending growth of $111 million in the current fiscal year and $127 million projected for next year.\nBut on Wednesday, speaker after speaker argued the cuts would devastate their families.\n\"They're tired of having to beg for the bare minimum,\" said Megan C. of Meridian, whose 9-year-old daughter Emma has Rett syndrome and relies on caregivers for every aspect of daily life.\n\"Taking away my Medicaid is basically killing me,\" said Matthew Knapp of Twin Falls, who said he relies on Medicaid for seizure medication that costs thousands of dollars and for counseling to manage severe trauma. Without it, he said, he would be unable to afford independent living and would likely become homeless.\nTaylor M., a Boise attorney who has represented thousands of disabled Idahoans over the past 20 years, pushed back on how Medicaid is characterized in the budget debate.\n\"Let's not perpetuate the myth that Medicaid is a handout,\" she said. \"Medicaid is a tool. It's a vehicle to ensure that Idaho workers can continue to work and contribute to our tax revenue.\"\nNicole Paris of Meridian told KTVB her 3-year-old son, who was diagnosed with autism shortly after his second birthday, has made dramatic progress since beginning speech and occupational therapy funded through Medicaid last August.\n\"I won't let him live in a world where he can't be the person he needs to be, and that includes communicating,\" Paris said.\nWithout Medicaid coverage, Paris said her family cannot afford to continue the therapy. She said she fears her son would quickly lose the progress he has made.\n\"I think that he would very quickly lose progress and very quickly retreat back into the tantrums and the frustration,\" she said.\nFor some families, the stakes are life and death.\nJim Baugh of Boise, a retired disability rights attorney, told the forum that his 53-year-old son Gabriel is paralyzed from the neck down, cannot breathe without a ventilator, eats through a gastric tube and requires around-the-clock care. Medicaid-funded home and community-based services allow the family to care for him at home.\n\"It would take less than 24 hours for him to be in a crisis that would probably not result in his surviving,\" Baugh said.\nNed Folks of Boise testified about his daughter Eva, who has received supported living and residential habilitation services for the past 18 years. She requires 24-hour direct care for every aspect of her life and lives in a rented house with a roommate, with support from a rehab agency funded by Medicaid reimbursement rates.\n\"She would decline rapidly, and she would die in short order, without this day-to-day care,\" Folks said.\nSarah Cox of Boise, whose older brother Justin has Down syndrome and turns 55 next week, said the proposed cuts are \"literally keeping me and my family awake at night.\"\n\"I hate that this discussion is reducing him to a number in the state's budget. He's so much more than that,\" Cox said.\nSamantha Robles of Boise, whose 5-year-old daughter Stella has autism, questioned why the state's reserves are not being used to avoid cuts. She urged lawmakers to use the state's rainy-day fund instead of cutting vital services to Idahoans.\n\"Why does my daughter have to pay the price because the budget couldn't be balanced appropriately?\" Robles said.\nSeveral speakers who traveled from outside the Boise area testified, including providers from Twin Falls, Moscow and Lemhi County. Mary Smith, administrator of Lemhi Valley Social Services, said her agency serves 300 people monthly in a county of 8,400 residents, with 90% of clients on Medicaid. The nearest behavioral health crisis center, she said, is 200 miles away.\nThe forum lasted several hours. Wintrow said lawmakers plan to compile the written and recorded testimony and share it with colleagues across the aisle. Republican lawmakers and Governor Brad Little were invited to attend. KTVB saw two republican lawmakers at the forum, Sen. Camille Baylock and Sen. Van Burtenshaw.\nKTVB reached out to the governor's office for a comment but did not receive one at the time of this publication.\nNo budget decisions on Medicaid have been finalized yet but will be in the coming weeks.\nParis, the Meridian mother, said the experience has shaken her faith in the state she grew up in.\n\"I grew up in Idaho. I've loved Idaho my whole life,\" she said. \"I am shaken by that, and I want to be a proud Idahoan again.\"",
    "summary": "Democratic lawmakers organized the unofficial hearing after the Joint Finance and Appropriations Committee, which oversees the state budget, declined to take public testimony on the proposed cuts. Nicole Paris of Meridian told KTVB her 3-year-old son, who was diagnosed with autism shortly after his second birthday, has made dramatic progress since beginning speech and occupational therapy funded through Medicaid last August. Jim Baugh of Boise, a retired disability rights attorney, told the forum that his 53-year-old son Gabriel is paralyzed from the neck down, cannot breathe without a ventilator, eats through a gastric tube and requires around-the-clock care.",
    "highlightText": "",
    "highlightTitle": "",
    "highlightThreadTitle": "",
    "language": "english",
    "sentiment": "negative",
    "categories": [
        "Health",
        "Politics",
        "Social Issue"
    ],
    "topics": [
        "Health->government health care",
        "Social Issue->welfare"
    ],
    "ai_allow": true,
    "has_canonical": false,
    "breaking": null,
    "webz_reporter": false,
    "external_links": [],
    "external_images": [],
    "internal_images": [],
    "entities": {
        "persons": [
            {
                "name": "Michelle Lance",
                "sentiment": "none"
            }
        ],
        "locations": [
            {
                "name": "Lincoln Auditorium",
                "sentiment": "none"
            },
            {
                "name": "Idaho",
                "sentiment": "none"
            }
        ],
        "organizations": [
            {
                "name": "BOISE",
                "sentiment": "negative",
                "tickers": [
                    {
                        "ticker": null,
                        "exchange": null
                    }
                ]
            },
            {
                "name": "KTVB",
                "sentiment": "none",
                "tickers": [
                    {
                        "ticker": null,
                        "exchange": null
                    }
                ]
            },
            {
                "name": "Joint Finance and Appropriations Committee",
                "sentiment": "none",
                "tickers": []
            }
        ]
    },
    "syndication": {
        "syndicated": false,
        "syndicate_id": "689afbcf78ea81b3878bce64fba58f7cd7aa85c2",
        "first_syndicated": true
    },
    "trust": {
        "categories": [
            "trusted_news"
        ],
        "top_news": [],
        "bias": "center",
        "source": {
            "type": "local_news",
            "city": [
                "Idaho City",
                "Caldwell",
                "Meridian",
                "Banks",
                "Riverside",
                "Boise",
                "Nampa",
                "Eagle"
            ],
            "state": [
                "Idaho"
            ],
            "country": [
                "US"
            ],
            "domain_type": null,
            "agency": null,
            "organization_name": null
        }
    },
    "rating": null,
    "crawled": "2026-02-05T07:36:51.846+02:00",
    "updated": "2026-02-05T07:44:59.000+02:00"
}