{
    "thread": {
        "uuid": "73fe1bc18f763bff8fc96cfa6accd7aeaca595aa",
        "url": "https://thebrunswicknews.com/opinion/letters_to_editor/trump-tries-to-take-over-as-an-autocrat/article_b044ec7e-0fae-48f7-a1d1-b837d7a96c98.html",
        "site_full": "thebrunswicknews.com",
        "site": "thebrunswicknews.com",
        "site_section": "https://thebrunswicknews.com/search/?f=rss&amp",
        "site_categories": [
            "arts, culture and entertainment",
            "media",
            "economy, business and finance",
            "social issue",
            "crime, law and justice",
            "politics",
            "sport"
        ],
        "section_title": "thebrunswicknews.com - RSS Results",
        "site_title": "The News | The Voice of the Golden Isles | Voice of the Golden Isles",
        "title": "Trump tries to take over as an autocrat | Letters to the Editor | thebrunswicknews.com",
        "title_full": "Trump tries to take over as an autocrat | Letters to the Editor | thebrunswicknews.com",
        "published": "2026-02-05T07:00:00.000+02:00",
        "replies_count": 0,
        "participants_count": 0,
        "site_type": "news",
        "country": "US",
        "main_image": "https://bloximages.chicago2.vip.townnews.com/thebrunswicknews.com/content/tncms/custom/image/17237472-7076-11e7-8882-cfed82647412.jpg?resize=600%2C402",
        "performance_score": 0,
        "domain_rank": 166318,
        "domain_rank_updated": "2026-02-01T23:00:00.000+02:00",
        "licensing_agency": [],
        "social": {
            "facebook": {
                "likes": 0,
                "comments": 0,
                "shares": 0
            },
            "vk": {
                "shares": 0
            }
        }
    },
    "uuid": "73fe1bc18f763bff8fc96cfa6accd7aeaca595aa",
    "url": "https://thebrunswicknews.com/opinion/letters_to_editor/trump-tries-to-take-over-as-an-autocrat/article_b044ec7e-0fae-48f7-a1d1-b837d7a96c98.html",
    "ord_in_thread": 0,
    "author": null,
    "published": "2026-02-05T07:00:00.000+02:00",
    "title": "Trump tries to take over as an autocrat | Letters to the Editor | thebrunswicknews.com",
    "text": "Dear America, wake up! Erstwhile in the MAGAsphere, yesterday on a podcast Mr. Trump called on Republicans to “take over” and “nationalize” voting as he continued to make false claims about the electoral process in the U.S. with the 2026 midterm elections on the horizon.\nFirst, you dehumanize people, generally by using an animal metaphor, rats, vermin, etc.",
    "summary": null,
    "highlightText": "",
    "highlightTitle": "",
    "highlightThreadTitle": "",
    "language": "english",
    "sentiment": "negative",
    "categories": [
        "Politics"
    ],
    "topics": [
        "Politics->political campaigns",
        "Politics->political system"
    ],
    "ai_allow": false,
    "has_canonical": false,
    "breaking": null,
    "webz_reporter": false,
    "external_links": [],
    "external_images": [],
    "internal_images": [],
    "entities": {
        "persons": [
            {
                "name": "Trump",
                "sentiment": "none"
            }
        ],
        "locations": [
            {
                "name": "U. S.",
                "sentiment": "none"
            }
        ],
        "organizations": [
            {
                "name": "Repub",
                "sentiment": "none",
                "tickers": [
                    {
                        "ticker": null,
                        "exchange": null
                    }
                ]
            }
        ]
    },
    "syndication": {
        "syndicated": false,
        "syndicate_id": null,
        "first_syndicated": false
    },
    "trust": {
        "categories": [
            "trusted_news"
        ],
        "top_news": [],
        "bias": "center",
        "source": {
            "type": "local_news",
            "city": [
                "Dock Junction",
                "Brunswick",
                "Hortense",
                "Waverly",
                "St. Simons",
                "Jekyll Island",
                "Talahi Island"
            ],
            "state": [
                "Georgia"
            ],
            "country": [
                "US"
            ],
            "domain_type": null,
            "agency": null,
            "organization_name": null
        }
    },
    "rating": null,
    "crawled": "2026-02-05T08:04:26.043+02:00",
    "updated": "2026-02-05T08:06:34.000+02:00"
}