{
    "thread": {
        "uuid": "081204addcf54a44574783eaf534dba5b68322d7",
        "url": "https://www.myjoyonline.com/dr-bartlett-vanderpuye-honoured-as-africas-most-innovative-business-executive",
        "site_full": "www.myjoyonline.com",
        "site": "myjoyonline.com",
        "site_section": "https://business.einnews.com:443/rss",
        "site_categories": [
            "media",
            "travel",
            "japan"
        ],
        "section_title": "Business News",
        "title": "Dr Bartlett-Vanderpuye honoured as Africa\\u2019s Most Innovative Business Executive - MyJoyOnline",
        "title_full": "Dr Bartlett-Vanderpuye honoured as Africa\\u2019s Most Innovative Business Executive - MyJoyOnline",
        "published": "2024-11-28T21:48:00.000+02:00",
        "replies_count": 0,
        "participants_count": 1,
        "site_type": "news",
        "country": "GH",
        "main_image": "https://www.myjoyonline.com/wp-content/uploads/2024/11/a904593e-2e33-4987-9263-f31dd2ccd321.jpg",
        "performance_score": 0,
        "domain_rank": 16741,
        "domain_rank_updated": "2024-11-25T23:00:00.000+02:00",
        "social": {
            "facebook": {
                "likes": 0,
                "comments": 0,
                "shares": 0
            },
            "vk": {
                "shares": 0
            }
        }
    },
    "uuid": "081204addcf54a44574783eaf534dba5b68322d7",
    "url": "https://www.myjoyonline.com/dr-bartlett-vanderpuye-honoured-as-africas-most-innovative-business-executive",
    "ord_in_thread": 0,
    "parent_url": null,
    "author": "Emma Ankrah",
    "published": "2024-11-28T21:48:00.000+02:00",
    "title": "Dr Bartlett-Vanderpuye honoured as Africa\\u2019s Most Innovative Business Executive - MyJoyOnline",
    "text": "The 14th Peace Achievers International Conference, held at the luxurious Abuja Continental Hotel in Nigeria, saw Africa’s top leaders, executives, and change-makers gathered to celebrate excellence, innovation, and leadership. Among the standout honourees was Dr. Michael Leslie Bartlett-Vanderpuye, the President and Chairman of M&C Group Global, who was recognised as the Most Innovative Business Executive in Africa. Themed \"Building Bridges for Sustainable Peace and Security; Integrating Sectors for a Harmonious Future\", the event highlighted the critical role of collaboration and innovation in driving sustainable peace and development. Convened and hosted by Ambassador Kingsley Amafibe, President and Founder of The 100 Most Notable Africans Organization, the event brought together governors, business leaders, and visionaries from across the continent. Dr. Bartlett-Vanderpuye’s exceptional contributions to the African business landscape were further acknowledged as he was conferred an Honorary Doctorate in Leadership and Business Administration by the American Management University. This recognition underscores his trailblazing leadership, strategic vision, and transformative impact on industries in Ghana and beyond. A year of unprecedented achievements The honour in Abuja adds to an extraordinary year for Mr. Bartlett-Vanderpuye, who has consistently been recognised for his outstanding leadership and innovative approach to business: 1. C.E.O of the Year – 100 Most Notable African Leadership and Excellence Awards in Kigali, Rwanda. 2. Excellence in Business Award of the Year – Ghana Business Awards 2024. 3. Trading Company of the Year – Awarded to M&C Group Global at the Ghana Business Awards. 4. Recognition at the 100 Most Influential People Awards in Ghana. Leadership Beyond Business During his acceptance speech in Abuja, Dr. Michael Leslie Bartlett-Vanderpuye emphasised the importance of innovation and collaboration in shaping a prosperous Africa. \"This recognition affirms our commitment to excellence, innovation, and creating opportunities that empower communities across the continent. The journey is far from over, but together, we can achieve extraordinary things.\" As the President and Chairman of M&C Group Global, Mr. Bartlett-Vanderpuye has steered the company to become a leader in trading, logistics, and innovation. His strategic leadership has earned him a reputation as one of Africa’s foremost business executives, inspiring a new generation of entrepreneurs. A Celebration of African Excellence The Peace Achievers International Conference serves as a platform to celebrate individuals and organisations driving progress and fostering peace. The recognition of Dr. Bartlett-Vanderpuye stands as a testament to his exemplary leadership and innovative spirit, further cementing his position as a beacon of inspiration in Africa’s business and leadership landscape. As Africa continues to embrace innovation and collaboration, leaders like Dr Bartlett-Vanderpuye exemplify the transformative power of vision, resilience, and excellence. Latest Stories - Even in crisis; we’ve managed the exchange rate better than NDC – Bawumia asserts 18 mins - Mohammed Kudus stunner against Freiburg earns Puskás Award nomination 22 mins - CompuGhana presents: Black Friday themed ‘Something black is coming’ biggest sale of the year 22 mins - KNUST Hospital celebrates feat as seven doctors qualify as specialists 34 mins - All set for Standard Chartered Bank’s SC Cup 2024 40 mins - FIFA The Best Awards: No Ronaldo but Messi nominated for Men’s Award 52 mins - Election 2024: ‘Ghana will win, and peace will win’ – Bawumia 1 hour - Don’t sweep cause of ballot paper shortages in Volta Region under the carpet – NDC to EC 1 hour - ‘I can’t believe Black Stars couldn’t qualify for 2025 AFCON’ – Stonebwoy 2 hours - Today’s front pages: Friday, November 29, 2024 2 hours - Sharaf Mahama leads the charge for NDC’s victory in Volta Region: A beacon of hope and action 3 hours - Do all you can to preserve Ghana’s peace – Bawumia to media, other stakeholders 3 hours - We seek power solely for the people’s prosperity – Bawumia asserts 3 hours - Direct flights from London to Kumasi set to begin December 3 3 hours - Barekese Piggery and Meat Processing Factory to create 300 new jobs, benefit 700 farmers 3 hours",
    "highlightText": "",
    "highlightTitle": "",
    "highlightThreadTitle": "",
    "language": "english",
    "sentiment": "positive",
    "categories": [
        "Human Interest",
        "Politics",
        "Social Issue"
    ],
    "ai_allow": true,
    "canonical": false,
    "webz_reporter": false,
    "external_links": [],
    "external_images": [],
    "entities": {
        "persons": [
            {
                "name": "Michael Leslie Bartlett-Vanderpuye",
                "sentiment": "neutral"
            },
            {
                "name": "Kingsley Amafibe",
                "sentiment": "none"
            }
        ],
        "organizations": [
            {
                "name": "American Management University",
                "sentiment": "none"
            },
            {
                "name": "M&C Group Global",
                "sentiment": "none"
            }
        ],
        "locations": [
            {
                "name": "Africa",
                "sentiment": "none"
            }
        ]
    },
    "syndication": {
        "syndicated": false,
        "syndicate_id": null,
        "first_syndicated": false
    },
    "rating": null,
    "crawled": "2024-11-29T01:37:48.430+02:00",
    "updated": "2024-11-29T12:32:48.606+02:00"
}