{
    "thread": {
        "uuid": "273a1cc323aad696318974d054be864d8bea841d",
        "url": "https://www.miragenews.com/accc-welcomes-passage-of-historic-merger-laws-1367631",
        "site_full": "www.miragenews.com",
        "site": "miragenews.com",
        "site_section": "https://miragenews.com/tag/court",
        "site_categories": [
            "media"
        ],
        "section_title": "Live Court updates | Mirage News",
        "title": "ACCC Welcomes Passage Of Historic Merger Laws | Mirage News",
        "title_full": "ACCC Welcomes Passage Of Historic Merger Laws | Mirage News",
        "published": "2024-11-28T14:06:00.000+02:00",
        "replies_count": 0,
        "participants_count": 0,
        "site_type": "news",
        "country": "AU",
        "main_image": "https://cdn1.miragenews.com/tmp_cache?cdn=cdn.pixabay.com%2Fphoto%2F2020%2F03%2F12%2F20%2F10%2Fright-4926156_960_720.jpg",
        "performance_score": 0,
        "domain_rank": 10446,
        "domain_rank_updated": "2024-11-25T23:00:00.000+02:00",
        "social": {
            "facebook": {
                "likes": 0,
                "comments": 0,
                "shares": 0
            },
            "vk": {
                "shares": 0
            }
        }
    },
    "uuid": "273a1cc323aad696318974d054be864d8bea841d",
    "url": "https://www.miragenews.com/accc-welcomes-passage-of-historic-merger-laws-1367631",
    "ord_in_thread": 0,
    "parent_url": null,
    "author": null,
    "published": "2024-11-28T14:06:00.000+02:00",
    "title": "ACCC Welcomes Passage Of Historic Merger Laws | Mirage News",
    "text": "With the passing of the Treasury Laws Amendment (Mergers and Acquisitions Reform) Bill 2024 by the Australian Parliament yesterday, the ACCC is intensifying its focus to ensure that implementation of the new merger regime is successful when it commences.\nThe new merger regime will come into effect from 1 January 2026 but will also allow for merger parties to start using the new merger regime on a voluntary basis from 1 July 2025.\n\"We recognise that this will be a very significant change for the business community and indeed the ACCC. This marks the most significant change to Australia's merger regime since the Trade Practices Act was enacted 50 years ago,\" ACCC Chair Gina Cass-Gottlieb said.\n\"We have consistently outlined why the changes are necessary to achieve effective merger control in Australia and ensure there is strong competition across our economy, driving dynamism, productivity and restraint on prices for the benefit of consumers and business.\"\n\"We are also acutely aware that successful implementation will be crucial to the overall success of the new regime. Therefore we are working very hard to carry out this important preparation work which we have outlined in the recently released [Statement of Goals](https://www.accc.gov.au/about-us/publications/statement-of-goals-for-merger-reform-implementation),\" Ms Cass-Gottlieb said.\n\"As part of this, we will be working and consulting with businesses and other stakeholders to ensure parties have clarity on timeframes and processes, and that the new regime achieves its intended benefits of increased efficiency and transparency.\"\nCurrently Australia's merger regime does not require merger parties to notify the ACCC of proposed acquisitions or to wait for ACCC clearance before proceeding with the acquisition.\nUnder the new process, all transactions above a prescribed threshold must be notified to the ACCC.\nIn addition to moving to a mandatory notification system, the historic new merger laws will:\n- Provide the ACCC with the tools to better deal with 'serial acquisitions' where a number of smaller transactions occur over time that cumulatively end up causing serious harm to competition.\n- Provide for greater transparency for business and the broader community on all mergers considered by the ACCC, including by requiring the ACCC to publish reasons for all final merger decisions.\n- Create a more efficient and faster process particularly for non-contentious mergers and more certain timelines for businesses seeking approval.\n- Allow the Treasurer to designate certain high risk sectors and impose specific notification thresholds for those sectors.\n- Adopt a risk-based approach using enhanced economic and data analysis in the ACCC's administrative decision making.\n\"As we celebrate these important reforms becoming law, we also are mindful of the importance of supporting a smooth transition as the new regime is bedded down,\" Ms Cass-Gottlieb said.\n\"We will work closely with key stakeholders and will issue draft guidelines for consultation in early 2025 to assist businesses and stakeholders adapt to the new merger regime.\"\nBackground:\nReforms to Australia's existing merger laws were announced by the Treasurer, in April 2024. The Treasurer's announcement was [welcomed by the ACCC](https://www.accc.gov.au/media-release/accc-welcomes-proposal-for-stronger-merger-laws).\nThe ACCC first released proposed merger reforms at the Law Council conference in 2021. ACCC Chair Gina Cass-Gottlieb commenced her term in 2022. She has continued to advocate for merger reform including [at the National Press Club in April 2023](https://www.accc.gov.au/about-us/media/speeches/the-role-of-the-accc-and-competition-in-a-transitioning-economy-address-to-the-national-press-club-2023).\nThe ACCC's submissions to the Treasury Competition Review, which includes detailed analysis and argues the case for reform can be found here: [https://www.accc.gov.au/inquiries-and-consultations/accc-submissions-to-external-consultations#toc-mergers-](https://www.accc.gov.au/inquiries-and-consultations/accc-submissions-to-external-consultations#toc-mergers-)\nIn anticipation of the new legislation coming into effect, the ACCC issued [a statement of goals](https://www.accc.gov.au/about-us/publications/statement-of-goals-for-merger-reform-implementation) in October 2024 to outline its approach to implementing the new regime and to reduce uncertainty during the transition.\nKey dates\nSome of the key implementation milestones ahead for the Bill include:\nOctober 2024 |\n|\nQ1 2025 |\n|\nQ2 2025 |\n|\n1 July 2025 |\n|\nDuring 2025 |\n|\nDuring 2025 and 2026 |\n31 December 2025, the ACCC will continue engaging with merger parties and third parties as the review transitions over to the new regime from 1 January 2026\n|\n1 January 2026 |\n|\n1 January 2027 |\n|\n1 January 2029 |\n|\n[here](/accc-welcomes-passage-of-historic-merger-laws-1367631/).",
    "highlightText": "",
    "highlightTitle": "",
    "highlightThreadTitle": "",
    "language": "english",
    "sentiment": "positive",
    "categories": [
        "Politics"
    ],
    "ai_allow": true,
    "canonical": false,
    "webz_reporter": false,
    "external_links": [
        "https://www.accc.gov.au/media-release/accc-welcomes-proposal-for-stronger-merger-laws",
        "https://www.accc.gov.au/about-us/publications/statement-of-goals-for-merger-reform-implementation",
        "https://www.accc.gov.au/inquiries-and-consultations/accc-submissions-to-external-consultations#toc-mergers-",
        "https://www.accc.gov.au/about-us/media/speeches/the-role-of-the-accc-and-competition-in-a-transitioning-economy-address-to-the-national-press-club-2023",
        "https://accc.gov.au/inquiries-and-consultations/accc-submissions-to-external-consultations#toc-mergers-",
        "https://accc.gov.au/about-us/media/speeches/the-role-of-the-accc-and-competition-in-a-transitioning-economy-address-to-the-national-press-club-2023",
        "https://accc.gov.au/about-us/publications/statement-of-goals-for-merger-reform-implementation",
        "https://accc.gov.au/media-release/accc-welcomes-proposal-for-stronger-merger-laws"
    ],
    "external_images": [],
    "entities": {
        "persons": [],
        "organizations": [],
        "locations": []
    },
    "syndication": {
        "syndicated": false,
        "syndicate_id": null,
        "first_syndicated": false
    },
    "rating": null,
    "crawled": "2024-11-29T01:20:03.323+02:00",
    "updated": "2024-11-29T01:20:03.323+02:00"
}