{
    "thread": {
        "uuid": "be08dfd36e1d24bf7618811bb8acadd289d8a68a",
        "url": "https://www.brecorder.com/news/40335048/tax-related-cases-cjp-wants-dedicated-benches-for-speedy-justice",
        "site_full": "www.brecorder.com",
        "site": "brecorder.com",
        "site_section": "https://www.brecorder.com",
        "site_categories": [
            "media",
            "financial_news",
            "finance",
            "top_news_pk",
            "top_news_sa",
            "top_news"
        ],
        "section_title": "Home - Business Recorder",
        "title": "Tax-related cases: CJP wants dedicated benches for speedy justice",
        "title_full": "Tax-related cases: CJP wants dedicated benches for speedy justice",
        "published": "2024-11-29T02:50:00.000+02:00",
        "replies_count": 0,
        "participants_count": 1,
        "site_type": "news",
        "country": "PK",
        "main_image": "https://i.brecorder.com/large/2024/11/674909a1e220e.jpg",
        "performance_score": 0,
        "domain_rank": 13739,
        "domain_rank_updated": "2024-11-25T23:00:00.000+02:00",
        "social": {
            "facebook": {
                "likes": 0,
                "comments": 0,
                "shares": 0
            },
            "vk": {
                "shares": 0
            }
        }
    },
    "uuid": "be08dfd36e1d24bf7618811bb8acadd289d8a68a",
    "url": "https://www.brecorder.com/news/40335048/tax-related-cases-cjp-wants-dedicated-benches-for-speedy-justice",
    "ord_in_thread": 0,
    "parent_url": null,
    "author": "Terence J Sigamony",
    "published": "2024-11-29T02:50:00.000+02:00",
    "title": "Tax-related cases: CJP wants dedicated benches for speedy justice",
    "text": "ISLAMABAD: Chief Justice Yahya Afridi wants dedicated benches for expeditious disposal of tax-related cases. Reaffirming its commitment to improving service delivery and expanding access to justice, the chief justice, on Thursday, presided over two meetings at the Supreme Court, Islamabad.\nThe first meeting was attended by Justice Ayesha A Malik and Justice Shahid Bilal Hassan, along with Muhammad Salim Khan, registrar of the Supreme Court, Sher Shah, a renowned development expert, and other core team members.\nThe agenda focused on reviewing progress in key reform areas, including IT advancements, case management improvements, human resource optimisation, capacity building, training initiatives and broader public consultation via feedback mechanism.\n[Input tax claim and credit: SC defines applicability of Section 8 of Sales Tax Act](https://www.brecorder.com/news/40332895/input-tax-claim-and-credit-sc-defines-applicability-of-section-8-of-sales-tax-act)\nThe chief justice and the judges acknowledged the significant progress made in these domains and commended the team for their dedication. They also gave them a node to proceed in the matter with a few constructive suggestions to enhance the reform initiatives and ensure their support for effective implementation.\nThe chief justice also chaired another meeting to address pending tax cases before the Supreme Court. The session was attended by representatives from the tax bar and the legal team of the Federal Board of Revenue (FBR), Islamabad. Discussions focused on critical issues, procedural modalities, and strategies for the expeditious disposal of tax-related cases.\nThe chief justice apprised the participants about the formation of dedicated benches to hear tax cases and stressed the importance of categorising cases while discouraging frequent adjournments to expedite proceedings. The bar representatives assured their full cooperation and expressed gratitude for the steps taken to address these concerns.\nThese deliberations underscore the Supreme Court’s unwavering resolve to promote institutional growth, deliver timely justice, and enhance case management for the benefit of all citizens. The court remains committed to fostering transparency, accountability, and efficiency in its operations.\nCopyright Business Recorder, 2024",
    "highlightText": "",
    "highlightTitle": "",
    "highlightThreadTitle": "",
    "language": "english",
    "sentiment": "positive",
    "categories": [
        "Crime, Law and Justice",
        "Politics",
        "Social Issue"
    ],
    "ai_allow": true,
    "canonical": false,
    "webz_reporter": false,
    "external_links": [],
    "external_images": [],
    "entities": {
        "persons": [],
        "organizations": [],
        "locations": []
    },
    "syndication": {
        "syndicated": false,
        "syndicate_id": null,
        "first_syndicated": false
    },
    "rating": null,
    "crawled": "2024-11-29T04:06:43.356+02:00",
    "updated": "2024-11-29T04:06:43.356+02:00"
}