{
    "thread": {
        "uuid": "24e86d69ef9d2925be8b2971cc1b43186659c288",
        "url": "https://www.socialnews.xyz/2024/11/28/georgias-new-government-wins-vote-of-confidence",
        "site_full": "www.socialnews.xyz",
        "site": "socialnews.xyz",
        "site_section": "https://www.socialnews.xyz/feed/",
        "site_categories": [
            "movies",
            "media",
            "entertainment"
        ],
        "section_title": "Social News XYZ",
        "title": "",
        "title_full": "",
        "published": "2024-11-28T02:00:00.000+02:00",
        "replies_count": 0,
        "participants_count": 0,
        "site_type": "news",
        "country": "IN",
        "main_image": "",
        "performance_score": 0,
        "domain_rank": 93654,
        "domain_rank_updated": "2024-11-25T23:00:00.000+02:00",
        "social": {
            "facebook": {
                "likes": 0,
                "comments": 0,
                "shares": 0
            },
            "vk": {
                "shares": 0
            }
        }
    },
    "uuid": "24e86d69ef9d2925be8b2971cc1b43186659c288",
    "url": "https://www.socialnews.xyz/2024/11/28/georgias-new-government-wins-vote-of-confidence",
    "ord_in_thread": 0,
    "parent_url": null,
    "author": null,
    "published": "2024-11-28T02:00:00.000+02:00",
    "title": "",
    "text": "Tbilisi, Nov 29 (SocialNews.XYZ) Georgia's new government led by Prime Minister Irakli Kobakhidze won a vote of confidence in the parliament.\nThe government will have three new ministers: Maka Bochorishvili as the minister of foreign affairs, Anri Okhanashvili as the minister of justice, and Davit Songuashvili as the minister of environment and agriculture, Xinhua news agency reported.\nThe parliament also approved the government's program that says Georgia has two main goals: restoration of territorial integrity peacefully and complete eradication of poverty.\nThe program includes several main areas of state policy: democratic development, economic development, social policy, human capital development, foreign policy and defence.\nAccording to Georgia's constitution, the new government will take office after winning a vote of confidence in the parliament.\nSource: IANS",
    "highlightText": "",
    "highlightTitle": "",
    "highlightThreadTitle": "",
    "language": "english",
    "sentiment": "positive",
    "categories": [
        "Politics",
        "Economy, Business and Finance",
        "Social Issue"
    ],
    "ai_allow": true,
    "canonical": false,
    "webz_reporter": false,
    "external_links": [
        "https://www.socialnews.xyz\\",
        "https://socialnews.xyz\\"
    ],
    "external_images": [],
    "entities": {
        "persons": [
            {
                "name": "Maka Bochorishvili",
                "sentiment": "none"
            },
            {
                "name": "Davit Songuashvili",
                "sentiment": "none"
            },
            {
                "name": "Anri Okhanashvili",
                "sentiment": "none"
            }
        ],
        "organizations": [
            {
                "name": "Xinhua",
                "sentiment": "none"
            }
        ],
        "locations": []
    },
    "syndication": {
        "syndicated": false,
        "syndicate_id": null,
        "first_syndicated": false
    },
    "rating": null,
    "crawled": "2024-11-29T03:34:58.233+02:00",
    "updated": "2024-11-29T06:12:59.433+02:00"
}