{
    "thread": {
        "uuid": "2e358d8527b9f01b70448681997e502d55414291",
        "url": "https://blackstarnews.com/thanksgiving-native-americans-hold-national-day-of-mourning-in-solidarity-with-indigenous-struggles-around-globe",
        "site_full": "blackstarnews.com",
        "site": "blackstarnews.com",
        "site_section": "https://www.blackstarnews.com",
        "site_categories": [],
        "section_title": "Breaking News Online, Latest Local News Online - Black Star News",
        "title": "Thanksgiving: Native Americans Hold National Day Of Mourning In Solidarity With Indigenous Struggles Around Globe",
        "title_full": "Thanksgiving: Native Americans Hold National Day Of Mourning In Solidarity With Indigenous Struggles Around Globe",
        "published": "2024-11-28T23:09:00.000+02:00",
        "replies_count": 0,
        "participants_count": 1,
        "site_type": "news",
        "country": "US",
        "main_image": "",
        "performance_score": 0,
        "domain_rank": 114508,
        "domain_rank_updated": "2024-11-25T23:00:00.000+02:00",
        "social": {
            "facebook": {
                "likes": 0,
                "comments": 0,
                "shares": 0
            },
            "vk": {
                "shares": 0
            }
        }
    },
    "uuid": "2e358d8527b9f01b70448681997e502d55414291",
    "url": "https://blackstarnews.com/thanksgiving-native-americans-hold-national-day-of-mourning-in-solidarity-with-indigenous-struggles-around-globe",
    "ord_in_thread": 0,
    "parent_url": null,
    "author": "Black Star",
    "published": "2024-11-28T23:09:00.000+02:00",
    "title": "Thanksgiving: Native Americans Hold National Day Of Mourning In Solidarity With Indigenous Struggles Around Globe",
    "text": "By Sara Hassan\nPhotos: YouTube Screenshots\nFor more than half a century, groups of Native Americans have been gathering on Thanksgiving to mark a National Day of Mourning at a historic site in Massachusetts. They honor their ancestors who were subject to atrocities by settlers in the 17th century. Over the years, they have also been a voice for other oppressed Indigenous groups around the world.\nOn a grassy hill overlooking the water in Plymouth, Massachusetts, a couple thousand people gathered last November on what US calendars call Thanksgiving Day.\nSitting in the nearby harbor next to Cole’s Hill was a replica of the original Mayflower ship that arrived in Massachusetts in 1620.\nThe somber occasion remembered the atrocities faced by Native Americans over the centuries. Now, the event has expanded over the years to stand in solidarity with other Indigenous struggles across the world.\nThe people who were gathered were energetic as they convened with a sense of unity and shared purpose.\nEvery year since 1970, the United American Indians of New England has hosted a National Day of Mourning in opposition to Thanksgiving Day.\nThat was the year when the Commonwealth of Massachusetts invited Wamsutta Frank James of the Aquinnah Wampanoag tribe to speak at a banquet in celebration of the 350th anniversary of the arrival of the Pilgrims to what is now the US.\n“He went away and he wrote a speech and he came back and the event organizers told him that he could under no circumstances give the speech because it was too inflammatory,” said his granddaughter, Kisha James, who is also a co-leader of the National Day of Mourning. READ MORE…",
    "highlightText": "",
    "highlightTitle": "",
    "highlightThreadTitle": "",
    "language": "english",
    "sentiment": "positive",
    "categories": [
        "Social Issue",
        "Human Interest",
        "Politics"
    ],
    "ai_allow": true,
    "canonical": false,
    "webz_reporter": false,
    "external_links": [
        "https://theworld.org/stories/2024/11/27/native-americans-hold-national-day-of-mourning-on-thanksgiving-in-solidarity-with-indigenous-struggles-around-the-globe",
        "https://theworld.org/contributors/sara-hassan",
        "http://www.youtube.com/watch?v=wR4wLyUYFss",
        "https://www.mayflower400uk.org/education/native-america/2020/november/frank-james-and-the-history-of-the-national-day-of-mourning/",
        "http://www.uaine.org/",
        "http://uaine.org/",
        "http://youtube.com/watch?v=wR4wLyUYFss",
        "https://www.theworld.org/stories/2024/11/27/native-americans-hold-national-day-of-mourning-on-thanksgiving-in-solidarity-with-indigenous-struggles-around-the-globe",
        "https://mayflower400uk.org/education/native-america/2020/november/frank-james-and-the-history-of-the-national-day-of-mourning/",
        "https://www.theworld.org/contributors/sara-hassan",
        "https://www.mayflower400uk.org/education/native-america/2020/november/frank-james-and-the-history-of-the-national-day-of-mourning",
        "http://www.youtube.com/watch",
        "http://www.uaine.org"
    ],
    "external_images": [],
    "entities": {
        "persons": [],
        "organizations": [],
        "locations": []
    },
    "syndication": {
        "syndicated": false,
        "syndicate_id": null,
        "first_syndicated": false
    },
    "rating": null,
    "crawled": "2024-11-29T00:57:25.101+02:00",
    "updated": "2024-11-29T00:57:25.101+02:00"
}