{
    "thread": {
        "uuid": "28003dab280bf9c461f95e6c8010af2cb705f11b",
        "url": "https://newsukraine.rbc.ua/news/biden-and-macron-set-to-announce-ceasefire-1732578858.html",
        "site_full": "newsukraine.rbc.ua",
        "site": "rbc.ua",
        "site_section": "https://newsukraine.rbc.ua",
        "site_categories": [
            "top_news_ua",
            "top_news_pl",
            "top_news_il",
            "top_news_cz",
            "top_news_sk",
            "top_news"
        ],
        "section_title": "Ukraine News today - Latest news &amp; Video | RBC-Ukraine",
        "title": "Biden and Macron set to announce ceasefire between Israel and Hezbollah - Reuters",
        "title_full": "Biden and Macron set to announce ceasefire between Israel and Hezbollah - Reuters",
        "published": "2024-11-26T01:00:00.000+02:00",
        "replies_count": 0,
        "participants_count": 1,
        "site_type": "news",
        "country": "UA",
        "main_image": "https://newsukraine.rbc.ua/static/img/_/s/_soldati_bilya_kordonu_z_livanom_gettyimages_87cff33669a8a6201dfe1e5b74c78149_1300x820_46e5858aa6129a0b4318de48dda79fa4_650x410.jpg",
        "performance_score": 0,
        "domain_rank": 8713,
        "domain_rank_updated": "2024-11-18T23:00:00.000+02:00",
        "social": {
            "facebook": {
                "likes": 0,
                "comments": 0,
                "shares": 0
            },
            "vk": {
                "shares": 0
            }
        }
    },
    "uuid": "28003dab280bf9c461f95e6c8010af2cb705f11b",
    "url": "https://newsukraine.rbc.ua/news/biden-and-macron-set-to-announce-ceasefire-1732578858.html",
    "ord_in_thread": 0,
    "parent_url": null,
    "author": "RBC-Ukraine",
    "published": "2024-11-26T01:00:00.000+02:00",
    "title": "Biden and Macron set to announce ceasefire between Israel and Hezbollah - Reuters",
    "text": "Biden and Macron set to announce ceasefire between Israel and Hezbollah - Reuters\nUS President Joe Biden and French President Emmanuel Macron are expected to announce a ceasefire between Israel and the Hezbollah group in Lebanon within 36 hours. However, not everyone in Israel is satisfied with the proposed ceasefire agreement, reports [Reuters](https://www.reuters.com/world/middle-east/israel-moving-towards-hezbollah-ceasefire-issues-remain-spokesperson-says-2024-11-25/).\nWhite House national security spokesperson John Kirby stated in Washington that they are close to finalizing the agreement. However, he emphasized that nothing is done until everything is done.\nThe French presidency noted that significant progress has been made in the negotiations for the ceasefire. A high-ranking Israeli official in Jerusalem indicated that the Israeli government would convene on Tuesday, November 26, to approve the ceasefire agreement with Hezbollah.\nPrime Minister Benjamin Netanyahu's office declined to comment on reports regarding the agreement text. However, the Israeli official told Reuters that the Israeli Cabinet plans to approve the text of the agreement on Tuesday.\nEarlier, Israeli officials had mentioned that the ceasefire agreement was nearing completion, though some issues remain unresolved. Two senior Lebanese officials expressed cautious optimism, even as Israeli airstrikes and Hezbollah's rocket attacks continue.\nSerious obstacles have been overcome\nIsrael's ambassador to the United Nations, Danny Danon, stated that the Israeli government would maintain the ability to strike southern Lebanon under any agreement. This comes despite the Lebanese government's earlier opposition to wording that would grant Israel such a right.\nIn Beirut, Elias Bou Saab, Lebanon's deputy parliament speaker, told the agency that there are no serious obstacles left for the implementation of the proposed US-led ceasefire regime with Israel, unless Netanyahu changes his mind.\nHe noted that the proposal includes the withdrawal of Israeli forces from southern Lebanon and the deployment of the regular Lebanese army in the border region, which has long been a stronghold of Hezbollah, within 60 days.\nAccording to Saab, the issue of who would oversee the implementation of the ceasefire has been resolved in the past 24 hours. A five-nation committee, led by the US, will be responsible for this. One of these countries is France.\nCautious skepticism\nMeanwhile, the administration of US President Joe Biden has emphasized diplomatic efforts to end the conflict in Lebanon, despite the total freeze of all negotiations regarding the parallel war in the Gaza Strip.\nDiplomacy regarding Lebanon is focused on restoring a ceasefire regime based on United Nations Security Council Resolution 1701, which ended the last major war between Israel and the group in 2006.\nThe resolution requires Hezbollah to withdraw its fighters approximately 30 km from the Israeli border, beyond the Litani River, while the regular Lebanese army is to enter the border region.\nIsrael and Hezbollah have accused each other of failing to implement the agreement in the past. Tel Aviv claims that the new ceasefire should allow it to strike all Hezbollah fighters and weapons remaining south of the river.\nThe deal could also reveal splits within Benjamin Netanyahu’s right-wing government. Far-right national security minister, Itamar Ben-Gvir stated that Israel should continue the war until absolute victory, urging Netanyahu, \"It is not too late to stop this agreement!\"\nIn northern Israel, several mayors of border towns expressed dissatisfaction with the prospects of a ceasefire. They fear that the monitoring provisions will not prevent Hezbollah from reestablishing its positions in the border region.\nAdditionally, on November 14, the US ambassador to Lebanon, Lisa Johnson, handed over the draft ceasefire agreement to the Lebanese government.\nIsrael-Hezbollah war\nSince the beginning of the war between Israel and the Palestinian group Hamas in the Gaza Strip, Hezbollah militants, supported by Iran, have begun launching rockets at Israeli territory.\nIn recent months, mutual shelling has escalated significantly, and in early October, the Israeli army entered southern Lebanon to push the terrorists further away from the border between the two countries.\nDespite the reported progress in negotiations, hostilities have intensified. Over the weekend, Israel carried out powerful airstrikes on Beirut, one of which killed at least 29 people. In response, [Hezbollah fired 250 rockets at Israel.](https://newsukraine.rbc.ua/news/hezbollah-launches-rockets-at-tel-aviv-casualties-1732487304.html)\nOn November 23, [the Israeli army attacked Islamist targets in the Lebanese district of Dahieh and central Beirut.](https://newsukraine.rbc.ua/news/idf-reveals-targets-of-recent-strikes-on-1732400658.html)\nThe day before, [the IDF struck Hezbollah's weapons manufacturing centers in Beirut.](https://newsukraine.rbc.ua/news/iaf-struck-hezbollah-weapon-production-centers-1732232079.html)",
    "highlightText": "",
    "highlightTitle": "",
    "highlightThreadTitle": "",
    "language": "english",
    "sentiment": "positive",
    "categories": [
        "Politics",
        "War, Conflict and Unrest",
        "Social Issue"
    ],
    "ai_allow": true,
    "canonical": false,
    "webz_reporter": false,
    "external_links": [
        "https://www.reuters.com/world/middle-east/israel-moving-towards-hezbollah-ceasefire-issues-remain-spokesperson-says-2024-11-25/",
        "https://www.reuters.com/world/middle-east/israel-moving-towards-hezbollah-ceasefire-issues-remain-spokesperson-says-2024-11-25",
        "https://reuters.com/world/middle-east/israel-moving-towards-hezbollah-ceasefire-issues-remain-spokesperson-says-2024-11-25/"
    ],
    "external_images": [],
    "entities": {
        "persons": [
            {
                "name": "Biden",
                "sentiment": "negative"
            },
            {
                "name": "Joe B",
                "sentiment": "negative"
            },
            {
                "name": "Benjamin Netanyahu",
                "sentiment": "none"
            },
            {
                "name": "Emmanuel Macron",
                "sentiment": "none"
            },
            {
                "name": "John Kirby",
                "sentiment": "none"
            }
        ],
        "organizations": [
            {
                "name": "Hezbollah",
                "sentiment": "negative"
            },
            {
                "name": "White House",
                "sentiment": "none"
            },
            {
                "name": "Reuters",
                "sentiment": "none"
            }
        ],
        "locations": []
    },
    "syndication": {
        "syndicated": false,
        "syndicate_id": null,
        "first_syndicated": false
    },
    "rating": null,
    "crawled": "2024-11-26T02:08:34.186+02:00",
    "updated": "2024-11-26T02:08:34.186+02:00"
}