{
    "thread": {
        "uuid": "77c0fa54e75321510294da39f31dfb4de4529e35",
        "url": "https://trendingpoliticsnews.com/new-trump-issues-endorsement-for-matt-gaetzs-vacated-house-seat-mace",
        "site_full": "trendingpoliticsnews.com",
        "site": "trendingpoliticsnews.com",
        "site_section": "http://thebluestateconservative.com/rss",
        "site_categories": [],
        "section_title": "Trending Politics Conservative Breaking News and Commentary",
        "title": "NEW: Trump Issues Endorsement For Matt Gaetz’s Vacated House Seat",
        "title_full": "NEW: Trump Issues Endorsement For Matt Gaetz’s Vacated House Seat",
        "published": "2024-11-26T01:47:00.000+02:00",
        "replies_count": 0,
        "participants_count": 1,
        "site_type": "news",
        "country": "US",
        "main_image": "",
        "performance_score": 0,
        "domain_rank": 102380,
        "domain_rank_updated": "2024-11-18T23:00:00.000+02:00",
        "social": {
            "facebook": {
                "likes": 0,
                "comments": 0,
                "shares": 0
            },
            "vk": {
                "shares": 0
            }
        }
    },
    "uuid": "77c0fa54e75321510294da39f31dfb4de4529e35",
    "url": "https://trendingpoliticsnews.com/new-trump-issues-endorsement-for-matt-gaetzs-vacated-house-seat-mace",
    "ord_in_thread": 0,
    "parent_url": null,
    "author": "Chris Powell",
    "published": "2024-11-26T01:47:00.000+02:00",
    "title": "NEW: Trump Issues Endorsement For Matt Gaetz’s Vacated House Seat",
    "text": "President-elect Donald Trump has announced his endorsement of Florida’s Chief Financial Officer, Jimmy Patronis, as a potential candidate for the congressional seat vacated by former Rep. Matt Gaetz (R-FL).\nIn a post on his social media platform Monday morning, Trump praised Patronis for his work as Florida’s CFO and State Fire Marshal. “Jimmy has been a wonderful friend to me, and to MAGA,” Trump wrote. “As your next Congressman, Jimmy would work tirelessly alongside of me to Grow our Economy, Secure our Border, Stop Migrant Crime, Strengthen our Incredible Military/Vets, Restore American Energy DOMINANCE, and Defend our always under siege Second Amendment.”\nPatronis, a fourth-generation Floridian from the Panhandle, has served as Florida’s CFO since 2017. Known for his business acumen and roots in the community, he has been a vocal supporter of Trump’s policies, particularly on issues like border security and energy independence. As CFO, Patronis also plays a key role in overseeing the state’s finances and responding to natural disasters, such as hurricanes.\n“RUN, JIMMY, RUN!” Trump concluded in his post.\nView this post on Instagram\nA post shared by Jimmy Patronis (@jpatronis)\nOn Monday, Patronis announced his resignation from his Cabinet role, which will take effect on March 31. In his resignation letter addressed to Gov. Ron DeSantis and Byrd, Patronis reflected on his achievements, stating, “Together, we have worked with the Florida Legislature to provide benefits for mental health and cancer for Florida’s first responders. They are always there when we need them, and in return, we showed up for them in their time of need.” His departure paves the way for Gov. DeSantis to appoint a successor who will serve out the last two years of the chief financial officer’s term.\n“Put me to work, Mr. President! @realDonaldTrump I am here to serve. 🫡” Patronis replied on X on Monday.\nPut me to work, Mr. President! @realDonaldTrump I am here to serve. 🫡 https://t.co/5HcxBtJAmk\n— Jimmy Patronis (@JimmyPatronis) November 25, 2024\nThe seat in Florida’s 1st Congressional District became vacant after Gaetz withdrew his bid for attorney general following his resignation from Congress amid controversies. Gaetz had faced scrutiny over his conduct, including a Department of Justice investigation as part of a sex trafficking probe. While no charges were filed and Gaetz was never charged with a crime, the investigation and mounting criticism led Gaetz to step away, stating he did not want to be a “distraction.”\nPatronis becomes the clear frontrunner with Trump’s endorsement. The endorsement also adds pressure on Florida Gov. Ron DeSantis, a frequent political rival of Trump. DeSantis has yet to weigh in on the race, but Trump’s backing of Patronis could signal a broader effort to influence appointments and elections in Florida as Trump prepares to return to the White House.\nOfficials eyeing a bid in the special election to succeed Gaetz must submit their resign-to-run letters by Monday if they wish to retain their current positions during the campaign. Already, two state legislators and one local elected official have announced their intentions to enter the race.\nPatronis’ congressional bid requires DeSantis to appoint his replacement until the 2026 elections. State Sen. Joe Gruters, a Trump ally at odds with DeSantis, is campaigning for the role, raising questions about whether DeSantis will choose a contender capable of challenging Gruters.\nYOURS FREE: Claim Your ‘Trump Victory’ Coin NOW!",
    "highlightText": "",
    "highlightTitle": "",
    "highlightThreadTitle": "",
    "language": "english",
    "sentiment": "positive",
    "categories": [
        "Politics",
        "Social Issue",
        "Human Interest"
    ],
    "ai_allow": true,
    "canonical": false,
    "webz_reporter": false,
    "external_links": [],
    "external_images": [],
    "entities": {
        "persons": [],
        "organizations": [],
        "locations": []
    },
    "syndication": {
        "syndicated": false,
        "syndicate_id": null,
        "first_syndicated": false
    },
    "rating": null,
    "crawled": "2024-11-26T01:51:31.969+02:00",
    "updated": "2024-11-26T10:35:27.189+02:00"
}