{
    "thread": {
        "uuid": "eb8cff8dd642eb79c0b4a60307ad359814a4c512",
        "url": "https://www.nebraska.tv/news/local/farmers-surprised-by-trumps-usda-pick-eager-for-change-with-new-administration",
        "site_full": "www.nebraska.tv",
        "site": "nebraska.tv",
        "site_section": "https://www.nebraska.tv/news/local",
        "site_categories": [
            "media"
        ],
        "section_title": "chevron-right",
        "title": "Farmers surprised by Trump’s USDA pick, eager for change with new administration",
        "title_full": "Farmers surprised by Trump’s USDA pick, eager for change with new administration",
        "published": "2024-11-25T23:59:00.000+02:00",
        "replies_count": 0,
        "participants_count": 1,
        "site_type": "news",
        "country": "US",
        "main_image": "https://nebraska.tv/resources/media2/16x9/1280/986/center/90/14313bd9-f51f-4cd4-af51-9be537933abf-PFarmChallengesmichaeldibbern3.jpg",
        "performance_score": 0,
        "domain_rank": 52620,
        "domain_rank_updated": "2024-11-18T23:00:00.000+02:00",
        "social": {
            "facebook": {
                "likes": 0,
                "comments": 0,
                "shares": 0
            },
            "vk": {
                "shares": 0
            }
        }
    },
    "uuid": "eb8cff8dd642eb79c0b4a60307ad359814a4c512",
    "url": "https://www.nebraska.tv/news/local/farmers-surprised-by-trumps-usda-pick-eager-for-change-with-new-administration",
    "ord_in_thread": 0,
    "parent_url": null,
    "author": "Steve White",
    "published": "2024-11-25T23:59:00.000+02:00",
    "title": "Farmers surprised by Trump’s USDA pick, eager for change with new administration",
    "text": "LINCOLN, Neb. — Farm leaders look forward to a new administration but the president-elect’s choice to lead the Department of Agricultures comes as a surprise.\nPresident-Elect Donald Trump has nominated Brooke Rollins to lead the USDA. While many of the names that were reportedly in consideration are well known to ag leaders, Rollins appears to have caught farmers by surprise.\n“Kind of out of nowhere. She sounds like one who’s got good grassroots experience in agriculture and look forward to working with her,” said Michael Dibbern of the Nebraska Corn Growers Association.\nRollins brings a background in policy, running a think tank focused on the economy, health care, and education. It’s not clear how familiar she is with major initiatives at the USDA but Rollins claims Texas farm roots, growing up with 4-H and FFA. More than anything, Midwest ag leaders expect the administration to welcome their input.\n“Friendlier tone to production agriculture,” Dibbern said.\nThe USDA has offices across rural America and touches urban Americans through nutrition programs. The future of those programs is in question, as the farm bill has expired and congress has so far failed to act.\n“They’re going to punt it to next year when Congress gets seated and everything shakes out. They’re just going to go out and pass an extension. I think for sure that will happen in the lame duck session,” Dibbern said.\nFarmers expect a change in tone. The Biden administration championed climate and diversity and a new trump term will almost certainly change course. Mark McHargue of Nebraska Farm Bureau said farmers can both increase production and do things in a more environmentally sustainable way.\nHe just returned from a trip to the United Kingdom where he said farmers are frustrated by government. McHargue said he would like to see the USDA strike a new chord.\n“Really commit to growing agriculture in our country, not just sustaining it, not just putting small fixes in,” McHargue said.\nCorn growers hope to see less emphasis on electric vehicles and more talk of ethanol as President Trump has supported higher blends year round.\n“We’ve had this E15 bill from Sen. Fischer been on the back burner for a long time. This would be a great opportunity to attach that to that [farm bill] extension, let’s make it law, let’s codify it and make it available year-round, nationwide,” Dibbern said.\nAnd while farmers generally express strong support for Trump, there are some questions about his choice of Robert Kennedy on health issues, given RFK Jr.’s opposition to modern agricultural practices plus economists have concerns about the potential for another trade war.\nDirector Sherry Vinton of the Nebraska Department of Agriculture said, “People were concerned, justifiably so, about tariffs. Agriculture’s one of the first things to get hurt but we have also worked very hard in Nebraska to diversify our markets and not be so reliant on one trade partner.”\nNebraska ag leaders would like to see some folks with Midwest ag roots in key roles in the new administration. One name that’s been floated is Greg Ibach of Sumner, who served in the last Trump administration.\n“Greg Ibach did a great job when he was director of agriculture in Nebraska and he did a great job as an undersecretary before for Pres. Trump and it would be fantastic to see somebody from Nebraska in a role where they can truly make a difference for trade,” Vinton said.\nAg leaders gathered in Lincoln on Monday for the Alliance for the Future of Agriculture in Nebraska (AFAN) annual meeting. They heard from state officials who report beef exports are up, there’s interest in expanding not just cattle and hog farms but everything from chickens to salmon.",
    "highlightText": "",
    "highlightTitle": "",
    "highlightThreadTitle": "",
    "language": "english",
    "sentiment": "positive",
    "categories": [
        "Politics",
        "Economy, Business and Finance"
    ],
    "ai_allow": true,
    "canonical": false,
    "webz_reporter": false,
    "external_links": [],
    "external_images": [],
    "entities": {
        "persons": [
            {
                "name": "Michael Dibbern",
                "sentiment": "none"
            },
            {
                "name": "Brooke Rollins",
                "sentiment": "none"
            },
            {
                "name": "Donald Trump",
                "sentiment": "none"
            }
        ],
        "organizations": [
            {
                "name": "USDA",
                "sentiment": "negative"
            },
            {
                "name": "Nebraska Corn Growers Association",
                "sentiment": "none"
            }
        ],
        "locations": []
    },
    "syndication": {
        "syndicated": false,
        "syndicate_id": null,
        "first_syndicated": false
    },
    "rating": null,
    "crawled": "2024-11-26T01:55:57.477+02:00",
    "updated": "2024-11-26T01:55:57.477+02:00"
}