{
    "thread": {
        "uuid": "a62fec1e86e2fbfbf9350dfccb9debb9c0c9ed97",
        "url": "https://breakingdefense.com/2024/11/israel-to-buy-new-corvettes-hundreds-of-jltvs",
        "site_full": "breakingdefense.com",
        "site": "breakingdefense.com",
        "site_section": "https://breakingdefense.com/full-rss-feed/?v=2https://breakingdefense.com/full-rss-feed/?v=2",
        "site_categories": [
            "media"
        ],
        "section_title": "Breaking DefenseFull RSS Feed - Breaking Defense",
        "title": "Israel to buy new Corvettes, ‘hundreds’ of JLTVs",
        "title_full": "Israel to buy new Corvettes, ‘hundreds’ of JLTVs",
        "published": "2024-11-25T23:30:00.000+02:00",
        "replies_count": 0,
        "participants_count": 1,
        "site_type": "news",
        "country": "US",
        "main_image": "https://breakingdefense.com/wp-content/uploads/sites/3/2022/09/7376919-scaled-e1663702547702-1024x576.jpg",
        "performance_score": 0,
        "domain_rank": 8236,
        "domain_rank_updated": "2024-11-18T23:00:00.000+02:00",
        "social": {
            "facebook": {
                "likes": 0,
                "comments": 0,
                "shares": 0
            },
            "vk": {
                "shares": 0
            }
        }
    },
    "uuid": "a62fec1e86e2fbfbf9350dfccb9debb9c0c9ed97",
    "url": "https://breakingdefense.com/2024/11/israel-to-buy-new-corvettes-hundreds-of-jltvs",
    "ord_in_thread": 0,
    "parent_url": null,
    "author": "Seth J. Frantzman",
    "published": "2024-11-25T23:30:00.000+02:00",
    "title": "Israel to buy new Corvettes, ‘hundreds’ of JLTVs",
    "text": "× Close Signup Modal Breaking Defense In your inbox Want the latest defense industry news? Sign up for the Breaking Defense newsletter.\nWe will never sell or share your information without your consent. See our privacy policy . Air Land Naval Space Networks Multi-Domain Business Congress Pentagon Global Search for: Featured: CCA Video Series » Indo-Pacific » 2025 Budget » Global , Land Warfare , Naval Warfare Israel to buy new Corvettes, ‘hundreds’ of JLTVs Israel has not specified how much each deal is worth, but in a statement described the two packages as a “multi-billion Shekel” expenditure. By Seth J. Frantzman on November 25, 2024 at 4:30 PM Driving through off-road obstacles showcases the Joint Light Tactical Vehicles’ capabilities to maneuver over uneven surfaces at Fort McCoy, Wisconsin, Aug. 17, 2022. (Spc. Brittney Joy/US Army)\nJERSUALEM — The Israeli Ministry of Defense has approved a major new procurement deal to acquire five new corvettes for the Israeli navy and “hundreds” of new Joint Light Tactical Vehicles for the ground forces.\nIsrael has not specified how much each deal is worth, but in a statement described the two packages as a “multi-billion Shekel” expenditure.\nThe Hamas attack on Oct. 7, 2023 has led to the fast-tracking of a number of procurement deals, but this most recent announcement is the first to come from the Nagel Committee, a commission stood up in August. Chaired by Prof. Jacob Nagel, the commission was established by Prime Minister Benjamin Netanyahu with the goal of “formulating recommendations on the force building needs and the security budget in the coming decade.”\nThe Israel Military Procurement Ministerial Committee approved the two acquisitions. They will now be submitted to the Knesset’s Joint Committee for the Defense Budget; however, the government did not give a timeline for when the Knesset submission and subsequent vote will happen\nThe new “next generation” advanced missile ships will be built by Israel Shipyards, and dubbed the Reshef-class, named after one of the older Sa’ar 4 class ships that have since been retired. The new Reshef-class frigates will replace the Sa’ar 4.5-class missile boats which Israel has used since the 1980s. These eight ships, which were launched between 1981 to 2003, are set to be decommissioned.\nPlans for the new Reshef class ships go back several years. Naval News reported in July 2023 that the ships will include a main gun at the bow, as well as the new C-Dome air defense system, which is the naval version of Iron Dome.\nThe Israeli navy has undergone a major expansion in the last decade, with four new Sa’ar 6 naval ships that began to be commissioned in 2022, as well as new submarines. The Israeli navy currently has four active Sa’ar 6 ships, which first saw action in the recent war against Hamas in Gaza. It also has three Sa’ar 5 corvettes as well as eight of the Sa’ar 4.5. Meanwhile, the IDF held a naming ceremony for its sixth submarine in Germany on Nov. 12. The Israeli navy was also bolstered by two new landing craft that began arriving in 2023.\nThe overall cost of the five ships was not revealed. However, the Sa’ar 6 cost more than $400 million each.\nIsrael Shipyards built the original Reshef class Sa’ar 4 back in the 1960s. The company describes itself as the “first in the Western world to design and build a fast-attack missile boat. … At that time, it was a new concept to use relatively small, fast missile-equipped craft to meet threats in the naval arena.”\nThe Shipyards currently offer a 72 meter and 80 meter version of the Sa’ar series of ships, which they call Sa’ar -72 and Sa’ar-80 respectively. A report in 2022 said the Sa’ar 80 would be the export version of the new Reshef class; the firm that year said that “The S80 will be the flagship of the Israel Shipyards for the next decades and she will serve the Israeli Navy and many other navies around the world.”\nIn addition to the ships, Israel is procuring hundreds of new JLTVs. Oshkosh is the current procurer on the JLTV, but AM General in 2023 won the right to produce the US Army’s next-generation of vehicles. Which company’s version Israeli would receive could depend on when an order is officially placed.\n“These armored combat mobility vehicles will be supplied to the IDF’s maneuvering forces in the coming years,” the Defense Ministry noted in a post on social media. The vehicles, which first entered service in the US in 2019, will bolster Israel’s ground forces by giving new options in place of aging Humvees, which have been used widely in the 2024 war.\nIn December 2023 Oshkosh Defense said it would fulfill two Israeli orders for a total of seventy-five of the 4X4 JLTVs. In 2020 Rafael Advanced Defense Systems showcased its Spike LR on a JLTV in Slovenia and Elbit has equipped weapon stations on JLTVs for Montenegro. The CH-53K which Israel is also acquiring can lift JLTVs, a point Lockheed Martin highlighted in a 2018 Hebrew statement about the heavy lifter.\nNetworks & Digital Warfare, Sponsored Weapons and radars built with modular design are relevant and flexible as threats evolve Networks & Digital Warfare, Sponsored Weapons and radars built with modular design are relevant and flexible as threats evolve Networks & Digital Warfare, Sponsored Weapons and radars built with modular design are relevant and flexible as threats evolve Next-generation modular radars and new composable weapon capabilities solve a critical problem for the U.S. and allied militaries.\nFrom Breaking Defense Next-generation modular radars and new composable weapon capabilities solve a critical problem for the U.S. and allied militaries.\nFrom Breaking Defense Recommended ‘Everybody’s going to have to figure this out’: Army, Air Force debate base defense amid new threats Air Force Secretary Frank Kendall recently suggested his service could take over the task of defending its air bases from the Army, as long as adequate funding was provided.\nBy Michael Marrow\nRecommended ‘Everybody’s going to have to figure this out’: Army, Air Force debate base defense amid new threats Saudi Arabia reveals strides in local defense production as it races towards ambitious 2030 goal",
    "highlightText": "",
    "highlightTitle": "",
    "highlightThreadTitle": "",
    "language": "english",
    "sentiment": "positive",
    "categories": [
        "Politics",
        "Human Interest",
        "War, Conflict and Unrest"
    ],
    "ai_allow": true,
    "canonical": false,
    "webz_reporter": false,
    "external_links": [],
    "external_images": [],
    "entities": {
        "persons": [],
        "organizations": [],
        "locations": []
    },
    "syndication": {
        "syndicated": false,
        "syndicate_id": null,
        "first_syndicated": false
    },
    "rating": null,
    "crawled": "2024-11-26T01:42:34.216+02:00",
    "updated": "2024-11-26T03:45:55.440+02:00"
}