{
    "thread": {
        "uuid": "3cfc4d5b8e941dbd90daac743e58173a739fbc98",
        "url": "https://www.youtube.com/watch?v=tuJW0WMbp0M",
        "site_full": "www.youtube.com",
        "site": "youtube.com",
        "site_section": "https://feeder.co/out/folder/07af1ba519.rss",
        "site_categories": [
            "television",
            "",
            "entertainment"
        ],
        "section_title": "Audio and Video News",
        "site_title": "YouTube",
        "title": "PM Modi Addresses Indian Diaspora In Oman, Praises Community As Model Of Co-Existence & Cooperation",
        "title_full": "PM Modi Addresses Indian Diaspora In Oman, Praises Community As Model Of Co-Existence & Cooperation",
        "published": "2025-12-18T12:14:00.000+02:00",
        "replies_count": 0,
        "participants_count": 1,
        "site_type": "news",
        "country": "US",
        "main_image": "https://i.ytimg.com/vi/tuJW0WMbp0M/maxresdefault.jpg",
        "performance_score": 0,
        "domain_rank": 9,
        "domain_rank_updated": "2025-12-14T23:00:00.000+02:00",
        "licensing_agency": [],
        "social": {
            "facebook": {
                "likes": 0,
                "comments": 0,
                "shares": 0
            },
            "vk": {
                "shares": 0
            }
        }
    },
    "uuid": "3cfc4d5b8e941dbd90daac743e58173a739fbc98",
    "url": "https://www.youtube.com/watch?v=tuJW0WMbp0M",
    "ord_in_thread": 0,
    "author": "Times Now",
    "published": "2025-12-18T12:14:00.000+02:00",
    "title": "PM Modi Addresses Indian Diaspora In Oman, Praises Community As Model Of Co-Existence & Cooperation",
    "text": "PM Modi Addresses Indian Diaspora In Oman, Praises Community As Model Of Co-Existence & CooperationPM Modi interacted with members of the Indian diaspora during his visit to Oman, praising the community as a living example of co-existence and cooperation. Addressing Indians and students in Muscat, PM Modi highlighted their contribution to strengthening India–Oman ties and applauded their role in showcasing India’s values and culture abroad. #pmmodi #indiandiaspora #omanvisit #indiainoman #modiinoman #foreignpolicy #diplomacy #indiaglobal Times Now - Times Now News channel examines news with in-depth analysis. We provide much more than the latest news and breaking news of the day. Times Network houses upscale television channels. Times Network takes the lead with its ground-breaking innovation and disruption of a new content category. The Times Network channels, which have a global footprint in 100 countries, inform, entertain, and engage viewers of all ages with fascinating and intriguing content, news, and information. Subscribe to our channel - https://bit.ly/SubscribeToTimesNow Check out our website: https://www.timesnownews.com Times Now News App : https://bit.ly/3AD5qqN Connect with us on our social media handles: Facebook: https://www.facebook.com/Timesnow Twitter: https://twitter.com/timesnow Instagram: https://instagram.com/timesnow Subscribe to our other network channels: Times Now Navbharat: https://bit.ly/SubscribeToTNNavbharat Zoom: https://bit.ly/SubscribeToZoom Mirror Now: https://bit.ly/SubscribeToMirrorNow ET Now: https://bit.ly/SubscribeToETNow TN+: https://bit.ly/SubscribeToTNPlus Chapters: 0:00 Introduction: Embracing a Stress-Free Exam Experience 1:01 India's Economic Growth: Fastest Growing Major Economy 3:26 Education Expansion: New Colleges and Medical Institutions 5:37 Advancements in Solar Energy and Infrastructure Development 7:57 India's Digital Public Infrastructure: UPI and Real-Time Payments 10:29 DigiLocker: Revolutionizing Document Management for Students 11:40 India's Space Aspirations: Achievements and Future Missions 13:45 International Space Cooperation: India and Oman Partnership 15:02 Global Solutions: India's Role in Improving Lives Worldwide 16:54 Healthcare Innovations: India as the Pharmacy of the World 18:01 21st Century Leadership: India's Vision for Global Impact 19:43 Support for Indian Diaspora: Government Initiatives in Oman 20:29 Strengthening India-Oman Relations: Education and Entrepreneurship 21:32 Inspiring the Youth: Dream Big and Innovate Boldly 23:10 Prime Minister Modi's Visit: Strengthening Bilateral Relations with Oman",
    "highlightText": "",
    "highlightTitle": "",
    "highlightThreadTitle": "",
    "language": "english",
    "sentiment": "positive",
    "categories": [
        "Politics",
        "Social Issue"
    ],
    "topics": [
        "Politics->diplomacy",
        "Politics->international relations",
        "Politics->political development",
        "Social Issue->immigration",
        "Social Issue->communities",
        "Social Issue->social condition"
    ],
    "ai_allow": true,
    "has_canonical": false,
    "breaking": false,
    "webz_reporter": false,
    "external_links": [
        "https://bit.ly/3AD5qqN",
        "https://www.timesnownews.com",
        "https://bit.ly/SubscribeToTimesNow",
        "https://bit.ly/SubscribeToETNow",
        "https://bit.ly/SubscribeToMirrorNow",
        "https://bit.ly/SubscribeToZoom",
        "https://bit.ly/SubscribeToTNPlus",
        "https://www.facebook.com/Timesnow",
        "https://twitter.com/timesnow",
        "https://instagram.com/timesnow",
        "https://bit.ly/SubscribeToTNNavbharat",
        "https://www.bit.ly/SubscribeToETNow",
        "https://www.bit.ly/SubscribeToMirrorNow",
        "https://timesnownews.com",
        "https://www.bit.ly/SubscribeToZoom",
        "https://www.bit.ly/SubscribeToTNNavbharat",
        "https://www.instagram.com/timesnow",
        "https://www.bit.ly/SubscribeToTNPlus",
        "https://www.twitter.com/timesnow",
        "https://www.bit.ly/3AD5qqN",
        "https://facebook.com/Timesnow",
        "https://www.bit.ly/SubscribeToTimesNow"
    ],
    "external_images": [],
    "internal_images": [],
    "entities": {
        "persons": [
            {
                "name": "Modi",
                "sentiment": "none"
            }
        ],
        "locations": [],
        "organizations": [
            {
                "name": "Times Network",
                "sentiment": "none",
                "tickers": [
                    {
                        "ticker": null,
                        "exchange": null
                    }
                ]
            }
        ]
    },
    "syndication": {
        "syndicated": false,
        "syndicate_id": null,
        "first_syndicated": false
    },
    "trust": {
        "categories": [
            "fake_news"
        ],
        "top_news": [],
        "bias": "left",
        "source": {
            "type": null,
            "city": null,
            "state": null,
            "country": null,
            "domain_type": null,
            "agency": null,
            "organization_name": null
        }
    },
    "rating": null,
    "crawled": "2025-12-18T12:37:46.922+02:00",
    "updated": "2025-12-18T12:41:51.000+02:00"
}