{
    "thread": {
        "uuid": "0999d41751c8028b517dafa1bac4f16124a3daa5",
        "url": "https://en.vijesti.me/news-b/politika/788056/spajic-stav-njemacke-o-clanstvu-crne-gore-u-eu-potvrda-da-su-nasi-napori-vrijedni-truda",
        "site_full": "en.vijesti.me",
        "site": "vijesti.me",
        "site_section": "https://en.vijesti.me",
        "site_categories": [],
        "section_title": "Vijesti online - The latest from Montenegro and the world",
        "site_title": "Vijesti online - Najnovije iz Crne Gore i svijeta",
        "title": "Spajić: Germany's position on Montenegro's EU membership is confirmation that our efforts are worthwhile",
        "title_full": "Spajić: Germany's position on Montenegro's EU membership is confirmation that our efforts are worthwhile",
        "published": "2025-12-18T12:27:46.278+02:00",
        "replies_count": 0,
        "participants_count": 1,
        "site_type": "news",
        "country": "ME",
        "main_image": "https://www.vijesti.me/data/images/2025/12/18/11/5693163_54991583743-ec37040e5b-k_share.jpg",
        "performance_score": 0,
        "domain_rank": 16085,
        "domain_rank_updated": "2025-12-14T23:00:00.000+02:00",
        "licensing_agency": [],
        "social": {
            "facebook": {
                "likes": 0,
                "comments": 0,
                "shares": 0
            },
            "vk": {
                "shares": 0
            }
        }
    },
    "uuid": "0999d41751c8028b517dafa1bac4f16124a3daa5",
    "url": "https://en.vijesti.me/news-b/politika/788056/spajic-stav-njemacke-o-clanstvu-crne-gore-u-eu-potvrda-da-su-nasi-napori-vrijedni-truda",
    "ord_in_thread": 0,
    "author": "@Vijestime",
    "published": "2025-12-18T12:27:46.278+02:00",
    "title": "Spajić: Germany's position on Montenegro's EU membership is confirmation that our efforts are worthwhile",
    "text": "The expansion of the European Union is inevitable, and Montenegro is the first among the candidates to turn its chance into a result.\nThe Prime Minister's Office announced that this was the message of the meeting between Prime Minister Milojko Spajić and German State Minister for Europe Günter Krihbau, which was held today in Berlin.\n\"Germany's very clear position on Montenegro's membership in the European Union is not only an encouragement for our administration, but also confirmation from one of the most important European addresses that our efforts are worth the effort,\" Spajić said.\nHe discussed the current situation with the German minister and pointed out the importance of closing the five negotiation chapters at the recently held Intergovernmental Conference in Brussels.\n\"The meeting discussed the dynamics of further closing the chapter during 2026 and expressed confidence that all branches of government, as in the previous two years, will be fully aligned with Montenegro's strategic interest - namely full membership in 2028. On this path, said the German Minister for Europe, official Berlin stands by Montenegro, ready to support our country in achieving this foreign policy goal on the basis of excellent bilateral relations and cooperation within NATO,\" the statement reads.\nBonus video:",
    "highlightText": "",
    "highlightTitle": "",
    "highlightThreadTitle": "",
    "language": "english",
    "sentiment": "positive",
    "categories": [
        "Politics"
    ],
    "topics": [
        "Politics->international relations",
        "Politics->political development",
        "Politics->political process"
    ],
    "ai_allow": true,
    "has_canonical": false,
    "breaking": false,
    "webz_reporter": false,
    "external_links": [],
    "external_images": [],
    "internal_images": [],
    "entities": {
        "persons": [],
        "locations": [],
        "organizations": []
    },
    "syndication": {
        "syndicated": false,
        "syndicate_id": null,
        "first_syndicated": false
    },
    "trust": {
        "categories": [],
        "top_news": [],
        "bias": null,
        "source": {
            "type": null,
            "city": null,
            "state": null,
            "country": null,
            "domain_type": null,
            "agency": null,
            "organization_name": null
        }
    },
    "rating": null,
    "crawled": "2025-12-18T12:27:46.278+02:00",
    "updated": "2025-12-18T12:29:08.000+02:00"
}