{
    "thread": {
        "uuid": "a7b54c5e78f72ed0a2c97f31e068845306708cdc",
        "url": "https://en.axar.az/news/world/1043877.html",
        "site_full": "en.axar.az",
        "site": "axar.az",
        "site_section": "https://en.axar.az/",
        "site_categories": [
            "media"
        ],
        "section_title": "AXAR.AZ English version",
        "site_title": "Axar.Az - Operativ xəbər portalı, son xəbərlər, yeni xəbərlər, ən son xəbərlər, xeber, xeberler, son xeberler, en son xeberler",
        "title": "Nato spending pledge Trump's biggest foreign policy success",
        "title_full": "Nato spending pledge Trump's biggest foreign policy success",
        "published": "2025-12-18T11:10:00.000+02:00",
        "replies_count": 0,
        "participants_count": 0,
        "site_type": "news",
        "country": "AZ",
        "main_image": "https://axar.az/media/2024/10/15/mark-rutte-nato.jpg",
        "performance_score": 0,
        "domain_rank": 65962,
        "domain_rank_updated": "2025-12-14T23:00:00.000+02:00",
        "licensing_agency": [],
        "social": {
            "facebook": {
                "likes": 0,
                "comments": 0,
                "shares": 0
            },
            "vk": {
                "shares": 0
            }
        }
    },
    "uuid": "a7b54c5e78f72ed0a2c97f31e068845306708cdc",
    "url": "https://en.axar.az/news/world/1043877.html",
    "ord_in_thread": 0,
    "author": null,
    "published": "2025-12-18T11:10:00.000+02:00",
    "title": "Nato spending pledge Trump's biggest foreign policy success",
    "text": "Nato countries' pledge to spend 5% of their economic output on defence is Donald Trump's \"biggest foreign policy success,\" the alliance's chief has said.\nAxar.az informs In an interview with the BBC, Mark Rutte said it was thanks to Donald Trump that Nato was \"stronger than it ever was\", adding that Trump \"is good news for collective defence, for Nato and for Ukraine\".\nThe Nato secretary general said it was \"insane\" that Putin's pursuit of his \"historical idea that you want to regain access to Ukraine\" - or over the entire territory that used to constitute the former Soviet Union - had caused the death or serious injury to 1.1m of his people.\nThe Nato chief told the BBC that \"Russia will see that, with the security guarantees in place, he should never ever try again to attack Ukraine because our reaction will be devastating and that's exactly what we are now discussing\".",
    "highlightText": "",
    "highlightTitle": "",
    "highlightThreadTitle": "",
    "language": "english",
    "sentiment": "positive",
    "categories": [
        "Politics"
    ],
    "topics": [
        "Politics->defence",
        "Politics->government policy",
        "Politics->international relations"
    ],
    "ai_allow": true,
    "has_canonical": false,
    "breaking": false,
    "webz_reporter": false,
    "external_links": [
        "https://www.bbc.com/news/articles/cx2p4vw595jo",
        "https://bbc.com/news/articles/cx2p4vw595jo"
    ],
    "external_images": [],
    "internal_images": [],
    "entities": {
        "persons": [
            {
                "name": "Donald Trump",
                "sentiment": "negative"
            },
            {
                "name": "Mark Rutte",
                "sentiment": "none"
            },
            {
                "name": "Putin",
                "sentiment": "none"
            }
        ],
        "locations": [
            {
                "name": "Soviet",
                "sentiment": "none"
            }
        ],
        "organizations": [
            {
                "name": "Nato",
                "sentiment": "none",
                "tickers": [
                    {
                        "ticker": null,
                        "exchange": null
                    }
                ]
            },
            {
                "name": "BBC",
                "sentiment": "none",
                "tickers": [
                    {
                        "ticker": "BBC",
                        "exchange": "NYSEARCA"
                    }
                ]
            }
        ]
    },
    "syndication": {
        "syndicated": false,
        "syndicate_id": null,
        "first_syndicated": false
    },
    "trust": {
        "categories": [],
        "top_news": [],
        "bias": null,
        "source": {
            "type": null,
            "city": null,
            "state": null,
            "country": null,
            "domain_type": null,
            "agency": null,
            "organization_name": null
        }
    },
    "rating": null,
    "crawled": "2025-12-18T11:30:32.063+02:00",
    "updated": "2025-12-18T11:32:43.000+02:00"
}