{
    "thread": {
        "uuid": "8ccadc84d3107f0d92c75e6451fb09088f086bdc",
        "url": "https://article.wn.com/view/2025/02/20/Filipino_nurses_and_Australia_s_new_policy",
        "site_full": "article.wn.com",
        "site": "wn.com",
        "site_section": "https://wn.com/oceania",
        "site_categories": [
            "media"
        ],
        "section_title": "World News - Oceania",
        "title": "Filipino nurses and Australia's new policy - Worldnews.com",
        "title_full": "Filipino nurses and Australia's new policy - Worldnews.com",
        "published": "2025-02-20T02:00:00.000+02:00",
        "replies_count": 0,
        "participants_count": 0,
        "site_type": "news",
        "country": "US",
        "main_image": "",
        "performance_score": 0,
        "domain_rank": 3648,
        "domain_rank_updated": "2025-02-17T23:00:00.000+02:00",
        "social": {
            "facebook": {
                "likes": 0,
                "comments": 0,
                "shares": 0
            },
            "vk": {
                "shares": 0
            }
        }
    },
    "uuid": "8ccadc84d3107f0d92c75e6451fb09088f086bdc",
    "url": "https://article.wn.com/view/2025/02/20/Filipino_nurses_and_Australia_s_new_policy",
    "ord_in_thread": 0,
    "parent_url": null,
    "author": null,
    "published": "2025-02-20T02:00:00.000+02:00",
    "title": "Filipino nurses and Australia's new policy - Worldnews.com",
    "text": "Australia’s decision to introduce a streamlined registration pathway for experienced nurses from selected countries starting in March 2025 is a",
    "highlightText": "",
    "highlightTitle": "",
    "highlightThreadTitle": "",
    "language": "english",
    "sentiment": "positive",
    "categories": [
        "Health",
        "Politics",
        "Social Issue"
    ],
    "topics": [
        "Health->health organisation",
        "Health->medical profession",
        "Health->health care approach",
        "Politics->migration policy",
        "Politics->healthcare policy",
        "Politics->government policy",
        "Social Issue->social services",
        "Social Issue->immigration",
        "Social Issue->demographics"
    ],
    "ai_allow": true,
    "has_canonical": false,
    "breaking": false,
    "webz_reporter": false,
    "external_links": [],
    "external_images": [],
    "entities": {
        "persons": [],
        "organizations": [],
        "locations": []
    },
    "syndication": {
        "syndicated": false,
        "syndicate_id": null,
        "first_syndicated": false
    },
    "trust": null,
    "rating": null,
    "crawled": "2025-02-21T00:22:52.161+02:00",
    "updated": "2025-02-21T00:22:52.161+02:00"
}