{
    "thread": {
        "uuid": "a9a30a8d68b1d6fd022353aef5cb436be1778aab",
        "url": "https://www.irishstar.com/sport/other-sports/donald-trump-leaves-nascar-drivers-34720875",
        "site_full": "www.irishstar.com",
        "site": "irishstar.com",
        "site_section": "https://www.newsbreak.com/irish-star-1693764",
        "site_categories": [],
        "section_title": "Irish Star&#x27;s Home Page | NewsBreak",
        "title": "Donald Trump leaves Kyle Busch's wife 'in tears' after reaching decision - Irish Star",
        "title_full": "Donald Trump leaves Kyle Busch's wife 'in tears' after reaching decision - Irish Star",
        "published": "2025-02-21T00:13:00.000+02:00",
        "replies_count": 0,
        "participants_count": 1,
        "site_type": "news",
        "country": "US",
        "main_image": "https://i2-prod.irishstar.com/news/us-news/article34539194.ece/ALTERNATES/s1200/0_President-Trump-Delivers-Remarks-Announces-Infrastructure-Plan-At-White-House.jpg",
        "performance_score": 0,
        "domain_rank": 36429,
        "domain_rank_updated": "2025-02-17T23:00:00.000+02:00",
        "social": {
            "facebook": {
                "likes": 0,
                "comments": 0,
                "shares": 0
            },
            "vk": {
                "shares": 0
            }
        }
    },
    "uuid": "a9a30a8d68b1d6fd022353aef5cb436be1778aab",
    "url": "https://www.irishstar.com/sport/other-sports/donald-trump-leaves-nascar-drivers-34720875",
    "ord_in_thread": 0,
    "parent_url": null,
    "author": "Oscar Maung-Haley",
    "published": "2025-02-21T00:13:00.000+02:00",
    "title": "Donald Trump leaves Kyle Busch's wife 'in tears' after reaching decision - Irish Star",
    "text": "Samantha Busch, the wife of NASCAR star Kyle, has shared an emotional message on social media thanking United States President Donald Trump.\nEarlier this week, Trump signed an executive order to increase access to in vitro fertilisation (IVF). The Busch family runs 'The Samantha and Kyle Busch Bundle of Joy Fund' - a charity \"dedicated to advocating for infertility education and awareness\" and \"removing financial barriers by granting monetary awards to couples\" who wish to undergo IVF treatment.\nFollowing the announcement of the executive order, which aims to expand access and reduce the cost of IVF, Busch expressed her gratitude to Trump on social media. In an Instagram post, an emotional Busch, who herself underwent IVF treatment to conceive her first child Brexton in 2015, wrote: \"I'm in tears writing this - today is monumental for families struggling with infertility.\n\"Thank you President Trump for signing an executive order to expand access for IVF, making it more affordable for American families! After years of fighting, advocating, and sharing my IVF journey, seeing this executive order signed to protect and make fertility treatments more affordable is overwhelming.\n\"Over the years at the Bundle of Joy Fund, we’ve read countless essays from individuals who have had to mortgage their homes, work multiple jobs, and go into debt - just for a chance to have a baby. With the average cost of IVF at $20,000 per cycle and no guarantee of success, the financial burden has been devastating.\n\"And with 1 in 6 couples facing infertility, access to care shouldn’t be a privilege - it’s a necessity. Today is a step forward. Finally, families will have the coverage they so rightly deserve. Thank you again, Mr. President.\"\nThis comes after Trump made an appearance at the Daytona 500 race in Florida last weekend. \"From the roar of the engines on the track to the echo of 'The Star-Spangled Banner' soaring through the stands, the Daytona 500 is a timeless tribute to the speed, strength and unyielding spirit that make America great,\" Trump said. \"That spirit is what will fuel America’s Golden Age, and if we harness it, the future is truly ours.\"\nBusch was forced to withdraw from Sunday's season-opening race following a late multi-car collision. NASCAR stated that Busch didn't meet minimum speed guidelines after making repairs and was given a DNF after making a pit stop under a yellow flag. He posted on X and claimed he had three attempts to make minimum speed.\n\"Parked by NASCAR officials,\" wrote Busch. \"Rule says you have three attempts to make minimum speed. The race never went back green yet. I don’t even think they know their own rules or procedures.\"",
    "highlightText": "",
    "highlightTitle": "",
    "highlightThreadTitle": "",
    "language": "english",
    "sentiment": "positive",
    "categories": [
        "Human Interest",
        "Politics",
        "Lifestyle and Leisure"
    ],
    "topics": [
        "Human Interest->celebrity",
        "Politics->political candidates",
        "Politics->political campaigns",
        "Politics->political process",
        "Lifestyle and Leisure->lifestyle"
    ],
    "ai_allow": true,
    "has_canonical": false,
    "breaking": false,
    "webz_reporter": false,
    "external_links": [],
    "external_images": [],
    "entities": {
        "persons": [],
        "organizations": [],
        "locations": []
    },
    "syndication": {
        "syndicated": false,
        "syndicate_id": null,
        "first_syndicated": false
    },
    "trust": null,
    "rating": null,
    "crawled": "2025-02-21T00:41:08.677+02:00",
    "updated": "2025-02-21T00:41:08.677+02:00"
}