{
    "thread": {
        "uuid": "b26a5f66ae6b1d2e67b597d4ca1bb1be850a1c33",
        "url": "https://www.ghanamma.com/2025/02/20/govt-orders-10-salary-raise-for-public-sector-workers",
        "site_full": "www.ghanamma.com",
        "site": "ghanamma.com",
        "site_section": "http://feeds.feedburner.com/ghanammacom",
        "site_categories": [
            "media"
        ],
        "section_title": "Ghanamma.com",
        "title": "Govt orders 10% salary raise for public sector workers",
        "title_full": "Govt orders 10% salary raise for public sector workers",
        "published": "2025-02-20T23:15:00.000+02:00",
        "replies_count": 0,
        "participants_count": 1,
        "site_type": "news",
        "country": "US",
        "main_image": "",
        "performance_score": 0,
        "domain_rank": 120243,
        "domain_rank_updated": "2025-02-17T23:00:00.000+02:00",
        "social": {
            "facebook": {
                "likes": 0,
                "comments": 0,
                "shares": 0
            },
            "vk": {
                "shares": 0
            }
        }
    },
    "uuid": "b26a5f66ae6b1d2e67b597d4ca1bb1be850a1c33",
    "url": "https://www.ghanamma.com/2025/02/20/govt-orders-10-salary-raise-for-public-sector-workers",
    "ord_in_thread": 0,
    "parent_url": null,
    "author": "Ghana News",
    "published": "2025-02-20T23:15:00.000+02:00",
    "title": "Govt orders 10% salary raise for public sector workers",
    "text": "The government has authorized a 10% salary increment for public sector employees under the Single Spine Salary Structure (SSSS) for the 2025 fiscal year.\nThis adjustment, which takes effect from January 1, 2025, will remain in place until December 2025.\nThe agreement, finalized on February 20, stemmed from negotiations between the government represented by the Fair Wages and Salaries Commission, the Ministry of Labour, Jobs, and Employment, and the Ministry of Finance and Organized Labour.\nIt emerged from\nLatest news\nRelated news",
    "highlightText": "",
    "highlightTitle": "",
    "highlightThreadTitle": "",
    "language": "english",
    "sentiment": "positive",
    "categories": [
        "Economy, Business and Finance",
        "Labor",
        "Politics"
    ],
    "topics": [
        "Economy, Business and Finance->human resources",
        "Labor->wages and benefits",
        "Labor->employee",
        "Labor->employer",
        "Politics->civil and public service",
        "Politics->government budget",
        "Politics->economic policy"
    ],
    "ai_allow": true,
    "has_canonical": false,
    "breaking": false,
    "webz_reporter": false,
    "external_links": [],
    "external_images": [],
    "entities": {
        "persons": [],
        "organizations": [],
        "locations": []
    },
    "syndication": {
        "syndicated": false,
        "syndicate_id": null,
        "first_syndicated": false
    },
    "trust": null,
    "rating": null,
    "crawled": "2025-02-21T00:27:17.937+02:00",
    "updated": "2025-02-21T00:27:17.937+02:00"
}