{
    "thread": {
        "uuid": "09d6382967fcf270418ae2ec52ac697c2ec8aea3",
        "url": "https://www.ksla.com/2025/02/20/gov-landry-appointed-council-governors-by-president-trump",
        "site_full": "www.ksla.com",
        "site": "ksla.com",
        "site_section": "http://www.ksla.com/powernation",
        "site_categories": [
            "media"
        ],
        "section_title": "POWERNATION",
        "title": "Gov. Landry appointed to Council of Governors by President Trump",
        "title_full": "Gov. Landry appointed to Council of Governors by President Trump",
        "published": "2025-02-21T00:50:00.000+02:00",
        "replies_count": 0,
        "participants_count": 1,
        "site_type": "news",
        "country": "US",
        "main_image": "https://gray-ksla-prod.gtv-cdn.com/resizer/v2/TQI5ZSSI75GBXG6APW2HNW7APU.jpg?auth=93990fee29fe298c0e965cdd14be74163679e507fe3268491873cafa74adcb82&amp;width=1200&amp;height=600&amp;smart=true",
        "performance_score": 0,
        "domain_rank": 13706,
        "domain_rank_updated": "2025-02-17T23:00:00.000+02:00",
        "social": {
            "facebook": {
                "likes": 0,
                "comments": 0,
                "shares": 0
            },
            "vk": {
                "shares": 0
            }
        }
    },
    "uuid": "09d6382967fcf270418ae2ec52ac697c2ec8aea3",
    "url": "https://www.ksla.com/2025/02/20/gov-landry-appointed-council-governors-by-president-trump",
    "ord_in_thread": 0,
    "parent_url": null,
    "author": "@KSLA",
    "published": "2025-02-21T00:50:00.000+02:00",
    "title": "Gov. Landry appointed to Council of Governors by President Trump",
    "text": "Gov. Landry appointed to Council of Governors by President Trump\nBATON ROUGE, La. (WAFB) - On Wednesday, Feb. 19, the White House announced Louisiana Governor Jeff Landry along with a bipartisan group of nine other state leaders have been appointed to the Council of Governors.\nThe council, which was established in 2008 and formally created in 2010, is tasked with strengthening state-federal partnerships on key national security, disaster response, and military coordination issues.\nGov. Landry called the appointment a huge honor in a social media post announcing the new role.\nA huge honor! Thank you\n— Jeff Landry (@JeffLandry)[@realDonaldTrump]for your faith in me and the State of Louisiana. Once again, Louisiana is playing a significant role in leading our country![pic.twitter.com/LQp8XodQub][February 20, 2025]\nThe full list of appointed members can be found below:\n- Governor Glenn Youngkin (VA) – Co-Chair\n- Governor Josh Stein (NC) – Co-Chair\n- Governor Ron DeSantis (FL)\n- Governor Brian Kemp (GA)\n- Governor Jeff Landry (LA)\n- Governor Wes Moore (MD)\n- Governor Gretchen Whitmer (MI)\n- Governor Kathy Hochul (NY)\n- Governor Josh Shapiro (PA)\n- Governor Henry McMaster (SC)\nClick here to report a typo. Please include the headline.\nClick here to subscribe to our WAFB 9 News daily digest and breaking news alerts delivered straight to your email inbox.\nCopyright 2025 WAFB. All rights reserved.",
    "highlightText": "",
    "highlightTitle": "",
    "highlightThreadTitle": "",
    "language": "english",
    "sentiment": "positive",
    "categories": [
        "Politics",
        "Politics"
    ],
    "topics": [
        "Politics->political process",
        "Politics->government",
        "Politics->heads of government",
        "Politics->government",
        "Politics->political committees",
        "Politics->heads of government"
    ],
    "ai_allow": true,
    "has_canonical": true,
    "breaking": false,
    "webz_reporter": false,
    "external_links": [
        "https://www.wafb.com/newsletter/",
        "https://wafb.com/newsletter/",
        "https://www.wafb.com/newsletter"
    ],
    "external_images": [],
    "entities": {
        "persons": [],
        "organizations": [],
        "locations": []
    },
    "syndication": {
        "syndicated": false,
        "syndicate_id": "09d6382967fcf270418ae2ec52ac697c2ec8aea3",
        "first_syndicated": true
    },
    "trust": null,
    "rating": null,
    "crawled": "2025-02-21T00:55:51.261+02:00",
    "updated": "2025-02-21T00:55:51.261+02:00"
}