{
    "thread": {
        "uuid": "64f60bcc411c8afc71899191bf88058b9d8c9c61",
        "url": "https://qna.org.qa/en/news/news-details?id=qfc-gears-up-for-web-summit-qatar-2025-with-expanded-incentives-for-businesses&date=20/02/2025",
        "site_full": "qna.org.qa",
        "site": "qna.org.qa",
        "site_section": "https://www.qna.org.qa/en",
        "site_categories": [],
        "section_title": "Home | Qatar news agency",
        "title": "Qatar news agency",
        "title_full": "Qatar news agency",
        "published": "2025-02-20T02:00:00.000+02:00",
        "replies_count": 0,
        "participants_count": 0,
        "site_type": "news",
        "country": "QA",
        "main_image": "https://cdn.qna.org.qa/media/1jspanko/qna-_qatar_financial_10_06_2024.jpg?width=1200&amp;height=900&amp;v=1db4e9c717be010",
        "performance_score": 0,
        "domain_rank": 115607,
        "domain_rank_updated": "2025-02-17T23:00:00.000+02:00",
        "social": {
            "facebook": {
                "likes": 0,
                "comments": 0,
                "shares": 0
            },
            "vk": {
                "shares": 0
            }
        }
    },
    "uuid": "64f60bcc411c8afc71899191bf88058b9d8c9c61",
    "url": "https://qna.org.qa/en/news/news-details?id=qfc-gears-up-for-web-summit-qatar-2025-with-expanded-incentives-for-businesses&date=20/02/2025",
    "ord_in_thread": 0,
    "parent_url": null,
    "author": null,
    "published": "2025-02-20T02:00:00.000+02:00",
    "title": "Qatar news agency",
    "text": "QFC Gears Up for Web Summit Qatar 2025 With Expanded Incentives for Businesses\nDoha, February 20 (QNA) - Qatar Financial Centre (QFC) has announced exceptional incentives to companies looking to establish or expand their business ventures in Qatar. These incentives will be offered during the Web Summit Qatar 2025, which will be hosted by Doha next Sunday for four days. These incentives are inspired by the notable success of the QFC during the first edition of the summit, where it registered over 300 firms in just four days.\nThe Centre said in a statement that companies that choose to register with the QFC during the Web Summit will benefit from waived registration and annual fees for the first four years, along with a tax exemption. In addition, QFC is introducing instant banking services this year, in collaboration with Qatar National Bank (QNB) and Dukhan Bank, enabling potential clients to open corporate accounts seamlessly. This initiative further simplifies the business set-up process, resulting in a faster and more efficient entry into the Qatari market.\nQFC's participation in the Web Summit reinforces its commitment to supporting business growth and technological innovation in Qatar. By offering attractive incentives and streamlined services, QFC continues to position Qatar as a premier destination for global companies seeking to expand in the region.\nQFC, as a key player in Qatar's economic diversification, seeks to engage with global industry leaders, startups, and investors at the summit and showcase its platform not only as a conducive environment for establishing a business but also as a hub for technological advancement.\nThe Web Summit, which was hosted by Qatar for the first time last year, is an important event for entrepreneurs, investors, and leaders and experts in the technology sector from around the world. Doha is hosting it as part of a five-year partnership within the framework of Qatar Third National Development Strategy, which aims to support the technological business ecosystem in the country by launching quality initiatives, providing incentives for the development of advanced technologies, and enhancing investments in the information and communications technology (ICT) sector, all contributing to diversifying the national economy.\nThe first edition of the Qatar Web Summit set several records, including the largest participation of startups in a global event in its inaugural edition, with 1,100 companies, along with unprecedented attendance from startups from Africa. This year’s edition is expected to exceed the figures recorded at last year’s summit.\nQFC is an onshore business and financial centre located in Doha, providing an excellent platform for firms to do business in Qatar and the region. The QFC offers its own legal, regulatory, tax and business environment, which allows up to 100 percent foreign ownership, 100% repatriation of profits, and charges a competitive rate of 10 percent corporate tax on locally sourced profits. (QNA)",
    "highlightText": "",
    "highlightTitle": "",
    "highlightThreadTitle": "",
    "language": "english",
    "sentiment": "positive",
    "categories": [
        "Economy, Business and Finance",
        "Politics",
        "Social Issue"
    ],
    "topics": [
        "Economy, Business and Finance->business strategy and marketing",
        "Politics->government",
        "Politics->economic policy",
        "Politics->international relations",
        "Social Issue->social condition",
        "Social Issue->social networking",
        "Social Issue->social services"
    ],
    "ai_allow": true,
    "has_canonical": false,
    "breaking": false,
    "webz_reporter": false,
    "external_links": [],
    "external_images": [],
    "entities": {
        "persons": [],
        "organizations": [],
        "locations": []
    },
    "syndication": {
        "syndicated": false,
        "syndicate_id": null,
        "first_syndicated": false
    },
    "trust": null,
    "rating": null,
    "crawled": "2025-02-21T00:26:55.345+02:00",
    "updated": "2025-02-21T00:26:55.345+02:00"
}