{
    "thread": {
        "uuid": "b8ef36b6317f258ddcfbda2bc2fe8cd2ade8c86d",
        "url": "https://executivegov.com/2025/02/kelly-loeffler-sba-administrator-confirmation",
        "site_full": "executivegov.com",
        "site": "executivegov.com",
        "site_section": "https://news.google.com/search?q=as%20when%3a1h&hl=en-us&gl=us&ceid=us%3aen",
        "site_categories": [],
        "section_title": "Google News - Search",
        "title": "Kelly Loeffler Confirmed as SBA Administrator",
        "title_full": "Kelly Loeffler Confirmed as SBA Administrator",
        "published": "2025-02-20T23:58:00.000+02:00",
        "replies_count": 0,
        "participants_count": 1,
        "site_type": "news",
        "country": "US",
        "main_image": "https://executivegov-media.s3.amazonaws.com/2025/02/20/70/43/8b/93/11/33/3b/a4/kelly-loeffler-administrator-sba.png",
        "performance_score": 0,
        "domain_rank": 44515,
        "domain_rank_updated": "2025-02-17T23:00:00.000+02:00",
        "social": {
            "facebook": {
                "likes": 0,
                "comments": 0,
                "shares": 0
            },
            "vk": {
                "shares": 0
            }
        }
    },
    "uuid": "b8ef36b6317f258ddcfbda2bc2fe8cd2ade8c86d",
    "url": "https://executivegov.com/2025/02/kelly-loeffler-sba-administrator-confirmation",
    "ord_in_thread": 0,
    "parent_url": null,
    "author": "Jane Edwards",
    "published": "2025-02-20T23:58:00.000+02:00",
    "title": "Kelly Loeffler Confirmed as SBA Administrator",
    "text": "The Senate on Wednesday voted 52-46 to confirm Kelly Loeffler , a former senator from Georgia, as head of the Small Business Administration .\nIn this capacity, Loeffler will lead a cabinet-level federal agency that supports small businesses by providing capital, counseling and contracting expertise.\nLoeffler’s Career Highlights The Georgia businesswoman briefly served in the Senate after she was appointed by Georgia Gov. Brian Kemp to fill the vacancy created by Sen. Johnny Isakson’s retirement.\nLoeffler, who co-chaired President Trump’s second inaugural committee, previously served as senior vice president of investor relations, chief communications officer and chief marketing officer at Intercontinental Exchange, a financial services firm that owns the New York Stock Exchange.\nThe University of Illinois Urbana-Champaign graduate launched fintech company Bakkt , where she served as its founding CEO.\nShe is a former co-owner of the Atlanta Dream team of the Women’s National Basketball Association.\nEarlier in her career, Loeffler held positions at several automotive and financial services firms, including Toyota Motor Sales USA, Citigroup and William Blair.",
    "highlightText": "",
    "highlightTitle": "",
    "highlightThreadTitle": "",
    "language": "english",
    "sentiment": "positive",
    "categories": [
        "Politics",
        "Economy, Business and Finance"
    ],
    "topics": [
        "Politics->government",
        "Politics->national government",
        "Politics->political candidates",
        "Economy, Business and Finance->business governance"
    ],
    "ai_allow": true,
    "has_canonical": false,
    "breaking": false,
    "webz_reporter": false,
    "external_links": [
        "https://www.senate.gov/legislative/LIS/roll_call_votes/vote1191/vote_119_1_00059.htm",
        "https://www.sba.gov/about-sba",
        "https://kellyloeffler.com/biography/",
        "https://bakkt.com/",
        "https://sba.gov/about-sba",
        "https://www.bakkt.com/",
        "https://bakkt.com",
        "https://senate.gov/legislative/LIS/roll_call_votes/vote1191/vote_119_1_00059.htm",
        "https://www.kellyloeffler.com/biography/",
        "https://kellyloeffler.com/biography"
    ],
    "external_images": [],
    "entities": {
        "persons": [
            {
                "name": "Kelly Loeffler",
                "sentiment": "negative"
            },
            {
                "name": "Johnny Isakson",
                "sentiment": "none"
            },
            {
                "name": "Brian Kemp",
                "sentiment": "none"
            },
            {
                "name": "Trump",
                "sentiment": "none"
            }
        ],
        "organizations": [
            {
                "name": "Senate",
                "sentiment": "negative"
            },
            {
                "name": "University of Illinois Urbana-Champaign",
                "sentiment": "none"
            },
            {
                "name": "Women’s National Basketball Association",
                "sentiment": "none"
            },
            {
                "name": "Small Business Administration",
                "sentiment": "none"
            },
            {
                "name": "Intercontinental Exchange",
                "sentiment": "none"
            },
            {
                "name": "New York Stock Exchange",
                "sentiment": "none"
            },
            {
                "name": "Atlanta Dream",
                "sentiment": "none"
            }
        ],
        "locations": []
    },
    "syndication": {
        "syndicated": false,
        "syndicate_id": null,
        "first_syndicated": false
    },
    "trust": null,
    "rating": null,
    "crawled": "2025-02-21T00:05:06.503+02:00",
    "updated": "2025-02-21T06:18:56.569+02:00"
}