{
    "thread": {
        "uuid": "67ea24b39f121218f77b2177911baf9e070f1a21",
        "url": "https://americanhumanist.org/featured/center-for-freethought-equality-proudly-supports-bill-to-bring-greater-transparency-to-health-care-sharing-arrangements-and-empower-oregon-consumers",
        "site_full": "americanhumanist.org",
        "site": "americanhumanist.org",
        "site_section": "https://americanhumanist.org/rss",
        "site_categories": [
            "politics",
            "law_government_and_politics"
        ],
        "section_title": "American Humanist Association",
        "title": "Center for Freethought Equality Proudly Supports Bill to Bring Greater Transparency to Health Care Sharing Arrangements and Empower Oregon Consumers",
        "title_full": "Center for Freethought Equality Proudly Supports Bill to Bring Greater Transparency to Health Care Sharing Arrangements and Empower Oregon Consumers",
        "published": "2025-02-20T17:55:00.000+02:00",
        "replies_count": 0,
        "participants_count": 1,
        "site_type": "news",
        "country": "US",
        "main_image": "http://americanhumanist.org/wp-content/uploads/2018/05/hospital.jpg",
        "performance_score": 0,
        "domain_rank": 51322,
        "domain_rank_updated": "2025-02-17T23:00:00.000+02:00",
        "social": {
            "facebook": {
                "likes": 0,
                "comments": 0,
                "shares": 0
            },
            "vk": {
                "shares": 0
            }
        }
    },
    "uuid": "67ea24b39f121218f77b2177911baf9e070f1a21",
    "url": "https://americanhumanist.org/featured/center-for-freethought-equality-proudly-supports-bill-to-bring-greater-transparency-to-health-care-sharing-arrangements-and-empower-oregon-consumers",
    "ord_in_thread": 0,
    "parent_url": null,
    "author": "Peter Bjork",
    "published": "2025-02-20T17:55:00.000+02:00",
    "title": "Center for Freethought Equality Proudly Supports Bill to Bring Greater Transparency to Health Care Sharing Arrangements and Empower Oregon Consumers",
    "text": "For Immediate Release\nContact: David Reinbold, dreinbold@americanhumanist.org\n(Feb. 20, 2025, Washington, DC) – Today, the Center for Freethought Equality, the advocacy arm of the American Humanist Association, applauds Oregon Representative Rob Nosse on his introduction of HB.2268, which would increase transparency requirements for health care cost sharing arrangements operating within the state.\nHealth care cost sharing arrangements, sometimes referred to as health care sharing ministries, operate across the United States with 1.7 million enrollees and counting. They are often religious organizations that advertise as health insurance options; however, unlike health insurance, these entities are not required to pay medical claims, and often deny or reject coverage based on religious or moral grounds.\nHealth care cost sharing plans are allowed to participate adjacent to the insurance marketplace and consumers across the country opt into these plans because they appear to cost less than traditional health insurance. Health cost sharing plans are not subject to the same regulatory requirements that health insurance plans must adhere to, leaving consumers unprepared when faced with medical claims denied on religious or moral grounds.\n“The Center for Freethought Equality is proud to partner with Rep. Nosse to bring greater transparency to these questionable organizations masquerading as insurers. We stand ready to help Oregon pass this legislation to protect the well-being of its residents,” said Fish Stark, Executive Director of the Center for Freethought Equality. “Oregon can send a clear message to these health care cost sharing organizations, who often hide behind the pretense of religion, that denying vulnerable people health care coverage and defrauding them when they need it the most is unacceptable.”\nOregon’s HB.2268 provides a strong foundation for consumer protections. If passed, this legislation would:\n- Require any person who offers or sells a health care cost sharing arrangement in the state to register with the Director of Oregon’s Department of Consumer and Business Services;\n- Require registrants to file annual reports that disclose the number of enrollees in the plan, the total amount of money the plan has collected from enrolled Oregon residents over the past 12 months, the total amount the health care cost sharing entity paid out as claims under the plan, among other disclosures;\n- Mandate that health care cost sharing arrangements do not advertise or market their services as health insurance; and\n- Mandate that health care cost sharing arrangements explicitly make certain disclosures of medical services it will not cover, such as reproductive health services, STD treatments, medications for HIV or AIDS, or gender-affirming care.\nTo read the full text of HB.2268, click here: https://apps.oregonlegislature.gov/liz/2025R1/Downloads/MeasureDocument/HB2268/Introduced\n###\nThe Center for Freethought Equality (CFE) is the political and advocacy arm of the American Humanist Association. CFE is dedicated to advancing the policy interests of humanists and atheists, and politically empowering our community in the United States. Alongside its advocacy and organizing efforts, CFE has an affiliated political action committee, the Center for Freethought Equality PAC, whose mission is to achieve equality for our community by increasing the number of open humanists and atheists, and allies, in public office at all levels of government.\nThe American Humanist Association (AHA) works to protect the rights of humanists, atheists, and other nontheistic Americans. The AHA advances the ethical and life-affirming worldview of humanism, which—without beliefs in gods or other supernatural forces—encourages individuals to live informed and meaningful lives that aspire to the greater good of humanity.",
    "highlightText": "",
    "highlightTitle": "",
    "highlightThreadTitle": "",
    "language": "english",
    "sentiment": "positive",
    "categories": [
        "Politics",
        "Social Issue"
    ],
    "topics": [
        "Politics->government policy",
        "Social Issue->social services"
    ],
    "ai_allow": true,
    "has_canonical": false,
    "breaking": false,
    "webz_reporter": false,
    "external_links": [
        "https://www.nbcnews.com/health/health-care/health-care-cost-sharing-ministries-maternity-childbirth-rcna170230",
        "https://apps.oregonlegislature.gov/liz/2025R1/Downloads/MeasureDocument/HB2268/Introduced",
        "https://nbcnews.com/health/health-care/health-care-cost-sharing-ministries-maternity-childbirth-rcna170230",
        "https://www.apps.oregonlegislature.gov/liz/2025R1/Downloads/MeasureDocument/HB2268/Introduced"
    ],
    "external_images": [],
    "entities": {
        "persons": [
            {
                "name": "David Reinbold",
                "sentiment": "neutral"
            },
            {
                "name": "Washin",
                "sentiment": "neutral"
            },
            {
                "name": "Rob Nosse",
                "sentiment": "none"
            }
        ],
        "organizations": [
            {
                "name": "American Humanist Association",
                "sentiment": "none"
            }
        ],
        "locations": []
    },
    "syndication": {
        "syndicated": false,
        "syndicate_id": "67ea24b39f121218f77b2177911baf9e070f1a21",
        "first_syndicated": true
    },
    "trust": null,
    "rating": null,
    "crawled": "2025-02-21T00:20:08.281+02:00",
    "updated": "2025-02-21T00:20:08.281+02:00"
}