{
    "thread": {
        "uuid": "62f4b39eb2febea46beba3fe7bc4ab7b722d547c",
        "url": "https://cnycentral.com/news/local/gillibrand",
        "site_full": "cnycentral.com",
        "site": "cnycentral.com",
        "site_section": "https://cnycentral.com",
        "site_categories": [
            "media"
        ],
        "section_title": "chevron-right",
        "title": "Sen. Gillibrand announces legislation to address affordable child care shortage",
        "title_full": "Sen. Gillibrand announces legislation to address affordable child care shortage",
        "published": "2025-01-23T22:54:00.000+02:00",
        "replies_count": 0,
        "participants_count": 1,
        "site_type": "news",
        "country": "US",
        "main_image": "https://cnycentral.com/resources/media2/16x9/1920/986/center/90/f905ac03-9a1d-42c0-93b9-d1f5f64b9e16-Gillibrand.jpeg",
        "performance_score": 0,
        "domain_rank": 22508,
        "domain_rank_updated": "2025-01-20T23:00:00.000+02:00",
        "social": {
            "facebook": {
                "likes": 0,
                "comments": 0,
                "shares": 0
            },
            "vk": {
                "shares": 0
            }
        }
    },
    "uuid": "62f4b39eb2febea46beba3fe7bc4ab7b722d547c",
    "url": "https://cnycentral.com/news/local/gillibrand",
    "ord_in_thread": 0,
    "parent_url": null,
    "author": "Matthew Benninger",
    "published": "2025-01-23T22:54:00.000+02:00",
    "title": "Sen. Gillibrand announces legislation to address affordable child care shortage",
    "text": "WASHINGTON — Senator Kirsten Gillibrand announced legislation that would provide $100 million in federal funding to address a nationwide shortage of affordable child care on Thursday.\nGillibrand said nearly two-thirds of New Yorkers live in communities that do not have sufficient access to child care. She said this is worse than all but four states.\nThe legislation, which is named the Child Care Workforce & Facilities Act, would provide $100 million for five years for states to build or expand child care facilities.\n“Access to quality, affordable child care is a necessity for working parents, but a dire shortage of facilities and workers has made it inaccessible for millions of New Yorkers,” said Senator Gillibrand. “I’m proud to introduce this bipartisan legislation to help recruit, train, and retain child care workers and to build or expand child care facilities in communities that need them. I am committed to working across the aisle to get this done.”\nThe Child Care Workforce & Facilities Act would provide competitive workforce development grants and facilities grants to states, Gillibrand's office noted. Those grants could be used to offer scholarships or tuition subsidies, pay for textbooks and equipment, or cover education and referral costs needed to increase labor participation.\nFacilities grants would fund the construction, expansion or renovation of child care facilities.",
    "highlightText": "",
    "highlightTitle": "",
    "highlightThreadTitle": "",
    "language": "english",
    "sentiment": "positive",
    "categories": [
        "Politics",
        "Social Issue"
    ],
    "topics": [
        "Politics->economic policy",
        "Politics->political process",
        "Politics->government",
        "Social Issue->social services",
        "Social Issue->child care",
        "Social Issue->women"
    ],
    "ai_allow": true,
    "has_canonical": false,
    "breaking": false,
    "webz_reporter": false,
    "external_links": [],
    "external_images": [],
    "entities": {
        "persons": [],
        "organizations": [],
        "locations": []
    },
    "syndication": {
        "syndicated": false,
        "syndicate_id": null,
        "first_syndicated": false
    },
    "trust": null,
    "rating": null,
    "crawled": "2025-01-24T00:35:23.155+02:00",
    "updated": "2025-01-24T00:35:23.155+02:00"
}