{
    "thread": {
        "uuid": "8983698a1018ed5e1c48e5e3cfdd1bbd17d6de28",
        "url": "https://www.ghanaweb.com/GhanaHomePage/NewsArchive/Expert-calls-for-lasting-solution-to-mining-conflicts-in-Ghana-1968574",
        "site_full": "www.ghanaweb.com",
        "site": "ghanaweb.com",
        "site_section": "https://ghanaweb.com/GhanaHomePage/NewsArchive",
        "site_categories": [
            "media"
        ],
        "section_title": "General News in Ghana, Politics, Health, Crime and more - GhanaWeb",
        "title": "Expert calls for lasting solution to mining conflicts in Ghana",
        "title_full": "Expert calls for lasting solution to mining conflicts in Ghana",
        "published": "2025-01-23T07:37:00.000+02:00",
        "replies_count": 0,
        "participants_count": 1,
        "site_type": "news",
        "country": "GH",
        "main_image": "https://cdn.ghanaweb.com/imagelib/pics/127/12720968.jpg",
        "performance_score": 0,
        "domain_rank": 8874,
        "domain_rank_updated": "2025-01-20T23:00:00.000+02:00",
        "social": {
            "facebook": {
                "likes": 0,
                "comments": 0,
                "shares": 0
            },
            "vk": {
                "shares": 0
            }
        }
    },
    "uuid": "8983698a1018ed5e1c48e5e3cfdd1bbd17d6de28",
    "url": "https://www.ghanaweb.com/GhanaHomePage/NewsArchive/Expert-calls-for-lasting-solution-to-mining-conflicts-in-Ghana-1968574",
    "ord_in_thread": 0,
    "parent_url": null,
    "author": "GhanaWeb",
    "published": "2025-01-23T07:37:00.000+02:00",
    "title": "Expert calls for lasting solution to mining conflicts in Ghana",
    "text": "Bright Bansah, a Ghanaian PhD candidate in International Conflict Management at Kennesaw State University in the United States, has emphasized the need for a comprehensive framework to address the recurring conflicts between mining companies and local communities in Ghana.\nIn an interview with GHOne TV on January 22, 2025, Bansah discussed the recent attacks on AngloGold Ashanti's operations in Obuasi by illegal miners, resulting in the loss of life and property.\nBright Bansah noted that the conflict in Obuasi is not an isolated incident, but rather a symptom of a broader issue affecting many mining communities in Ghana. He cited economic, ecological, and cultural factors as contributing to these conflicts.\nTo address these challenges, Bright Bansah advocated for a stakeholder engagement approach that brings together mining companies, local communities, and government agencies to develop a workable framework for conflict resolution.\n\"We must find lasting solutions to these conflicts, instead of merely tackling their symptoms,\" Bright Bansah emphasized.\n\"A comprehensive framework would help to prevent such conflicts from arising in the future and provide a clear mechanism for resolving them when they do occur.\"\nHe also emphasized the importance of restoring peace in the affected areas and urged the government to take concrete steps to implement a lasting solution.\nThe expert's call for a comprehensive framework comes at a time when the government has instructed the Ministry of Lands and Natural Resources to investigate the Obuasi incident and provide recommendations.\nDrawing on his experience as a miner in both Ghana and the United States, Bright Bansah has offered his expertise to help the country navigate and resolve the recurring conflicts between multinational corporations and host communities.\nAM/KA\nMeanwhile, watch as NDC supporters vandalise Ho Central office over government appointment\nHome - News\nElection 2024\nTWI News | TV\nPolls\nPress Release\nNews Blogs\nNews Archive\nCrime & Punishment\nPolitics\nNews\nYou are here: → → → Article 1968574",
    "highlightText": "",
    "highlightTitle": "",
    "highlightThreadTitle": "",
    "language": "english",
    "sentiment": "positive",
    "categories": [
        "Politics",
        "Social Issue",
        "Economy, Business and Finance"
    ],
    "topics": [
        "Politics->government policy",
        "Politics->political crisis",
        "Politics->human rights",
        "Social Issue->demographics",
        "Social Issue->social problem",
        "Social Issue->discrimination",
        "Economy, Business and Finance->market and exchange",
        "Economy, Business and Finance->business governance"
    ],
    "ai_allow": true,
    "has_canonical": false,
    "breaking": false,
    "webz_reporter": false,
    "external_links": [],
    "external_images": [],
    "entities": {
        "persons": [
            {
                "name": "Bansah",
                "sentiment": "none"
            }
        ],
        "organizations": [
            {
                "name": "AngloGold Ashanti",
                "sentiment": "none"
            }
        ],
        "locations": []
    },
    "syndication": {
        "syndicated": false,
        "syndicate_id": null,
        "first_syndicated": false
    },
    "trust": null,
    "rating": null,
    "crawled": "2025-01-24T00:38:18.878+02:00",
    "updated": "2025-01-24T00:38:18.878+02:00"
}