{
    "thread": {
        "uuid": "f567fefec8c1b9d5f4ff0c41332ec89e1052e818",
        "url": "https://www.ksdk.com/article/news/local/locals-assist-in-warren-county-crash/63-493ec0a4-d287-4338-8b38-66068cbada64",
        "site_full": "www.ksdk.com",
        "site": "ksdk.com",
        "site_section": "https://ksdk.com/sports",
        "site_categories": [
            "media",
            "health",
            "cold_and_flu"
        ],
        "section_title": "Sports | ksdk.com",
        "title": "'It doesn't matter what country you're from, it doesn't matter what city you're from, we were there for you': Locals assist in Warren County crash",
        "title_full": "'It doesn't matter what country you're from, it doesn't matter what city you're from, we were there for you': Locals assist in Warren County crash",
        "published": "2025-01-23T02:00:00.000+02:00",
        "replies_count": 0,
        "participants_count": 1,
        "site_type": "news",
        "country": "US",
        "main_image": "https://media.ksdk.com/assets/KSDK/images/e2f6b1b3-4a06-4fa6-8606-ab74ac3d6722/20250123T164145/e2f6b1b3-4a06-4fa6-8606-ab74ac3d6722_1140x641.jpg",
        "performance_score": 0,
        "domain_rank": 6546,
        "domain_rank_updated": "2025-01-20T23:00:00.000+02:00",
        "social": {
            "facebook": {
                "likes": 0,
                "comments": 0,
                "shares": 0
            },
            "vk": {
                "shares": 0
            }
        }
    },
    "uuid": "f567fefec8c1b9d5f4ff0c41332ec89e1052e818",
    "url": "https://www.ksdk.com/article/news/local/locals-assist-in-warren-county-crash/63-493ec0a4-d287-4338-8b38-66068cbada64",
    "ord_in_thread": 0,
    "parent_url": null,
    "author": "Genell Reynolds",
    "published": "2025-01-23T02:00:00.000+02:00",
    "title": "'It doesn't matter what country you're from, it doesn't matter what city you're from, we were there for you': Locals assist in Warren County crash",
    "text": "WARRENTON, Mo. — On a typically busy Monday afternoon at Warrenton Steel, a small metal supplier located on Veterans Memorial Parkway alongside Interstate 70, an unexpected tragedy unfolded. A 60-year-old Minnesota truck driver was seriously injured in a crash when his semi-truck failed to make a left turn approaching a curve on the highway.\nAccording to the Missouri State Highway Patrol’s crash report, the driver was traveling eastbound when the truck veered off the road, crossed the median, and struck a concrete retaining wall just before 2 p.m.\nSurveillance footage from Warrenton Steel shows the crash and the moments that followed. The footage also shows the first people on the scene of the crash weren’t emergency personnel—they were employees of Warrenton Steel.\nJennifer Gloom, the co-owner of Warrenton Steel, confirmed the retaining wall the semi-truck struck was at the edge of their property. The wreckage was extensive: the semi-truck was a refrigerated (reefer) truck, and the force of the crash scattered meat products across the scene, she said.\nGloom is proud of her employees for stepping up and helping the driver.\n\"Everyone jumped in and helped, holding his hand and talking to him while they got him out,\" Gloom said.\nThe man didn't speak English, but Gloom said her employees stayed with him and talked to him the entire time.\n\"The guy was completely crushed by the steering wheel and the engine was in his lap but he was still alive when they took him away.\"\nHolly Scott, one of the employees who rushed to the scene, explained how she stepped in, guided by the lessons she had learned as a mother of five and a former Boy Scout leader.\nScott was in her office when she felt the ground shake and heard a loud bang.\n\"Next thing I knew they were screaming, 'Call the fire department. It's really bad,'\" Scott said she heard employees from outside saying.\nScott ran over and lay down on the concrete wall and began speaking to the driver.\n\"It was just talking to him, trying to make him breathe. Ya know, keeping him calm as much as we could,\" she explained.\nThe employees who gathered around the semi-truck tried to get his name but were unsuccessful due to the language barrier.\n\"He knew we were there to help. He understood some of what we were saying,\" Scott said. \"He kept saying 'Mama, mama, come take me. Come take me.' So I just kept telling him, 'Mom's watching out for you. You're going to be OK.'\"\nAs fire and police units arrived on the scene and began the painstaking process of extricating the driver from the truck, the group of employees had no choice but to step back. Still, they stood as close as they could.\n“We just stood there, praying,” Scott said. “We were hoping he’d come out alive.”\nAfter two hours of intense work by first responders, the driver was carefully transported to a local hospital, the MSHP said. The report also confirmed he was seriously injured.\nThe tragedy cast a somber shadow over their usual busy Monday, but it also created a bond of solidarity. Many hugs were exchanged as they processed the ordeal.\nAlthough the driver did not speak the same language as Scott, she hopes these words reach him: \"We just want to know that he is OK and that he is gonna be able to walk out of that hospital at some point. It doesn't matter what country you're from, it doesn't matter what city you're from, we were there for you and we hope that you make it. We're glad that you came out of that truck. We're sorry that we couldn't do more.\"\nIn a world that often feels divided, the actions of these employees serve as a reminder of the universal power of kindness, transcending language barriers, cultural differences, and even the most dire of circumstances. Their compassion, in the face of tragedy, is a testament to the unspoken connections that unite us all.",
    "highlightText": "",
    "highlightTitle": "",
    "highlightThreadTitle": "",
    "language": "english",
    "sentiment": "positive",
    "categories": [
        "Human Interest",
        "Social Issue",
        "Politics"
    ],
    "topics": [
        "Human Interest->human mishap",
        "Politics->civil rights",
        "Politics->safety of citizens",
        "Politics->human rights"
    ],
    "ai_allow": true,
    "has_canonical": false,
    "breaking": false,
    "webz_reporter": false,
    "external_links": [],
    "external_images": [],
    "entities": {
        "persons": [
            {
                "name": "Jennifer Gloom",
                "sentiment": "none"
            }
        ],
        "organizations": [
            {
                "name": "Warrenton Steel",
                "sentiment": "neutral"
            }
        ],
        "locations": [
            {
                "name": "County",
                "sentiment": "none"
            },
            {
                "name": "Veterans Memorial Parkway",
                "sentiment": "none"
            }
        ]
    },
    "syndication": {
        "syndicated": false,
        "syndicate_id": null,
        "first_syndicated": false
    },
    "trust": null,
    "rating": null,
    "crawled": "2025-01-24T00:08:02.008+02:00",
    "updated": "2025-01-24T00:08:02.008+02:00"
}