{
    "thread": {
        "uuid": "950620aa2b2791460116ef4ec4ba431cf2c20059",
        "url": "https://www.goiam.org/news/iam-union-district-160-members-to-benefit-from-federal-grant-to-sustain-grow-iam-union-jobs-in-washington-state",
        "site_full": "www.goiam.org",
        "site": "goiam.org",
        "site_section": "http://feeds.feedburner.com/IAMAW-iMail",
        "site_categories": [
            "media"
        ],
        "section_title": "IAMAW",
        "title": "IAM Union District 160 Members to Benefit From Federal Grant to Sustain, Grow IAM Union Jobs in Washington State",
        "title_full": "IAM Union District 160 Members to Benefit From Federal Grant to Sustain, Grow IAM Union Jobs in Washington State",
        "published": "2025-01-23T18:51:00.000+02:00",
        "replies_count": 0,
        "participants_count": 1,
        "site_type": "news",
        "country": "US",
        "main_image": "https://www.goiam.org/wp-content/uploads/2025/01/goiam-feat-image-600-x-400-px-1.png",
        "performance_score": 0,
        "domain_rank": 74175,
        "domain_rank_updated": "2025-01-20T23:00:00.000+02:00",
        "social": {
            "facebook": {
                "likes": 0,
                "comments": 0,
                "shares": 0
            },
            "vk": {
                "shares": 0
            }
        }
    },
    "uuid": "950620aa2b2791460116ef4ec4ba431cf2c20059",
    "url": "https://www.goiam.org/news/iam-union-district-160-members-to-benefit-from-federal-grant-to-sustain-grow-iam-union-jobs-in-washington-state",
    "ord_in_thread": 0,
    "parent_url": null,
    "author": "Acolaizzi",
    "published": "2025-01-23T18:51:00.000+02:00",
    "title": "IAM Union District 160 Members to Benefit From Federal Grant to Sustain, Grow IAM Union Jobs in Washington State",
    "text": "IAM Union District 160 Members to Benefit From Federal Grant to Sustain, Grow IAM Union Jobs in Washington State\nJanuary 23, 2025\nThe U.S. Department of Energy (DOE) has selected the PACCAR (operating as Kenworth) facility in Renton, Wash., which employs approximately 300 members of IAM Union District 160, as a recipient of its Domestic Manufacturing Conversion Grant Program, which supports the transition to zero-emission vehicles.\n“This funding support will have a massive impact on IAM Union members in Washington state,” said IAM Union Western Territory General Vice President Robert “Bobby” Martinez. “Not only will we be working with other unions and PACCAR to preserve our workforce in the facility, but we will develop the skills of existing members, strengthening our position in the burgeoning electric vehicle industry.”\nThe DOE is investing over $1.8 billion by way of the Inflation Reduction Act, a part of former President Biden’s Investing in America Agenda, to support the conversion of 13 closed or at-risk auto manufacturing and assembly facilities across Michigan, Ohio, Pennsylvania, Georgia, Illinois, Indiana, Maryland, Virginia, South Carolina, and Washington state to manufacture electric vehicles and their supply chains.\n“This investment brings multiple benefits, including the creation of new zero-emission trucks and the strengthening of our domestic manufacturing capabilities,” said IAM Union District 160 Directing Business Representative Steve Miller. “It ensures the retention of our skilled workforce while offering valuable opportunities for upskilling our existing members, further enhancing the skill level within our community.”\nThe grant award announcement states that PACCAR’s Conversion IMPACT plan will attract and retain workers through “work with International Association of Machinists, Local 289 and Local 79, Sheet Metal Workers (SMART), Local 66, International Painters & Allied Trades, Local 1094, and Teamsters, Local 763 to train workers and convert the facility in Renton, Wash.”\n“We would like to give our heartfelt thanks to IAM Union National Legislative and Political Director Hasan Soloman, Assistant Director Loren Ameroth, and the entire IAM Legislative and Political Department for their efforts in pushing this initiative forward,” said Miller. “With a very competitive grant such as this, it shows how important a strong legislative team is. This is a significant step forward for the environment, our local economy, and our members.”",
    "highlightText": "",
    "highlightTitle": "",
    "highlightThreadTitle": "",
    "language": "english",
    "sentiment": "positive",
    "categories": [
        "Economy, Business and Finance",
        "Politics",
        "Social Issue"
    ],
    "topics": [
        "Economy, Business and Finance->financial service",
        "Economy, Business and Finance->human resources",
        "Economy, Business and Finance->business governance",
        "Politics->economic policy",
        "Politics->civil rights",
        "Politics->government",
        "Social Issue->demographics",
        "Social Issue->social condition",
        "Social Issue->social services"
    ],
    "ai_allow": true,
    "has_canonical": false,
    "breaking": false,
    "webz_reporter": false,
    "external_links": [
        "https://www.energy.gov/mesc/domestic-manufacturing-conversion-grants",
        "https://energy.gov/mesc/domestic-manufacturing-conversion-grants"
    ],
    "external_images": [],
    "entities": {
        "persons": [
            {
                "name": "Robert",
                "sentiment": "none"
            },
            {
                "name": "Biden",
                "sentiment": "none"
            }
        ],
        "organizations": [
            {
                "name": "IAM Union Jobs",
                "sentiment": "negative"
            },
            {
                "name": "Domestic Manufacturing Conversion Grant Program",
                "sentiment": "none"
            },
            {
                "name": "IAM Union Western Territory",
                "sentiment": "none"
            },
            {
                "name": "PACCAR",
                "sentiment": "none"
            }
        ],
        "locations": [
            {
                "name": "State IAM",
                "sentiment": "none"
            },
            {
                "name": "District",
                "sentiment": "none"
            }
        ]
    },
    "syndication": {
        "syndicated": false,
        "syndicate_id": null,
        "first_syndicated": false
    },
    "trust": null,
    "rating": null,
    "crawled": "2025-01-24T00:34:50.170+02:00",
    "updated": "2025-01-24T00:34:50.170+02:00"
}