{
    "thread": {
        "uuid": "aa989060acc73cc9a005dc6ea8b893bc0d370e29",
        "url": "https://www.etnownews.com/markets/ivalue-infosolutions-share-price-stock-listing-exchanges-bse-nse-market-cap-article-152889927",
        "site_full": "www.etnownews.com",
        "site": "etnownews.com",
        "site_section": "https://etnownews.com/stocks/bajaj-hindusthan-sug-bajajhind-share-price-stockdetail-100032",
        "site_categories": [],
        "section_title": "Bajaj Hindusthan Sug Share Price Today - Bajaj Hindusthan Sugar Ltd Stock Price Trades at 20.83 on NSE/BSE | ET Now",
        "site_title": "ET Now - Latest Business News Today, Business News India, Stock Market News, Financial News",
        "title": "Ivalue Infosolutions Share Price: Stock likely to debut at 6% discount hinted by pre-open session",
        "title_full": "Ivalue Infosolutions Share Price: Stock likely to debut at 6% discount hinted by pre-open session",
        "published": "2025-09-25T07:12:00.000+03:00",
        "replies_count": 0,
        "participants_count": 1,
        "site_type": "news",
        "country": "IN",
        "main_image": "https://images.etnownews.com/thumb/msid-152889927,updatedat-1758773548571,width-1280,height-720,resizemode-75/152889927.jpg",
        "performance_score": 0,
        "domain_rank": 60195,
        "domain_rank_updated": "2025-09-22T00:00:00.000+03:00",
        "licensing_agency": [
            "NLA"
        ],
        "social": {
            "facebook": {
                "likes": 0,
                "comments": 0,
                "shares": 0
            },
            "vk": {
                "shares": 0
            }
        }
    },
    "uuid": "aa989060acc73cc9a005dc6ea8b893bc0d370e29",
    "url": "https://www.etnownews.com/markets/ivalue-infosolutions-share-price-stock-listing-exchanges-bse-nse-market-cap-article-152889927",
    "ord_in_thread": 0,
    "author": "@EtNow",
    "published": "2025-09-25T07:12:00.000+03:00",
    "title": "Ivalue Infosolutions Share Price: Stock likely to debut at 6% discount hinted by pre-open session",
    "text": "Ivalue Infosolutions Share Price: Stock likely to debut at 6% discount hinted by pre-open session\nAuthored by:\nET Now DigitalUpdated Sep 25, 2025 09:42 IST\nThe company had successfully raised Rs 168.09 crore from anchor investors prior to the public opening. (Image | Canva/ET Now Digital)\niValue Infosolutionsshares are set to debut on the stock exchanges today, September 25, following initial public offering (IPO) that concluded with a muted subscription response. The technology services and solutions provider will be listing its shares on both the Bombay Stock Exchange (BSE) and the National Stock Exchange (NSE).\nThe public issue, which was open for subscription from September 18 to 22, was an OFS.\nSubscription status and investor response\nThe IPO received a total subscription of 1.82 times the shares on offer, according to NSE data.\nWhile the overall response was moderate, the segment for qualified institutional buyers (QIBs) showed the strongest interest, being booked 3.18 times.\nParticipation from other investor categories remained relatively subdued:\nRetail Individual Investors (RIIs): Subscribed 1.28 times\nNon-Institutional Investors (NIIs): Subscribed 1.26 times\n(This story will be updated shortly.)\nGet the latest Business News, Stock Markets, IPO Companies News, Breaking News Events on ET Now. Watch all the big and small Share Market News on ET Now Live TV.\nEnd of article",
    "highlightText": "",
    "highlightTitle": "",
    "highlightThreadTitle": "",
    "language": "english",
    "sentiment": "negative",
    "categories": [
        "Economy, Business and Finance",
        "Politics",
        "Social Issue"
    ],
    "topics": [
        "Economy, Business and Finance->market and exchange",
        "Economy, Business and Finance->financial service",
        "Economy, Business and Finance->business reporting and performance",
        "Politics->economic policy",
        "Social Issue->social condition"
    ],
    "ai_allow": false,
    "has_canonical": false,
    "breaking": false,
    "webz_reporter": false,
    "external_links": [],
    "external_images": [],
    "internal_images": [],
    "entities": {
        "persons": [],
        "locations": [],
        "organizations": [
            {
                "name": "National Stock Exchange",
                "sentiment": "none",
                "tickers": [
                    {
                        "ticker": null,
                        "exchange": null
                    }
                ]
            },
            {
                "name": "Bombay Stock Exchange",
                "sentiment": "none",
                "tickers": [
                    {
                        "ticker": "BSE",
                        "exchange": "Bombay Stock Exchange"
                    }
                ]
            }
        ]
    },
    "syndication": {
        "syndicated": false,
        "syndicate_id": null,
        "first_syndicated": false
    },
    "trust": {
        "categories": [],
        "top_news": [],
        "bias": null,
        "source": {
            "type": null,
            "city": null,
            "state": null,
            "country": null,
            "domain_type": null,
            "agency": null,
            "organization_name": null
        }
    },
    "rating": null,
    "crawled": "2025-09-25T07:16:36.230+03:00",
    "updated": "2025-09-25T07:20:23.000+03:00"
}