{
    "thread": {
        "uuid": "58b5e2033c3916759b0a13e321684f5319591234",
        "url": "https://www.newsbreak.com/cleveland-com-512965/4255341999109-dear-annie-co-worker-s-tendency-to-micromanage-has-me-ready-to-look-for-a-new-job",
        "site_full": "www.newsbreak.com",
        "site": "newsbreak.com",
        "site_section": "https://local.newsbreak.com/cleveland-com-512965",
        "site_categories": [
            "under_construction"
        ],
        "section_title": "Cleveland.com&#x27;s Home Page | NewsBreak",
        "site_title": "NewsBreak: Local News &amp; Alerts",
        "title": "Dear Annie: Co-worker's tendency to micromanage has me ready to look for a new job - NewsBreak",
        "title_full": "Dear Annie: Co-worker's tendency to micromanage has me ready to look for a new job - NewsBreak",
        "published": "2025-09-25T07:05:00.000+03:00",
        "replies_count": 0,
        "participants_count": 1,
        "site_type": "news",
        "country": "US",
        "main_image": "https://img.particlenews.com/img/id/3ZcNKU_153mfaaz00",
        "performance_score": 0,
        "domain_rank": 2819,
        "domain_rank_updated": "2025-09-22T00:00:00.000+03:00",
        "licensing_agency": [],
        "social": {
            "facebook": {
                "likes": 0,
                "comments": 0,
                "shares": 0
            },
            "vk": {
                "shares": 0
            }
        }
    },
    "uuid": "58b5e2033c3916759b0a13e321684f5319591234",
    "url": "https://www.newsbreak.com/cleveland-com-512965/4255341999109-dear-annie-co-worker-s-tendency-to-micromanage-has-me-ready-to-look-for-a-new-job",
    "ord_in_thread": 0,
    "author": "Dear Annie, Annie Lane",
    "published": "2025-09-25T07:05:00.000+03:00",
    "title": "Dear Annie: Co-worker's tendency to micromanage has me ready to look for a new job - NewsBreak",
    "text": "By Dear Annie, Annie Lane ,\n5 minutes ago Dear Annie: I’ve worked as a dental assistant at the same small practice for eight years. I love my patients, and I get along with the dentists, but the office manager, “Diane,” is making my job unbearable. She micromanages everything I do -- double-checking my appointment notes,... Read full article\nRead in NewsBreak",
    "highlightText": "",
    "highlightTitle": "",
    "highlightThreadTitle": "",
    "language": "english",
    "sentiment": "negative",
    "categories": [
        "Social Issue",
        "Human Interest",
        "Politics"
    ],
    "topics": [
        "Social Issue->discrimination",
        "Social Issue->social problem",
        "Social Issue->social condition",
        "Human Interest->human mishap",
        "Politics->civil and public service",
        "Politics->civil rights"
    ],
    "ai_allow": true,
    "has_canonical": false,
    "breaking": false,
    "webz_reporter": false,
    "external_links": [],
    "external_images": [],
    "internal_images": [],
    "entities": {
        "persons": [
            {
                "name": "Dear Annie",
                "sentiment": "negative"
            },
            {
                "name": "Annie Lane",
                "sentiment": "negative"
            }
        ],
        "locations": [],
        "organizations": []
    },
    "syndication": {
        "syndicated": false,
        "syndicate_id": null,
        "first_syndicated": false
    },
    "trust": {
        "categories": [
            "fake_news"
        ],
        "top_news": [],
        "bias": "center",
        "source": {
            "type": null,
            "city": null,
            "state": null,
            "country": null,
            "domain_type": null,
            "agency": null,
            "organization_name": null
        }
    },
    "rating": null,
    "crawled": "2025-09-25T07:10:15.666+03:00",
    "updated": "2025-09-25T07:18:45.000+03:00"
}