{
    "thread": {
        "uuid": "fc7a97ca9aff08c055a709dd29a073c37dec3731",
        "url": "https://amsterdamnews.com/news/2025/09/25/oskar-ibru-billionaire-nigerian-industrialist-dies-at-67/",
        "site_full": "amsterdamnews.com",
        "site": "amsterdamnews.com",
        "site_section": "https://news.google.com/search?q=at%20when%3A1h&hl=en-US&gl=US&ceid=US%3Aen",
        "site_categories": [
            "media"
        ],
        "section_title": "Google News - Search",
        "site_title": "Amsterdam News - America’s most influential and oldest continuously published Black newspaper.",
        "title": "Oskar Ibru, billionaire Nigerian industrialist dies at 67",
        "title_full": "Oskar Ibru, billionaire Nigerian industrialist dies at 67",
        "published": "2025-09-25T07:00:00.000+03:00",
        "replies_count": 0,
        "participants_count": 1,
        "site_type": "news",
        "country": "US",
        "main_image": "https://i0.wp.com/amsterdamnews.com/wp-content/uploads/2025/09/Oskar2-Oskar-Ibru-1-1-e1758755467992.jpg?fit=490%2C804&ssl=1",
        "performance_score": 0,
        "domain_rank": 125427,
        "domain_rank_updated": "2025-09-22T00:00:00.000+03:00",
        "licensing_agency": [],
        "social": {
            "facebook": {
                "likes": 0,
                "comments": 0,
                "shares": 0
            },
            "vk": {
                "shares": 0
            }
        }
    },
    "uuid": "fc7a97ca9aff08c055a709dd29a073c37dec3731",
    "url": "https://amsterdamnews.com/news/2025/09/25/oskar-ibru-billionaire-nigerian-industrialist-dies-at-67/",
    "ord_in_thread": 0,
    "author": "FRANKIE EDOZIEN",
    "published": "2025-09-25T07:00:00.000+03:00",
    "title": "Oskar Ibru, billionaire Nigerian industrialist dies at 67",
    "text": "One of Africa’s most ardent champions, the billionaire industrialist and head of the Ibru conglomerate, Oskar Ibru, has died. He was 67. His family said on Wednesday that he had passed away after a brief illness.\nOlorogun Oskar Eyovbirere C. J. Ibru, was born in 1958, a son of the late Olorogun Michael Ibru, who founded the Ibru Organization, which has interests in shipping, media, oil and gas, hospitality and commerce.\nIbru attended Nigeria’s prestigious Igbobi College Lagos, where he played football, table tennis, cricket and hockey as well participating in the high jump. He remained an athlete for decades. For his tertiary education he went to the United States for undergraduate studies at Skidmore College where he met the woman he would later call his wife, Wanda Swann. He then went on to Atlanta University Graduate School of Business for his master’s degree.\nIbru returned to the family organization in 1983 working in various positions at Nigeria’s Guardian newspaper, as a management trainee and then at a shipping line, and in various other capacities before rising to helm the entire organization as group chairman.\nHis role in expanding the conglomerate over the decades has been lauded by many and he received numerous professional accolades and honorary chieftaincy titles and degrees. While directing affairs of the Ibru group, the businessman made sure that the company remained one of Nigeria’s top job and wealth creation organizations. The number of philanthropic engagements also increased as the years went on.\nIbru was a visionary businessman who remained bullish on Africa, and on Nigeria in particular. He told British journalists on ITV that Nigeria “was a bride to be sought after,” and he encouraged a return to those Africans who had left and had made careers in the West. “They should come and see what those of us who are here see,” he said.\nOften clad in white robes, the man was an art connoisseur and a patron to many artists. His homes featured works by local unknown artists, and he had been known to pop into exhibitions of upcoming Nigerian artists. He was always a champion of culture, particularly his own Urhobo culture. This past June, he was spotted out and about in Lagos checking new work by up-and-coming visual artists.\nIbru was fondly referred to as “Skido” by many who knew him intimately, and it was not a surprise to see him in Lagos, Accra, or in his beloved hometown of Agbara-Otor in Nigeria’s Delta state, deep in jovial conversation with those who worked for him — or were inspired by him.\nWhen he was at his country home in Delta state, where he routinely escaped from the urban center of Lagos, he enjoyed the quiet country farming life with numerous animals roaming around his compound.\nHe once told a reporter that he could retire there to live the life of a farmer. “I have a poultry farm with about 25,000 birds. I have archery, I have a very massive fishpond, and I am going into agriculture full time,” he said. And his hand of hospitality was always extended: “You are welcome to my house of palm wine, red oil, soap, fish, pigs, banga soup and chicken”.\nAs the shock of his death made waves around the world, many who met me began to reminisce online. Journalist Dele Momodu wrote that, “He was an extremely friendly gentleman, and a socialite [par] excellence, who was loved so passionately by families and friends.”\nOthers called him a jolly good fellow. And for good reason. Ibru made everyone in his orbit at ease and spoke the languages and vernacular of the people. Always dapper, and rarely seen without a hat, or bedecked in his coral beads and gold bracelets, and the wide mile, he was the people’s prince.\nHe was comfortable with the world’s wealthy as he was with the world’s neediest. He dined with presidents and royalty with the same vigor and offered his legendary generosity of spirit to strangers he’d only just met.\nIbru is survived his wife of 39 years, Wanda Ibru, curator of Nigeria’s Ijebu National Museum; their children, daughters Makashe and husband Kayode Awogboro; Nenesi and husband Chinedu Okeke; and son Christopher Ebruba and wife Ibiyinka Ibru; five grandchildren, siblings, nieces, nephews and an entire community of loved ones across Africa, the United States and Europe.",
    "highlightText": "",
    "highlightTitle": "",
    "highlightThreadTitle": "",
    "language": "english",
    "sentiment": "negative",
    "categories": [
        "Human Interest",
        "Politics",
        "Social Issue"
    ],
    "topics": [
        "Human Interest->funeral and memorial service",
        "Politics->economic policy",
        "Politics->human rights",
        "Politics->regulation of industry",
        "Social Issue->death and dying",
        "Social Issue->demographics",
        "Social Issue->social condition"
    ],
    "ai_allow": true,
    "has_canonical": false,
    "breaking": true,
    "webz_reporter": false,
    "external_links": [],
    "external_images": [],
    "internal_images": [],
    "entities": {
        "persons": [
            {
                "name": "Oskar Ibru",
                "sentiment": "none"
            },
            {
                "name": "Wanda Swann",
                "sentiment": "none"
            }
        ],
        "locations": [
            {
                "name": "Africa",
                "sentiment": "none"
            }
        ],
        "organizations": [
            {
                "name": "Atlanta University Graduate School of Business",
                "sentiment": "none",
                "tickers": []
            },
            {
                "name": "Ibru Organization",
                "sentiment": "none",
                "tickers": []
            },
            {
                "name": "Skidmore College",
                "sentiment": "none",
                "tickers": []
            }
        ]
    },
    "syndication": {
        "syndicated": false,
        "syndicate_id": null,
        "first_syndicated": false
    },
    "trust": {
        "categories": [
            "trusted_news"
        ],
        "top_news": [],
        "bias": "left",
        "source": {
            "type": "local_news",
            "city": [
                "New York City"
            ],
            "state": [
                "New York"
            ],
            "country": [
                "US"
            ],
            "domain_type": null,
            "agency": null,
            "organization_name": null
        }
    },
    "rating": null,
    "crawled": "2025-09-25T07:02:36.943+03:00",
    "updated": "2025-09-25T07:09:49.000+03:00"
}