{
    "thread": {
        "uuid": "abc9ecfc6322ae0bd3f65e9647e05aea26e0d3f0",
        "url": "https://thegeorgiagazette.com/muscogee/malik-pope-4/",
        "site_full": "thegeorgiagazette.com",
        "site": "thegeorgiagazette.com",
        "site_section": "https://thegeorgiagazette.com",
        "site_categories": [],
        "section_title": "The Georgia Gazette &#8211; Real. Independent. News.",
        "site_title": "The Georgia Gazette &#8211; Real. Independent. News.",
        "title": "Malik Pope",
        "title_full": "Malik Pope",
        "published": "2025-09-25T06:14:00.000+03:00",
        "replies_count": 0,
        "participants_count": 1,
        "site_type": "news",
        "country": "US",
        "main_image": "",
        "performance_score": 0,
        "domain_rank": 120757,
        "domain_rank_updated": "2025-09-22T00:00:00.000+03:00",
        "licensing_agency": [],
        "social": {
            "facebook": {
                "likes": 0,
                "comments": 0,
                "shares": 0
            },
            "vk": {
                "shares": 0
            }
        }
    },
    "uuid": "abc9ecfc6322ae0bd3f65e9647e05aea26e0d3f0",
    "url": "https://thegeorgiagazette.com/muscogee/malik-pope-4/",
    "ord_in_thread": 0,
    "author": "Mujtaba",
    "published": "2025-09-25T06:14:00.000+03:00",
    "title": "Malik Pope",
    "text": "Name:\nPope, Malik\nDate of Booking:\n09/23/2025\nReason(s) For Booking:\nWILLFUL OBSTRUCTION OF LAW ENFORCEMENT OFFICERS\nTHEFT BY SHOPLIFTING\nCRIMINAL TRESPASS",
    "highlightText": "",
    "highlightTitle": "",
    "highlightThreadTitle": "",
    "language": "english",
    "sentiment": "negative",
    "categories": [
        "Crime, Law and Justice",
        "Social Issue",
        "Politics"
    ],
    "topics": [
        "Crime, Law and Justice->robbery and theft",
        "Social Issue->discrimination",
        "Social Issue->adults",
        "Social Issue->social problem",
        "Politics->civil rights",
        "Politics->government"
    ],
    "ai_allow": true,
    "has_canonical": false,
    "breaking": null,
    "webz_reporter": false,
    "external_links": [],
    "external_images": [],
    "internal_images": [],
    "entities": {
        "persons": [
            {
                "name": "Malik Pope",
                "sentiment": "none"
            }
        ],
        "locations": [],
        "organizations": []
    },
    "syndication": {
        "syndicated": false,
        "syndicate_id": null,
        "first_syndicated": false
    },
    "trust": {
        "categories": [],
        "top_news": [],
        "bias": null,
        "source": {
            "type": null,
            "city": null,
            "state": null,
            "country": null,
            "domain_type": null,
            "agency": null,
            "organization_name": null
        }
    },
    "rating": null,
    "crawled": "2025-09-25T07:25:10.646+03:00",
    "updated": "2025-09-25T07:29:09.000+03:00"
}