{
    "thread": {
        "uuid": "4818506955c52d39736488131f4f77d81fb4e2b6",
        "url": "https://www.israelnationalnews.com/flashes/667098",
        "site_full": "www.israelnationalnews.com",
        "site": "israelnationalnews.com",
        "site_section": "http://www.israelnationalnews.com/Rss.aspx",
        "site_categories": [
            "media",
            "judaism",
            "religion",
            "top_news_il",
            "top_news"
        ],
        "section_title": "News from Israel",
        "site_title": "Israel News | Israel National News",
        "title": "Syracuse U: Hate crime charges after pork thrown into Jewish frat on Rosh Hashanah",
        "title_full": "Syracuse U: Hate crime charges after pork thrown into Jewish frat on Rosh Hashanah",
        "published": "2025-09-25T06:52:00.000+03:00",
        "replies_count": 0,
        "participants_count": 0,
        "site_type": "news",
        "country": "US",
        "main_image": "https://2.a7.org/files/pictures/000/1075218.jpg",
        "performance_score": 0,
        "domain_rank": 21327,
        "domain_rank_updated": "2025-09-22T00:00:00.000+03:00",
        "licensing_agency": [],
        "social": {
            "facebook": {
                "likes": 0,
                "comments": 0,
                "shares": 0
            },
            "vk": {
                "shares": 0
            }
        }
    },
    "uuid": "4818506955c52d39736488131f4f77d81fb4e2b6",
    "url": "https://www.israelnationalnews.com/flashes/667098",
    "ord_in_thread": 0,
    "author": null,
    "published": "2025-09-25T06:52:00.000+03:00",
    "title": "Syracuse U: Hate crime charges after pork thrown into Jewish frat on Rosh Hashanah",
    "text": "Syracuse U: Hate crime charges after pork thrown into Jewish frat on Rosh Hashanah\nTwo Syracuse students face hate crime charges after throwing pork into a Jewish frat house during Rosh Hashanah. Officials condemn the act as abhorrent and promise disciplinary action.\nRead more",
    "highlightText": "",
    "highlightTitle": "",
    "highlightThreadTitle": "",
    "language": "english",
    "sentiment": "negative",
    "categories": [
        "Crime, Law and Justice",
        "Politics",
        "Social Issue"
    ],
    "topics": [
        "Crime, Law and Justice->investigation (criminal)",
        "Crime, Law and Justice->assault",
        "Crime, Law and Justice->crime",
        "Politics->freedom of religion",
        "Politics->civil rights",
        "Social Issue->religious discrimination",
        "Social Issue->discrimination"
    ],
    "ai_allow": true,
    "has_canonical": false,
    "breaking": true,
    "webz_reporter": false,
    "external_links": [],
    "external_images": [],
    "internal_images": [],
    "entities": {
        "persons": [],
        "locations": [],
        "organizations": []
    },
    "syndication": {
        "syndicated": false,
        "syndicate_id": null,
        "first_syndicated": false
    },
    "trust": {
        "categories": null,
        "top_news": [
            "top_news_il",
            "top_news"
        ],
        "bias": "center",
        "source": {
            "type": null,
            "city": null,
            "state": null,
            "country": null,
            "domain_type": null,
            "agency": null,
            "organization_name": null
        }
    },
    "rating": null,
    "crawled": "2025-09-25T07:36:31.652+03:00",
    "updated": "2025-09-26T08:08:48.000+03:00"
}