{
    "thread": {
        "uuid": "a4364eb5f744bd8e9b8302aa02c4001347f77e20",
        "url": "https://www.ntd.com/us-treasury-targets-nonprofits-linked-to-hamas_1121004.html",
        "site_full": "www.ntd.com",
        "site": "ntd.com",
        "site_section": "https://api.ntd.com/feed",
        "site_categories": [
            "real_estate",
            "architects",
            "economy, business and finance",
            "arts, culture and entertainment",
            "politics",
            "crime, law and justice",
            "war, conflict and unrest"
        ],
        "section_title": "RSS Feed | NTD",
        "site_title": "NTD News - Breaking News, Latest News and Videos | NTD",
        "title": "US Treasury Targets Nonprofits Linked to Hamas",
        "title_full": "US Treasury Targets Nonprofits Linked to Hamas",
        "published": "2026-01-22T06:59:00.000+02:00",
        "replies_count": 0,
        "participants_count": 1,
        "site_type": "news",
        "country": "US",
        "main_image": "https://i.ntd.com/assets/uploads/2025/12/id1113707-08082025-DSC09394-Treasury-DeptKO.jpg-900x506.webp",
        "performance_score": 0,
        "domain_rank": 59249,
        "domain_rank_updated": "2026-01-18T23:00:00.000+02:00",
        "licensing_agency": [],
        "social": {
            "facebook": {
                "likes": 0,
                "comments": 0,
                "shares": 0
            },
            "vk": {
                "shares": 0
            }
        }
    },
    "uuid": "a4364eb5f744bd8e9b8302aa02c4001347f77e20",
    "url": "https://www.ntd.com/us-treasury-targets-nonprofits-linked-to-hamas_1121004.html",
    "ord_in_thread": 0,
    "author": "NTD Newsroom",
    "published": "2026-01-22T06:59:00.000+02:00",
    "title": "US Treasury Targets Nonprofits Linked to Hamas",
    "text": "The U.S. Treasury Department said on Wednesday that it has exposed and disrupted what it calls the \"covert support network\" of the Hamas terrorist group.\nUS Treasury Targets Nonprofits Linked to Hamas\nThe U.S. Treasury Department said on Wednesday that it has exposed and disrupted what it calls the \"covert support network\" of the Hamas terrorist group.\n|\nPublished: 1/21/2026, 11:59:01 PM EST",
    "highlightText": "",
    "highlightTitle": "",
    "highlightThreadTitle": "",
    "language": "english",
    "sentiment": "negative",
    "categories": [
        "Politics",
        "War, Conflict and Unrest"
    ],
    "topics": [
        "Politics->non-governmental organisation",
        "Politics->international relations",
        "War, Conflict and Unrest->act of terror"
    ],
    "ai_allow": true,
    "has_canonical": false,
    "breaking": false,
    "webz_reporter": false,
    "external_links": [],
    "external_images": [],
    "internal_images": [],
    "entities": {
        "persons": [],
        "locations": [],
        "organizations": [
            {
                "name": "US Treasury",
                "sentiment": "negative",
                "tickers": [
                    {
                        "ticker": null,
                        "exchange": null
                    }
                ]
            },
            {
                "name": "U. S. Treasury Department",
                "sentiment": "neutral",
                "tickers": [
                    {
                        "ticker": null,
                        "exchange": null
                    }
                ]
            },
            {
                "name": "Hamas",
                "sentiment": "none",
                "tickers": [
                    {
                        "ticker": null,
                        "exchange": null
                    }
                ]
            }
        ]
    },
    "syndication": {
        "syndicated": false,
        "syndicate_id": null,
        "first_syndicated": false
    },
    "trust": {
        "categories": [
            "fake_news"
        ],
        "top_news": [],
        "bias": "right",
        "source": {
            "type": null,
            "city": null,
            "state": null,
            "country": null,
            "domain_type": null,
            "agency": null,
            "organization_name": null
        }
    },
    "rating": null,
    "crawled": "2026-01-22T07:33:38.626+02:00",
    "updated": "2026-01-22T07:36:38.000+02:00"
}