{
    "thread": {
        "uuid": "38b4ff07c0a137abf76f1174d4a06304552ba99c",
        "url": "https://www.youtube.com/watch?v=arohUYp2i2g",
        "site_full": "www.youtube.com",
        "site": "youtube.com",
        "site_section": "https://feeder.co/out/folder/07af1ba519.rss",
        "site_categories": [
            "television",
            "",
            "entertainment",
            "crime, law and justice",
            "politics",
            "war, conflict and unrest",
            "sport",
            "economy, business and finance"
        ],
        "section_title": "Audio and Video News",
        "site_title": "YouTube",
        "title": "Karnataka Faces Governor-Govt Standoff Over Speech As Raj Bhavan Seeks 'Critical Of Centre' Removal",
        "title_full": "Karnataka Faces Governor-Govt Standoff Over Speech As Raj Bhavan Seeks 'Critical Of Centre' Removal",
        "published": "2026-01-22T07:10:00.000+02:00",
        "replies_count": 0,
        "participants_count": 1,
        "site_type": "news",
        "country": "US",
        "main_image": "https://i.ytimg.com/vi/arohUYp2i2g/maxresdefault.jpg",
        "performance_score": 0,
        "domain_rank": 9,
        "domain_rank_updated": "2026-01-18T23:00:00.000+02:00",
        "licensing_agency": [],
        "social": {
            "facebook": {
                "likes": 0,
                "comments": 0,
                "shares": 0
            },
            "vk": {
                "shares": 0
            }
        }
    },
    "uuid": "38b4ff07c0a137abf76f1174d4a06304552ba99c",
    "url": "https://www.youtube.com/watch?v=arohUYp2i2g",
    "ord_in_thread": 0,
    "author": "Times Now",
    "published": "2026-01-22T07:10:00.000+02:00",
    "title": "Karnataka Faces Governor-Govt Standoff Over Speech As Raj Bhavan Seeks 'Critical Of Centre' Removal",
    "text": "Karnataka Faces Governor-Govt Standoff Over Speech As Raj Bhavan Seeks 'Critical Of Centre' RemovalAfter similar standoffs in Tamil Nadu and Kerala, Karnataka is now witnessing a confrontation between the state government and Raj Bhavan over the governor’s customary address to the joint session of the legislature. Governor Thaawar Chand Gehlot, scheduled to deliver the address on Thursday, has reportedly indicated he will not read the speech unless sections “critical of the Centre” are removed. The state government has refused any changes, arguing that the address reflects cabinet-approved concerns about what it describes as recent injustices by the Union government. This has raised uncertainty over whether the governor will deliver the speech in full or omit the contentious portions. #timesnow #englishnews #karnataka #governor #rajbhavan #legislature #standoff #speech #centregovt #politics Times Now - Times Now News channel examines news with in-depth analysis. We provide much more than the latest news and breaking news of the day. Times Network houses upscale television channels. Times Network takes the lead with its ground-breaking innovation and disruption of a new content category. The Times Network channels, which have a global footprint in 100 countries, inform, entertain, and engage viewers of all ages with fascinating and intriguing content, news, and information. Subscribe to our channel - https://bit.ly/SubscribeToTimesNow Check out our website: https://www.timesnownews.com Times Now News App : https://bit.ly/3AD5qqN Connect with us on our social media handles: Facebook: https://www.facebook.com/Timesnow Twitter: https://twitter.com/timesnow Instagram: https://instagram.com/timesnow Subscribe to our other network channels: Times Now Navbharat: https://bit.ly/SubscribeToTNNavbharat Zoom: https://bit.ly/SubscribeToZoom Mirror Now: https://bit.ly/SubscribeToMirrorNow ET Now: https://bit.ly/SubscribeToETNow TN+: https://bit.ly/SubscribeToTNPlus Chapters: 0:00 Understanding the Karnataka Governor and Government Standoff 1:00 Constitutional Obligations: The Governor's Role in Legislative Sessions 2:30 Political Implications of the Governor's Address in Karnataka 4:00 Debate on MANREGA: Government's Position and Legal Perspectives 5:30 The Importance of the Governor's Speech: A Constitutional Commitment",
    "highlightText": "",
    "highlightTitle": "",
    "highlightThreadTitle": "",
    "language": "english",
    "sentiment": "negative",
    "categories": [
        "Politics"
    ],
    "topics": [
        "Politics->government"
    ],
    "ai_allow": true,
    "has_canonical": false,
    "breaking": false,
    "webz_reporter": false,
    "external_links": [
        "https://bit.ly/3AD5qqN",
        "https://www.timesnownews.com",
        "https://bit.ly/SubscribeToTimesNow",
        "https://bit.ly/SubscribeToETNow",
        "https://bit.ly/SubscribeToMirrorNow",
        "https://bit.ly/SubscribeToZoom",
        "https://bit.ly/SubscribeToTNPlus",
        "https://www.facebook.com/Timesnow",
        "https://twitter.com/timesnow",
        "https://instagram.com/timesnow",
        "https://bit.ly/SubscribeToTNNavbharat",
        "https://www.bit.ly/SubscribeToETNow",
        "https://www.bit.ly/SubscribeToMirrorNow",
        "https://timesnownews.com",
        "https://www.bit.ly/SubscribeToZoom",
        "https://www.bit.ly/SubscribeToTNNavbharat",
        "https://www.instagram.com/timesnow",
        "https://www.bit.ly/SubscribeToTNPlus",
        "https://www.twitter.com/timesnow",
        "https://www.bit.ly/3AD5qqN",
        "https://facebook.com/Timesnow",
        "https://www.bit.ly/SubscribeToTimesNow"
    ],
    "external_images": [],
    "internal_images": [],
    "entities": {
        "persons": [],
        "locations": [],
        "organizations": []
    },
    "syndication": {
        "syndicated": false,
        "syndicate_id": null,
        "first_syndicated": false
    },
    "trust": {
        "categories": [
            "fake_news"
        ],
        "top_news": [],
        "bias": "left",
        "source": {
            "type": null,
            "city": null,
            "state": null,
            "country": null,
            "domain_type": null,
            "agency": null,
            "organization_name": null
        }
    },
    "rating": null,
    "crawled": "2026-01-22T07:54:36.845+02:00",
    "updated": "2026-01-22T07:55:17.000+02:00"
}