{
    "thread": {
        "uuid": "018107e59bc95271ce8e71e9606a849721401722",
        "url": "https://article.wn.com/view/2026/01/22/Kerala_Assembly_adjourned_amid_uproar_over_Sabarimala_gold_t/",
        "site_full": "article.wn.com",
        "site": "wn.com",
        "site_section": "https://wn.com/asia",
        "site_categories": [
            "media",
            "arts, culture and entertainment",
            "lifestyle and leisure",
            "science and technology",
            "economy, business and finance",
            "crime, law and justice",
            "politics",
            "sport"
        ],
        "section_title": "World News - Asia",
        "site_title": "World News",
        "title": "Kerala Assembly adjourned amid uproar over Sabarimala gold theft controversy - Worldnews.com",
        "title_full": "Kerala Assembly adjourned amid uproar over Sabarimala gold theft controversy - Worldnews.com",
        "published": "2026-01-22T02:00:00.000+02:00",
        "replies_count": 0,
        "participants_count": 1,
        "site_type": "news",
        "country": "US",
        "main_image": "",
        "performance_score": 0,
        "domain_rank": 8219,
        "domain_rank_updated": "2026-01-18T23:00:00.000+02:00",
        "licensing_agency": [],
        "social": {
            "facebook": {
                "likes": 0,
                "comments": 0,
                "shares": 0
            },
            "vk": {
                "shares": 0
            }
        }
    },
    "uuid": "018107e59bc95271ce8e71e9606a849721401722",
    "url": "https://article.wn.com/view/2026/01/22/Kerala_Assembly_adjourned_amid_uproar_over_Sabarimala_gold_t/",
    "ord_in_thread": 0,
    "author": "System",
    "published": "2026-01-22T02:00:00.000+02:00",
    "title": "Kerala Assembly adjourned amid uproar over Sabarimala gold theft controversy - Worldnews.com",
    "text": "Opposition seeks resignation of Devaswom Minister V.N. Vasavan and expulsion of Travancore Devaswom Board president\n......\nread full story\nAsk about this article\nOpposition seeks resignation of Devaswom Minister V.N. Vasavan and expulsion of Travancore Devaswom Board president\n......\nread full story",
    "highlightText": "",
    "highlightTitle": "",
    "highlightThreadTitle": "",
    "language": "english",
    "sentiment": "negative",
    "categories": [
        "Politics",
        "Crime, Law and Justice"
    ],
    "topics": [
        "Politics->political crisis",
        "Crime, Law and Justice->corruption",
        "Crime, Law and Justice->court"
    ],
    "ai_allow": true,
    "has_canonical": false,
    "breaking": null,
    "webz_reporter": false,
    "external_links": [
        "https://www.thehindu.com/news/national/kerala/kerala-assembly-adjourned-amid-uproar-over-sabarimala-gold-theft-controversy/article70536563.ece",
        "https://thehindu.com/news/national/kerala/kerala-assembly-adjourned-amid-uproar-over-sabarimala-gold-theft-controversy/article70536563.ece"
    ],
    "external_images": [],
    "internal_images": [],
    "entities": {
        "persons": [
            {
                "name": "V. N. Vasavan",
                "sentiment": "neutral"
            }
        ],
        "locations": [
            {
                "name": "Travancore",
                "sentiment": "none"
            }
        ],
        "organizations": [
            {
                "name": "Kerala Assembly",
                "sentiment": "negative",
                "tickers": [
                    {
                        "ticker": null,
                        "exchange": null
                    }
                ]
            },
            {
                "name": "Worldnews. com",
                "sentiment": "neutral",
                "tickers": [
                    {
                        "ticker": null,
                        "exchange": null
                    }
                ]
            },
            {
                "name": "Travancore Devaswom Board",
                "sentiment": "none",
                "tickers": [
                    {
                        "ticker": null,
                        "exchange": null
                    }
                ]
            }
        ]
    },
    "syndication": {
        "syndicated": false,
        "syndicate_id": null,
        "first_syndicated": false
    },
    "trust": {
        "categories": [
            "trusted_news"
        ],
        "top_news": [],
        "bias": "center",
        "source": {
            "type": null,
            "city": null,
            "state": null,
            "country": null,
            "domain_type": null,
            "agency": null,
            "organization_name": null
        }
    },
    "rating": null,
    "crawled": "2026-01-22T08:24:29.748+02:00",
    "updated": "2026-01-22T08:28:59.000+02:00"
}