{
    "thread": {
        "uuid": "c7bc18600908562713a5aaa7e4f78d004fb1e0c9",
        "url": "https://www.warwickonline.com/news/ri-gop-chair-to-resign-citing-scheduling-conflicts-with-full-time-job/article_569f5775-c850-4394-85fe-04c7f89ed60e.html",
        "site_full": "www.warwickonline.com",
        "site": "warwickonline.com",
        "site_section": "https://news.google.com/search?q=with%20when%3A1h&hl=en-US&gl=US&ceid=US%3Aen",
        "site_categories": [
            "media",
            "crime, law and justice",
            "human interest",
            "sport",
            "economy, business and finance",
            "lifestyle and leisure"
        ],
        "section_title": "Google News - Search",
        "site_title": "Home | Warwick Beacon",
        "title": "RI GOP chair to resign citing scheduling conflicts with full-time job | News | warwickonline.com",
        "title_full": "RI GOP chair to resign citing scheduling conflicts with full-time job | News | warwickonline.com",
        "published": "2026-01-22T07:00:00.000+02:00",
        "replies_count": 0,
        "participants_count": 1,
        "site_type": "news",
        "country": "US",
        "main_image": "https://bloximages.chicago2.vip.townnews.com/warwickonline.com/content/tncms/assets/v3/editorial/a/a4/aa476aa6-6db2-468e-88f2-e14754cd2221/69711056ab5f6.image.jpg?crop=950%2C499%2C0%2C212",
        "performance_score": 0,
        "domain_rank": 616044,
        "domain_rank_updated": "2026-01-18T23:00:00.000+02:00",
        "licensing_agency": [],
        "social": {
            "facebook": {
                "likes": 0,
                "comments": 0,
                "shares": 0
            },
            "vk": {
                "shares": 0
            }
        }
    },
    "uuid": "c7bc18600908562713a5aaa7e4f78d004fb1e0c9",
    "url": "https://www.warwickonline.com/news/ri-gop-chair-to-resign-citing-scheduling-conflicts-with-full-time-job/article_569f5775-c850-4394-85fe-04c7f89ed60e.html",
    "ord_in_thread": 0,
    "author": "NANCY LAVIN Rhode Island Current",
    "published": "2026-01-22T07:00:00.000+02:00",
    "title": "RI GOP chair to resign citing scheduling conflicts with full-time job | News | warwickonline.com",
    "text": "The leader of Rhode Island’s Republican Party is stepping down, less than one year after winning a second term in a contentious and competitive internal election.\nkA DEJ=6lQE6IE\\2=:8?i =67EQmkDA2?mv~! r92:C>2? y@6 !@H6CD 2??@F?465 9:D C6D:8?2E:@? @? $F?52J[ y2?] c — E9@F89 :E 5:5?’E E2<6 67764E F?E:= y2?] `d — 4:E:?8 E96 56>2?5D 2?5 C:8@C@FD EC2G6= D4965F=6 @7 9:D A2:5 ;@3 2D 2 3FD:?6DD 4@?DF=E2?E]k^DA2?mk^Am\nkA DEJ=6lQE6IE\\2=:8?i =67EQmkDA2?m“%96 C@=6 @7 r92:C>2? 56>2?5D 4@?DE2?E 7@4FD 2?5 52:=J 6?8286>6?E[ 6DA64:2==J >@G:?8 :?E@ 2? 6=64E:@? J62C[ ?6:E96C @7 H9:49 r92:C>2? !@H6CD 42? AC@G:56 2E E9:D E:>6[” E96 A2CEJ D2:5 :? 2 AC6DD C6=62D6]k^DA2?mk^Am\nkA DEJ=6lQE6IE\\2=:8?i =67EQmkDA2?m!@H6CD[ dd[ H2D 7:CDE 6=64E65 E@ E96 E@A A@D:E:@? H:E9:? E96 DE2E6’D #6AF3=:42? !2CEJ :? |2C49 a_ab[ 27E6C =@D:?8 9:D 42>A2:8? E@ F?D62E s6>@4C2E:4 $6?] uC2?< {@>32C5: :? E96k^DA2?mkDA2? DEJ=6lQE6IE\\564@C2E:@?i F?56C=:?6Qmk2 E2C86ElQ03=2?<Q 9C67lQ9EEADi^^HHH]C:]8@G^6=64E:@?^C6DF=ED^a_aa^86?6C2=06=64E:@?^C246D^bb]9E>=Qm a_aa 6=64E:@?]k^2mk^DA2?mkDA2?m %96 dd\\J62C\\@=5 rC2?DE@? C6D:56?E H@? 2 D64@?5[ EH@\\J62C E6C> :? |2C49 a_ad[ 76?5:?8 @77 492==6?86C y6DD:42 sC6H\\s2J :? 2? 2?:>FD 32EE=6 @G6C E96 7FEFC6 @7 E96 DE2E6’D D>2== #6AF3=:42? AC6D6?46] %96 a_ad 6=64E:@? H2D 2=D@ E96 7:CDE E:>6 2 492==6?86C 2EE6>AE65 E@ F?D62E 2? :?4F>36?E v~! 492:C :? b_ J62CD]k^DA2?mk^Am\nkA DEJ=6lQE6IE\\2=:8?i =67EQmkDA2?mx? 2? :?E6CG:6H |@?52J >@C?:?8[ !@H6CD D2:5 96 925 ?@ C68C6ED 23@FE CF??:?8 7@C C66=64E:@? :? a_ad[ 56DA:E6 9:D 564:D:@? ?@H E@ DE6A 2H2J]k^DA2?mk^Am\nkA DEJ=6lQE6IE\\2=:8?i =67EQmkDA2?m“(6 H@C<65 @FC E2:=D @77 ECJ:?8 E@ AFE E@86E96C 2 7@F?52E:@?[” !@H6CD D2:5 @7 9:D E:>6 2D A2CEJ =6256C] &?56C 9:D @G6CD:89E[ E96 v~! FA52E65 :ED k^DA2?mkDA2? DEJ=6lQE6IE\\564@C2E:@?i F?56C=:?6Qmk2 E2C86ElQ03=2?<Q 9C67lQ9EEADi^^C9@56:D=2?54FCC6?E]4@>^HA\\4@?E6?E^FA=@25D^a_ad^_b^#xv~!\\qJ\\{2HD\\a_ac]A57Qm3J=2HDk^2mk^DA2?mkDA2?m 7@C E96 7:CDE E:>6 :? a_ J62CD[ 2?5 7:==65 2== E96 D62ED @? :ED D:I A2CEJ DE2?5:?8 4@>>:EE66D[ H9:49 @G6CD66 7:?2?46D[ >6DD28:?8[ CF=6D 2?5 @E96C E2D<D]k^DA2?mk^Am\nkA DEJ=6lQE6IE\\2=:8?i =67EQmkDA2?mqFE 96 92D DECF88=65 E@ 32=2?46 E96 7F==\\E:>6 A2CEJ =6256CD9:A C@=6 — @?6 96 D2:5 56>2?5D e_ 9@FCD H66<=J — H:E9 9:D 52J ;@3] !@H6CD D2:5 9:D 3FD:?6DD 4@?DF=E:?8 AC24E:46 3682? C2>A:?8 FA 2 J62C 28@ 2D 96 E@@< @? ?6H 4=:6?ED[ :?4C62D:?8 “6IA@?6?E:2==J” H:E9:? E96 =2DE D:I >@?E9D]k^DA2?mk^Am\nkA DEJ=6lQE6IE\\2=:8?i =67EQmkDA2?mw6 A6??65 9:D AF3=:4 C6D:8?2E:@? =6EE6C @? $2EFC52J 7C@> %2>A2[ u=@C:52[ H96C6 96 H2D EC2G6=:?8 7@C H@C<] qJ |@?52J >@C?:?8[ 96’5 =67E E96 $F?D9:?6 $E2E6[ DE@AA:?8 E9C@F89 %6I2D 2?5 6?5:?8 :? %F=D2[ ~<=29@>2] w6 DA@<6 E@ #9@56 xD=2?5 rFCC6?E[ 2?5 42==65 :? 7@C 2 D4965F=65 :?E6CG:6H @? (!#~ 9@DE k^DA2?mkDA2? DEJ=6lQE6IE\\564@C2E:@?i F?56C=:?6Qmk2 E2C86ElQ03=2?<Q 9C67lQ9EEADi^^HHH]hhfHAC@]4@>^D9@HD^E2C2\\8C2?292?^Qm%2C2 vC2?292?’Dk^2mk^DA2?mkDA2?m |@?52J >@C?:?8 C25:@ D9@H[ 7C@> 9:D 9@E6= C@@>]k^DA2?mk^Am\nkA DEJ=6lQE6IE\\2=:8?i =67EQmkDA2?m&?=:<6 >65:2 :?E6CG:6HD[ E9@F89[ E96 H@C< @7 E96 DE2E6 A2CEJ =6256C C6BF:C6D 2 A9JD:42= AC6D6?46 — 2EE6?5:?8 2== @7 E96 92=7 5@K6? 6I64FE:G6 4@>>:EE66 >66E:?8D E9C@F89@FE E96 J62C[ 2?5 :?E6C>:EE6?E A@A\\FAD 2E E96 >2?J >F?:4:A2= >66E:?8D[ 42?5:52E6 EC2:?:?8D 2?5 7F?5C2:D6CD E92E @44FC 6249 >@?E9] k^DA2?mk^Am\nkA DEJ=6lQE6IE\\2=:8?i =67EQmkDA2?m“xE’D E@@ :>A@CE2?E 7@C #9@56 xD=2?5[ 6DA64:2==J #6AF3=:42? #9@56 xD=2?56CD[ ?@E E@ 92G6 D@>63@5J H9@ 42? 92G6 E96:C 92?5D[ @C 2E =62DE E96:C D925@H[ @? 2== E96 H@C< 2?5 2== E96 8@:?8D @? :?D:56 E96 A2CEJ[” !@H6CD D2:5 E@ vC2?292?]k^DA2?mk^Am\nkA DEJ=6lQE6IE\\2=:8?i =67EQmkDA2?m!@H6CD 2=D@ 9:89=:89E65 E96 “9:89=J 4@?E6DE65” DE2E6 2?5 =@42= 6=64E:@?D — :?4=F5:?8 86?6C2= @77:46CD 2?5 2== ``b >6>36CD @7 E96 #9@56 xD=2?5 v6?6C2= pDD6>3=J — 2AAC@249:?8 :? }@G6>36C]k^DA2?mk^Am\nkA DEJ=6lQE6IE\\2=:8?i =67EQmkDA2?m“x H@F=5 E2<6 :E A6CD@?2==J :7 x DBF2?56C65 :E 3642FD6 x 4@F=5?’E A2CE:4:A2E6[” !@H6CD D2:5 :? vC2?292?’D D9@H] k^DA2?mk^Am\nkA DEJ=6lQE6IE\\2=:8?i =67EQmkDA2?m%H@ #6AF3=:42?D[ k^DA2?mkDA2? DEJ=6lQE6IE\\564@C2E:@?i F?56C=:?6Qmk2 E2C86ElQ03=2?<Q 9C67lQ9EEADi^^C9@56:D=2?54FCC6?E]4@>^a_ad^`a^_`^E2==\\@C56C\\7@C\\C\\:\\8@A\\22C@?\\8F4<:2?\\6?E6CD\\8@G6C?@CD\\C246\\7@4FD65\\@?\\>@56C2E:@?\\2?5\\4@>A2DD:@?^Qmp2C@? vF4<:2?k^2mk^DA2?mkDA2?m 2?5 t=2:?6 !6=:?@[ 92G6 AF3=:4=J 2??@F?465 E96J 2C6 CF??:?8 7@C 8@G6C?@C[ H9:=6 #6AF3=:42? k^DA2?mkDA2? DEJ=6lQE6IE\\564@C2E:@?i F?56C=:?6Qmk2 E2C86ElQ03=2?<Q 9C67lQ9EEADi^^C9@56:D=2?54FCC6?E]4@>^3C:67D^C6AF3=:42?\\=@F89=:?\\;@:?D\\C246\\7@C\\=:6FE6?2?E\\8@G6C?@C^Qmy2>6D {@F89=:? k^2mk^DA2?mkDA2?m:D GJ:?8 7@C E96 =:6FE6?2?E 8@G6C?@C A@D:E:@?] %96 DE2E6 v~! 92D ?@E 6?5@CD65 42?5:52E6D :? E96 }@G6>36C 6=64E:@?D J6E[ 3FE :D @776C:?8 42>A2:8? EC2:?:?8[ AC@>@E:@?2= 2?5 7F?5C2:D:?8 DFAA@CE E@ 2?J@?6 :?E6C6DE65]k^DA2?mk^Am\nkA DEJ=6lQE6IE\\2=:8?i =67EQmkDA2?myFDE `cT @7 E96 DE2E6’D fcc[e`g C68:DE6C65 G@E6CD :56?E:7J 2D #6AF3=:42?D[ 244@C5:?8 E@ 52E2 7C@> E96 k^DA2?mkDA2? DEJ=6lQE6IE\\564@C2E:@?i F?56C=:?6Qmk2 E2C86ElQ03=2?<Q 9C67lQ9EEADi^^52E29F3]D@D]C:]8@G^#68:DE6C65'@E6C]2DAIQm#9@56 xD=2?5 s6A2CE>6?E @7 $E2E6k^2mk^DA2?mkDA2?m] k^DA2?mk^Am\nkA DEJ=6lQE6IE\\2=:8?i =67EQmkDA2?mqFE E96 ~462? $E2E6’D 9:DE@C:42==J D@=:5 3=F6 2AA62C2?46 92D EFC?65 E@H2C5 AFCA=6[ H:E9 k^DA2?mkDA2? DEJ=6lQE6IE\\564@C2E:@?i F?56C=:?6Qmk2 E2C86ElQ03=2?<Q 9C67lQ9EEADi^^C9@56:D=2?54FCC6?E]4@>^a_ac^``^_e^92CC:D\\H@?\\C9@56\\:D=2?5\\3FE\\?@E\\3J\\2D\\>F49\\2D\\3:56?\\:?\\a_a_^Qmc_T @7 DE2E6 G@E6CDk^2mk^DA2?mkDA2?m 324<:?8 s@?2=5 %CF>A :? E96 a_ac AC6D:56?E:2= 6=64E:@? — E96 9:896DE DFAA@CE 7@C 2 #6AF3=:42? AC6D:56?E:2= 42?5:52E6 D:?46 v6@C86 w](] qFD9 H2D 6=64E65 :? `hgg] %96 C65 H2G6 92D J6E E@ 2AA62C @? $>:E9 w:==i p== @7 #9@56 xD=2?5’D 86?6C2= @77:46 9@=56CD 2?5 hg @7 ``b DE2E6 =68:D=2E@CD 2C6 s6>@4C2ED]k^DA2?mk^Am\nkA DEJ=6lQE6IE\\2=:8?i =67EQmkDA2?msFC:?8 E96 a_ad v~! A2CEJ 6=64E:@?D[ sC6H\\s2J 4C:E:4:K65 !@H6CD 7@C ?@E DA6?5:?8 >@C6 E:>6 2?5 677@CE C64CF:E:?8 42?5:52E6D 7@C DE2E6 2?5 =@42= @77:46D] sC6H\\s2J[ cg[ @7 $@FE9 z:?8DE@H?[ 4@\\7@F?565 2? :?56A6?56?E A@=:E:42= 24E:@? 4@>>:EE66 :? a_aa E@ 7:== E96 82A[ 4=2:>:?8 E@ 92G6 DFAA@CE65 >@C6 E92? 2 5@K6? #6AF3=:42? 42?5:52E6D :? a_ab 2?5 a_ac]k^DA2?mk^Am\nkA DEJ=6lQE6IE\\2=:8?i =67EQmkDA2?m%96 32EE=6 36EH66? E96 EH@ A2CE?6CD EFC?65 4@>A6E:E@CD — sC6H\\s2J H2D 7:CDE G:46 492:C E@ !@H6CD 7C@> a_ab E@ a_ad — 8C6H 9@DE:=6 :? E96 7:?2= 52JD =625:?8 FA E@ E96 |2C49 a_ad 6=64E:@?] %96 (2CH:4< k^DA2?mkDA2? DEJ=6lQE6IE\\564@C2E:@?i F?56C=:?6Qmk2 E2C86ElQ03=2?<Q 9C67lQ9EEADi^^C9@56:D=2?54FCC6?E]4@>^a_ad^_b^_b^:?4F>36?E\\C\\:\\8@A\\492:C\\76?5D\\@77\\492==6?86C\\:?\\5C2>2\\7:==65\\A2CEJ\\6=64E:@?^Qm6G6?E :ED6=7k^2mk^DA2?mkDA2?m 762EFC65 2==682E:@?D @7 G@E6C 5:D6?7C2?49:D6>6?E 2?5 =@42= A@=:46 36:?8 42==65 E@ 6D4@CE @?6 >6>36C @7 E96 (6DE (2CH:4< #6AF3=:42? %@H? r@>>:EE66 @FE @7 E96 G6?F6[ 2=E9@F89 96 H2D ?@E 2CC6DE65]k^DA2?mk^Am\nkA DEJ=6lQE6IE\\2=:8?i =67EQmkDA2?msC6H\\s2J 92D D:?46 564=2C65 96C :?E6?E E@ 492==6?86 s6>@4C2E:4 #6A] r2C@= |4t?E66 7@C E96 D62E C6AC6D6?E:?8 A2CED @7 $@FE9 z:?8DE@H? 2?5 }2CC282?D6EE :? E96 }@G6>36C a_ae 6=64E:@?] $96 C2? 2?5 =@DE E@ |4t?E66 7@C E96 D2>6 D62E :? a_aa 2?5 a_ac]k^DA2?mk^Am\nkA DEJ=6lQE6IE\\2=:8?i =67EQmkDA2?m!@H6CD’ C6D:8?2E:@?[ AC@>AE:?8 2 DA64:2= 6=64E:@? H:E9:? b_ 52JD[ >:89E >2<6 sC6H\\s2J 492?86 42>A2:8?D] k^DA2?mk^Am\nkA DEJ=6lQE6IE\\2=:8?i =67EQmkDA2?m“x’> 2? @C82?:K6C[” D96 D2:5 :? 2? :?E6CG:6H |@?52J] “x =@G6 A6@A=6] p?5 2D x D2:5 367@C6[ x E9@F89E x 4@F=5 5@ 2 36EE6C ;@3]”k^DA2?mk^Am\nkA DEJ=6lQE6IE\\2=:8?i =67EQmkDA2?m$96 92D?’E >256 FA 96C >:?5 J6E @? DH:E49:?8 E@ 2 CF? 7@C v~! 492:C]k^DA2?mk^Am\nkA DEJ=6lQE6IE\\2=:8?i =67EQmkDA2?m!@H6CD 564=:?65 E@ 4@>>6?E @? sC6H\\s2J’D AC@DA64E:G6 42?5:524J 7@C E96 =6256CD9:A C@=6]k^DA2?mk^Am\nkA DEJ=6lQE6IE\\2=:8?i =67EQmkDA2?m“tG6CJ@?6 92D 2? @AA@CEF?:EJ E@ AFE E96:C ?2>6 :?[” 96 D2:5] “x’> ?@E 6?5@CD:?8 2?J3@5J F?E:= x D66 E96 7F== DA64ECF> @7 42?5:52E6D]”k^DA2?mk^Am\nkA DEJ=6lQE6IE\\2=:8?i =67EQmkDA2?m!@H6CD 925 2=C625J 42==65 2 76H A@E6?E:2= 42?5:52E6D @? 9:D @H? E@ 82F86 E96:C :?E6C6DE :? E2<:?8 @G6C[ 3FE ?@?6 4@F=5 4@>>:E E@ E96 9@FCD 2?5 677@CE C6BF:C65[ 96 D2:5] !@H6CD 564=:?65 E@ ?2>6 E96 A6@A=6 96 4@?E24E65 H96? 2D<65 3J #9@56 xD=2?5 rFCC6?E]k^DA2?mk^Am\nkA DEJ=6lQE6IE\\2=:8?i =67EQmkDA2?mp==J? |6J6CD[ 2 7@C>6C DE2E6 $6?2E6 42?5:52E6 H9@ =:G6D :? %:G6CE@?[ >:89E 2=D@ 36 4@?D:56C:?8 2 CF?[ 244@C5:?8 E@ ?6HD C6A@CED] |6J6CD 4@F=5 ?@E :>>65:2E6=J 36 C624965 7@C 4@>>6?E @? |@?52J]k^DA2?mk^Am\nkA DEJ=6lQE6IE\\2=:8?i =67EQmkDA2?m%96 7F== =:DE @7 4@?E6?56CD H@?’E 36 C6G62=65 F?E:= E96 :?E6C?2= >66E:?8 D@>6E:>6 @? @C 2C@F?5 u63] `d[ H96? `b_ DE2E6 2?5 =@42= #6AF3=:42? 56=682E6D H:== 36 2D<65 E@ G@E6 @? E96:C ?6H =6256C] }:J@<2 !@H6==[ 7:CDE G:46 492:C[ H:== 42== E96 DA64:2= 6=64E:@?[ D6CG:?8 2D 24E:?8 492:C :? E96 :?E6C:>]k^DA2?mk^Am\nkA DEJ=6lQE6IE\\2=:8?i =67EQmkDA2?m!@H6== 5:5 ?@E :>>65:2E6=J C6DA@?5 E@ :?BF:C:6D 7@C 4@>>6?E @? |@?52J]k^DA2?mk^Am\nkA DEJ=6lQE6IE\\2=:8?i =67EQmkDA2?m!@H6CD H:== 4@?E:?F6 2D 492:C>2? 6>6C:EFD H:E9:? E96 A2CEJ’D $E2E6 r6?EC2= r@>>:EE66[ H9:49 @776CD 9:> G@E:?8 C:89ED :? A2CEJ 6=64E:@?D] k^DA2?mk^Am",
    "highlightText": "",
    "highlightTitle": "",
    "highlightThreadTitle": "",
    "language": "english",
    "sentiment": "negative",
    "categories": [
        "Politics",
        "Labor"
    ],
    "topics": [
        "Politics->political parties and movements",
        "Labor->employer",
        "Labor->employment"
    ],
    "ai_allow": false,
    "has_canonical": false,
    "breaking": true,
    "webz_reporter": false,
    "external_links": [
        "https://rhodeislandcurrent.com/2025/02/28/a-rare-battle-to-lead-the-r-i-gop-features-two-trump-supporters-arguing-over-who-works-harder/",
        "https://www.rhodeislandcurrent.com/2025/02/28/a-rare-battle-to-lead-the-r-i-gop-features-two-trump-supporters-arguing-over-who-works-harder/",
        "https://rhodeislandcurrent.com/2025/02/28/a-rare-battle-to-lead-the-r-i-gop-features-two-trump-supporters-arguing-over-who-works-harder"
    ],
    "external_images": [],
    "internal_images": [],
    "entities": {
        "persons": [],
        "locations": [
            {
                "name": "Rhode Island",
                "sentiment": "none"
            }
        ],
        "organizations": [
            {
                "name": "RI",
                "sentiment": "none",
                "tickers": [
                    {
                        "ticker": "RI",
                        "exchange": "EPA"
                    }
                ]
            },
            {
                "name": "Republican Party",
                "sentiment": "none",
                "tickers": [
                    {
                        "ticker": null,
                        "exchange": null
                    }
                ]
            }
        ]
    },
    "syndication": {
        "syndicated": false,
        "syndicate_id": null,
        "first_syndicated": false
    },
    "trust": {
        "categories": null,
        "top_news": [],
        "bias": null,
        "source": {
            "type": "local_news",
            "city": [
                "Warwick"
            ],
            "state": [
                "Rhode Island"
            ],
            "country": [
                "US"
            ],
            "domain_type": null,
            "agency": null,
            "organization_name": null
        }
    },
    "rating": null,
    "crawled": "2026-01-22T07:27:14.679+02:00",
    "updated": "2026-01-22T07:31:12.000+02:00"
}