{
    "thread": {
        "uuid": "ecd383f90556a602ec72324a68606df5d5663ad9",
        "url": "https://www.newsbreak.com/hollywood-unlocked-1715859/4454168912370-michelle-obama-insists-she-would-actively-work-against-barack-obama-running-for-president-again-if-donald-trump-amended-constitution-to-allow-third-term",
        "site_full": "www.newsbreak.com",
        "site": "newsbreak.com",
        "site_section": "https://www.newsbreak.com/m/hollywood-unlocked-1715859",
        "site_categories": [
            "under_construction",
            "arts, culture and entertainment",
            "human interest",
            "lifestyle and leisure",
            "economy, business and finance",
            "crime, law and justice",
            "politics",
            "sport"
        ],
        "section_title": "Hollywood Unlocked&#x27;s Home Page | NewsBreak",
        "site_title": "NewsBreak: Local News &amp; Alerts",
        "title": "Michelle Obama Insists She Would 'Actively Work Against' Barack Obama Running For President Again If Donald Trump Amended Constitution To Allow Third Term - NewsBreak",
        "title_full": "Michelle Obama Insists She Would 'Actively Work Against' Barack Obama Running For President Again If Donald Trump Amended Constitution To Allow Third Term - NewsBreak",
        "published": "2026-01-22T05:58:00.000+02:00",
        "replies_count": 0,
        "participants_count": 1,
        "site_type": "news",
        "country": "US",
        "main_image": "https://img.particlenews.com/img/id/3muvhh_18F7Dkt900",
        "performance_score": 0,
        "domain_rank": 2819,
        "domain_rank_updated": "2026-01-18T23:00:00.000+02:00",
        "licensing_agency": [],
        "social": {
            "facebook": {
                "likes": 0,
                "comments": 0,
                "shares": 0
            },
            "vk": {
                "shares": 0
            }
        }
    },
    "uuid": "ecd383f90556a602ec72324a68606df5d5663ad9",
    "url": "https://www.newsbreak.com/hollywood-unlocked-1715859/4454168912370-michelle-obama-insists-she-would-actively-work-against-barack-obama-running-for-president-again-if-donald-trump-amended-constitution-to-allow-third-term",
    "ord_in_thread": 0,
    "author": "Ariela Anís",
    "published": "2026-01-22T05:58:00.000+02:00",
    "title": "Michelle Obama Insists She Would 'Actively Work Against' Barack Obama Running For President Again If Donald Trump Amended Constitution To Allow Third Term - NewsBreak",
    "text": "By Ariela Anís ,\n17 hours ago Former First Lady Michelle Obama insists that if President Donald Trump were to amend the Constitution to change limits and allow a third term, she would “actively work against” former President Barack Obama running again.\nRELATED : Donald Trump ‘Not Joking’ About Third Presidential Term, Claims There Are ‘Methods’ To Secure It Despite Legal Restrictions In Constitution\nIn January 2025, after securing a second term in the White House, Trump began telling press that he would seek a third term. That same month, Tennessee Republican Congressman Andy Ogles proposed to amend the United States Constitution to give President Trump a third presidential term. On January 23, 2025, Ogles drafted a constitutional amendment to allow Trump to be the first president to secure a third term.\nCurrently, under the 22nd Amendment of the Constitution, it is prohibited for a president to seek out a third term in the White House. Ogles’ proposal required the amending of the 22nd Amendment, a move that would be incredibly difficult. It would require either a two-thirds vote of Congress or two-thirds of the states agreeing to call a constitutional convention to propose the changes.\nIn a statement, Ogles said:\n“This amendment would allow President Trump to serve three terms, ensuring that we can sustain the bold leadership our nation so desperately needs.”\nRELATED : Donald Trump Selling ‘Trump 2028’ Hats On His Official Merchandise Website After Teasing Potential Third Term\nPresident Donald Trump Reveals One ‘Method’ To Seeking Third Term In March 2025, Trump claimed he was “not joking” about running for a third presidential term. He even claimed there were “methods,” despite legal restrictions listed in the United States Constitution.\nDuring a phone call with “allies” NBC News , Trump said, “A lot of people want me to do it. But, I mean, I basically tell them we have a long way to go. You know, it’s very early in the administration. I’m focused on the current.”\nRELATED : Donald Trump Changes Tune On Seeking Third Term, Suggests JD Vance Or Marco Rubio Could Succeed Him: ‘It’s Not Allowed, I’ll Be An 8-Year President’\nWhen asked to clarify his comments, he said, “I’m not joking. But I’m not — it is far too early to think about it.” NBC hosts also asked Trump if anyone presented plans to allow him to secure a third term. He said, “There are methods which you could do it.”\nWhen asked if one of the methods included Vice President JD Vance running for office and then passing the position to Trump, he replied, “That’s one [method], but there are others too.” However, when asked if he could share another one, Trump simply replied, “No.”\nIn April 2025, Trump began selling red “Trump 2028” hats on his official merchandise website. But by May 2025, he backtracked on seeking a third term. He suggested VP JD Vance or United States Secretary of State Marco Rubio could succeed him. However, by October 2025, Trump again refused to rule out a third term while boasting about his “perfect” health.\nRELATED : Tennessee Republican Congressman Andy Ogles, Who Previously Proposed Third Term For Donald Trump, Asks Secretary Of Interior To Add Trump To Mount Rushmore\nMichelle Obama Insists She Would ‘Actively Work Against’ Barack Obama Running For President Again If Donald Trump Amended Constitution To Allow Third Term During the January 21, 2026 episode of Alex Cooper ‘s ‘ Call Her Daddy ‘ podcast, Michelle Obama admitted she would “actively work against” Barack Obama running for a third term if Donald Trump amended the Constitution. When asked if she thought her husband would consider running again, she said:\n“I hope not. I would actively work against that. I would be at home working against it. You know, and maybe a lot of people be like, ‘Good. We don’t want them anyway.’ And I’m like, ‘Yeah, that’s what I—right!’\nYou know, I do believe in the need for new vision. Right? I mean, the two terms is not just about, ‘We like him and we want it…’ We’re changing and growing so fast, this is a hard job. And it requires new energy, new vision all the time, new ways of looking at the world. Right? So, I do believe that eight years is enough.\nAnd there’s so many talented people out there. Like, why would we keep going with the same people? You know? I would be a proponent for…And how are we going to build young leaders if the same people keep doing it again, and again, and again? You know, ‘Now it’s your turn. Now it’s my turn. Now you did it again. I’ll do it again.’\nIt’s like and there’s all these young, smart people who are just looking outside with their ideas as leaders get older and older. You know, the older you get, you just live a different life as an older established person. And I think there’s room for that wisdom, but there’s room for new ideas to come in. You know?\nSo, I am I think two terms is enough…for everybody. And it’s not a question of what order. It’s just like we’ve heard and experienced your ideas. This country is constantly evolving. What are the next thoughts? People with a new set of experiences, a new take on the world. This new generation is coming up. They travel more. They know more about the world. They’re exposed in a different way. Like, I am really, really curious about their perspectives on how to fix some of this stuff. Like, we don’t have all the answers, and that’s okay. That’s why we move on.”\nRELATED : Donald Trump Again Refuses To Rule Out Third Term, Boasts Of ‘Perfect’ MRI At Walter Reed\n#Socialites, be sure to check out the post below, then leave us your thoughts in a comment after!\n140",
    "highlightText": "",
    "highlightTitle": "",
    "highlightThreadTitle": "",
    "language": "english",
    "sentiment": "negative",
    "categories": [
        "Politics"
    ],
    "topics": [
        "Politics->constitution (law)",
        "Politics->heads of state"
    ],
    "ai_allow": true,
    "has_canonical": false,
    "breaking": null,
    "webz_reporter": false,
    "external_links": [
        "https://www.nbcnews.com/politics/donald-trump/trump-third-term-white-house-methods-rcna198752",
        "https://hollywoodunlocked.com/tag/michelle-obama",
        "https://img.particlenews.com/image.php?url=3muvhh_18F7Dkt900",
        "https://hollywoodunlocked.com/tag/j-d-vance",
        "https://hollywoodunlocked.com/tag/donald-trump",
        "https://hollywoodunlocked.com/donald-trump-not-joking-about-third-presidential-term-claims-there-are-methods-to-secure-it-despite-legal-restrictions-in-constitution/",
        "https://img.particlenews.com/image.php?type=thumbnail_580x000&url=3muvhh_18F7Dkt900",
        "https://hollywoodunlocked.com/donald-trump-selling-trump-2028-hats-after-teasing-potential-third-term/",
        "https://hollywoodunlocked.com/donald-trump-changes-tune-on-seeking-third-term-suggests-jd-vance-or-marco-rubio-could-succeed-him-its-not-allowed-ill-be-an-8-year-president/",
        "http://www.youtube.com/watch?v=1CGYpWS4a6E",
        "https://hollywoodunlocked.com/tag/barack-obama",
        "https://hollywoodunlocked.com/tennessee-republican-congressman-andy-ogles-who-previously-proposed-third-term-for-donald-trump-asks-secretary-of-interior-to-add-trump-to-mount-rushmore/",
        "https://hollywoodunlocked.com/trump-refuses-to-rule-out-third-term-boasts-of-perfect-mri-at-walter-reed/",
        "https://hollywoodunlocked.com/tag/marco-rubio",
        "https://www.img.particlenews.com/image.php?type=thumbnail_580x000&url=3muvhh_18F7Dkt900",
        "http://youtube.com/watch?v=1CGYpWS4a6E",
        "https://www.hollywoodunlocked.com/tag/marco-rubio",
        "https://www.hollywoodunlocked.com/tag/michelle-obama",
        "https://hollywoodunlocked.com/donald-trump-changes-tune-on-seeking-third-term-suggests-jd-vance-or-marco-rubio-could-succeed-him-its-not-allowed-ill-be-an-8-year-president",
        "https://www.hollywoodunlocked.com/tennessee-republican-congressman-andy-ogles-who-previously-proposed-third-term-for-donald-trump-asks-secretary-of-interior-to-add-trump-to-mount-rushmore/",
        "https://www.img.particlenews.com/image.php?url=3muvhh_18F7Dkt900",
        "https://hollywoodunlocked.com/donald-trump-selling-trump-2028-hats-after-teasing-potential-third-term",
        "https://nbcnews.com/politics/donald-trump/trump-third-term-white-house-methods-rcna198752",
        "https://www.hollywoodunlocked.com/tag/j-d-vance",
        "https://www.hollywoodunlocked.com/donald-trump-selling-trump-2028-hats-after-teasing-potential-third-term/",
        "https://hollywoodunlocked.com/trump-refuses-to-rule-out-third-term-boasts-of-perfect-mri-at-walter-reed",
        "https://www.hollywoodunlocked.com/donald-trump-changes-tune-on-seeking-third-term-suggests-jd-vance-or-marco-rubio-could-succeed-him-its-not-allowed-ill-be-an-8-year-president/",
        "https://img.particlenews.com/image.php",
        "https://www.hollywoodunlocked.com/trump-refuses-to-rule-out-third-term-boasts-of-perfect-mri-at-walter-reed/",
        "https://hollywoodunlocked.com/donald-trump-not-joking-about-third-presidential-term-claims-there-are-methods-to-secure-it-despite-legal-restrictions-in-constitution",
        "https://www.hollywoodunlocked.com/tag/donald-trump",
        "https://hollywoodunlocked.com/tennessee-republican-congressman-andy-ogles-who-previously-proposed-third-term-for-donald-trump-asks-secretary-of-interior-to-add-trump-to-mount-rushmore",
        "http://www.youtube.com/watch",
        "https://www.hollywoodunlocked.com/donald-trump-not-joking-about-third-presidential-term-claims-there-are-methods-to-secure-it-despite-legal-restrictions-in-constitution/",
        "https://www.hollywoodunlocked.com/tag/barack-obama"
    ],
    "external_images": [],
    "internal_images": [],
    "entities": {
        "persons": [],
        "locations": [],
        "organizations": []
    },
    "syndication": {
        "syndicated": false,
        "syndicate_id": null,
        "first_syndicated": false
    },
    "trust": {
        "categories": [
            "fake_news"
        ],
        "top_news": [],
        "bias": "center",
        "source": {
            "type": null,
            "city": null,
            "state": null,
            "country": null,
            "domain_type": null,
            "agency": null,
            "organization_name": null
        }
    },
    "rating": null,
    "crawled": "2026-01-22T07:15:14.533+02:00",
    "updated": "2026-01-22T23:26:02.980+02:00"
}