{
    "thread": {
        "uuid": "a0f8d5fe10b3d33c9b65bcfcd0fae398cb1a51c6",
        "url": "https://www.citizen.co.za/news/opinion/the-world-must-stand-up-to-bully-trump/",
        "site_full": "www.citizen.co.za",
        "site": "citizen.co.za",
        "site_section": "https://world.einnews.com/ajax/headlines",
        "site_categories": [
            "media",
            "top_news_za",
            "top_news",
            "education",
            "human interest",
            "lifestyle and leisure",
            "disaster and accident",
            "crime, law and justice",
            "social issue",
            "sport"
        ],
        "section_title": "",
        "site_title": "The Citizen | More News, Your Way",
        "title": "The world must stand up to bully Trump | The Citizen",
        "title_full": "The world must stand up to bully Trump | The Citizen",
        "published": "2026-01-22T07:00:00.000+02:00",
        "replies_count": 0,
        "participants_count": 1,
        "site_type": "news",
        "country": "ZA",
        "main_image": "https://www.citizen.co.za/wp-content/uploads/2026/01/AFP__20260121__93K22FQ__v2__HighRes__TopshotSwitzerlandUsPoliticsEconomyDiplomacy.jpg",
        "performance_score": 0,
        "domain_rank": 13728,
        "domain_rank_updated": "2026-01-18T23:00:00.000+02:00",
        "licensing_agency": [],
        "social": {
            "facebook": {
                "likes": 0,
                "comments": 0,
                "shares": 0
            },
            "vk": {
                "shares": 0
            }
        }
    },
    "uuid": "a0f8d5fe10b3d33c9b65bcfcd0fae398cb1a51c6",
    "url": "https://www.citizen.co.za/news/opinion/the-world-must-stand-up-to-bully-trump/",
    "ord_in_thread": 0,
    "author": "Editorial staff",
    "published": "2026-01-22T07:00:00.000+02:00",
    "title": "The world must stand up to bully Trump | The Citizen",
    "text": "Canadian Prime Minister Mark Carney warned at Davos that the collapse of global governance norms threatens smaller nations first. US President Donald Trump speaks during a bilateral meeting with NATO’s Secretary-General on the sidelines of the World Economic Forum (WEF) annual meeting in Davos on January 21, 2026. Picture: Mandel Ngan / AFP\nUp until Monday, only two people had been given a standing ovation after their speech by attendees at the World Economic Forum (WEF) gathering in Davos, Switzerland.\nThe first was Nelson Mandela, the man who brought democracy to our country; the second Ukranian President Volodymyr Zelensky, after his country was invaded by Russia.\nBut Canadian Prime Minister Mark Carney earned the applause for comments which could well go down in history for the warning he gave the world about the “rupture” in the world’s system of governance… and the ominous future it might bring for the globe’s smaller nations.\nIt was easy to interpret Carney’s assessment as a reaction to the spiteful bullying foreign policy emanating from the White House under President Donald Trump – but it was more than that.\nCertainly, Trump has been pursuing his aims under the “might is right” banner and, while he may be crass and vary between a schoolground bully and a mafia don, he is not the only one who thinks power always gets what it wants.\nWorld Economic Forum meeting to return to SA shores in 2027\nHe is determined to get Greenland. Russia, likewise, won’t give up on seizing swathes of Ukraine. Nor will China drop its insistence on claiming back Taiwan as its own territory.\nCarney’s warning was about the demise of the old, “rules-based international order” system which, under US hegemony – as he admitted – saw many nations benefit from a structure which “helped provide public goods: open sea lanes, a stable financial system, collective security and support for frameworks for resolving disputes”.\nNow that Trump and Russian President Vladimir Putin have shown rules mean nothing, it is, as Carney noted, the time for “middle powers” to stand together.\nHis ominous assessment was: “If we’re not at the table, we’re on the menu.”\nBut, can the world stand up to bullies like Trump, or will it meekly crumble?\nNOW READ: Trump says world ‘not secure’ until US has Greenland",
    "highlightText": "",
    "highlightTitle": "",
    "highlightThreadTitle": "",
    "language": "english",
    "sentiment": "negative",
    "categories": [
        "Politics",
        "War, Conflict and Unrest"
    ],
    "topics": [
        "Politics->government",
        "Politics->international relations",
        "War, Conflict and Unrest->civil unrest"
    ],
    "ai_allow": true,
    "has_canonical": false,
    "breaking": true,
    "webz_reporter": false,
    "external_links": [
        "https://share.flipboard.com/bookmarklet/popout?v=2&title=The%20world%20must%20stand%20up%20to%20bully%20Trump&url=https%3A%2F%2Fwww.citizen.co.za%2Fnews%2Fopinion%2Fthe-world-must-stand-up-to-bully-trump%2F",
        "https://www.facebook.com/sharer/sharer.php?u=https%3A%2F%2Fwww.citizen.co.za%2Fnews%2Fopinion%2Fthe-world-must-stand-up-to-bully-trump%2F",
        "https://twitter.com/share?text=The%20world%20must%20stand%20up%20to%20bully%20Trump&url=https%3A%2F%2Fwww.citizen.co.za%2Fnews%2Fopinion%2Fthe-world-must-stand-up-to-bully-trump%2F",
        "https://api.whatsapp.com/send?text=The%20world%20must%20stand%20up%20to%20bully%20Trump%20https%3A%2F%2Fwww.citizen.co.za%2Fnews%2Fopinion%2Fthe-world-must-stand-up-to-bully-trump%2F",
        "https://www.linkedin.com/sharing/share-offsite/?url=https%3A%2F%2Fwww.citizen.co.za%2Fnews%2Fopinion%2Fthe-world-must-stand-up-to-bully-trump%2F",
        "https://share.flipboard.com/bookmarklet/popout",
        "https://linkedin.com/sharing/share-offsite/?url=https%3A%2F%2Fwww.citizen.co.za%2Fnews%2Fopinion%2Fthe-world-must-stand-up-to-bully-trump%2F",
        "https://api.whatsapp.com/send",
        "https://www.share.flipboard.com/bookmarklet/popout?v=2&title=The%20world%20must%20stand%20up%20to%20bully%20Trump&url=https%3A%2F%2Fwww.citizen.co.za%2Fnews%2Fopinion%2Fthe-world-must-stand-up-to-bully-trump%2F",
        "https://www.api.whatsapp.com/send?text=The%20world%20must%20stand%20up%20to%20bully%20Trump%20https%3A%2F%2Fwww.citizen.co.za%2Fnews%2Fopinion%2Fthe-world-must-stand-up-to-bully-trump%2F",
        "https://www.facebook.com/sharer/sharer.php",
        "https://www.twitter.com/share?text=The%20world%20must%20stand%20up%20to%20bully%20Trump&url=https%3A%2F%2Fwww.citizen.co.za%2Fnews%2Fopinion%2Fthe-world-must-stand-up-to-bully-trump%2F",
        "https://twitter.com/share",
        "https://facebook.com/sharer/sharer.php?u=https%3A%2F%2Fwww.citizen.co.za%2Fnews%2Fopinion%2Fthe-world-must-stand-up-to-bully-trump%2F",
        "https://www.linkedin.com/sharing/share-offsite/"
    ],
    "external_images": [],
    "internal_images": [],
    "entities": {
        "persons": [
            {
                "name": "Mark Carney",
                "sentiment": "negative"
            },
            {
                "name": "Donald Trump",
                "sentiment": "neutral"
            },
            {
                "name": "Mandel Ngan",
                "sentiment": "none"
            },
            {
                "name": "Nelson Mandela",
                "sentiment": "none"
            },
            {
                "name": "Ukra",
                "sentiment": "none"
            }
        ],
        "locations": [
            {
                "name": "Davos",
                "sentiment": "none"
            },
            {
                "name": "Switzerland",
                "sentiment": "none"
            },
            {
                "name": "US",
                "sentiment": "none"
            }
        ],
        "organizations": [
            {
                "name": "NATO",
                "sentiment": "none",
                "tickers": [
                    {
                        "ticker": null,
                        "exchange": null
                    }
                ]
            },
            {
                "name": "AFP",
                "sentiment": "none",
                "tickers": [
                    {
                        "ticker": "AFP",
                        "exchange": "ASX"
                    }
                ]
            }
        ]
    },
    "syndication": {
        "syndicated": false,
        "syndicate_id": null,
        "first_syndicated": false
    },
    "trust": {
        "categories": [
            "trusted_news"
        ],
        "top_news": [
            "top_news_za",
            "top_news"
        ],
        "bias": "center",
        "source": {
            "type": null,
            "city": null,
            "state": null,
            "country": null,
            "domain_type": null,
            "agency": null,
            "organization_name": null
        }
    },
    "rating": null,
    "crawled": "2026-01-22T07:34:52.105+02:00",
    "updated": "2026-01-23T12:03:14.593+02:00"
}