{
    "thread": {
        "uuid": "e260cfa0144c7eb46845e0121b14cabf26991cf5",
        "url": "https://www.abqjournal.com/news/article_9b339534-f53a-11ef-b8a8-5f2886da1dbf.html",
        "site_full": "www.abqjournal.com",
        "site": "abqjournal.com",
        "site_section": "https://abqjournal.com/",
        "site_categories": [
            "media"
        ],
        "section_title": "Albuquerque Journal | News & Sports in New Mexico",
        "site_title": null,
        "title": "Governor signs crime and behavioral health bills into law, exhorts lawmakers to do more | News | abqjournal.com",
        "title_full": "Governor signs crime and behavioral health bills into law, exhorts lawmakers to do more | News | abqjournal.com",
        "published": "2025-02-28T00:04:00.000+02:00",
        "replies_count": 0,
        "participants_count": 1,
        "site_type": "news",
        "country": "US",
        "main_image": "https://bloximages.chicago2.vip.townnews.com/abqjournal.com/content/tncms/assets/v3/editorial/a/81/a81878f2-f547-11ef-915d-a35663d39062/67c0c7fe5699d.image.jpg?crop=1737%2C912%2C0%2C140&amp;resize=1200%2C630&amp;order=crop%2Cresize",
        "performance_score": 0,
        "domain_rank": 6241,
        "domain_rank_updated": "2025-02-24T23:00:00.000+02:00",
        "social": {
            "facebook": {
                "likes": 0,
                "comments": 0,
                "shares": 0
            },
            "vk": {
                "shares": 0
            }
        }
    },
    "uuid": "e260cfa0144c7eb46845e0121b14cabf26991cf5",
    "url": "https://www.abqjournal.com/news/article_9b339534-f53a-11ef-b8a8-5f2886da1dbf.html",
    "ord_in_thread": 0,
    "parent_url": null,
    "author": "Dan Boyd / Journal Capitol Bureau",
    "published": "2025-02-28T00:04:00.000+02:00",
    "title": "Governor signs crime and behavioral health bills into law, exhorts lawmakers to do more | News | abqjournal.com",
    "text": "SANTA FE — A significant step forward, but there’s more work to do.\nThat’s the message Gov. Michelle Lujan Grisham conveyed to lawmakers Thursday after signing into law high-profile crime and behavioral health bills that were expedited by Democratic legislative leaders after a contentious special session last summer.\n× This page requires Javascript. Javascript is required for you to be able to read premium content. Please enable it in your browser settings.\nkAm“%9:D H2D 2 E9@F89E7F=[ D>2CE 2?5 565:42E65 677@CE E@ 255C6DD E96 >@DE AC6DD:?8 :DDF6[ x 36=:6G6[ E92E H6 2C6 724:?8[” {F;2? vC:D92> D2:5 5FC:?8 2 46C6>@?:2= 3:== D:8?:?8 46C6>@?J 2E E96 DE2E6 r2A:E@=]k^Am kAmqFE H:E9 E96 e_\\52J D6DD:@? k2 9C67lQ9EEADi^^HHH]23B;@FC?2=]4@>^?6HD^2CE:4=60c46h6fa6\\7_g3\\``67\\2h6f\\e37c2d76fa4`]9E>=Q E2C86ElQ03=2?<QmC646?E=J A2DD:?8 :ED 92=7H2J A@:?Ek^2m[ E96 8@G6C?@C 42==65 @? =2H>2<6CD E@ A2DD >@C6 AF3=:4 D276EJ =68:D=2E:@? 5FC:?8 E96 D6DD:@?’D 7:?2= H66<D]k^Am kAm“x E9:?< E96C6’D 2 H9@=6 =@E >@C6 E@ 36 5@?6[” {F;2? vC:D92> D2:5]k^Am kAm%96 k2 9C67lQ9EEADi^^HHH]23B;@FC?2=]4@>^?6HD^4@FCED^2CE:4=60acbcc534\\6hg`\\``67\\234d\\cb3de475b`_b]9E>=Q E2C86ElQ03=2?<Qm4C:>6 A24<286 A2DD65 3J =2H>2<6CDk^2m[ w@FD6 q:== g[ :?4=F56D AC@G:D:@?D 562=:?8 H:E9 76?E2?J= EC277:4<:?8[ 2FE@ E967E 2?5 5CF8865 5C:G:?8[ H9:=6 2=D@ @FE=2H:?8 E96 56G:46D FD65 E@ 4@?G6CE D6>:\\2FE@>2E:4 7:C62C>D :?E@ 7F==J 2FE@>2E:4 H62A@?D]k^Am kAmxE 2=D@ >2<6D 492?86D E@ 9@H }6H |6I:4@ 92?5=6D 4C:>:?2= 5676?52?ED 566>65 :?4@>A6E6?E E@ DE2?5 EC:2=[ 3J 255:?8 2 52?86C@FD?6DD 6G2=F2E:@? :? DF49 42D6D 2?5 8:G:?8 ;F586D >@C6 @AE:@?D 7@C EC62E>6?E AC@8C2>D]k^Am kAm%96 8@G6C?@C 92D 4@FCE\\4:E65 k2 9C67lQ9EEADi^^HHH]23B;@FC?2=]4@>^?6HD^4@FCED^8@G6C?@C\\E@\\=68:D=2EFC6\\7:I\\?66565\\?@H\\7@C\\>6?E2==J\\:?4@>A6E6?E\\5676?52?ED^2CE:4=60ab5d4_6_\\b67c\\``67\\hg6d\\33a3f_3fhf_a]9E>=Q E2C86ElQ03=2?<Qm52E2 D9@H:?8 >@C6 E92? `e[___ 492C86Dk^2m H6C6 5:D>:DD65 DE2E6H:56 7C@> a_`f E9C@F89 =2DE DF>>6C 5F6 E@ 4@>A6E6?4J 7:?5:?8D[ H:E9 23@FE b[a__ A6@A=6 C6DA@?D:3=6 7@C E9@D6 42D6D]k^Am kAmqFE E96 s6>@4C2E:4\\4@?EC@==65 {68:D=2EFC6 k2 9C67lQ9EEADi^^HHH]23B;@FC?2=]4@>^?6HD^2CE:4=60bd36cdb6\\cdcg\\``67\\2h5c\\c34_`4_aba3h]9E>=Q E2C86ElQ03=2?<Qm=2DE DF>>6C C6;64E65 E96 8@G6C?@C’D 42==Dk^2m 7@C =68:D=2E:@? >2<:?8 :E 62D:6C E@ :?G@=F?E2C:=J 4@>>:E :?5:G:5F2=D E@ EC62E>6?E AC@8C2>D[ H:E9 D@>6 =2H>2<6CD D2J:?8 E96 3:==D 925 ?@E 366? H6== G6EE65]k^Am kAmt?E6C:?8 E9:D J62C’D D6DD:@?[ E@A\\C2?<:?8 =68:D=2E@CD D2:5 E96J 925 DF3D6BF6?E=J 4C27E65 2 A24<286 @7 ?6H AF3=:4 D276EJ AC@A@D2=D 2:>65 2E 32=2?4:?8 DE:776C 4C:>:?2= A6?2=E:6D H:E9 DECF4EFC2= 492?86D E@ }6H |6I:4@’D DJDE6> 7@C >6?E2= 962=E9 2?5 DF3DE2?46 23FD6 EC62E>6?E]k^Am kAm%9@D6 3:==D H6C6 E96? k2 9C67lQ9EEADi^^HHH]23B;@FC?2=]4@>^?6HD^2CE:4=603a4hbfce\\562c\\``67\\ggca\\h3ddd3c_f4d4]9E>=Q E2C86ElQ03=2?<Qm>@G65 H:E9 3:A2CE:D2? DFAA@CE[k^2m 6DA64:2==J :? E96 $6?2E6[ E@ E96 8@G6C?@C’D 56D< :? E96 D6DD:@?’D 7:CDE ba 52JD] $F49 FC86?4J :D F?FDF2= :? E96 {68:D=2EFC6 5FC:?8 e_\\52J D6DD:@?D[ 2D 5632E6 @? >2?J 9:89\\AC@7:=6 >62DFC6D E6?5D E@ DEC6E49 :?E@ E96 7:?2= 9@FCD 367@C6 25;@FC?>6?E]k^Am kAm“$@>6E:>6D J@F ?665 E@ 5@ E9:?8D 5:776C6?E=J[” $6?2E6 |2;@C:EJ {6256C !6E6C (:CE9[ s\\$2?E2 u6[ D2:5 5FC:?8 %9FCD52J’D ?6HD 4@?76C6?46[ H9:=6 56D4C:3:?8 E96 A24<286 @7 3:==D 2D 2 4@>>:E>6?E 7F=7:==65]k^Am k9am(:== @E96C 4C:>6 3:==D 25G2?46nk^9am kAmrC:>6 92D 6>6C865 2D 2 <6J :DDF6 5FC:?8 E9:D J62C’D =68:D=2E:G6 D6DD:@?[ 2D }6H |6I:4@’D G:@=6?E 4C:>6 C2E6 :D 2=>@DE EH:46 E96 ?2E:@?2= 2G6C286]k^Am kAmqFE D@>6 AF3=:4 D276EJ AC@A@D2=D 92G6 DECF88=65 E@ 82:? EC24E:@? 2E E96 #@F?59@FD6[ :?4=F5:?8 3:==D >2<:?8 :E 62D:6C E@ <66A 5676?52?ED 492C865 H:E9 46CE2:? G:@=6?E 4C:>6D :? ;2:= F?E:= EC:2= 2?5 492?86D E@ E96 DE2E6’D ;FG6?:=6 4C:>:?2= 4@56]k^Am kAmq6C?2=:==@ r@F?EJ s:DEC:4E pEE@C?6J $2> qC68>2? k2 9C67lQ9EEADi^^HHH]23B;@FC?2=]4@>^?6HD^2CE:4=60h64e4a4c\\h`eg\\``67\\2bc4\\4bedg`c6ed_f]9E>=Q E2C86ElQ03=2?<Qm92D =65 E96 AFD9 7@C E@F896C A6?2=E:6Dk^2m 7@C G:@=6?E J@FE97F= @776?56CD 2?5 C6?6H65 9:D 42== %9FCD52J 7@C =2H>2<6CD E@ 255C6DD E96 :DDF6 367@C6 E96:C |2C49 aa 25;@FC?>6?E]k^Am kAm“x 5@ 36=:6G6 H6 42? 4@?46?EC2E6 @? 3692G:@C2= 962=E9 H9:=6 2=D@ 7@4FD:?8 @? 4@?D6BF6?46D 7@C J@F?8 A6@A=6[” qC68>2? D2:5]k^Am kAmqFE D@>6 25G@424J 8C@FAD 92G6 AFD965 324< 282:?DE E96 >62DFC6D[ 2C8F:?8 =2H>2<6CD D9@F=5 7@4FD >@C6 @? AC6G6?E:@? 2?5 F?56C=J:?8 :DDF6D E92? :?4C62D:?8 4C:>:?2= A6?2=E:6D]k^Am kAmsFC:?8 %9FCD52J’D ?6HD 4@?76C6?46[ w@FD6 $A62<6C y2G:6C |2CEí?6K[ s\\p=3FBF6CBF6[ D2:5 =2H>2<6CD D9@F=5 36 >:?57F= @7 D@4:6E2= 724E@CD H96? 5632E:?8 492?86D E@ ;FG6?:=6 @776?56C =2HD[ D2J:?8 E96 DE2E6 D9@F=5 ?@E “5:D42C5” J@FE97F= 5676?52?ED H:E9 EFC3F=6?E 324<8C@F?5D]k^Am kAm|62?H9:=6[ {F;2? vC:D92> 2=D@ 4:E65 D6G6C2= @E96C 3:==D D96 H@F=5 =:<6 E@ D66 =2H>2<6CD A2DD 5FC:?8 E96 C6>2:?56C @7 E9:D J62C’D D6DD:@?]k^Am kAm %9@D6 :?4=F56 >62DFC6D 562=:?8 H:E9 4@?G:4E65 76=@?D :? A@DD6DD:@? @7 7:C62C>D E92E 92G6 C646:G65 2 E6A:5 C6DA@?D6 2E E96 #@F?59@FD6[ H:E9 4C:E:4D A@:?E:?8 @FE }6H |6I:4@ 92D 2=C625J :?4C62D65 A6?2=E:6D 7@C DF49 @776?D6D[ >@DE C646?E=J :? a_a_]k^Am k9amv~! =2H>2<6CD DFAA@CE AFD9 7@C >@C6 3:==Dk^9am kAm%96 8@G6C?@C’D 46C6>@?:2= 3:== D:8?:?8 H2D 2EE6?565 3J ?F>6C@FD s6>@4C2E:4 =68:D=2E@CD[ =2H 6?7@C46>6?E @77:4:2=D 2?5 }6H |6I:4@ $FAC6>6 r@FCE r9:67 yFDE:46 s2G:5 %9@>D@?]k^Am kAm}@ #6AF3=:42? =2H>2<6CD 2EE6?565 E96 6G6?E[ E9@F89 D6G6C2= v~! =68:D=2E@CD ;@:?65 E96 8@G6C?@C :? 42==:?8 7@C >@C6 24E:@? @? 4C:>6 3:==D]k^Am kAmw@FD6 |:?@C:EJ {6256C v2:= pC>DEC@?8[ #\\|2852=6?2[ D2:5 #6AF3=:42?D H:== 4@?E:?F6 E@ AFD9 7@C AF3=:4 D276EJ =68:D=2E:@?[ 56DA:E6 36:?8 @FE?F>36C65 :? 3@E9 E96 $6?2E6 2?5 w@FD6 @7 #6AC6D6?E2E:G6D]k^Am kAm“s6>@4C2ED 92G6 D2:5 E92E E96:C 4C:>6 A24<286 H2D ‘;FDE E96 2AA6E:K6C]’ }6H |6I:42?D 2C6 H2:E:?8 7@C E96 7F== >62=[” D2:5 pC>DEC@?8[ H9@ G@E65 :? 72G@C @7 E96 4C:>6 A24<286 3FE 282:?DE E96 3692G:@C2= 962=E9 3:==D]k^Am kAm“(6 >256 :E 4=62C 2E E96 DE2CE @7 E9:D =68:D=2E:G6 D6DD:@? E92E H6 H6C6 8@:?8 E@ E2<6 }6H |6I:4@’D 4C:>6 4C:D:D 9625 @?[ 2?5 H6 5@?’E A=2? @? 492?8:?8 4@FCD6 2?JE:>6 D@@?[” D96 25565]k^Am kAm%96 E9C66 3:==D D:8?65 %9FCD52J H:== E2<6 67764E yF?6 a_[ E96 52E6 DA64:7:65 3J DE2E6 =2H 7@C =68:D=2E:@? 2AAC@G65 5FC:?8 E9:D J62C’D D6DD:@? E92E 5@6D ?@E 42CCJ 2 5:776C6?E 67764E:G6 52E6]k^Am We want to hear from you For general questions or concerns, email web@abqjournal.com\nSign Up for free news email newsletter Success! An email has been sent to with a link to confirm list signup.\nError! There was an error processing your request.",
    "highlightText": "",
    "highlightTitle": "",
    "highlightThreadTitle": "",
    "language": "english",
    "sentiment": "positive",
    "categories": [
        "Politics",
        "Social Issue",
        "Health"
    ],
    "topics": [
        "Politics->government",
        "Politics->political development",
        "Social Issue->public housing",
        "Social Issue->social services",
        "Social Issue->social condition",
        "Health->health organisation",
        "Health->mental health and disorder",
        "Health->government health care"
    ],
    "ai_allow": false,
    "has_canonical": false,
    "breaking": false,
    "webz_reporter": false,
    "external_links": [],
    "external_images": [],
    "entities": {
        "persons": [],
        "organizations": [],
        "locations": []
    },
    "syndication": {
        "syndicated": false,
        "syndicate_id": null,
        "first_syndicated": false
    },
    "trust": null,
    "rating": null,
    "crawled": "2025-02-28T00:30:46.817+02:00",
    "updated": "2025-03-07T23:20:19.734+02:00"
}