{
    "thread": {
        "uuid": "006ae33ab133f07a0874f131e9bc4dff37e0d113",
        "url": "https://www.newsbreak.com/wsb-channel-2-atlanta-522969/3832866913952-bill-to-protect-ivf-passes-unanimously-in-georgia-house-now-heads-to-senate",
        "site_full": "www.newsbreak.com",
        "site": "newsbreak.com",
        "site_section": "https://www.newsbreak.com/wsb-channel-2-atlanta-522969",
        "site_categories": [
            "under_construction"
        ],
        "section_title": "WSB Channel 2 Atlanta&#x27;s Home Page | NewsBreak",
        "site_title": null,
        "title": "Bill to protect IVF passes unanimously in Georgia House, now heads to Senate - NewsBreak",
        "title_full": "Bill to protect IVF passes unanimously in Georgia House, now heads to Senate - NewsBreak",
        "published": "2025-02-27T23:40:00.000+02:00",
        "replies_count": 0,
        "participants_count": 0,
        "site_type": "news",
        "country": "US",
        "main_image": "https://img.particlenews.com/img/id/3Krlkp_0zJ4ttYK00",
        "performance_score": 0,
        "domain_rank": 3404,
        "domain_rank_updated": "2025-02-24T23:00:00.000+02:00",
        "social": {
            "facebook": {
                "likes": 0,
                "comments": 0,
                "shares": 0
            },
            "vk": {
                "shares": 0
            }
        }
    },
    "uuid": "006ae33ab133f07a0874f131e9bc4dff37e0d113",
    "url": "https://www.newsbreak.com/wsb-channel-2-atlanta-522969/3832866913952-bill-to-protect-ivf-passes-unanimously-in-georgia-house-now-heads-to-senate",
    "ord_in_thread": 0,
    "parent_url": null,
    "author": null,
    "published": "2025-02-27T23:40:00.000+02:00",
    "title": "Bill to protect IVF passes unanimously in Georgia House, now heads to Senate - NewsBreak",
    "text": "In vitro fertilization is one step closer to being protected under Georgia law. A bill to do that passed the Georgia House unanimously on Thursday. Both sides, Republican and Democrat, wanted to pass the bill to protect in vitro fertilization in Georgia law, no one more so than Statesboro Republican Lehman Franklin. After eight years of trying , his wife just became pregnant thanks to IVF. House Speaker Jon Burns asked him to carry the bill. “It’s been a beautiful thing to be a process, be in the process of, and I’m just thankful to do it,” Franklin said. Democrats and Republicans all chimed in with their support. RELATED STORIES: “Every family deserves the opportunity to bring life into this world when they are ready,” state Rep. Esther Panitch said. “I think it is critical that legally we protect this right in Georgia as a part of law,” state Rep. Deborah Silcox said. The law codifies IVF protection in Georgia law to avoid what happened in Alabama, where its Supreme Court declared it illegal under that state’s abortion law. It was almost unanimous, save for one holdout Woodstock Republican Charlice Byrd, but Democrats and Republicans finally convinced her to vote with the majority and it passed without a single no vote. “Under the protection of HB 428, every Georgian who faces a challenge, the challenge of infertility, will have access to IVF which has made it possible for thousands of families to realize the dream of parenthood,” Burns said. Passing the bill was one of Burns’ legislative priorities. It now heads to the senate.",
    "highlightText": "",
    "highlightTitle": "",
    "highlightThreadTitle": "",
    "language": "english",
    "sentiment": "positive",
    "categories": [
        "Health",
        "Social Issue",
        "Politics"
    ],
    "topics": [
        "Health->government health care",
        "Social Issue->family planning",
        "Social Issue->social services",
        "Politics->healthcare policy"
    ],
    "ai_allow": true,
    "has_canonical": true,
    "breaking": false,
    "webz_reporter": false,
    "external_links": [
        "https://www.wsbtv.com/news/local/atlanta/ivf-bill-gets-bipartisan-support-its-introduced-georgia-house-representatives/7P7UKPHKFJAVLMQNPXYIZ7AASE/",
        "https://www.wsbtv.com/news/local/atlanta/ivf-bill-gets-bipartisan-support-its-introduced-georgia-house-representatives/7P7UKPHKFJAVLMQNPXYIZ7AASE",
        "https://wsbtv.com/news/local/atlanta/ivf-bill-gets-bipartisan-support-its-introduced-georgia-house-representatives/7P7UKPHKFJAVLMQNPXYIZ7AASE/"
    ],
    "external_images": [],
    "entities": {
        "persons": [
            {
                "name": "Esther Panitch",
                "sentiment": "none"
            },
            {
                "name": "Deborah Silcox",
                "sentiment": "none"
            },
            {
                "name": "Jon Burns",
                "sentiment": "none"
            }
        ],
        "organizations": [
            {
                "name": "Senate",
                "sentiment": "negative"
            },
            {
                "name": "Supreme Court",
                "sentiment": "none"
            }
        ],
        "locations": []
    },
    "syndication": {
        "syndicated": false,
        "syndicate_id": null,
        "first_syndicated": false
    },
    "trust": null,
    "rating": null,
    "crawled": "2025-02-28T00:33:48.144+02:00",
    "updated": "2025-02-28T00:33:48.144+02:00"
}