{
    "thread": {
        "uuid": "1a13ec6374711f8af78e4d3af9d92fb8423f006f",
        "url": "https://matzav.com/released-hostage-eli-sharabi-i-never-said-the-shema-until-i-was-abducted",
        "site_full": "matzav.com",
        "site": "matzav.com",
        "site_section": "https://matzav.com/category/news",
        "site_categories": [
            "religion",
            "judaism"
        ],
        "section_title": "News | Matzav.com",
        "site_title": null,
        "title": "Released Hostage Eli Sharabi: I Never Said The 'Shema' - Until I Was Abducted | Matzav.com",
        "title_full": "Released Hostage Eli Sharabi: I Never Said The 'Shema' - Until I Was Abducted | Matzav.com",
        "published": "2025-02-27T19:15:00.000+02:00",
        "replies_count": 0,
        "participants_count": 1,
        "site_type": "news",
        "country": "US",
        "main_image": "https://matzav.com/wp-content/uploads/2025/02/eli-sharabi.jpg",
        "performance_score": 0,
        "domain_rank": 123222,
        "domain_rank_updated": "2025-02-24T23:00:00.000+02:00",
        "social": {
            "facebook": {
                "likes": 0,
                "comments": 0,
                "shares": 0
            },
            "vk": {
                "shares": 0
            }
        }
    },
    "uuid": "1a13ec6374711f8af78e4d3af9d92fb8423f006f",
    "url": "https://matzav.com/released-hostage-eli-sharabi-i-never-said-the-shema-until-i-was-abducted",
    "ord_in_thread": 0,
    "parent_url": null,
    "author": "Editor",
    "published": "2025-02-27T19:15:00.000+02:00",
    "title": "Released Hostage Eli Sharabi: I Never Said The 'Shema' - Until I Was Abducted | Matzav.com",
    "text": "Eli Sharabi, a survivor of Hamas captivity who was released after being held for more than a year and four months, appeared on Ilana Dayan’s show Uvda and shared disturbing details from his ordeal. Despite not having been religious before, Sharabi revealed that in his darkest moments, he found faith. “I am not a religious man, but there, from the moment I was abducted, every morning I recited ‘Shema Yisrael,’ something I never did in my life,” Sharabi said with emotion. “The power of faith is crazy. I felt I had someone watching over me.”\nIn the interview, Sharabi offered a glimpse into the immense suffering he endured during his 16 months in captivity. He recounted how, while in Gaza’s tunnels, he came across the body of fellow hostage Ohad Yahalomi, who was alive but in critical condition at the time. Yahalomi’s body was returned to Israel early on Thursday morning.\nSharabi also described the psychological torment he experienced, particularly in the moments leading up to his release. His captors informed him that he would soon be reunited with his wife and daughters in Israel, although they had been murdered on October 7th. He learned of their deaths only after reaching Israeli forces, who shared the heartbreaking news with him.\nDuring his captivity, Sharabi endured almost 500 days of unimaginable hardship. He lost his daughters, Yaheli and Noya, and his wife, Lian, in the October 7th attacks. He was taken from Kibbutz Be’eri, near his brother Yossi, who was also murdered during the same assault.\n{Matzav.com}",
    "highlightText": "",
    "highlightTitle": "",
    "highlightThreadTitle": "",
    "language": "english",
    "sentiment": "positive",
    "categories": [
        "Politics",
        "Social Issue"
    ],
    "topics": [
        "Politics->freedom of religion",
        "Politics->human rights",
        "Politics->political crisis",
        "Social Issue->social condition",
        "Social Issue->mankind",
        "Social Issue->discrimination"
    ],
    "ai_allow": true,
    "has_canonical": false,
    "breaking": false,
    "webz_reporter": false,
    "external_links": [],
    "external_images": [],
    "entities": {
        "persons": [
            {
                "name": "Eli Sharabi",
                "sentiment": "none"
            },
            {
                "name": "Ohad Yahalomi",
                "sentiment": "none"
            },
            {
                "name": "Ilana Dayan",
                "sentiment": "none"
            },
            {
                "name": "Yisrael",
                "sentiment": "none"
            }
        ],
        "organizations": [
            {
                "name": "Hamas",
                "sentiment": "none"
            }
        ],
        "locations": [
            {
                "name": "Gaza",
                "sentiment": "none"
            }
        ]
    },
    "syndication": {
        "syndicated": false,
        "syndicate_id": null,
        "first_syndicated": false
    },
    "trust": null,
    "rating": null,
    "crawled": "2025-02-28T00:19:07.035+02:00",
    "updated": "2025-02-28T00:19:07.035+02:00"
}