{
    "thread": {
        "uuid": "033697fc301047a13686dd8b8846ee87d78593f6",
        "url": "https://www.tipranks.com/news/the-fly/doubleverify-sees-fy25-revenue-growth-roughly-10",
        "site_full": "www.tipranks.com",
        "site": "tipranks.com",
        "site_section": "https://markets.businessinsider.com/news",
        "site_categories": [
            "financial_news",
            "finance",
            "stocks"
        ],
        "section_title": "News | Financial and Business News | Markets Insider",
        "site_title": null,
        "title": "DoubleVerify sees FY25 revenue growth roughly 10%",
        "title_full": "DoubleVerify sees FY25 revenue growth roughly 10%",
        "published": "2025-02-27T23:37:00.000+02:00",
        "replies_count": 0,
        "participants_count": 1,
        "site_type": "news",
        "country": "US",
        "main_image": "https://blog.tipranks.com/wp-content/uploads/2022/09/shutterstock_264965759-750x406.jpg",
        "performance_score": 0,
        "domain_rank": 14424,
        "domain_rank_updated": "2025-02-24T23:00:00.000+02:00",
        "social": {
            "facebook": {
                "likes": 0,
                "comments": 0,
                "shares": 0
            },
            "vk": {
                "shares": 0
            }
        }
    },
    "uuid": "033697fc301047a13686dd8b8846ee87d78593f6",
    "url": "https://www.tipranks.com/news/the-fly/doubleverify-sees-fy25-revenue-growth-roughly-10",
    "ord_in_thread": 0,
    "parent_url": null,
    "author": "/news/author/thefly",
    "published": "2025-02-27T23:37:00.000+02:00",
    "title": "DoubleVerify sees FY25 revenue growth roughly 10%",
    "text": "Sees FY25 adjusted EBITDA margin roughly 32%.\nPublished first on TheFly – the ultimate source for real-time, market-moving breaking financial news. Try Now>>\nSees FY25 adjusted EBITDA margin roughly 32%.\nPublished first on TheFly – the ultimate source for real-time, market-moving breaking financial news. Try Now>>",
    "highlightText": "",
    "highlightTitle": "",
    "highlightThreadTitle": "",
    "language": "english",
    "sentiment": "positive",
    "categories": [
        "Economy, Business and Finance",
        "Politics",
        "Social Issue"
    ],
    "topics": [
        "Economy, Business and Finance->financial service",
        "Economy, Business and Finance->business reporting and performance",
        "Politics->economic policy",
        "Social Issue->social services"
    ],
    "ai_allow": true,
    "has_canonical": false,
    "breaking": false,
    "webz_reporter": false,
    "external_links": [
        "https://thefly.com/",
        "https://www.thefly.com/",
        "https://thefly.com"
    ],
    "external_images": [],
    "entities": {
        "persons": [],
        "organizations": [],
        "locations": []
    },
    "syndication": {
        "syndicated": false,
        "syndicate_id": null,
        "first_syndicated": false
    },
    "trust": null,
    "rating": null,
    "crawled": "2025-02-28T00:13:42.030+02:00",
    "updated": "2025-02-28T00:13:42.030+02:00"
}