{
    "thread": {
        "uuid": "274947e565c1e84e9e601f298bdbf2c2c145be73",
        "url": "https://www.therogersvillereview.com/news/national/article_ff394983-c308-57c3-b75a-23cc07415ca3.html",
        "site_full": "www.therogersvillereview.com",
        "site": "therogersvillereview.com",
        "site_section": "http://www.therogersvillereview.com/search/?q=&t=article&l=100&d=&d1=&d2=&s=start_time&sd=desc&nsa=eedition&c[]=news,news/*&f=rss",
        "site_categories": [
            "media"
        ],
        "section_title": "www.therogersvillereview.com - RSS Results in news,news/* of type article",
        "site_title": null,
        "title": "UK Prime Minister discusses Russia-Ukraine peace deal in White House visit | National | therogersvillereview.com",
        "title_full": "UK Prime Minister discusses Russia-Ukraine peace deal in White House visit | National | therogersvillereview.com",
        "published": "2025-02-27T23:34:00.000+02:00",
        "replies_count": 0,
        "participants_count": 1,
        "site_type": "news",
        "country": "US",
        "main_image": "https://bloximages.chicago2.vip.townnews.com/therogersvillereview.com/content/tncms/custom/image/c2e22e3a-a05a-11e6-9e99-d7e65582769a.jpg?resize=600%2C315",
        "performance_score": 0,
        "domain_rank": 191536,
        "domain_rank_updated": "2025-02-24T23:00:00.000+02:00",
        "social": {
            "facebook": {
                "likes": 0,
                "comments": 0,
                "shares": 0
            },
            "vk": {
                "shares": 0
            }
        }
    },
    "uuid": "274947e565c1e84e9e601f298bdbf2c2c145be73",
    "url": "https://www.therogersvillereview.com/news/national/article_ff394983-c308-57c3-b75a-23cc07415ca3.html",
    "ord_in_thread": 0,
    "parent_url": null,
    "author": "Morgan Sweeney | The Center Square",
    "published": "2025-02-27T23:34:00.000+02:00",
    "title": "UK Prime Minister discusses Russia-Ukraine peace deal in White House visit | National | therogersvillereview.com",
    "text": "(The Center Square) - U.K. Prime Minister Keir Starmer visited the White House Thursday to further discuss the U.S. and Europe’s role in brokering peace between Russia and Ukraine.\nkA 5:ClQ=ECQmkDA2?m$E2C>6C E92?<65 !C6D:56?E s@?2=5 %CF>A 7@C E96 24E:@?D 96’D E2<6? D@ 72C E@ AC6A2C6 E96 H2J 7@C 2 A6246 562= 36EH66? E96 EH@ 4@F?EC:6D[ 2?5 D2:5 E96 &]z] H2?ED E@ A2CE?6C H:E9 E96 &]$] E@ >2<6 :E 2 =2DE:?8 ?68@E:2E:@?]k^DA2?mk^Am\nkA 5:ClQ=ECQmkDA2?m“%92?< J@F 7@C 492?8:?8 E96 4@?G6CD2E:@? E@ 3C:?8 23@FE E96 A@DD:3:=:EJ E92E ?@H H6 42? 92G6 2 A6246 562=[” $E2C>6C E@=5 %CF>A] “(6 H2?E E@ H@C< H:E9 J@F E@ >2<6 DFC6 E92E A6246 562= :D 6?5FC:?8[ E92E :E =2DED[ 3FE :E’D 2 562= E92E 8@6D 5@H? 2D 2 9:DE@C:4 562= E92E ?@3@5J 3C62496D[ 2?5 H6’== H@C< H:E9 J@F E@ >2<6 DFC6 E92E 23D@=FE6=J 92AA6?D]”k^DA2?mk^Am\nkA 5:ClQ=ECQmkDA2?mqFE $E2C>6C 2=D@[ =:<6 uC6?49 !C6D:56?E t>>2?F2= |24C@?[ 492==6?865 %CF>A’D 2DD6CE:@? E92E E96 &]$] 92D 8:G6? >@C6 2:5 E@ &<C2:?6 E92? 2?J tFC@A62? 4@F?ECJ 2?5 H@?’E 86E 2?J @7 :E 324<[ H9:=6 “tFC@A6’D >@?6J :D 8F2C2?E665]”k^DA2?mk^Am\nkA 5:ClQ=ECQmkDA2?m“(6 2C6 ?@E 86EE:?8 2== @7 @FCD ,324<]. x >62?[ BF:E6 2 3:E @7 @FCD H2D 8:7E65] %96C6 H6C6 D@>6 DFAA=6>6?ED[ 3FE >2:?=J :E H2D 8:7E65[” $E2C>6C D2:5]k^DA2?mk^Am\nkA 5:ClQ=ECQmkDA2?mp7E6C %CF>A 2?5 @E96C p>6C:42? =6256CD >6E H:E9 #FDD:2? @77:4:2=D =2DE H66< :? $2F5: pC23:2 E@ 5:D4FDD 2? 6?5 E@ E96 #FDD:2\\&<C2:?6 H2C[ E96 &]$] D:565 H:E9 #FDD:2 :? G@E:?8 282:?DE 2 &?:E65 }2E:@?D C6D@=FE:@? 4@?56>?:?8 #FDD:2 2D E96 288C6DD@C :? E96 H2C] %96 tFC@A6\\324<65 C6D@=FE:@? DE:== @G6CH96=>:?8=J A2DD65 H:E9 @?=J `e 4@F?EC:6D G@E:?8 H:E9 #FDD:2 2?5 E96 &]$] k^DA2?mk^Am\nkA 5:ClQ=ECQmkDA2?m|24C@? >6E H:E9 %CF>A |@?52J] w6 24<?@H=65865 E92E tFC@A6 ?665D E@ 4@?E:?F6 E@ A=2J 2 46?EC2= C@=6 :? DFAA@CE:?8 &<C2:?6VD 677@CED[ H9:=6 E92?<:?8 E96 AC6D:56?E 7@C 92G:?8 “DF3DE2?E:G6 4@?G6CD2E:@?D” H:E9 &<C2:?:2? !C6D:56?E '@=@5J>JC +6=6?D<JJ] k^DA2?mk^Am\nkA 5:ClQ=ECQmkDA2?m{:<6 $E2C>6C[ |24C@? G@:465 9:D 56D:C6 E@ D66 2 =@?8\\E6C>[ DE23=6 A6246 :? &<C2:?6]k^DA2?mk^Am\nkA 5:ClQ=ECQmkDA2? :5lQ5@4D\\:?E6C?2=\\8F:5\\2bad`4_e\\f777\\c44`\\4c74\\`4a74fac22c5Q 52E2\\>46\\>2C<lQ`Qm%CF>A 92D :?5:42E65 E92E 96 2?E:4:A2E6D 2 A6246 562= :? E96 ?62C 7FEFC6] k^DA2?mk^Am",
    "highlightText": "",
    "highlightTitle": "",
    "highlightThreadTitle": "",
    "language": "english",
    "sentiment": "positive",
    "categories": [
        "Politics",
        "War, Conflict and Unrest"
    ],
    "topics": [
        "Politics->government",
        "Politics->international relations",
        "Politics->political development",
        "War, Conflict and Unrest->peace talks"
    ],
    "ai_allow": false,
    "has_canonical": true,
    "breaking": false,
    "webz_reporter": false,
    "external_links": [],
    "external_images": [],
    "entities": {
        "persons": [],
        "organizations": [],
        "locations": []
    },
    "syndication": {
        "syndicated": false,
        "syndicate_id": null,
        "first_syndicated": false
    },
    "trust": null,
    "rating": null,
    "crawled": "2025-02-28T00:36:04.454+02:00",
    "updated": "2025-02-28T00:36:04.454+02:00"
}