{
    "thread": {
        "uuid": "2bcb303b000010c2a7307189724e8c01303b299d",
        "url": "https://www.newsbreak.com/wcnc-524551/3832913594640-north-carolina-lawmakers-file-bill-to-crack-down-on-predatory-towing",
        "site_full": "www.newsbreak.com",
        "site": "newsbreak.com",
        "site_section": "https://www.newsbreak.com/wcnc-524551",
        "site_categories": [
            "under_construction"
        ],
        "section_title": "WCNC&#x27;s Home Page | NewsBreak",
        "site_title": null,
        "title": "North Carolina lawmakers file bill to crack down on predatory towing - NewsBreak",
        "title_full": "North Carolina lawmakers file bill to crack down on predatory towing - NewsBreak",
        "published": "2025-02-28T00:11:00.000+02:00",
        "replies_count": 0,
        "participants_count": 0,
        "site_type": "news",
        "country": "US",
        "main_image": "https://img.particlenews.com/img/id/17kMgX_0zJ7rZsd00",
        "performance_score": 0,
        "domain_rank": 3404,
        "domain_rank_updated": "2025-02-24T23:00:00.000+02:00",
        "social": {
            "facebook": {
                "likes": 0,
                "comments": 0,
                "shares": 0
            },
            "vk": {
                "shares": 0
            }
        }
    },
    "uuid": "2bcb303b000010c2a7307189724e8c01303b299d",
    "url": "https://www.newsbreak.com/wcnc-524551/3832913594640-north-carolina-lawmakers-file-bill-to-crack-down-on-predatory-towing",
    "ord_in_thread": 0,
    "parent_url": null,
    "author": null,
    "published": "2025-02-28T00:11:00.000+02:00",
    "title": "North Carolina lawmakers file bill to crack down on predatory towing - NewsBreak",
    "text": "Open in NewsBreak\n|\nSign in\nChoose your location\nSee all locations\nHOT\nDOGE\nSign In\nAbout NewsBreak\nPartner with us\nFollow us\n©2024 NewsBreak. All Rights Reserved.\nNorth Carolina\n· 29 minutes ago\n@wcnc_aabc0\nNorth Carolina lawmakers file bill to crack down on predatory towing\n0\n0\nShare\nComments\nPost\nCommunity Policy\nYou may also like\nWFMY NEWS2\n23 ·\n01-01\nWBTV\n3 ·\n1 day ago\nWCNC\n99 ·\n17 hours ago\nWITN\n18 ·\n14 days ago\nWFMY NEWS2\n183 ·\n1 day ago\nFOX 32 Chicago\n118 ·\n1 day ago\nAtlanta News First\n21 ·\n15 days ago\nComments\n/\nClose\nCommunity Policy",
    "highlightText": "",
    "highlightTitle": "",
    "highlightThreadTitle": "",
    "language": "english",
    "sentiment": "positive",
    "categories": [
        "Crime, Law and Justice",
        "Politics",
        "Social Issue"
    ],
    "topics": [
        "Crime, Law and Justice->investigation (criminal)",
        "Crime, Law and Justice->law",
        "Crime, Law and Justice->administrative law",
        "Politics->government",
        "Politics->civil rights",
        "Politics->political process",
        "Social Issue->social problem",
        "Social Issue->social services",
        "Social Issue->ethics"
    ],
    "ai_allow": true,
    "has_canonical": false,
    "breaking": false,
    "webz_reporter": false,
    "external_links": [],
    "external_images": [],
    "entities": {
        "persons": [],
        "organizations": [
            {
                "name": "Atlanta News First",
                "sentiment": "none"
            },
            {
                "name": "WBTV",
                "sentiment": "none"
            },
            {
                "name": "WCNC",
                "sentiment": "none"
            }
        ],
        "locations": []
    },
    "syndication": {
        "syndicated": false,
        "syndicate_id": null,
        "first_syndicated": false
    },
    "trust": null,
    "rating": null,
    "crawled": "2025-02-28T00:40:49.368+02:00",
    "updated": "2025-02-28T00:40:49.368+02:00"
}