{
    "thread": {
        "uuid": "4fb5250b0b043268fa8d44bda93b1679b1c47699",
        "url": "https://www.bldup.com/posts/lilly-plans-to-more-than-double-u-s-manufacturing-investment-since-2020-exceeding-50-billion",
        "site_full": "www.bldup.com",
        "site": "bldup.com",
        "site_section": "https://www.bldup.com/posts",
        "site_categories": [],
        "section_title": "\nThe CRE Database\n| BLDUP\n",
        "site_title": null,
        "title": "Lilly Plans to More Than Double U.S. Manufacturing Investment Since 2020 Exceeding $50 billion | BLDUP",
        "title_full": "Lilly Plans to More Than Double U.S. Manufacturing Investment Since 2020 Exceeding $50 billion | BLDUP",
        "published": "2025-02-27T02:00:00.000+02:00",
        "replies_count": 0,
        "participants_count": 0,
        "site_type": "news",
        "country": "US",
        "main_image": "",
        "performance_score": 0,
        "domain_rank": 180329,
        "domain_rank_updated": "2025-02-24T23:00:00.000+02:00",
        "social": {
            "facebook": {
                "likes": 0,
                "comments": 0,
                "shares": 0
            },
            "vk": {
                "shares": 0
            }
        }
    },
    "uuid": "4fb5250b0b043268fa8d44bda93b1679b1c47699",
    "url": "https://www.bldup.com/posts/lilly-plans-to-more-than-double-u-s-manufacturing-investment-since-2020-exceeding-50-billion",
    "ord_in_thread": 0,
    "parent_url": null,
    "author": null,
    "published": "2025-02-27T02:00:00.000+02:00",
    "title": "Lilly Plans to More Than Double U.S. Manufacturing Investment Since 2020 Exceeding $50 billion | BLDUP",
    "text": "Lilly Plans to More Than Double U.S. Manufacturing Investment Since 2020 Exceeding $50 billion\nUpdate\n02/27/25\nLilly Plans to More Than Double U.S. Manufacturing Investment Since 2020 Exceeding $50 billion\nEli Lilly and Company has announced at a press conference in Washington, D.C., plans to bolster its domestic medicine production across therapeutic areas by building four new pharmaceutical manufacturing sites in the United States. This brings the company's total U.S. capital expansion commitments to more than $50 billion since 2020.\nThree of the future U.S. sites announced today will focus on manufacturing active pharmaceutical ingredients (API), reshoring critical capabilities of small molecule chemical synthesis and further strengthening Lilly's supply chain. The fourth location will extend the company's global parenteral manufacturing network for future injectable therapies.\n\"Lilly's optimism about the potential of our pipeline across therapeutic areas – cardiometabolic health, oncology, immunology and neuroscience – drives our unprecedented commitment to our domestic manufacturing build-out. Our confidence positions us to help reinvigorate domestic manufacturing, which will benefit hard-working American families and increase exports of medicines made in the U.S.A.,\" said David A. Ricks, Lilly chair and CEO. \"This bold move reflects our commitment to stay ahead of anticipated demand for safe, high-quality, FDA-approved medicines of the future.\"\nAt these four new sites, Lilly expects to create more than 3,000 jobs for highly skilled workers, including engineers, scientists, operations personnel and lab technicians. Additionally, the company anticipates that it could create nearly 10,000 construction jobs during the development of the sites.\n\"To deliver on our big bets on next-generation modalities like small molecules, biologics and nucleic acid therapies, Lilly is investing in the state-of-the-art manufacturing infrastructure needed to deliver tomorrow's safe and reliable medicines,\" said Edgardo Hernandez, executive vice president and president of Lilly Manufacturing Operations. \"We are not just building facilities. We are creating a future where American innovation leads the world in pharmaceutical manufacturing, requiring a highly skilled workforce prepared to shape the future of health care. This is a significant step for our company, our communities and the patients we serve.\"\nExpected additional economic benefits of these new sites to the selected communities include increased local spending, tax revenue, economic diversification, improved infrastructure, population growth, and training and development opportunities.\nRicks added, \"The Tax Cuts and Jobs Act legislation passed in 2017 during President Trump's first term in office has been foundational to Lilly's domestic manufacturing investments, and it is essential that these policies are extended this year. We believe that our investments in America and upskilling our nation's workforce will spark a significant ripple effect. For every job we create, many more will be generated, positively impacting the communities that host our innovative new sites.\"\nThe company's previous total domestic capital expansion commitments from 2020 to 2024 totaled $23 billion and represented in today's $50 billion announcement, included:\n- New sites in Research Triangle Park and Concord, North Carolina\n- New sites at the LEAP Innovation District in Lebanon, Indiana\n- Expansions and updates to several different manufacturing facilities in Indianapolis\n- Development of the new Lilly Medicine Foundry in Lebanon, Indiana\n- Acquisition and expansion of Lilly's manufacturing site in Kenosha County, Wisconsin\nState submissions\nThe company is currently in negotiations with several states and welcomes additional interest by March 12, 2025. Please visit www.lilly.com/manufacturing-2025 for more information, including how to respond and submit interest online. Lilly expects to announce all four future site locations in 2025 and anticipates facilities will begin making medicines for patients within five years.",
    "highlightText": "",
    "highlightTitle": "",
    "highlightThreadTitle": "",
    "language": "english",
    "sentiment": "positive",
    "categories": [
        "Economy, Business and Finance",
        "Politics"
    ],
    "topics": [
        "Economy, Business and Finance->manufacturing and engineering",
        "Economy, Business and Finance->business financing"
    ],
    "ai_allow": true,
    "has_canonical": false,
    "breaking": false,
    "webz_reporter": false,
    "external_links": [
        "https://c212.net/c/link/?t=0&l=en&o=4370121-1&h=389916878&u=http%3A%2F%2Fwww.lilly.com%2Fmanufacturing-2025&a=www.lilly.com%2Fmanufacturing-2025",
        "https://www.c212.net/c/link/?t=0&l=en&o=4370121-1&h=389916878&u=http%3A%2F%2Fwww.lilly.com%2Fmanufacturing-2025&a=www.lilly.com%2Fmanufacturing-2025",
        "https://c212.net/c/link/"
    ],
    "external_images": [],
    "entities": {
        "persons": [],
        "organizations": [],
        "locations": []
    },
    "syndication": {
        "syndicated": false,
        "syndicate_id": null,
        "first_syndicated": false
    },
    "trust": null,
    "rating": null,
    "crawled": "2025-02-28T00:22:08.663+02:00",
    "updated": "2025-02-28T00:22:08.663+02:00"
}