{
    "thread": {
        "uuid": "4ea43ff84bf2e3bec57d1745049a05ad5c3327db",
        "url": "https://www.wtxl.com/crawfordville/wakulla-county-4-h-supporting-young-leaders-with-new-summit",
        "site_full": "www.wtxl.com",
        "site": "wtxl.com",
        "site_section": "https://www.golf.einnews.com/live_feed",
        "site_categories": [
            "media"
        ],
        "section_title": "Live Feed Wire - Golf News Today - EIN Presswire",
        "site_title": "WTXL ABC 27 | Tallahassee, Crawfordville, Valdosta News, Weather, Sports",
        "title": "Wakulla County 4-H supporting young leaders with new summit",
        "title_full": "Wakulla County 4-H supporting young leaders with new summit",
        "published": "2025-10-02T05:00:00.000+03:00",
        "replies_count": 0,
        "participants_count": 1,
        "site_type": "news",
        "country": "US",
        "main_image": "https://ewscripps.brightspotcdn.com/dims4/default/37457fd/2147483647/strip/true/crop/1280x672+0+24/resize/1200x630!/quality/90/?url=http%3A%2F%2Fewscripps-brightspot.s3.amazonaws.com%2Fe8%2Fc5%2Fa8262a2845f08efa733b168f3090%2F4h-leader-summit-6pm-llpkg.jpg",
        "performance_score": 0,
        "domain_rank": 37907,
        "domain_rank_updated": "2025-09-29T00:00:00.000+03:00",
        "licensing_agency": [],
        "social": {
            "facebook": {
                "likes": 0,
                "comments": 0,
                "shares": 0
            },
            "vk": {
                "shares": 0
            }
        }
    },
    "uuid": "4ea43ff84bf2e3bec57d1745049a05ad5c3327db",
    "url": "https://www.wtxl.com/crawfordville/wakulla-county-4-h-supporting-young-leaders-with-new-summit",
    "ord_in_thread": 0,
    "author": "Serena Davanzo",
    "published": "2025-10-02T05:00:00.000+03:00",
    "title": "Wakulla County 4-H supporting young leaders with new summit",
    "text": "CRAWFORDVILLE, Fla. (WTXL) — Wakulla County 4-H FLOW is hosting its first-ever Teen Leadership Summit to help young people in our area prepare for the future.\n- Wakulla County 4-H's first-ever Teen Leadership Summit will take place on October 13 from 9 a.m. to 4 p.m.\n- Teens from across multiple counties are welcome to attend.\n- Watch the video to learn more about the summit and why students say it's important.\nBROADCAST TRANSCRIPT:\nThere's a leader in every teen, and Wakulla County 4-H wants to help bring that leader out with a new summit.\nThe group says there are not many opportunities for teens to step into leadership roles. They say the Future Leaders of Wakulla (FLOW) program and this new summit can help.\n\"It's about what the environment you put yourself in as a leader, and how you help others,\" said Caden Gray, a 4-H student and FLOW President.\n\"The Future Leaders of Wakulla program itself focuses on just being able to plan projects and be leaders within the community in order to fulfill different goals that they have set for themselves,\" explained Samantha Kennedy, a family and consumer science agent at Wakulla County Extension Service.\nThis isn't just for students in Wakulla County. It's open to Jefferson, Leon, Gadsden, Gulf, Liberty, and Franklin County teens, including students not in 4-H.\nTeens will learn about managing stress, living on their own, and setting up goals.\nOne of the workshops will feature a student leader teaching his peers about podcasting.\n\"It feels good. This is not a knowledge that you want to keep to yourself,\" said Gray. \"It's what we want to give to others, so that way others can be inspired to do their own podcast and help bring awareness to what they want.\"\nHe says 4-H has helped him grow in his leadership, communication, and teamwork skills. And he says his confidence has grown the most.\n\"That's what 4-H is. Honestly, it's about giving you confidence, and it's about letting you do what you want and grow outside of that box,\" said Gray\nStudents are excited for this summit and hope to continue it in the future. If you're interested in participating, you can register at 4hflowleadership.4honline.com.\nWant to see more local news? Visit the WTXL ABC 27 Website.\nStay in touch with us anywhere, anytime.",
    "highlightText": "",
    "highlightTitle": "",
    "highlightThreadTitle": "",
    "language": "english",
    "sentiment": "positive",
    "categories": [
        "Human Interest",
        "Social Issue",
        "Politics"
    ],
    "topics": [
        "Human Interest->graduation",
        "Social Issue->teenagers",
        "Social Issue->social services",
        "Social Issue->communities",
        "Politics->civil rights",
        "Politics->local government and authority",
        "Politics->political development"
    ],
    "ai_allow": true,
    "has_canonical": false,
    "breaking": null,
    "webz_reporter": false,
    "external_links": [],
    "external_images": [],
    "internal_images": [],
    "entities": {
        "persons": [
            {
                "name": "Samantha Kennedy",
                "sentiment": "none"
            },
            {
                "name": "Caden Gray",
                "sentiment": "none"
            }
        ],
        "locations": [
            {
                "name": "Wakulla County",
                "sentiment": "none"
            },
            {
                "name": "CRAWFORDVILLE",
                "sentiment": "none"
            }
        ],
        "organizations": []
    },
    "syndication": {
        "syndicated": false,
        "syndicate_id": "4ea43ff84bf2e3bec57d1745049a05ad5c3327db",
        "first_syndicated": true
    },
    "trust": {
        "categories": [
            "trusted_news"
        ],
        "top_news": [],
        "bias": "center",
        "source": {
            "type": "local_news",
            "city": [
                "Tallahassee"
            ],
            "state": [
                "Florida"
            ],
            "country": [
                "US"
            ],
            "domain_type": null,
            "agency": null,
            "organization_name": null
        }
    },
    "rating": null,
    "crawled": "2025-10-02T07:27:10.084+03:00",
    "updated": "2025-10-02T07:36:53.000+03:00"
}