{
    "thread": {
        "uuid": "fc26b082cfc645c4840cc30fb603e380c6fb1a14",
        "url": "https://does.dc.gov/release/mayor-bowser-urges-residents-take-advantage-breast-cancer-screenings-during-breast-cancer",
        "site_full": "does.dc.gov",
        "site": "dc.gov",
        "site_section": "https://does.dc.gov",
        "site_categories": [],
        "section_title": "| does",
        "site_title": "| does",
        "title": "Mayor Bowser Urges Residents to Take Advantage of Breast Cancer Screenings During Breast Cancer Awareness Month | does",
        "title_full": "Mayor Bowser Urges Residents to Take Advantage of Breast Cancer Screenings During Breast Cancer Awareness Month | does",
        "published": "2025-10-01T03:00:00.000+03:00",
        "replies_count": 0,
        "participants_count": 0,
        "site_type": "news",
        "country": "US",
        "main_image": "",
        "performance_score": 0,
        "domain_rank": 2520,
        "domain_rank_updated": "2025-09-29T00:00:00.000+03:00",
        "licensing_agency": [],
        "social": {
            "facebook": {
                "likes": 0,
                "comments": 0,
                "shares": 0
            },
            "vk": {
                "shares": 0
            }
        }
    },
    "uuid": "fc26b082cfc645c4840cc30fb603e380c6fb1a14",
    "url": "https://does.dc.gov/release/mayor-bowser-urges-residents-take-advantage-breast-cancer-screenings-during-breast-cancer",
    "ord_in_thread": 0,
    "author": null,
    "published": "2025-10-01T03:00:00.000+03:00",
    "title": "Mayor Bowser Urges Residents to Take Advantage of Breast Cancer Screenings During Breast Cancer Awareness Month | does",
    "text": "All federal government employees who were affected by the federal shutdown may file their initial claim online at www.dcnetworks.org. For further information please see FAQs.\nMayor Bowser Urges Residents to Take Advantage of Breast Cancer Screenings During Breast Cancer Awareness Month\n(Washington, DC) – Today, to mark the start of Breast Cancer Awareness Month, Mayor Muriel Bowser is encouraging DC residents to schedule breast cancer screenings, know their family history, and take advantage of prevention and follow-up care support provided through DC Health. Breast cancer remains one of the leading causes of cancer-related deaths among women in the District, with outcomes often depending on how quickly residents can access timely care. Early detection, patient navigation, and timely follow-up are key to saving lives, and the Bowser Administration remains committed to improving health outcomes for women in Washington, DC.\n“Every day saved between screening and treatment is another chance to save a life,” said Dr. Ayanna Bennett, Director of DC Health. “Project WISH is removing barriers and ensuring every woman in DC has access to timely, high-quality care.”\nMayor Bowser’s FY26 Grow DC Budget includes $290,000 to expand breast and cervical cancer screening activities across all eight wards. This funding will strengthen DC Health’s highly successful Project WISH program, which provides free breast and cervical cancer screenings and patient navigation services to uninsured and underinsured residents. With this renewed investment, DC Health will be able to expand screening access, strengthen patient navigation, and reduce barriers to care, ensuring that more DC residents are reached earlier, when treatment is most effective.\nIn the past year alone, Project WISH has supported more than 1,300 women by providing them free screenings and ensuring they receive timely follow-up care after an abnormal screening. Patient navigators guide residents through scheduling appointments, understanding next steps, and connecting with treatment resources. The program has led to measurable improvements in care coordination. The median time between an abnormal mammogram and follow-up care decreased from 76 days in 2023 to 52 days in 2024, reflecting the District’s ongoing commitment to faster, more efficient care.\nProject WISH partners with the following organizations to provide equitable breast health services across all eight wards:\nFor more information on Project WISH, visit dchealth.dc.gov/service/project-wish or email [[email protected]](https://does.dc.gov/cdn-cgi/l/email-protection#5424263b3e3137207a233d273c1430377a333b22).\nIn addition, representatives from DC Health will be on hand at the following events to provide information about programs and resources:\nPower of Pink ’25 – A Breast Cancer Awareness Fitness Fundraiser\nAttendees can receive breast cancer screenings at this event.\nWhen: Saturday, October 4, 10:30 am – 12:30 pm\nWhere: Community of Hope, 4 Atlantic Street SW\nMore information: breastcaredc.org/posts/power-of-pink-25\nNew Bethel Baptist Church Fall Fitness Health Fair\nWhen: Saturday, October 4, 10 am – 2 pm\nWhere: New Bethel Baptist Church, 1739 9th Street NW\nMore information: newbetheldc.org/events/51/fall-into-fitness-health-fair\nWhitman-Walker THRIVE FEST\nWhen: Saturday, October 4, 1 – 4 pm\nWhere: Sycamore & Oak, 1100 Oak Drive SE\nMore information: whitman-walker.org/event/whitman-walker-thrive-fest\nWashington Spirit CVS Health Day - Washington Spirit vs. Orlando Pride\nWhen: Saturday, October 18 at 12:30 pm\nWhere: Audi Field, 100 Potomac Avenue SW\nMore information: washingtonspirit.com/tickets/themes\nMayor Bowser X: @MayorBowser\nMayor Bowser Instagram: @Mayor_Bowser\nMayor Bowser Bluesky: @MayorBowser\nMayor Bowser Facebook: facebook.com/MayorMurielBowser\nMayor Bowser YouTube: https://www.bit.ly/eomvideos\nMayor Bowser LinkedIn: linkedin.com/in/mayorbowser",
    "highlightText": "",
    "highlightTitle": "",
    "highlightThreadTitle": "",
    "language": "english",
    "sentiment": "positive",
    "categories": [
        "Health",
        "Politics",
        "Social Issue"
    ],
    "topics": [
        "Health->health organisation",
        "Health->public health",
        "Health->cancer",
        "Politics->government",
        "Politics->civil rights",
        "Politics->healthcare policy",
        "Social Issue->social services",
        "Social Issue->women"
    ],
    "ai_allow": true,
    "has_canonical": false,
    "breaking": null,
    "webz_reporter": false,
    "external_links": [
        "https://www.whitman-walker.org/event/whitman-walker-thrive-fest/",
        "https://breastcaredc.org/posts/power-of-pink-25/",
        "https://bsky.app/profile/mayorbowser.dc.gov",
        "https://www.instagram.com/mayor_bowser/",
        "https://x.com/MayorBowser",
        "https://www.facebook.com/MayorMurielBowser",
        "https://linkedin.com/in/mayorbowser",
        "https://www.newbetheldc.org/events/51/fall-into-fitness-health-fair",
        "http://www.dcnetworks.org/",
        "https://washingtonspirit.com/tickets/themes/",
        "https://www.bit.ly/eomvideos",
        "https://breastcaredc.org/posts/power-of-pink-25",
        "https://washingtonspirit.com/tickets/themes",
        "https://www.bsky.app/profile/mayorbowser.dc.gov",
        "http://dcnetworks.org/",
        "https://www.washingtonspirit.com/tickets/themes/",
        "https://www.instagram.com/mayor_bowser",
        "https://instagram.com/mayor_bowser/",
        "https://bit.ly/eomvideos",
        "https://www.breastcaredc.org/posts/power-of-pink-25/",
        "https://www.whitman-walker.org/event/whitman-walker-thrive-fest",
        "http://www.dcnetworks.org",
        "https://www.linkedin.com/in/mayorbowser",
        "https://www.x.com/MayorBowser",
        "https://whitman-walker.org/event/whitman-walker-thrive-fest/",
        "https://newbetheldc.org/events/51/fall-into-fitness-health-fair",
        "https://facebook.com/MayorMurielBowser"
    ],
    "external_images": [],
    "internal_images": [],
    "entities": {
        "persons": [
            {
                "name": "Muriel Bowser",
                "sentiment": "neutral"
            },
            {
                "name": "Ayanna Bennett",
                "sentiment": "none"
            }
        ],
        "locations": [],
        "organizations": [
            {
                "name": "DC Health",
                "sentiment": "none",
                "tickers": []
            }
        ]
    },
    "syndication": {
        "syndicated": false,
        "syndicate_id": null,
        "first_syndicated": false
    },
    "trust": {
        "categories": null,
        "top_news": [],
        "bias": null,
        "source": {
            "type": "gov_news",
            "city": [
                "Washington"
            ],
            "state": [
                "DC"
            ],
            "country": [
                "US"
            ],
            "domain_type": "State or territory",
            "agency": "Non-Federal Agency",
            "organization_name": "Government of the District of Columbia"
        }
    },
    "rating": null,
    "crawled": "2025-10-02T08:08:00.787+03:00",
    "updated": "2025-10-02T08:15:15.000+03:00"
}