{
    "thread": {
        "uuid": "2dd93c33dd232b9494cfbf00d7fdb32ecbb0821b",
        "url": "https://english.mathrubhumi.com/news/india/pm-modi-pays-tributes-to-mahatma-gandhi-lal-bahadur-shastri-on-their-birth-anniversary-iiaok14b",
        "site_full": "english.mathrubhumi.com",
        "site": "mathrubhumi.com",
        "site_section": "https://news.google.com/search?q=theirs%20when%3A1h&hl=en-US&gl=US&ceid=US%3Aen",
        "site_categories": [
            "media",
            "top_news_in",
            "top_news_ae",
            "top_news_qa",
            "top_news_sa",
            "top_news_kw",
            "top_news"
        ],
        "section_title": "Google News - Search",
        "site_title": "Mathrubhumi: Latest Malayalam News | മലയാളം വാർത്തകൾ | Kerala News | Breaking News Malayalam | മാതൃഭൂമി News",
        "title": "PM Modi pays tributes to Mahatma Gandhi, Lal Bahadur Shastri on their birth anniversary",
        "title_full": "PM Modi pays tributes to Mahatma Gandhi, Lal Bahadur Shastri on their birth anniversary",
        "published": "2025-10-02T06:00:00.000+03:00",
        "replies_count": 0,
        "participants_count": 1,
        "site_type": "news",
        "country": "IN",
        "main_image": "https://img.mathrubhumi.com/view/acePublic/alias/contentid/1m8kcqw9ddxan7u0kgx/1/modi-jpg.jpeg?f=16%3A9&amp;w=1200&amp;q=0.75",
        "performance_score": 0,
        "domain_rank": 20130,
        "domain_rank_updated": "2025-09-29T00:00:00.000+03:00",
        "licensing_agency": [],
        "social": {
            "facebook": {
                "likes": 0,
                "comments": 0,
                "shares": 1
            },
            "vk": {
                "shares": 0
            }
        }
    },
    "uuid": "2dd93c33dd232b9494cfbf00d7fdb32ecbb0821b",
    "url": "https://english.mathrubhumi.com/news/india/pm-modi-pays-tributes-to-mahatma-gandhi-lal-bahadur-shastri-on-their-birth-anniversary-iiaok14b",
    "ord_in_thread": 0,
    "author": "@mathrubhumi",
    "published": "2025-10-02T06:00:00.000+03:00",
    "title": "PM Modi pays tributes to Mahatma Gandhi, Lal Bahadur Shastri on their birth anniversary",
    "text": "Prime Minister also paid tribute to former Prime Minister Lal Bahadur Shastri on his birth anniversary, calling him an \"extraordinary statesman\"\nNew Delhi: Prime Minister Narendra Modi on Thursday paid homage to Mahatma Gandhi on the occasion of Gandhi Jayanti, saying the Father of the Nation's ideals transformed the course of human history and continue to guide India's path to progress.\nModi also paid floral tribute to Mahatma Gandhi at Raj Ghat. Union Minister Manohar Lal accompanied the Prime Minister during the tribute ceremony.\nIn a post on social media X, the Prime Minister stated that Gandhi demonstrated how courage and simplicity could become instruments of great change, instilling a belief in the power of service and compassion as essential means of empowering people.\n\"Gandhi Jayanti is about paying homage to the extraordinary life of beloved Bapu, whose ideals transformed the course of human history. He demonstrated how courage and simplicity could become instruments of great change. He believed in the power of service and compassion as essential means of empowering people. We will keep following his path in our quest to build a Viksit Bharat,\" the post read.\nBorn on October 2, 1869, in Porbandar, Gujarat, Mohandas Karamchand Gandhi, revered as Mahatma Gandhi, was the pioneer of non-violent resistance. Through his philosophy of ahimsa and satyagraha, he mobilised millions of Indians to participate in the freedom struggle against British colonial rule.\nOn January 30, 1948, Mahatma Gandhi was assassinated by Nathuram Godse at Gandhi Smriti in New Delhi, just months after India attained independence. His life and sacrifice continue to be remembered across the world as a symbol of peace and human dignity.\nThe Prime Minister also paid tribute to former Prime Minister Lal Bahadur Shastri on his birth anniversary, calling him an \"extraordinary statesman\" whose integrity, humility and determination strengthened India during challenging times.\nIn another post on X, Modi stated that Shastri personified exemplary leadership and decisive action, and his clarion call of 'Jai Jawan Jai Kisan' ignited a spirit of patriotism among the people.\nThe slogan, given in 1965, remains one of the most enduring expressions of India's collective resolve to safeguard its sovereignty and honour the contribution of farmers.\n\"Shri Lal Bahadur Shastri Ji was an extraordinary statesman whose integrity, humility and determination strengthened India, including during challenging times,\" the post read.\n\"He personified exemplary leadership, strength and decisive action. His clarion call of 'Jai Jawan Jai Kisan' ignited a spirit of patriotism among our people. He continues to motivate us in the endeavour of building a strong and self-reliant India,\" the post further read.\nShastri, deeply influenced by Gandhi's teachings, rose from humble beginnings to become Prime Minister and was widely admired for his simplicity, honesty and ability to connect with the common people. His legacy continues to inspire India's pursuit of self-reliance and progress. (ANI)\nSubscribe to our Newsletter\nGet Latest Mathrubhumi Updates in English\nFollow\nDisclaimer: Kindly avoid objectionable, derogatory, unlawful and lewd comments, while responding to reports. Such comments are punishable under cyber laws. Please keep away from personal attacks. The opinions expressed here are the personal opinions of readers and not that of Mathrubhumi.",
    "highlightText": "",
    "highlightTitle": "",
    "highlightThreadTitle": "",
    "language": "english",
    "sentiment": "positive",
    "categories": [
        "Politics",
        "Human Interest",
        "Social Issue"
    ],
    "topics": [
        "Politics->national elections",
        "Politics->heads of state",
        "Politics->government",
        "Human Interest->birthday",
        "Social Issue->national or ethnic minority",
        "Social Issue->demographics",
        "Social Issue->diversity, equity and inclusion"
    ],
    "ai_allow": true,
    "has_canonical": false,
    "breaking": null,
    "webz_reporter": false,
    "external_links": [],
    "external_images": [],
    "internal_images": [],
    "entities": {
        "persons": [
            {
                "name": "Lal Bahadur Shastri",
                "sentiment": "negative"
            },
            {
                "name": "Mahatma Gandhi",
                "sentiment": "negative"
            },
            {
                "name": "Narendra Modi",
                "sentiment": "neutral"
            },
            {
                "name": "Gandhi Jayanti",
                "sentiment": "none"
            },
            {
                "name": "Manohar Lal",
                "sentiment": "none"
            }
        ],
        "locations": [],
        "organizations": []
    },
    "syndication": {
        "syndicated": false,
        "syndicate_id": null,
        "first_syndicated": false
    },
    "trust": {
        "categories": [],
        "top_news": [
            "top_news_in",
            "top_news_ae",
            "top_news_qa",
            "top_news_sa",
            "top_news_kw",
            "top_news"
        ],
        "bias": null,
        "source": {
            "type": null,
            "city": null,
            "state": null,
            "country": null,
            "domain_type": null,
            "agency": null,
            "organization_name": null
        }
    },
    "rating": null,
    "crawled": "2025-10-02T07:21:17.737+03:00",
    "updated": "2025-10-03T08:04:54.000+03:00"
}