{
    "thread": {
        "uuid": "0f3e645c455ee457cd25972bc8d21ec74624f317",
        "url": "https://guardian.ng/news/ekiti-2026-oyebanji-urges-parties-supporters-to-ensure-peaceful-electoral-process/",
        "site_full": "guardian.ng",
        "site": "guardian.ng",
        "site_section": "https://news.google.com/search?q=themselves%20when%3A1h&hl=en-US&gl=US&ceid=US%3Aen",
        "site_categories": [
            "media"
        ],
        "section_title": "Google News - Search",
        "site_title": "Homepage | The Guardian Nigeria News - Nigeria and World News",
        "title": "Ekiti 2026: Oyebanji urges parties, supporters to ensure peaceful electoral process",
        "title_full": "Ekiti 2026: Oyebanji urges parties, supporters to ensure peaceful electoral process",
        "published": "2025-10-02T06:34:00.000+03:00",
        "replies_count": 0,
        "participants_count": 1,
        "site_type": "news",
        "country": "NG",
        "main_image": "https://cdn.guardian.ng/wp-content/uploads/2023/05/FeaWapwWIAgR3Uf-e1666694492127.jpg",
        "performance_score": 0,
        "domain_rank": 4538,
        "domain_rank_updated": "2025-09-29T00:00:00.000+03:00",
        "licensing_agency": [],
        "social": {
            "facebook": {
                "likes": 0,
                "comments": 0,
                "shares": 0
            },
            "vk": {
                "shares": 0
            }
        }
    },
    "uuid": "0f3e645c455ee457cd25972bc8d21ec74624f317",
    "url": "https://guardian.ng/news/ekiti-2026-oyebanji-urges-parties-supporters-to-ensure-peaceful-electoral-process/",
    "ord_in_thread": 0,
    "author": "Amos",
    "published": "2025-10-02T06:34:00.000+03:00",
    "title": "Ekiti 2026: Oyebanji urges parties, supporters to ensure peaceful electoral process",
    "text": "• Unveils giant strides at Edge Awards Nite,\n• Describes advertising as catalyst for economic growth\nEkiti State Governor, Biodun Oyebanji, has called for a peaceful electoral process ahead of the 2026 governorship poll in the state, saying that the campaign should be about idea and not violence.\nThe governor made the remark yesterday, during a statewide broadcast aired on all electronic media channels to commemorate the 29th anniversary of Ekiti State and the 65th anniversary of Nigeria’s independence.\nOyebanji, however, appealed to political parties, political leaders and their supporters to conduct themselves peacefully as the state is already in the campaign mood ahead of the parties’ primary elections later this year and the main governorship election in June next year.\nThe governor, who expressed delight in the various achievements recorded across the six-pillar development agenda by his administration, disclosed that he would appear before the Ekiti State House of Assembly to give a full account of his stewardship on October 16, 2025, calling on Ekiti citizens at home and abroad for their continued support.\nHe equally expressed his appreciation to members of the National Assembly, under the leadership of Senator Michael Opeyemi Bamidele, House of Assembly members, under the leadership of Adeoye Aribasoye, and the judiciary, under the leadership of the Chief Judge, Justice Adekanye Lekan Ogunmoye, for their support to his administration.\nMeanwhile, Oyebanji has unveiled his giant strides and developmental growth since he came into the saddle in the state, reiterating his administration’s commitment to make Ekiti State the new investment destination in Nigeria.\nThe governor said that the Ekiti State Government had undertaken a combination of transformative policy decisions and pushed critical infrastructure development to a new height.\nOyebanji, who spoke during the 13th edition of the Marketing Edge Awards and Dinner ceremony, represented by his Chief of Staff, Niyi Adebayo, at Sheraton Balmoral Convention Centre in Lagos, declared that advertising remains a powerful catalyst for economic growth because of its role in stimulating consumer demand for goods and services across the world.\nHe, however, won the 2025 Grand Prix Award.\nMarketing Edge Publisher and the Chief Organiser of the yearly award, John Ajayi, while thanking the Nigerian business community and the marketing and advertising sub-sector of the national economy for their years of support, patronage and acceptability in his welcome address, noted that “every year we gather to celebrate brands and advertising excellence, you always add colour and grandeur to it by making it a festival of brands and ideas.",
    "highlightText": "",
    "highlightTitle": "",
    "highlightThreadTitle": "",
    "language": "english",
    "sentiment": "positive",
    "categories": [
        "Politics",
        "Human Interest"
    ],
    "topics": [
        "Politics->political candidates",
        "Politics->political campaigns",
        "Politics->election",
        "Human Interest->ceremony"
    ],
    "ai_allow": true,
    "has_canonical": false,
    "breaking": null,
    "webz_reporter": false,
    "external_links": [],
    "external_images": [],
    "internal_images": [],
    "entities": {
        "persons": [
            {
                "name": "Biodun Oyebanji",
                "sentiment": "none"
            }
        ],
        "locations": [
            {
                "name": "Ekiti",
                "sentiment": "none"
            }
        ],
        "organizations": [
            {
                "name": "Ekiti State House of Assembly",
                "sentiment": "none",
                "tickers": []
            }
        ]
    },
    "syndication": {
        "syndicated": false,
        "syndicate_id": null,
        "first_syndicated": false
    },
    "trust": {
        "categories": [
            "fake_news"
        ],
        "top_news": [],
        "bias": "center",
        "source": {
            "type": null,
            "city": null,
            "state": null,
            "country": null,
            "domain_type": null,
            "agency": null,
            "organization_name": null
        }
    },
    "rating": null,
    "crawled": "2025-10-02T08:13:06.636+03:00",
    "updated": "2025-10-02T08:20:30.000+03:00"
}