{
    "thread": {
        "uuid": "9baf82233588a30defb7eafdcc62a5ff9628afc1",
        "url": "https://dailytimes.com.pk/1377630/us-to-provide-ukraine-intel-for-strikes-on-russian-energy-targets/",
        "site_full": "dailytimes.com.pk",
        "site": "dailytimes.com.pk",
        "site_section": "https://rss.app/feeds/q8a53kcaadqj8zxa.xml",
        "site_categories": [
            "media",
            "top_news_pk",
            "top_news"
        ],
        "section_title": "russia and ukraine - Google Search",
        "site_title": "Daily Times - Latest Pakistan News, World, Business, Sports, Lifestyle",
        "title": "US to provide Ukraine intel for strikes on Russian energy targets",
        "title_full": "US to provide Ukraine intel for strikes on Russian energy targets",
        "published": "2025-10-02T05:32:00.000+03:00",
        "replies_count": 0,
        "participants_count": 1,
        "site_type": "news",
        "country": "PK",
        "main_image": "https://dailytimes.com.pk/assets/uploads/2025/10/02/127303887_f746ff36-a45a-42b7-8ad0-862ae1770d27.jpg",
        "performance_score": 0,
        "domain_rank": 9834,
        "domain_rank_updated": "2025-09-29T00:00:00.000+03:00",
        "licensing_agency": [],
        "social": {
            "facebook": {
                "likes": 0,
                "comments": 0,
                "shares": 0
            },
            "vk": {
                "shares": 0
            }
        }
    },
    "uuid": "9baf82233588a30defb7eafdcc62a5ff9628afc1",
    "url": "https://dailytimes.com.pk/1377630/us-to-provide-ukraine-intel-for-strikes-on-russian-energy-targets/",
    "ord_in_thread": 0,
    "author": "Attia Naveed",
    "published": "2025-10-02T05:32:00.000+03:00",
    "title": "US to provide Ukraine intel for strikes on Russian energy targets",
    "text": "The US Ukraine energy strike plan will give Kyiv intelligence to target Russia’s oil and power infrastructure. This is the first time Washington will directly assist in targeting energy facilities. Officials said it aims to reduce Kremlin war revenue and weaken Moscow’s military funding.\nREAD MORE:Prince William asserts dominance over Prince Andrew at Duchess of Kent funeral\nUS President Donald Trump has urged European nations to halt Russian oil purchases. He seeks sanctions to further cut Moscow’s income while supporting Ukraine’s military actions. NATO allies are also being asked to provide similar intelligence assistance.\nUkraine may receive Tomahawk missiles, capable of striking Moscow and most of European Russia. The country has also developed the long-range Flamingo missile, though production numbers remain unknown. These weapons would enhance Kyiv’s ability to target key energy facilities.\nThe United States has already been sharing intelligence with Kyiv, but the new support will make hitting refineries, pipelines, and power plants easier. Officials said the move could shift momentum in Ukraine’s favor and further pressure Russia economically.\nREAD MORE:China’s new K visa sparks backlash amid tech talent push\nEnergy remains central to Russia’s war financing, making it a top Western target. The US Ukraine energy strike support underscores Washington’s strategy to weaken Moscow while bolstering Kyiv’s long-range military capabilities.",
    "highlightText": "",
    "highlightTitle": "",
    "highlightThreadTitle": "",
    "language": "english",
    "sentiment": "positive",
    "categories": [
        "Politics",
        "Social Issue"
    ],
    "topics": [
        "Politics->international relations",
        "Politics->foreign aid",
        "Politics->espionage and intelligence",
        "Social Issue->mankind"
    ],
    "ai_allow": true,
    "has_canonical": false,
    "breaking": null,
    "webz_reporter": false,
    "external_links": [],
    "external_images": [],
    "internal_images": [],
    "entities": {
        "persons": [
            {
                "name": "Donald Trump",
                "sentiment": "none"
            },
            {
                "name": "William",
                "sentiment": "none"
            },
            {
                "name": "Andrew",
                "sentiment": "none"
            }
        ],
        "locations": [],
        "organizations": [
            {
                "name": "NATO",
                "sentiment": "none",
                "tickers": [
                    {
                        "ticker": null,
                        "exchange": null
                    }
                ]
            }
        ]
    },
    "syndication": {
        "syndicated": false,
        "syndicate_id": "9baf82233588a30defb7eafdcc62a5ff9628afc1",
        "first_syndicated": true
    },
    "trust": {
        "categories": [],
        "top_news": [
            "top_news_pk",
            "top_news"
        ],
        "bias": null,
        "source": {
            "type": null,
            "city": null,
            "state": null,
            "country": null,
            "domain_type": null,
            "agency": null,
            "organization_name": null
        }
    },
    "rating": null,
    "crawled": "2025-10-02T07:05:41.676+03:00",
    "updated": "2025-10-03T08:06:45.000+03:00"
}