{
    "thread": {
        "uuid": "a6298e31a34c677bcfe8f1e2d75256b8c992a3c0",
        "url": "https://www.france24.com/en/live-news/20250724-vanuatu-island-chief-very-impressed-by-global-climate-decision-1",
        "site_full": "www.france24.com",
        "site": "france24.com",
        "site_section": "https://news.google.com/search?q=by%20when%3A1h&hl=en-US&gl=US&ceid=US%3Aen",
        "site_categories": [
            "media",
            "top_news_ma",
            "top_news_co",
            "top_news_iq",
            "top_news_pe",
            "top_news_be",
            "top_news_eg",
            "top_news_fr",
            "top_news_kw",
            "top_news_ve",
            "top_news"
        ],
        "section_title": "Google News - Search",
        "site_title": "France 24 - International breaking news, top stories and headlines",
        "title": "Vanuatu island chief 'very impressed' by global climate decision",
        "title_full": "Vanuatu island chief 'very impressed' by global climate decision",
        "published": "2025-07-24T06:01:00.000+03:00",
        "replies_count": 0,
        "participants_count": 1,
        "site_type": "news",
        "country": "FR",
        "main_image": "https://s.france24.com/media/display/81dfcea8-6831-11f0-a2b8-005056a97e36/w:1280/p:16x9/f6ee04ae1965f8bff014844fedbb5e74402588f5.jpg",
        "performance_score": 0,
        "domain_rank": 785,
        "domain_rank_updated": "2025-06-03T00:00:00.000+03:00",
        "licensing_agency": [],
        "social": {
            "facebook": {
                "likes": 0,
                "comments": 0,
                "shares": 0
            },
            "vk": {
                "shares": 0
            }
        }
    },
    "uuid": "a6298e31a34c677bcfe8f1e2d75256b8c992a3c0",
    "url": "https://www.france24.com/en/live-news/20250724-vanuatu-island-chief-very-impressed-by-global-climate-decision-1",
    "ord_in_thread": 0,
    "author": "France 24",
    "published": "2025-07-24T06:01:00.000+03:00",
    "title": "Vanuatu island chief 'very impressed' by global climate decision",
    "text": "Head chief of the volcanic island of Ambrym, George Bumseng, stands next to a wooden statue in the Vanuatu capital of Port Vila on July 24, 2025 © Hilaire Bule / AFP Vanuatu spearheaded the legal case at the International Court of Justice in The Hague, which found countries have a duty to protect against the \"urgent and existential\" threat of a warming planet.\n\"I'm very impressed,\" George Bumseng, the highest chief of the Pacific archipelago's cyclone-prone island of Ambrym, told AFP in the capital Port Vila.\n\"We have been waiting for this decision for a long time because we have been victims of this climate change for the past two decades,\" he said at the country's council of chiefs meeting house.\nThe chief recalled that his island was battered by three tropical cyclones in 2023, with twin cyclones Judy and Kevin striking in March of that year, followed by Lola in October.\nThe storms damaged \"a lot of our root crops and forests and our traditional medicines\", said Bumseng, who is chairman of the Ambrym council of chiefs.\nGlobal warming \"keeps on changing our environment\", the chief said.\n\"We no longer have fig trees. There's coastal erosion continuously. Our tide is also changing,\" he said.\n'In our hands'\nYoung people in Vanuatu hailed the International Court of Justice's decision that countries must tackle climate change. © Hilaire Bule / AFP \"Some of the traditional crops are no longer growing like before,\" he added.\nYoung people in Vanuatu hailed the international court's decision, citing the rising seas and fierce storms menacing their futures.\nChildren at one storm-battered school held up paper hand-written signs reading \"Rising seas threaten our shores\" and \"Our school is threatened by sea level rise\" as they posed for photos with the nearby beach behind them.\nTheir Suango primary and secondary school on the main island of Efate still relies partly on tents after being damaged by the cyclones of 2023 and then rocked by last year's earthquake.\nAt a student festival in Port Vila, Susan Alexander said she and other young people were \"very happy\" with the court decision.\n\"Our country of Vanuatu has been one of the most vulnerable populations this past few years due to all these challenges that we've been through,\" she told AFP.\n\"We have experienced cyclones, sea level rise across our country. This country lies in our hands.\"\nResident Georgilla Worworbu said the court decision was a gift to the children of Vanuatu.\n\"It speaks to all of us living on this planet -- and to those that cause this immense harm on the small island nations like mine,\" she told AFP from Port Vila.\n\"Our resilience is the only thing that's holding our nation together.\n\"But really, resilience is not enough. Climate finance and reparations is what our people deserve.\"\nThe six-year push towards the court's decision began in a small university classroom in Vanuatu.\nFrustrated by the glacial global efforts to tackle climate change, 27 law students decided to, in their words, \"get the world's biggest problem before the world's highest court\".\n© 2025 AFP",
    "highlightText": "",
    "highlightTitle": "",
    "highlightThreadTitle": "",
    "language": "english",
    "sentiment": "positive",
    "categories": [
        "Environment",
        "Politics",
        "Social Issue"
    ],
    "topics": [
        "Environment->natural resources",
        "Environment->sustainability",
        "Environment->climate change",
        "Politics->environmental policy",
        "Social Issue->mankind",
        "Social Issue->social problem",
        "Social Issue->diversity, equity and inclusion"
    ],
    "ai_allow": true,
    "has_canonical": false,
    "breaking": null,
    "webz_reporter": false,
    "external_links": [],
    "external_images": [],
    "internal_images": [],
    "entities": {
        "persons": [
            {
                "name": "George Bumseng",
                "sentiment": "negative"
            },
            {
                "name": "Kevin",
                "sentiment": "none"
            },
            {
                "name": "Judy",
                "sentiment": "none"
            }
        ],
        "locations": [
            {
                "name": "Port",
                "sentiment": "none"
            }
        ],
        "organizations": [
            {
                "name": "International Court of Justice",
                "sentiment": "none",
                "tickers": []
            },
            {
                "name": "AFP",
                "sentiment": "none",
                "tickers": [
                    {
                        "ticker": "AFP",
                        "exchange": "ASX"
                    }
                ]
            },
            {
                "name": "international court of justice",
                "sentiment": "none",
                "tickers": [
                    {
                        "ticker": null,
                        "exchange": null
                    }
                ]
            }
        ]
    },
    "syndication": {
        "syndicated": false,
        "syndicate_id": "a6298e31a34c677bcfe8f1e2d75256b8c992a3c0",
        "first_syndicated": true
    },
    "trust": {
        "categories": [
            "trusted_news"
        ],
        "top_news": [
            "top_news_ma",
            "top_news_co",
            "top_news_iq",
            "top_news_pe",
            "top_news_be",
            "top_news_eg",
            "top_news_fr",
            "top_news_kw",
            "top_news_ve",
            "top_news"
        ],
        "bias": "center",
        "source": {
            "type": null,
            "city": null,
            "state": null,
            "country": null,
            "domain_type": null,
            "agency": null,
            "organization_name": null
        }
    },
    "rating": null,
    "crawled": "2025-07-24T07:19:01.700+03:00",
    "updated": "2025-07-25T08:07:47.000+03:00"
}