{
    "thread": {
        "uuid": "d5504bf574afd157e5ada41a3a718e7fd1cbeead",
        "url": "https://www.wishtv.com/news/politics/mayors-next-iacs-director-passes-city-county-council-committee",
        "site_full": "www.wishtv.com",
        "site": "wishtv.com",
        "site_section": "https://www.wishtv.com",
        "site_categories": [
            "media"
        ],
        "section_title": "Indiana News | Indianapolis Weather | Indiana Sports | WISH-TV",
        "site_title": "Indiana News | Indianapolis Weather | Indiana Sports | WISH-TV",
        "title": "Mayor's next IACS director passes City-County Council committee",
        "title_full": "Mayor's next IACS director passes City-County Council committee",
        "published": "2025-07-24T05:52:00.000+03:00",
        "replies_count": 0,
        "participants_count": 1,
        "site_type": "news",
        "country": "US",
        "main_image": "https://www.wishtv.com/wp-content/uploads/2025/07/24/IACS-DIRECTOR-APPOINTMENT-SOT.transfer_frame_199-e1753324650424.jpg",
        "performance_score": 0,
        "domain_rank": 9236,
        "domain_rank_updated": "2025-06-03T00:00:00.000+03:00",
        "licensing_agency": [],
        "social": {
            "facebook": {
                "likes": 0,
                "comments": 0,
                "shares": 0
            },
            "vk": {
                "shares": 0
            }
        }
    },
    "uuid": "d5504bf574afd157e5ada41a3a718e7fd1cbeead",
    "url": "https://www.wishtv.com/news/politics/mayors-next-iacs-director-passes-city-county-council-committee",
    "ord_in_thread": 0,
    "author": "Jay Adkins",
    "published": "2025-07-24T05:52:00.000+03:00",
    "title": "Mayor's next IACS director passes City-County Council committee",
    "text": "Mayor’s next Indianapolis Animal Care Services director passes committee INDIANAPOLIS (WISH) — The mayor’s new pick to lead Indianapolis Animal Care Services (IACS) is one step closer to being approved.\nAmanda Dehoney-Hinkle’s appointment will move forward, and she could be approved by the City-County Council in August. Dehoney-Hinkle has served in various animal control leadership roles during her career, including as superintendent of Greenfield-Hancock Animal Management. This comes after the mayor’s previous pick to lead IACS was withdrawn after widespread opposition from the community.\nVolunteers are now asking Dehoney-Hinkle to add a volunteer coordinator and say they’re ready to get back to work.\n“All the volunteers are excited to have a fresh start, to start this new chapter,” said Jessica Perry, volunteer for IACS. “Again, we just really want to be able to help her. We want to be able to work with these animals and just have the ability to do that.”\nThe City-County Council’s next full meeting will be Monday, August 11.",
    "highlightText": "",
    "highlightTitle": "",
    "highlightThreadTitle": "",
    "language": "english",
    "sentiment": "positive",
    "categories": [
        "Politics"
    ],
    "topics": [
        "Politics->local government and authority",
        "Politics->government department"
    ],
    "ai_allow": true,
    "has_canonical": false,
    "breaking": null,
    "webz_reporter": false,
    "external_links": [
        "https://www.indy.gov/agency/city-county-council",
        "https://www.indy.gov/agency/animal-care-services",
        "https://fuel-streaming-prod01.fuelmedia.io/v1/sem/58165265-734d-4d4d-a23b-1aa5acb8715e.m3u8?swc=ce2e2318-7432-4b1c-8ed8-a2c90a54e4d4&quot;",
        "https://fuel-streaming-prod01.fuelmedia.io/player/v3/fuel.js&quot;></script><fuel-video",
        "https://fuel-streaming-prod01.fuelmedia.io/v1/sem/58165265-734d-4d4d-a23b-1aa5acb8715e.m3u8?swc=ce2e2318-7432-4b1c-8ed8-a2c90a54e4d4&#038;a-plcmt=1",
        "https://pubads.g.doubleclick.net/gampad/ads?iu=/21876379913/lin.wish/outstream/&#038;description_url=https%3A%2F%2Fwww.wishtv.com%2F&#038;tfcd=0&#038;npa=0&#038;sz=1x1000&#038;gdfp_req=1&#038;output=vast&#038;vpos=preroll&#038;unviewed_position_start=1&#038;plcmt=1&#038;env=vp&#038;vpmute=1&#038;impl=s&#038;correlator=&plcmt=1",
        "https://indy.gov/agency/city-county-council",
        "https://indy.gov/agency/animal-care-services",
        "https://www.pubads.g.doubleclick.net/gampad/ads?iu=/21876379913/lin.wish/outstream/&#038;description_url=https%3A%2F%2Fwww.wishtv.com%2F&#038;tfcd=0&#038;npa=0&#038;sz=1x1000&#038;gdfp_req=1&#038;output=vast&#038;vpos=preroll&#038;unviewed_position_start=1&#038;plcmt=1&#038;env=vp&#038;vpmute=1&#038;impl=s&#038;correlator=&plcmt=1",
        "https://fuel-streaming-prod01.fuelmedia.io/v1/sem/58165265-734d-4d4d-a23b-1aa5acb8715e.m3u8",
        "https://pubads.g.doubleclick.net/gampad/ads",
        "https://www.fuel-streaming-prod01.fuelmedia.io/v1/sem/58165265-734d-4d4d-a23b-1aa5acb8715e.m3u8?swc=ce2e2318-7432-4b1c-8ed8-a2c90a54e4d4&quot;",
        "https://www.fuel-streaming-prod01.fuelmedia.io/v1/sem/58165265-734d-4d4d-a23b-1aa5acb8715e.m3u8?swc=ce2e2318-7432-4b1c-8ed8-a2c90a54e4d4&#038;a-plcmt=1",
        "https://www.fuel-streaming-prod01.fuelmedia.io/player/v3/fuel.js&quot;></script><fuel-video"
    ],
    "external_images": [],
    "internal_images": [],
    "entities": {
        "persons": [
            {
                "name": "Amanda Dehoney-Hinkle",
                "sentiment": "none"
            },
            {
                "name": "Jessica Perry",
                "sentiment": "none"
            }
        ],
        "locations": [],
        "organizations": [
            {
                "name": "City-County Council",
                "sentiment": "negative",
                "tickers": []
            },
            {
                "name": "IACS",
                "sentiment": "negative",
                "tickers": []
            },
            {
                "name": "Indianapolis Animal Care Services",
                "sentiment": "negative",
                "tickers": []
            }
        ]
    },
    "syndication": {
        "syndicated": false,
        "syndicate_id": "d5504bf574afd157e5ada41a3a718e7fd1cbeead",
        "first_syndicated": true
    },
    "trust": {
        "categories": [
            "trusted_news"
        ],
        "top_news": [],
        "bias": "center",
        "source": {
            "type": "local_news",
            "city": [
                "Indianapolis"
            ],
            "state": [
                "Indiana"
            ],
            "country": [
                "US"
            ],
            "domain_type": null,
            "agency": null,
            "organization_name": null
        }
    },
    "rating": null,
    "crawled": "2025-07-24T07:17:30.713+03:00",
    "updated": "2025-07-24T07:18:52.000+03:00"
}