{
    "thread": {
        "uuid": "87e0928d1091e021d4caac070fab43f8ca9db60e",
        "url": "https://24.kg/english/337325_New_road_on_Toktonaliev_Street_opened_in_Bishkek",
        "site_full": "24.kg",
        "site": "24.kg",
        "site_section": "https://24.kg/rss/",
        "site_categories": [
            "media"
        ],
        "section_title": "RSS",
        "site_title": "Новости Кыргызстана 2025. Последние новости Кыргызстана и Бишкека на сегодня | 24.KG",
        "title": "New road on Toktonaliev Street opened in Bishkek",
        "title_full": "New road on Toktonaliev Street opened in Bishkek",
        "published": "2025-07-24T06:29:00.000+03:00",
        "replies_count": 0,
        "participants_count": 1,
        "site_type": "news",
        "country": "KG",
        "main_image": "https://24.kg/files/media/390/390118.jpg",
        "performance_score": 0,
        "domain_rank": 36407,
        "domain_rank_updated": "2025-06-03T00:00:00.000+03:00",
        "licensing_agency": [],
        "social": {
            "facebook": {
                "likes": 0,
                "comments": 0,
                "shares": 0
            },
            "vk": {
                "shares": 0
            }
        }
    },
    "uuid": "87e0928d1091e021d4caac070fab43f8ca9db60e",
    "url": "https://24.kg/english/337325_New_road_on_Toktonaliev_Street_opened_in_Bishkek",
    "ord_in_thread": 0,
    "author": "Baktygul OSMONALIEVA",
    "published": "2025-07-24T06:29:00.000+03:00",
    "title": "New road on Toktonaliev Street opened in Bishkek",
    "text": "A new road on Toktonaliev Street—from Masaliev Avenue to Duisheev Street— has been opened to traffic in Bishkek. The press service of the City Hall reported.\nThe municipality noted that the 1.4-kilometer road was built in four months. The project included the installation of pipelines, drainage systems, curbs, the construction of bus stops, road signs, and markings, as well as sidewalks.\nA height restriction for heavy trucks has been introduced on this section, and the route of bus No. 175 has been restored.",
    "highlightText": "",
    "highlightTitle": "",
    "highlightThreadTitle": "",
    "language": "english",
    "sentiment": "positive",
    "categories": [
        "Social Issue",
        "Politics"
    ],
    "topics": [
        "Social Issue->social services",
        "Social Issue->public housing",
        "Social Issue->communities",
        "Politics->government policy",
        "Politics->local government and authority"
    ],
    "ai_allow": true,
    "has_canonical": false,
    "breaking": false,
    "webz_reporter": false,
    "external_links": [],
    "external_images": [],
    "internal_images": [],
    "entities": {
        "persons": [],
        "locations": [
            {
                "name": "Toktonaliev Street",
                "sentiment": "none"
            },
            {
                "name": "Masaliev Avenue",
                "sentiment": "none"
            },
            {
                "name": "Duisheev Street",
                "sentiment": "none"
            },
            {
                "name": "Bishkek",
                "sentiment": "none"
            }
        ],
        "organizations": []
    },
    "syndication": {
        "syndicated": false,
        "syndicate_id": null,
        "first_syndicated": false
    },
    "trust": {
        "categories": [],
        "top_news": [],
        "bias": null,
        "source": {
            "type": null,
            "city": null,
            "state": null,
            "country": null,
            "domain_type": null,
            "agency": null,
            "organization_name": null
        }
    },
    "rating": null,
    "crawled": "2025-07-24T07:11:55.908+03:00",
    "updated": "2025-07-24T07:16:43.000+03:00"
}