{
    "thread": {
        "uuid": "0f81f6fbac145fec2b45cc5fdae0ec8bcabbcb32",
        "url": "https://www.freepressjournal.in/world/bharat-mata-ki-jai-indian-diaspora-in-london-gives-grand-welcome-to-pm-modi-on-historic-uk-visit-videos",
        "site_full": "www.freepressjournal.in",
        "site": "freepressjournal.in",
        "site_section": "https://www.freepressjournal.in/amp",
        "site_categories": [
            "media",
            "top_news_in",
            "top_news"
        ],
        "section_title": " Latest News, Breaking News, Today Headlines, India News, Mumbai News | Free Press Journal ",
        "site_title": "Latest News, Breaking News, Today Headlines, India News, Mumbai News | Free Press Journal",
        "title": "'Bharat Mata Ki Jai!': Indian Diaspora In London Gives Grand Welcome To PM Modi On Historic UK Visit (Videos)",
        "title_full": "'Bharat Mata Ki Jai!': Indian Diaspora In London Gives Grand Welcome To PM Modi On Historic UK Visit (Videos)",
        "published": "2025-07-24T06:37:00.000+03:00",
        "replies_count": 0,
        "participants_count": 1,
        "site_type": "news",
        "country": "IN",
        "main_image": "https://media.assettype.com/freepressjournal/2025-07-24/vcz7r7kc/Untitled-design-2025-07-24T090707.148.jpg",
        "performance_score": 0,
        "domain_rank": 9762,
        "domain_rank_updated": "2025-06-03T00:00:00.000+03:00",
        "licensing_agency": [],
        "social": {
            "facebook": {
                "likes": 0,
                "comments": 0,
                "shares": 0
            },
            "vk": {
                "shares": 0
            }
        }
    },
    "uuid": "0f81f6fbac145fec2b45cc5fdae0ec8bcabbcb32",
    "url": "https://www.freepressjournal.in/world/bharat-mata-ki-jai-indian-diaspora-in-london-gives-grand-welcome-to-pm-modi-on-historic-uk-visit-videos",
    "ord_in_thread": 0,
    "author": "IANS",
    "published": "2025-07-24T06:37:00.000+03:00",
    "title": "'Bharat Mata Ki Jai!': Indian Diaspora In London Gives Grand Welcome To PM Modi On Historic UK Visit (Videos)",
    "text": "London: The Indian community in London welcomed Prime Minister Narendra Modi with a grand reception as he arrived in UK on Wednesday evening for a historic two-day visit that centres around the signing of a Free Trade Agreement (FTA) and refresh of the India-UK Comprehensive Strategic Partnership.\nMembers of the Indian diaspora carried several posters welcoming PM Modi with chants of 'Modi, Modi', 'Bharat Mata Ki Jai' and 'Vande Mataram' and danced in traditional outfits as Prime Minister Modi arrived at his hotel in London.\nPM Modi's Tweet\n\"Touched by the warm welcome from the Indian community in the UK. Their affection and passion towards India’s progress is truly heartening,\" PM Modi wrote on social media platform X.\nPakistan PM Shehbaz Sharif Signals Willingness For Talks With India During Meet With UK Envoy\nEarlier, artists dressed in traditional outfits played dhol ahead of Prime Minister Narendra Modi's arrival in London.\nMembers Of Indian Diaspora On Meeting PM Modi In London\nSpeaking with enthusiasm and excitement on meeting PM Modi, a member of the Indian diaspora told IANS, \"We are so proud, and I am still in tears. You can see that my eyes are still filled with the happiness and joy he (PM Modi) brought while shaking our hands.\"\nChina REACTS As India Resumes Tourist Visas For Chinese Nationals After 5 Years, Effective July 24;...\nAnother member of the Indian diaspora while speaking to IANS said, \"I felt extremely happy meeting PM Modi for the first time and my entire day felt worthwhile. The initiatives PM Modi has taken for India such as digitisation, the recent success of Operation Sindoor etc. The whole credit for such initiatives goes to PM Modi and his Cabinet. The energy PM Modi carries wherever he goes people are crazy to meet him. I feel extremely proud whenever I return back home.\"\nAn Indian community member told IANS: \"The aura I witnessed was simply amazing. I never expected him to have such a powerful presence as he (PM Modi) looked like a saint to me. That is why people like PM Modi a lot.\nAnother member of the Indian diaspora told IANS, \"It felt really great, just like every time PM Modi comes, he always does something good here. He strengthens the UK-India bond and brings positivity. I have great hope this time as well as PM Modi will achieve something great for India.\"\nSingapore: Woman Dies Day After Publicly Accusing Indian Worker Of Faking Workplace Injury For...\nAnother Indian diaspora member said, \"He (Prime Minister Narendra Modi) is an amazing person, and I am so glad I met him today. I feel so inspired from PM Modi.\"\nAbout PM Modi's Visit To UK\nThe Prime Minister's visit to the UK, scheduled for July 23–24, comes at the invitation of British counterpart Keir Starmer and will be his fourth trip to the country.\nChinese Teenager Nearly Dies After Surviving On Vegetables & Laxatives To Fit Into Her Birthday...\nPM Modi's Tweet\n\"Leaving for the UK, a country with which our Comprehensive Strategic Partnership has achieved significant momentum in the last few years. I look forward to my talks with PM Keir Starmer and my meeting with His Majesty King Charles III,\" PM Modi said on X as he emplaned for the UK.\n\"During the visit, the two sides will also review the progress of the Comprehensive Strategic Partnership (CSP) with a specific focus on trade and economy, technology and innovation, defence and security, climate, health, education and people-to-people ties,\" the Ministry of External Affairs said in its press statement.\nThe discussions will also touch upon regional and global developments of mutual concern.\nThe visit is expected to inject new momentum into the India-UK Comprehensive Strategic Partnership (CSP), with both leaders aiming to review progress and chart new areas of cooperation, including India-UK Free Trade Agreement (FTA).\nPM Modi is also likely to call on King Charles III during his stay.\nThe Ministry of External Affairs said the visit builds on frequent high-level engagement between the two countries. PM Modi and his UK counterpart Starmer have already met twice -- in Brazil during the G20 Summit and again at the G7 in June 2025 -- and held multiple phone conversations.\n(Except for the headline, this article has not been edited by FPJ's editorial team and is auto-generated from an agency feed.)",
    "highlightText": "",
    "highlightTitle": "",
    "highlightThreadTitle": "",
    "language": "english",
    "sentiment": "positive",
    "categories": [
        "Politics",
        "Human Interest",
        "Social Issue"
    ],
    "topics": [
        "Politics->international relations",
        "Politics->political candidates",
        "Politics->political campaigns",
        "Human Interest->celebrity",
        "Social Issue->lgbtq",
        "Social Issue->diversity, equity and inclusion"
    ],
    "ai_allow": true,
    "has_canonical": false,
    "breaking": null,
    "webz_reporter": false,
    "external_links": [],
    "external_images": [],
    "internal_images": [],
    "entities": {
        "persons": [
            {
                "name": "Bharat Mata Ki Jai",
                "sentiment": "neutral"
            },
            {
                "name": "Narendra Modi",
                "sentiment": "neutral"
            }
        ],
        "locations": [],
        "organizations": [
            {
                "name": "IANS",
                "sentiment": "none",
                "tickers": [
                    {
                        "ticker": "IAN",
                        "exchange": "CNSX"
                    }
                ]
            }
        ]
    },
    "syndication": {
        "syndicated": false,
        "syndicate_id": null,
        "first_syndicated": false
    },
    "trust": {
        "categories": [],
        "top_news": [
            "top_news_in",
            "top_news"
        ],
        "bias": null,
        "source": {
            "type": null,
            "city": null,
            "state": null,
            "country": null,
            "domain_type": null,
            "agency": null,
            "organization_name": null
        }
    },
    "rating": null,
    "crawled": "2025-07-24T07:48:23.384+03:00",
    "updated": "2025-07-25T08:06:17.000+03:00"
}