{
    "thread": {
        "uuid": "8baa60d98123e9ac009d3c8953274db7f5477247",
        "url": "https://www.iclarified.com/97971/sonos-names-former-apple-ui-designer-tom-conrad-as-permanent-ceo",
        "site_full": "www.iclarified.com",
        "site": "iclarified.com",
        "site_section": "http://iclarified.com/rss/rss.xml",
        "site_categories": [
            "mac_support",
            "tech"
        ],
        "section_title": "iClarified - Apple News and Tutorials",
        "site_title": "iClarified - Apple News and Tutorials",
        "title": "Sonos Names Former Apple UI Designer Tom Conrad as Permanent CEO",
        "title_full": "Sonos Names Former Apple UI Designer Tom Conrad as Permanent CEO",
        "published": "2025-07-24T05:43:00.000+03:00",
        "replies_count": 0,
        "participants_count": 1,
        "site_type": "news",
        "country": "US",
        "main_image": "https://www.iclarified.com/images/news/97971/97971/97971-640.jpg",
        "performance_score": 0,
        "domain_rank": 27505,
        "domain_rank_updated": "2025-06-03T00:00:00.000+03:00",
        "licensing_agency": [],
        "social": {
            "facebook": {
                "likes": 0,
                "comments": 0,
                "shares": 0
            },
            "vk": {
                "shares": 0
            }
        }
    },
    "uuid": "8baa60d98123e9ac009d3c8953274db7f5477247",
    "url": "https://www.iclarified.com/97971/sonos-names-former-apple-ui-designer-tom-conrad-as-permanent-ceo",
    "ord_in_thread": 0,
    "author": "iClarified",
    "published": "2025-07-24T05:43:00.000+03:00",
    "title": "Sonos Names Former Apple UI Designer Tom Conrad as Permanent CEO",
    "text": "Sonos Names Former Apple UI Designer Tom Conrad as Permanent CEO\nPosted 1 hour ago by iClarified\nSonos has appointing interim CEO Tom Conrad as its permanent chief executive. Conrad had been leading the company since January, taking the helm during a period of significant transition for the smart speaker maker.\nThe appointment follows a comprehensive search after former CEO Patrick Spence\n\"Following a comprehensive and competitive search, the Board is confident that Tom is the best person to lead Sonos into its next chapter of delighting customers, spearheading innovation, and driving growth,\" said Julius Genachowski, Chair of the Board. \"Over the past six months, Tom has earned the confidence of our employees, customers, partners and shareholders by restoring urgency and a deep commitment to delivering ever-improving experiences.\"\nDuring his time as interim CEO, Conrad has already made significant moves, including the decision to\n\"Since the beginning of this year, we've reestablished clarity, focus, and momentum at Sonos. We've dramatically improved our software products and recommitted to delivering the kind of premium experience our customers expect,\" said Tom Conrad. \"The opportunity in front of us is enormous and I'm so excited to move from rebuilding to imagining the next generation of experiences: more immersive, more intelligent, and more seamlessly integrated into our customers' lives.\"\nConrad has served on the Sonos board since 2017 and has a long history in consumer tech, including time at Pandora, Snap, and even Apple, where he worked on the user interface for the Macintosh early in his career.\nThe appointment follows a comprehensive search after former CEO Patrick Spence\nstepped downearlier this year. Spence's departure came in the wake of a widely criticized new Sonos app launch that created months of turmoil for the company.\"Following a comprehensive and competitive search, the Board is confident that Tom is the best person to lead Sonos into its next chapter of delighting customers, spearheading innovation, and driving growth,\" said Julius Genachowski, Chair of the Board. \"Over the past six months, Tom has earned the confidence of our employees, customers, partners and shareholders by restoring urgency and a deep commitment to delivering ever-improving experiences.\"\nDuring his time as interim CEO, Conrad has already made significant moves, including the decision to\nabandon plans for a streaming video devicethat was aimed at competing with the Apple TV. The company notes his interim leadership has also set a new standard for software quality and cleared the path for a robust new product pipeline.\"Since the beginning of this year, we've reestablished clarity, focus, and momentum at Sonos. We've dramatically improved our software products and recommitted to delivering the kind of premium experience our customers expect,\" said Tom Conrad. \"The opportunity in front of us is enormous and I'm so excited to move from rebuilding to imagining the next generation of experiences: more immersive, more intelligent, and more seamlessly integrated into our customers' lives.\"\nConrad has served on the Sonos board since 2017 and has a long history in consumer tech, including time at Pandora, Snap, and even Apple, where he worked on the user interface for the Macintosh early in his career.",
    "highlightText": "",
    "highlightTitle": "",
    "highlightThreadTitle": "",
    "language": "english",
    "sentiment": "positive",
    "categories": [
        "Economy, Business and Finance",
        "Politics",
        "Social Issue"
    ],
    "topics": [
        "Economy, Business and Finance->corporate news and profiles",
        "Economy, Business and Finance->computing and information technology",
        "Economy, Business and Finance->business information",
        "Politics->regulation of industry",
        "Politics->executive (government)",
        "Social Issue->social networking",
        "Social Issue->demographics",
        "Social Issue->adults"
    ],
    "ai_allow": true,
    "has_canonical": false,
    "breaking": null,
    "webz_reporter": false,
    "external_links": [],
    "external_images": [],
    "internal_images": [],
    "entities": {
        "persons": [
            {
                "name": "Tom Conrad",
                "sentiment": "negative"
            },
            {
                "name": "Julius Genachowski",
                "sentiment": "none"
            }
        ],
        "locations": [],
        "organizations": []
    },
    "syndication": {
        "syndicated": false,
        "syndicate_id": null,
        "first_syndicated": false
    },
    "trust": {
        "categories": [],
        "top_news": [],
        "bias": null,
        "source": {
            "type": null,
            "city": null,
            "state": null,
            "country": null,
            "domain_type": null,
            "agency": null,
            "organization_name": null
        }
    },
    "rating": null,
    "crawled": "2025-07-24T07:14:24.162+03:00",
    "updated": "2025-07-24T07:17:57.000+03:00"
}