{
    "thread": {
        "uuid": "a1e83c2b89b6e47e0921a88c8115fc547a532585",
        "url": "https://thedesk.net/2025/07/wbd-sasha-breslau-hbo-max-itv",
        "site_full": "thedesk.net",
        "site": "thedesk.net",
        "site_section": "https://www.thedesk.net",
        "site_categories": [],
        "section_title": "TheDesk.net: Business news on broadcasting, streaming, media",
        "site_title": "The Desk: News on TV, Radio, Streaming Video, Tech and Media",
        "title": "WBD hires Sasha Breslau from ITV ahead of HBO Max rollout in U.K.",
        "title_full": "WBD hires Sasha Breslau from ITV ahead of HBO Max rollout in U.K.",
        "published": "2025-07-24T04:31:00.000+03:00",
        "replies_count": 0,
        "participants_count": 1,
        "site_type": "news",
        "country": "US",
        "main_image": "",
        "performance_score": 0,
        "domain_rank": 75523,
        "domain_rank_updated": "2025-06-03T00:00:00.000+03:00",
        "licensing_agency": [],
        "social": {
            "facebook": {
                "likes": 0,
                "comments": 0,
                "shares": 0
            },
            "vk": {
                "shares": 0
            }
        }
    },
    "uuid": "a1e83c2b89b6e47e0921a88c8115fc547a532585",
    "url": "https://thedesk.net/2025/07/wbd-sasha-breslau-hbo-max-itv",
    "ord_in_thread": 0,
    "author": "Matthew Keys",
    "published": "2025-07-24T04:31:00.000+03:00",
    "title": "WBD hires Sasha Breslau from ITV ahead of HBO Max rollout in U.K.",
    "text": "Sasha Breslau. (Courtesy photo) Warner Bros Discovery (WBD) has poached a top executive from public service broadcaster ITV as the company readies the debut of its flagship streaming service in the United Kingdom.\nSasha Breslau is joining WBD as its Vice President of Content Acquisitions in October, where she will oversee sourcing, rights negotiations and pre-buy opportunities while also contributing to strategic programming decisions in the United Kingdom.\nIn a statement released this week, WBD called the U.K. “one of [our] most-important international markets.” WBD operates numerous linear TV networks in the country, including TNT Sports (formerly BT Sport), CNN International, DMAX and Quest, along with regional variants of Animal Planet, the Discovery Channel, Food Network, HGTV, Cartoon Network, Boomerang and TLC.\nMost of WBD’s streaming efforts have been concentrated within Discovery Plus, an app that includes live access to some of its cable networks and live sports from TNT Sports and Eurosport. HBO content is licensed to Comcast’s Sky Group, where it airs on Sky Atlantic and streams on related services.\nWBD has expressed a strong interest in launching its flagship HBO Max app in the country, but has delayed the rollout of the app due to its agreements with Comcast, which expires at the end of the year .\nBreslau is an accomplished executive that achieved numerous milestones during her time at ITV: She oversaw programming-related agreements for the broadcaster’s streaming platform ITVX and was instrumental in acquiring the broadcast and streaming rights to “Oprah with Meghan and Harry,” which drew ITV’s highest ratings since the 2018 FIFA Men’s World Cup soccer tournament.\nThe opportunity to work with WBD on the rollout of HBO Max was too good to pass up.\n“HBO’s unparalleled series influenced my early decision to embark on a career in television, so the opportunity to join HBO Max as it launches here is irresistible,” Breslau said in a statement.\nBreslau will report to Ragnhild Thorbech, the Senior Vice President of Programming and Acquisitions within WBD’s European, Middle Eastern and African businesses.\n“I’m thrilled to be working alongside Ragnhild and her talented team, and I look forward to collaborating with new and established partners to build on HBO Max’s streaming success,” Breslau continued.\nITV is already searching for Breslau’s successor.",
    "highlightText": "",
    "highlightTitle": "",
    "highlightThreadTitle": "",
    "language": "english",
    "sentiment": "positive",
    "categories": [
        "Economy, Business and Finance",
        "Politics",
        "Social Issue"
    ],
    "topics": [
        "Economy, Business and Finance->media and entertainment industry",
        "Economy, Business and Finance->corporate news and profiles",
        "Economy, Business and Finance->business governance",
        "Politics->government",
        "Politics->executive (government)",
        "Politics->freedom of the press",
        "Social Issue->social condition",
        "Social Issue->social services"
    ],
    "ai_allow": true,
    "has_canonical": false,
    "breaking": null,
    "webz_reporter": false,
    "external_links": [],
    "external_images": [],
    "internal_images": [],
    "entities": {
        "persons": [
            {
                "name": "Sasha Breslau",
                "sentiment": "negative"
            }
        ],
        "locations": [
            {
                "name": "U.K.",
                "sentiment": "none"
            }
        ],
        "organizations": [
            {
                "name": "Warner Bros Discovery",
                "sentiment": "negative",
                "tickers": []
            },
            {
                "name": "Cartoon Network",
                "sentiment": "none",
                "tickers": []
            },
            {
                "name": "Food Network",
                "sentiment": "none",
                "tickers": []
            },
            {
                "name": "DMAX",
                "sentiment": "none",
                "tickers": []
            },
            {
                "name": "HGTV",
                "sentiment": "none",
                "tickers": []
            },
            {
                "name": "HBO",
                "sentiment": "none",
                "tickers": []
            },
            {
                "name": "food network",
                "sentiment": "none",
                "tickers": [
                    {
                        "ticker": null,
                        "exchange": null
                    }
                ]
            },
            {
                "name": "hgtv",
                "sentiment": "none",
                "tickers": [
                    {
                        "ticker": null,
                        "exchange": null
                    }
                ]
            },
            {
                "name": "hbo",
                "sentiment": "none",
                "tickers": [
                    {
                        "ticker": null,
                        "exchange": null
                    }
                ]
            }
        ]
    },
    "syndication": {
        "syndicated": false,
        "syndicate_id": null,
        "first_syndicated": false
    },
    "trust": {
        "categories": [],
        "top_news": [],
        "bias": null,
        "source": {
            "type": null,
            "city": null,
            "state": null,
            "country": null,
            "domain_type": null,
            "agency": null,
            "organization_name": null
        }
    },
    "rating": null,
    "crawled": "2025-07-24T07:52:59.057+03:00",
    "updated": "2025-07-24T07:59:51.000+03:00"
}