{
    "thread": {
        "uuid": "3ba12abed00449ad424d446674fedb63d6f92d8c",
        "url": "https://www.azfamily.com/2024/11/23/hobbs-praises-transportation-funding-new-arizona-freeway-details-released",
        "site_full": "www.azfamily.com",
        "site": "azfamily.com",
        "site_section": "https://www.azfamily.com",
        "site_categories": [
            "under_construction"
        ],
        "section_title": "AZFamily | 3TV &amp; CBS 5 News | Phoenix, Arizona",
        "title": "Hobbs praises transportation funding; new Arizona freeway details released",
        "title_full": "Hobbs praises transportation funding; new Arizona freeway details released",
        "published": "2024-11-23T02:28:00.000+02:00",
        "replies_count": 0,
        "participants_count": 1,
        "site_type": "news",
        "country": "US",
        "main_image": "https://gray-kpho-prod.gtv-cdn.com/resizer/v2/JSR3PJDRZJHSLGQMHPACM5QUG4.png?auth=5c6f04ca86a2b5afb1263d51e46f18bc0ef317963c127253087a6c614a5b8952&amp;width=1200&amp;height=600&amp;smart=true",
        "performance_score": 0,
        "domain_rank": 5647,
        "domain_rank_updated": "2024-11-18T23:00:00.000+02:00",
        "social": {
            "facebook": {
                "likes": 0,
                "comments": 0,
                "shares": 0
            },
            "vk": {
                "shares": 0
            }
        }
    },
    "uuid": "3ba12abed00449ad424d446674fedb63d6f92d8c",
    "url": "https://www.azfamily.com/2024/11/23/hobbs-praises-transportation-funding-new-arizona-freeway-details-released",
    "ord_in_thread": 0,
    "parent_url": null,
    "author": "@azfamily",
    "published": "2024-11-23T02:28:00.000+02:00",
    "title": "Hobbs praises transportation funding; new Arizona freeway details released",
    "text": "Hobbs praises transportation funding; new Arizona freeway details released\nPHOENIX (AZFamily) — The Southwest Valley is getting a brand new freeway: state Route 30 between the Loop 202 and 303 freeways will offer drivers an alternate route to the Interstate 10.\nIt’s just one of the new roadway projects coming our way thanks to Maricopa County voters who approved [Proposition 479](https://azmag.gov/prop479), a sales tax for transportation funding.\nMore than 4.5 million people call the county home, and as the population grows, so does the need for Arizona’s transportation infrastructure to keep up.\n“It’s good for business. It’s good for workers. It’s good for everyone who lives, works, and recreates in Maricopa County,” said Gov. Katie Hobbs.\nOn Friday, Hobbs and other leaders celebrated Prop 479.\nVoters approved it by nearly 60%, continuing a half-cent sales tax that has been funding transportation projects in the county since 1985.\n“Every entity, every city benefited. It wasn’t just Phoenix-centric, East Valley, or West Valley. We made sure the value and benefit to every one of us,” said [Chandler Mayor Kevin Hartke](https://www.chandleraz.gov/government/mayor-and-council). He is also part of the [Maricopa Association of Governments](https://azmag.gov/).\nProp 479 will pay for hundreds of new highway and HOV lane miles, 1,000 new or improved arterial lane miles, and nearly 30 miles of bus lines.\nTransportation experts say all of that should help keep the Valley’s average commute to 30 minutes all the way to the year 2050.\n“And we’re getting all of this without raising taxes,” said Gov. Hobbs.\nBut it was a bumpy road to get here.\nIn 2022, former Gov. Doug Ducey [vetoed a bill that would have put the extension](https://www.azfamily.com/2022/07/07/gov-doug-ducey-signs-47-bills-vetoes-3-deadline-action-looms/) of this sales tax on the ballot sooner.\nSupporters say if it didn’t pass this November, the consequences would have been dire.\n“It’s never going to be enough to make it perfect, but without it, this would have been a complete and total unmitigated disaster,” said Greg Vogel, the[ CEO of Land Advisors Organization ](https://landadvisors.com/wp-content/uploads/2018/12/Vogel-2018.pdf).\n“We would have been in a world of hurt and hurt means congestion, a whole variety of things that impact the economy,” said Martin Shultz, a Proposition 479 supporter.\nHobbs said these roadway projects could boost the local economy by as much as $15 billion and bring new business to the Valley.\nSee a spelling or grammatical error in our story? [Please click here to report it](https://www.azfamily.com/page/send-us-your-feedback/).\nDo you have a photo or video of a breaking news story? Send [it to us here](https://www.azfamily.com/community/user-content) with a brief description.\nCopyright 2024 KTVK/KPHO. All rights reserved.",
    "highlightText": "",
    "highlightTitle": "",
    "highlightThreadTitle": "",
    "language": "english",
    "sentiment": "positive",
    "categories": [
        "Politics",
        "Social Issue",
        "Human Interest"
    ],
    "ai_allow": true,
    "canonical": false,
    "webz_reporter": false,
    "external_links": [
        "https://azmag.gov/",
        "https://azmag.gov/prop479",
        "https://www.chandleraz.gov/government/mayor-and-council",
        "https://landadvisors.com/wp-content/uploads/2018/12/Vogel-2018.pdf",
        "https://www.azmag.gov/prop479",
        "https://www.landadvisors.com/wp-content/uploads/2018/12/Vogel-2018.pdf",
        "https://www.azmag.gov/",
        "https://azmag.gov",
        "https://chandleraz.gov/government/mayor-and-council"
    ],
    "external_images": [],
    "entities": {
        "persons": [],
        "organizations": [],
        "locations": []
    },
    "syndication": {
        "syndicated": false,
        "syndicate_id": null,
        "first_syndicated": false
    },
    "rating": null,
    "crawled": "2024-11-23T02:53:13.239+02:00",
    "updated": "2024-11-28T03:42:17.866+02:00"
}