{
    "thread": {
        "uuid": "5c3645d51034e19926894db34194b270cde84887",
        "url": "https://news.bgov.com/international-trade/china-factory-activity-worsens-as-exports-show-signs-of-slowing",
        "site_full": "news.bgov.com",
        "site": "bgov.com",
        "site_section": "https://news.bgov.com/international-trade",
        "site_categories": [],
        "section_title": "International Trade News",
        "site_title": null,
        "title": "China Factory Activity Unexpectedly Worsens as Trade Wobbles (3)",
        "title_full": "China Factory Activity Unexpectedly Worsens as Trade Wobbles (3)",
        "published": "2025-07-31T05:58:00.000+03:00",
        "replies_count": 0,
        "participants_count": 1,
        "site_type": "news",
        "country": "US",
        "main_image": "https://news-cdn.bindg.com/indg/assets/news/images/Fallback-image.webp",
        "performance_score": 0,
        "domain_rank": 22769,
        "domain_rank_updated": "2025-06-03T00:00:00.000+03:00",
        "licensing_agency": [],
        "social": {
            "facebook": {
                "likes": 0,
                "comments": 0,
                "shares": 0
            },
            "vk": {
                "shares": 0
            }
        }
    },
    "uuid": "5c3645d51034e19926894db34194b270cde84887",
    "url": "https://news.bgov.com/international-trade/china-factory-activity-worsens-as-exports-show-signs-of-slowing",
    "ord_in_thread": 0,
    "author": "Bloomberg News",
    "published": "2025-07-31T05:58:00.000+03:00",
    "title": "China Factory Activity Unexpectedly Worsens as Trade Wobbles (3)",
    "text": "China’s factory activity unexpectedly deteriorated in July to a three-month low despite a tariff truce with the US, as early\nThe official manufacturing purchasing managers’ index was 49.3 after 49.7 in\nThe CSI 300 Index, a benchmark for onshore shares,",
    "highlightText": "",
    "highlightTitle": "",
    "highlightThreadTitle": "",
    "language": "english",
    "sentiment": "negative",
    "categories": [
        "Economy, Business and Finance",
        "Politics"
    ],
    "topics": [
        "Economy, Business and Finance->business reporting and performance",
        "Economy, Business and Finance->economy",
        "Economy, Business and Finance->financial and economic news",
        "Politics->international relations",
        "Politics->economic policy"
    ],
    "ai_allow": true,
    "has_canonical": true,
    "breaking": null,
    "webz_reporter": false,
    "external_links": [],
    "external_images": [],
    "internal_images": [],
    "entities": {
        "persons": [],
        "locations": [],
        "organizations": []
    },
    "syndication": {
        "syndicated": false,
        "syndicate_id": null,
        "first_syndicated": false
    },
    "trust": {
        "categories": [],
        "top_news": [],
        "bias": null,
        "source": {
            "type": null,
            "city": null,
            "state": null,
            "country": null,
            "domain_type": null,
            "agency": null,
            "organization_name": null
        }
    },
    "rating": null,
    "crawled": "2025-07-31T07:26:59.675+03:00",
    "updated": "2025-07-31T07:28:46.000+03:00"
}