{
    "thread": {
        "uuid": "7ab49af397a106d27db468e89f8feb1de43cb0a7",
        "url": "https://www.asiaone.com/world/uk-tries-tackle-youth-knife-crime-crisis",
        "site_full": "www.asiaone.com",
        "site": "asiaone.com",
        "site_section": "https://asiaone.com",
        "site_categories": [
            "media",
            "top_news_sg",
            "top_news_my",
            "top_news"
        ],
        "section_title": "AsiaOne, Asia&#x27;s Leading News Portal, Get Latest News at AsiaOne",
        "site_title": "AsiaOne, Asia&#x27;s Leading News Portal, Get Latest News at AsiaOne",
        "title": "UK tries to tackle youth knife crime crisis, World News - AsiaOne",
        "title_full": "UK tries to tackle youth knife crime crisis, World News - AsiaOne",
        "published": "2025-07-31T05:19:00.000+03:00",
        "replies_count": 0,
        "participants_count": 0,
        "site_type": "news",
        "country": "SG",
        "main_image": "https://media.asiaone.com/sites/default/files/styles/article_top_image/public/original_images/Jul2025/0731_knife%20london.jpg?itok=voBPL59c",
        "performance_score": 0,
        "domain_rank": 4466,
        "domain_rank_updated": "2025-06-03T00:00:00.000+03:00",
        "licensing_agency": [],
        "social": {
            "facebook": {
                "likes": 0,
                "comments": 0,
                "shares": 0
            },
            "vk": {
                "shares": 0
            }
        }
    },
    "uuid": "7ab49af397a106d27db468e89f8feb1de43cb0a7",
    "url": "https://www.asiaone.com/world/uk-tries-tackle-youth-knife-crime-crisis",
    "ord_in_thread": 0,
    "author": null,
    "published": "2025-07-31T05:19:00.000+03:00",
    "title": "UK tries to tackle youth knife crime crisis, World News - AsiaOne",
    "text": "HINDHEAD, England — A year after one of Britain's most harrowing knife attacks, the government is urging young people to drop off bladed weapons at \"amnesty\" bins or mobile vans in a month-long campaign — part of efforts to control knife-related violence, particularly when it involves youths.\nOn July 29, 2024, teenager Axel Rudakubana, who was obsessed with violence and genocide, attacked a Taylor Swift-themed children's dance event in the northern English town of Southport, killing three girls and stabbing 10 other people.\nSince then, Prime Minister Keir Starmer's Labour government has pledged tougher age checks for knife buyers, warned social media firms they could face fines for failing to curb sales and promotion of weapons, and banned zombie-style knives and ninja swords.\nStarmer launched a coalition in September last year aimed at tackling youth knife crime. Actor and anti-knife campaigner Idris Elba joined the conversation at a meeting this month, alongside King Charles.\nCharities and experts interviewed by Reuters call the government's efforts a step forward but say they largely fail to address the root causes. Some charities involved in classes and workshops aimed at young people are urging the government to make such education part of the national curriculum.\nOverall, knife crime in England and Wales has risen 87 per cent over the past decade, with 54,587 offences last year alone, a two per cent rise from 2023 and among the highest rates in Europe, figures from Britain's interior ministry show.\nIt did not provide a breakdown of knife crime offences by age group. But data from the justice ministry showed that in the year to March 2024 there were just over 3,200 knife or offencive weapon offences committed by children (aged 10-17) resulting in a caution or sentence.\nOf the 262 people killed with a knife or sharp object in the 12 months to March 2024, 57 were under 25. Kitchen knives were the most commonly used weapons.\nA public enquiry into the Southport murders that opened this month will begin by looking into the specifics of Rudakubana's case before a second phase examines the wider issue of children being drawn into violence, an increasing concern for British authorities.\nAmanda Marlow, from the youth charity Safety Centre, which runs knife crime awareness workshops in schools, says young people carry knives for a range of reasons. These include seeing it as a \"quick fix\" to make money when growing up in poverty, trying to gain status among peers, or being drawn into the wrong crowd, such as gangs, where they are often exploited.\nSome police forces have launched dedicated knife crime units. In the West Midlands, one of the country's worst-hit areas, the Guardian Taskforce focuses on reducing knife crime among under-25s.\nIn June alone, officers patrolled for over 3,000 hours, carried out 366 stop-and-searches, and seized 57 knives or offenive weapons. \"Every knife seized is a life saved,\" Inspector Kate Jeffries of the taskforce said in a statement.\nAfter surviving the Southport stabbings, Leanne Lucas launched the \"Let's Be Blunt\" campaign, calling for safer, rounded-tip kitchen knives instead of pointed ones.\nPoverty and mental health Jade Levell, a researcher at the University of Bristol who studies masculinity, vulnerability and violence, said anti-knife crime efforts should focus on early intervention, such as mental health care, rather than short-term fixes like amnesty bins.\n\"Some boys see their only option is to be afraid or to make others afraid of them,\" Levell said, referring to those growing up with violence, poverty or discrimination.\nSome 4.5 million children are growing up in poverty in the UK, according to charities. In 2023, about 1 in 5 children and young people aged 8 to 25 years had a probable mental disorder, according to the National Health Service.\nThe government announced funding this month for hubs offering mental health and career support for young people at risk of gang involvement, violence or knife crime. The scheme, focused on high-risk areas, is starting with eight such centres and aims to have 50 open in the next four years.\nEducating young people The violent death of his son two years ago prompted Martin Cosser to found a charity dedicated to educating young people about knife crime, one of several such initiatives around the country.\nCharlie's Promise, named after 17-year-old Charlie who was stabbed multiple times in the chest by another teenager at a packed end-of-term party, has spoken to 41,000 young people in schools and elsewhere.\n\"Nothing brings my little boy home,\" said Cosser, adding that far more must be done to stop the knife crime crisis spiralling out of control. \"We need to understand the emotional drivers behind why people pick up knives.\"\nCharity Safety Centre delivers workshops in schools, specifically designed for children aged 9 to 12. At a recent session in a school in the southern English town of Milton Keynes, staff from the charity explained what knife crime is and the dangers it poses, encouraging active participation through questions and games.\nSafety Centre and Charlie's Promise are among several groups calling for such education to become a mandatory part of the national school curriculum.\nAmani Simpson, who survived being stabbed in 2011 and now shares his story as a youth coach, believes societal pressures and some forms of entertainment such as violent video games also play a role in spawning knife crime.\n\"Young people feel displaced and disengaged... those things need to be uprooted,\" Simpson said after a talk at TCES North West London, a special education school, emphasising the importance of helping them believe in their own potential so they make better choices.\n\"Hope for me is the missing piece,\" he said.\nSINGAPORE HELPLINES Samaritans of Singapore: 1800-221-4444 Singapore Association for Mental Health: 1800-283-7019 Care Corner Counselling Centre (Mandarin): 1800-353-5800 Institute of Mental Health's national mindline: 1771 (24 hours) / 6669-1771 (via WhatsApp) Silver Ribbon: 6386-1928 Shan You Counselling Centre (Mandarin): 6741-0078 Fei Yue's Online Counselling Service: www.eC2.sg Tinkle Friend (for primary school children): 1800-2744-788 [[nid:717207]]",
    "highlightText": "",
    "highlightTitle": "",
    "highlightThreadTitle": "",
    "language": "english",
    "sentiment": "negative",
    "categories": [
        "Crime, Law and Justice",
        "Politics",
        "Social Issue"
    ],
    "topics": [
        "Crime, Law and Justice->investigation (criminal)",
        "Crime, Law and Justice->crime",
        "Politics->safety of citizens",
        "Politics->government",
        "Social Issue->juvenile delinquency"
    ],
    "ai_allow": true,
    "has_canonical": false,
    "breaking": null,
    "webz_reporter": false,
    "external_links": [],
    "external_images": [],
    "internal_images": [],
    "entities": {
        "persons": [
            {
                "name": "Axel Rudakubana",
                "sentiment": "none"
            },
            {
                "name": "Keir Starmer",
                "sentiment": "none"
            },
            {
                "name": "Idris Elba",
                "sentiment": "none"
            },
            {
                "name": "Charles",
                "sentiment": "none"
            }
        ],
        "locations": [],
        "organizations": [
            {
                "name": "Reuters",
                "sentiment": "none",
                "tickers": [
                    {
                        "ticker": "TRI",
                        "exchange": "NASDAQ"
                    }
                ]
            }
        ]
    },
    "syndication": {
        "syndicated": false,
        "syndicate_id": null,
        "first_syndicated": false
    },
    "trust": {
        "categories": [],
        "top_news": [
            "top_news_sg",
            "top_news_my",
            "top_news"
        ],
        "bias": null,
        "source": {
            "type": null,
            "city": null,
            "state": null,
            "country": null,
            "domain_type": null,
            "agency": null,
            "organization_name": null
        }
    },
    "rating": null,
    "crawled": "2025-07-31T07:04:22.692+03:00",
    "updated": "2025-07-31T07:08:41.000+03:00"
}