{
    "thread": {
        "uuid": "9f99396966eb7f27d3db7efc49c32c50a53d8521",
        "url": "https://www.businesstoday.in/markets/stocks/story/trumps-25-tariff-could-be-temporary-whats-the-best-case-outcome-nomura-explains-487139-2025-07-31",
        "site_full": "www.businesstoday.in",
        "site": "businesstoday.in",
        "site_section": "https://news.google.com/search?q=be%20when%3A1h&hl=en-US&gl=US&ceid=US%3Aen",
        "site_categories": [
            "media",
            "financial_news",
            "finance"
        ],
        "section_title": "Google News - Search",
        "site_title": "Business News India: Latest Business News Today, Share Market, Economy",
        "title": "'Trump's 25% tariff could be temporary': What's the best case outcome? Nomura explains - BusinessToday",
        "title_full": "'Trump's 25% tariff could be temporary': What's the best case outcome? Nomura explains - BusinessToday",
        "published": "2025-07-31T06:10:00.000+03:00",
        "replies_count": 0,
        "participants_count": 1,
        "site_type": "news",
        "country": "IN",
        "main_image": "https://akm-img-a-in.tosshub.com/businesstoday/images/story/202507/688ade398eef2-the-us-india-negotiations-will-take-time-and-very-importantly--are-still-ongoing-the-us-trade-deleg-310835670-16x9.png",
        "performance_score": 0,
        "domain_rank": 3845,
        "domain_rank_updated": "2025-06-03T00:00:00.000+03:00",
        "licensing_agency": [],
        "social": {
            "facebook": {
                "likes": 0,
                "comments": 0,
                "shares": 0
            },
            "vk": {
                "shares": 0
            }
        }
    },
    "uuid": "9f99396966eb7f27d3db7efc49c32c50a53d8521",
    "url": "https://www.businesstoday.in/markets/stocks/story/trumps-25-tariff-could-be-temporary-whats-the-best-case-outcome-nomura-explains-487139-2025-07-31",
    "ord_in_thread": 0,
    "author": "@business_today",
    "published": "2025-07-31T06:10:00.000+03:00",
    "title": "'Trump's 25% tariff could be temporary': What's the best case outcome? Nomura explains - BusinessToday",
    "text": "The US President Donald Trump's 25 per cent tariff against Indian imports from August 1, with an unspecified 'additional penalty' for India’s energy and military purchases from Russia, is likely to bring uncertainty to the stock market.\nForeign brokerage Nomura said it sees the effective tariff rate at 20 per cent, taking into account the sectoral exemptions. This brokerage believes that the announced reciprocal tariff rate of 25 per cent may be temporary, and might settle lower, as negotiations will continue after August 1.\nThe best-case outcome would still be tariffs in the 15-20 per cent range, which is disappointing, considering India’s more advanced stage of negotiations, it said.\n\"With Vietnam’s tariffs set at 20 per cent, India’s tariffs of 25 per cent or even a 15 per cent tariff (in the best case scenario), may not lead to any major trade diversion opportunities in the near term. Over the medium-term though, we still expect India to remain a beneficiary of the China plus one strategy, as diversification is a bigger driver of this trend,\" it said.\nNomura said sectors under ongoing Section 232 investigation such as pharmaceuticals, semiconductors & electronics are currently exempt from reciprocal tariffs, while existing Section 232 tariffs will apply on steel & aluminum (50 per cent) and autos – finished and parts (25 per cent).\nUnlike other countries, India is in the process of securing a detailed trade deal with the US. Most of the other countries have secured very rough-cut deals, with some agreements largely verbal.\n\"Indian government sources had previously suggested that an 'interim' deal was meant to be part of a more comprehensive trade deal that would take until end-2025 to agree upon. We believe that India has undertaken a more sensible approach - one that prioritises detailed evaluation of any trade deal instead of agreeing on a hurried deal based on a tight deadline,\" Nomura said.\nThese negotiations will take time and very importantly, are still ongoing. The US trade delegation is set to visit India at end-August as part of this process.\n\"Hence, the elevated tariffs announced by the US are unlikely to be permanent, in our view, although the best-case outcome would be tariffs in the 15-20 per cent range,\" it said.\nOver the medium-term, Nomura sees India to be a beneficiary of the China plus one strategy. A broader supply chain reorientation to India was already underway long before there was clarity on the trade deal with the US, suggesting that this trend is largely unaffected by the final verdict on tariffs, Nomura said.\n\"Anecdotal evidence so far suggests most MNC interest is in low- and mid-tech manufacturing sectors including electronics (smartphones, PCs, components, semiconductor assembly and testing), textiles (cotton garments, knitwear) and toys (India: An emerging winner from China+1, 30 April 2025). Investment in the auto sector mainly reflects foreign firms pivoting to India to tap into the growing domestic EV market, while Indian exporters see an opportunity in solar cells,\" Nomura said.\nThis, it said, is primarily a reflection of Trump’s higher tariffs on China, the US goal of a strategic decoupling from China, MNC focus to diversify supply chains and the government’s initiative to incentivise manufacturing.\n\"We do not expect the latest tariff imposition to materially derail this trend, and we still expect India to remain a beneficiary of the supply chain shifts,\" it said.",
    "highlightText": "",
    "highlightTitle": "",
    "highlightThreadTitle": "",
    "language": "english",
    "sentiment": "negative",
    "categories": [
        "Economy, Business and Finance",
        "Politics"
    ],
    "topics": [
        "Economy, Business and Finance->investment and opinion pieces",
        "Economy, Business and Finance->business governance",
        "Economy, Business and Finance->financial and economic news",
        "Politics->economic policy",
        "Politics->international relations"
    ],
    "ai_allow": true,
    "has_canonical": false,
    "breaking": null,
    "webz_reporter": false,
    "external_links": [],
    "external_images": [],
    "internal_images": [],
    "entities": {
        "persons": [
            {
                "name": "Donald Trump",
                "sentiment": "negative"
            }
        ],
        "locations": [],
        "organizations": [
            {
                "name": "Nomura",
                "sentiment": "neutral",
                "tickers": []
            }
        ]
    },
    "syndication": {
        "syndicated": false,
        "syndicate_id": null,
        "first_syndicated": false
    },
    "trust": {
        "categories": [],
        "top_news": [],
        "bias": null,
        "source": {
            "type": null,
            "city": null,
            "state": null,
            "country": null,
            "domain_type": null,
            "agency": null,
            "organization_name": null
        }
    },
    "rating": null,
    "crawled": "2025-07-31T07:16:12.091+03:00",
    "updated": "2025-07-31T07:20:09.000+03:00"
}