{
    "thread": {
        "uuid": "4846b3d8f9331d318eb46e7765f1661b87c4ae15",
        "url": "https://www.thegatewaypundit.com/2025/07/cnbc-hosts-ridicule-elizabeth-warrens-fearmongering-trump-economy/",
        "site_full": "www.thegatewaypundit.com",
        "site": "thegatewaypundit.com",
        "site_section": "https://www.thegatewaypundit.com/feed",
        "site_categories": [
            "social",
            "top_news_us",
            "top_news"
        ],
        "section_title": "The Gateway Pundit",
        "site_title": "The Gateway Pundit",
        "title": "CNBC Hosts Ridicule Elizabeth Warren's Fearmongering Over the Trump Economy (VIDEO) | The Gateway Pundit | by Mike LaChance",
        "title_full": "CNBC Hosts Ridicule Elizabeth Warren's Fearmongering Over the Trump Economy (VIDEO) | The Gateway Pundit | by Mike LaChance",
        "published": "2025-07-31T06:00:00.000+03:00",
        "replies_count": 0,
        "participants_count": 1,
        "site_type": "news",
        "country": "US",
        "main_image": "https://www.thegatewaypundit.com/wp-content/uploads/2024/12/elizabeth-warren-healthcare-ceo-1200x630.jpg",
        "performance_score": 6,
        "domain_rank": 6353,
        "domain_rank_updated": "2025-06-03T00:00:00.000+03:00",
        "licensing_agency": [],
        "social": {
            "facebook": {
                "likes": 178,
                "comments": 7,
                "shares": 99
            },
            "vk": {
                "shares": 0
            }
        }
    },
    "uuid": "4846b3d8f9331d318eb46e7765f1661b87c4ae15",
    "url": "https://www.thegatewaypundit.com/2025/07/cnbc-hosts-ridicule-elizabeth-warrens-fearmongering-trump-economy/",
    "ord_in_thread": 0,
    "author": "Mike LaChance",
    "published": "2025-07-31T06:00:00.000+03:00",
    "title": "CNBC Hosts Ridicule Elizabeth Warren's Fearmongering Over the Trump Economy (VIDEO) | The Gateway Pundit | by Mike LaChance",
    "text": "Senator Elizabeth Warren of Massachusetts has been running around shrieking about Trump’s economy since the day after the election. She wants people to be terrified and it’s all about politics, of course. Even as Trump is racking up win after win on economic issues, Warren continues freaking out in an effort to make people afraid. Over on CNBC, a couple of the hosts talked about this and singled out Warren for her foolishness. From the Daily Mail, via MSN: CNBC anchors Rick Santelli and Joe Kernen were quick to slam Democratic Senator Elizabeth Warren on a recent broadcast of Squawk Box for her grim economic predictions as the stock market rises. Kernen presented statistics demonstrating a strong gross domestic product reading for the second quarter and accused Democrats of partisanship on economic statistics. He argued that people on the left and those who dislike President Donald Trump refuse to acknowledge positive economic trends. ‘Senator Elizabeth Warren will come on and say “Inflation is out of control, and the economy is getting killed by what’s happening by these tariffs,’ Kernen said. He added that inflation has been below 3 percent and the stock market was hitting new highs, refuting Warren’s stance that the economy is in turmoil. Santelli said that there was an ‘important lesson’ in Kernen’s argument, joking that you shouldn’t pick a Congress member to be your money manager. See the video below: \"The left, the people who don't like the president, don't want things to work. Senator Elizabeth Warren will come on and say, 'Inflation is OUT OF… pic.twitter.com/hz79jZZ9m7 — Eric Daugherty (@EricLDaugh) July 30, 2025 People are getting tired of the antics of the left. Their fearmongering rhetoric doesn’t match with reality and everyone can see it.",
    "highlightText": "",
    "highlightTitle": "",
    "highlightThreadTitle": "",
    "language": "english",
    "sentiment": "negative",
    "categories": [
        "Politics",
        "Economy, Business and Finance",
        "Social Issue"
    ],
    "topics": [
        "Politics->political campaigns",
        "Politics->national elections",
        "Politics->political candidates",
        "Economy, Business and Finance->business governance",
        "Economy, Business and Finance->corporate news and profiles",
        "Economy, Business and Finance->financial and economic news",
        "Social Issue->social condition",
        "Social Issue->demographics"
    ],
    "ai_allow": true,
    "has_canonical": false,
    "breaking": null,
    "webz_reporter": false,
    "external_links": [
        "https://twitter.com/EricLDaugh/status/1950544074311688203?ref_src=twsrc%5Etfw",
        "https://www.msn.com/en-gb/money/other/elizabeth-warren-roasted-on-cnbc-over-apocalyptic-economic-warnings-in-face-of-surging-markets/ar-AA1JB7lL?ocid=finance-verthp-feeds",
        "https://msn.com/en-gb/money/other/elizabeth-warren-roasted-on-cnbc-over-apocalyptic-economic-warnings-in-face-of-surging-markets/ar-AA1JB7lL?ocid=finance-verthp-feeds",
        "https://www.msn.com/en-gb/money/other/elizabeth-warren-roasted-on-cnbc-over-apocalyptic-economic-warnings-in-face-of-surging-markets/ar-AA1JB7lL",
        "https://www.twitter.com/EricLDaugh/status/1950544074311688203?ref_src=twsrc%5Etfw",
        "https://twitter.com/EricLDaugh/status/1950544074311688203"
    ],
    "external_images": [],
    "internal_images": [],
    "entities": {
        "persons": [
            {
                "name": "Mike LaChance",
                "sentiment": "negative"
            },
            {
                "name": "Elizabeth Warren",
                "sentiment": "negative"
            },
            {
                "name": "Rick Santelli",
                "sentiment": "none"
            },
            {
                "name": "Donald Trump",
                "sentiment": "none"
            },
            {
                "name": "Joe Kernen",
                "sentiment": "none"
            }
        ],
        "locations": [],
        "organizations": [
            {
                "name": "CNBC",
                "sentiment": "negative",
                "tickers": [
                    {
                        "ticker": null,
                        "exchange": null
                    }
                ]
            }
        ]
    },
    "syndication": {
        "syndicated": false,
        "syndicate_id": "4846b3d8f9331d318eb46e7765f1661b87c4ae15",
        "first_syndicated": true
    },
    "trust": {
        "categories": [
            "fake_news"
        ],
        "top_news": [
            "top_news_us",
            "top_news"
        ],
        "bias": "right",
        "source": {
            "type": null,
            "city": null,
            "state": null,
            "country": null,
            "domain_type": null,
            "agency": null,
            "organization_name": null
        }
    },
    "rating": null,
    "crawled": "2025-07-31T07:05:53.397+03:00",
    "updated": "2025-08-01T08:09:06.000+03:00"
}