{
    "thread": {
        "uuid": "9e5b1f5ae97ef482ba8b8717bfd1816f8fe62c35",
        "url": "https://marathi.abplive.com/videos/news/maharashtra-us-imposes-25-tariffs-on-india-over-russia-ties-announces-major-oil-deal-with-pakistan-global-trade-implications-from-august-1-1373731",
        "site_full": "marathi.abplive.com",
        "site": "abplive.com",
        "site_section": "https://marathi.abplive.com",
        "site_categories": [],
        "section_title": "Marathi News | Breaking Marathi News | मराठी बातम्या | Marathi News Channel | ABP Marathi Live Maharashtra, Mumbai & Pune News - ABP Majha",
        "site_title": "Hindi News, Latest Hindi News, हिंदी न्यूज़, हिंदी समाचार, Breaking Hindi News, Today Hindi News, ABP News",
        "title": "US India Tariffs | भारतावर २५% आयात शुल्क, १ ऑगस्टपासून लागू!",
        "title_full": "US India Tariffs | भारतावर २५% आयात शुल्क, १ ऑगस्टपासून लागू!",
        "published": "2025-07-31T05:24:00.000+03:00",
        "replies_count": 0,
        "participants_count": 1,
        "site_type": "news",
        "country": "IN",
        "main_image": "https://feeds.abplive.com/frammer/image/2025/07/q81753927802thumbnail.jpg?impolicy=abp_cdn&imwidth=1200",
        "performance_score": 0,
        "domain_rank": 7731,
        "domain_rank_updated": "2025-06-03T00:00:00.000+03:00",
        "licensing_agency": [],
        "social": {
            "facebook": {
                "likes": 0,
                "comments": 0,
                "shares": 0
            },
            "vk": {
                "shares": 0
            }
        }
    },
    "uuid": "9e5b1f5ae97ef482ba8b8717bfd1816f8fe62c35",
    "url": "https://marathi.abplive.com/videos/news/maharashtra-us-imposes-25-tariffs-on-india-over-russia-ties-announces-major-oil-deal-with-pakistan-global-trade-implications-from-august-1-1373731",
    "ord_in_thread": 0,
    "author": "abp majha web team",
    "published": "2025-07-31T05:24:00.000+03:00",
    "title": "US India Tariffs | भारतावर २५% आयात शुल्क, १ ऑगस्टपासून लागू!",
    "text": "एक्स्प्लोर\nUS India Tariffs | भारतावर २५% आयात शुल्क, रशियामधल्या व्यापारावर आक्षेप\nभारत मोठ्या प्रमाणावर रशियाकडून कच्चं तेल आणि लष्करी सामुग्री आयात करतो. या पार्श्वभूमीवर अमेरिकेनं भारतावर २५ टक्के आयात शुल्क लावण्याचा निर्णय घेतला आहे. या शुल्काव्यतिरिक्त दंडही आकारला जाईल. हे वाढीव शुल्क १ ऑगस्ट म्हणजेच शुक्रवारपासून लागू होईल. अमेरिकेनं म्हटलं आहे की, \"India was the highest or just about the highest tariff nation in the world. One of the highest hundred points hundred and fifty points or percentages. So India was one of the highest in the world. They had one hundred and seventy five percent and higher than that you know was another higher one is Canada. Canada has that been judging of armors to hundred percent, three hundred percent, four hundred percent for years and nobody did anything about it. But India is one of the highest so we're gonna see, we're negotiating with India right now.\" एका बाजूला भारतावर हे शुल्क लावले जात असताना, दुसऱ्या बाजूला अमेरिकेनं पाकिस्तानसोबत तेलाच्या साठवणूक शक्यतेबाबत एक मोठा करार केला आहे.\nमहाराष्ट्र\nRaj-Uddhav Thackeray Inside Story : राज-उद्धव ठाकरेंची मातोश्रीवर भेट, इनसाईड स्टोरी काय?\nRaj Thackeray Matoshree: उद्धव ठाकरेंना राज ठाकरेंकडून वाढदिवसाच्या खास शुभेच्छा\nMarathi Language Issue | नामांकित शाळेत शाळेतील फलकांवरून नवा वाद! मराठी की English?\nOperation Sindoor |ऑपरेशन सिंदूरवर दोन्ही सभागृहात ससंदेत विशेष चर्चा\nBurnt Currency Notes | वादग्रस्त जाळलेल्या नोटा न्यायाधीश वर्माप्रकरणी सर्वौच्च न्यायालयात उदया सुनावणी\nआणखी पाहा\nAdvertisement\nमहत्त्वाच्या बातम्या\nलाईफस्टाईल\nआयुष्यात किती मित्र हवेत? डिजिटल गर्दीतील 'सायलेंट लोनलीनेस'चं भयाण वास्तव समोर\nमहाराष्ट्र\nधक्कादायक! भरदिवसा दोन जणांनी तरुणीला उचलून नेलं, व्हिडीओ व्हायरल, नांदेड पोलिसांकडून शोध सुरु\nभारत\nसामान्य लोकांनाच रेल्वेचं प्राधान्य! रेल्वेमंत्री अश्विनी वैष्णव यांनी घेतला मोठा निर्णय, जाणून घ्या सविस्तर माहिती\nभारत\nJPSC तून लेक अधिकारी बनली, पण पेढा भरवायलाही पैसे नाहीत; आईने साखर वाटून तोंड गोड केलं\nAdvertisement\nAdvertisement",
    "highlightText": "",
    "highlightTitle": "",
    "highlightThreadTitle": "",
    "language": "english",
    "sentiment": "negative",
    "categories": [
        "Economy, Business and Finance",
        "Politics",
        "Social Issue"
    ],
    "topics": [
        "Economy, Business and Finance->business governance",
        "Economy, Business and Finance->economy",
        "Economy, Business and Finance->foreign exchange market",
        "Politics->international relations",
        "Politics->economic policy",
        "Social Issue->emigration",
        "Social Issue->social condition"
    ],
    "ai_allow": true,
    "has_canonical": false,
    "breaking": null,
    "webz_reporter": false,
    "external_links": [],
    "external_images": [],
    "internal_images": [],
    "entities": {
        "persons": [],
        "locations": [],
        "organizations": []
    },
    "syndication": {
        "syndicated": false,
        "syndicate_id": null,
        "first_syndicated": false
    },
    "trust": {
        "categories": [],
        "top_news": [],
        "bias": null,
        "source": {
            "type": null,
            "city": null,
            "state": null,
            "country": null,
            "domain_type": null,
            "agency": null,
            "organization_name": null
        }
    },
    "rating": null,
    "crawled": "2025-07-31T07:16:35.261+03:00",
    "updated": "2025-07-31T07:20:55.000+03:00"
}