{
    "thread": {
        "uuid": "c81e1a26ff463b91499fe11e6ea22e7a00c0dbc8",
        "url": "https://flipboard.com/topic/stephenfry/-/a--ZugejmNQtCUXIsVVDtyyw%3Aa%3A3195374-%2F0",
        "site_full": "flipboard.com",
        "site": "flipboard.com",
        "site_section": "https://flipboard.com/topic/stephenfry",
        "site_categories": [
            "family_and_parenting",
            "eldercare"
        ],
        "section_title": "Discover More in Stephen Fry on Flipboard",
        "site_title": "Flipboard: Your Social Magazine",
        "title": "King Charles and Queen Camilla Meet With Pope Francis on Their 20-Year Anniversary | Flipboard",
        "title_full": "King Charles and Queen Camilla Meet With Pope Francis on Their 20-Year Anniversary | Flipboard",
        "published": "2025-04-10T00:19:00.000+03:00",
        "replies_count": 0,
        "participants_count": 1,
        "site_type": "news",
        "country": "US",
        "main_image": "https://media.vanityfair.com/photos/67f6ddf59ce8123c0d73c295/16:9/w_1280,c_limit/2209406038",
        "performance_score": 0,
        "domain_rank": 1229,
        "domain_rank_updated": "2025-04-08T00:00:00.000+03:00",
        "licensing_agency": [],
        "social": {
            "facebook": {
                "likes": 0,
                "comments": 0,
                "shares": 0
            },
            "vk": {
                "shares": 0
            }
        }
    },
    "uuid": "c81e1a26ff463b91499fe11e6ea22e7a00c0dbc8",
    "url": "https://flipboard.com/topic/stephenfry/-/a--ZugejmNQtCUXIsVVDtyyw%3Aa%3A3195374-%2F0",
    "ord_in_thread": 0,
    "author": "Vanity Fair - By Katie Nicholl",
    "published": "2025-04-10T00:19:00.000+03:00",
    "title": "King Charles and Queen Camilla Meet With Pope Francis on Their 20-Year Anniversary | Flipboard",
    "text": "King Charles and Queen Camilla Meet With Pope Francis on Their 20-Year Anniversary After being discharged from the hospital two weeks ago, Pope Francis held a private audience with the royal couple and shared his “best wishes” as they celebrate two decades of marriage. King Charles and Queen Camilla’s 20th wedding anniversary was made even more special when the royals met with Pope …\nVanity Fair - By Katie Nicholl • 50m",
    "highlightText": "",
    "highlightTitle": "",
    "highlightThreadTitle": "",
    "language": "english",
    "sentiment": "positive",
    "categories": [
        "Politics",
        "Social Issue",
        "Human Interest"
    ],
    "topics": [
        "Politics->cultural policies",
        "Politics->international relations",
        "Politics->diplomacy",
        "Social Issue->demographics",
        "Social Issue->communities",
        "Social Issue->social services",
        "Human Interest->anniversary"
    ],
    "ai_allow": true,
    "has_canonical": false,
    "breaking": false,
    "webz_reporter": false,
    "external_links": [],
    "entities": {
        "persons": [
            {
                "name": "Katie Nicholl",
                "sentiment": "none"
            },
            {
                "name": "Charles",
                "sentiment": "none"
            },
            {
                "name": "Francis",
                "sentiment": "none"
            }
        ],
        "locations": [],
        "organizations": []
    },
    "syndication": {
        "syndicated": false,
        "syndicate_id": null,
        "first_syndicated": false
    },
    "trust": {
        "categories": [],
        "bias": null,
        "source": {
            "type": null,
            "city": null,
            "state": null,
            "country": null,
            "domain_type": null,
            "agency": null,
            "organization_name": null
        }
    },
    "rating": null,
    "crawled": "2025-04-10T01:12:12.565+03:00",
    "updated": "2025-04-10T01:12:12.565+03:00"
}