{
    "thread": {
        "uuid": "f6b404a2134c84ca92647e103ce0d6470f2d7a81",
        "url": "https://www.whitehouse.gov/presidential-actions/2025/04/national-former-prisoner-of-war-recognition-day-2025",
        "site_full": "www.whitehouse.gov",
        "site": "whitehouse.gov",
        "site_section": "https://news.google.com/search?q=now%20when%3A1h&hl=en-US&gl=US&ceid=US%3Aen",
        "site_categories": [
            "politics",
            "law_government_and_politics",
            "us_government_resources"
        ],
        "section_title": "Google News - Search",
        "site_title": "The White House",
        "title": "National Former Prisoner of War Recognition Day, 2025",
        "title_full": "National Former Prisoner of War Recognition Day, 2025",
        "published": "2025-04-10T00:34:00.000+03:00",
        "replies_count": 0,
        "participants_count": 1,
        "site_type": "news",
        "country": "US",
        "main_image": "https://www.whitehouse.gov/wp-content/uploads/2025/03/WH47-Presidential-Actions-Social-Share-Card.jpg",
        "performance_score": 0,
        "domain_rank": 249,
        "domain_rank_updated": "2025-04-08T00:00:00.000+03:00",
        "licensing_agency": [],
        "social": {
            "facebook": {
                "likes": 0,
                "comments": 0,
                "shares": 0
            },
            "vk": {
                "shares": 0
            }
        }
    },
    "uuid": "f6b404a2134c84ca92647e103ce0d6470f2d7a81",
    "url": "https://www.whitehouse.gov/presidential-actions/2025/04/national-former-prisoner-of-war-recognition-day-2025",
    "ord_in_thread": 0,
    "author": "@whitehouse",
    "published": "2025-04-10T00:34:00.000+03:00",
    "title": "National Former Prisoner of War Recognition Day, 2025",
    "text": "BY THE PRESIDENT OF THE UNITED STATES OF AMERICA\nA PROCLAMATION\nOn this National Former Prisoner of War Recognition Day, we remember every American service member who carries the memory of being captured in war as a consequence of defending American freedom. Since the battlefields of the Revolutionary War, millions of selfless patriots have sacrificed their lives, safety, and security to protect our homeland and preserve our inheritance of liberty. These noble men and women embody the best of our Nation’s spirit. Tragically, far too many have been taken by the enemy and forced to endure captivity and sometimes torture.\nMy Administration is steadfastly committed to taking care of our great veterans — especially every former American prisoner of war (POW). For 4 long years under the previous administration, illegal aliens were living in luxury hotels while our homeless veterans were shivering on the sidewalks — a disgrace of the highest order. Today, more than 30,000 veterans are homeless. To that end, I am committed to eradicating all veteran homelessness in our country. Under my leadership, if you served our Nation in uniform, your Government will never betray you — and we will never stop fighting for the brave men and women who devoted their lives to protect our sovereignty.\nTo protect our brave service members and uphold our Nation’s interests both at home and abroad, my Administration remains committed to restoring peace through strength and ending the years of endless foreign wars. As I stated during my Inaugural Address, we will measure our success not only by the battles we win, but also by the wars we end — and my proudest legacy will be that of a peacemaker and unifier.\nWe are approaching the 250th anniversary of the founding of the United States Army later this year, and I pledge to every POW, POW family, and member of our Armed Forces that you have our Nation’s full support and unending gratitude. Today and every day, we pay tribute to those who have lost their lives in service to our Nation. We ask Almighty God to preserve America’s peace, prosperity, security, and freedom for generations to come.\nNOW, THEREFORE, I, DONALD J. TRUMP, President of the United States of America, by virtue of the authority vested in me by the Constitution and the laws of the United States, do hereby proclaim April 9, 2025, as National Former Prisoner of War Recognition Day. I call upon Americans to observe this day by honoring the service and sacrifice of all former prisoners of war and to express our Nation’s eternal gratitude for their sacrifice. I also call upon Federal, State, and local government officials and organizations to observe this day with appropriate ceremonies and activities.\nIN WITNESS WHEREOF, I have hereunto set my hand this\nninth day of April, in the year of our Lord two thousand twenty-five, and of the Independence of the United States of America the two hundred and forty-ninth.",
    "highlightText": "",
    "highlightTitle": "",
    "highlightThreadTitle": "",
    "language": "english",
    "sentiment": "positive",
    "categories": [
        "Politics",
        "Human Interest",
        "Social Issue"
    ],
    "topics": [
        "Politics->civil rights",
        "Politics->government",
        "Politics->political process",
        "Human Interest->ceremony",
        "Social Issue->values",
        "Social Issue->mankind",
        "Social Issue->social condition"
    ],
    "ai_allow": true,
    "has_canonical": false,
    "breaking": true,
    "webz_reporter": false,
    "external_links": [],
    "entities": {
        "persons": [],
        "locations": [],
        "organizations": []
    },
    "syndication": {
        "syndicated": false,
        "syndicate_id": "f6b404a2134c84ca92647e103ce0d6470f2d7a81",
        "first_syndicated": true
    },
    "trust": {
        "categories": [],
        "bias": null,
        "source": {
            "type": null,
            "city": null,
            "state": null,
            "country": null,
            "domain_type": null,
            "agency": null,
            "organization_name": null
        }
    },
    "rating": null,
    "crawled": "2025-04-10T00:38:43.984+03:00",
    "updated": "2025-04-10T00:38:43.984+03:00"
}