{
    "thread": {
        "uuid": "faa80e43e3a15a155865c73869538581ad01f49e",
        "url": "https://flipboard.com/topic/westafrica/macron-says-france-could-recognise-palestinian-state/a-b-EbNxHQQlmJIT4_6yg1nw%3Aa%3A3199698-8997653b72%2Faljazeera.com",
        "site_full": "flipboard.com",
        "site": "flipboard.com",
        "site_section": "https://flipboard.com/topic/westafrica",
        "site_categories": [
            "family_and_parenting",
            "eldercare"
        ],
        "section_title": "Discover More in West Africa on Flipboard",
        "site_title": "Flipboard: Your Social Magazine",
        "title": "Macron says France could recognise Palestinian state | Flipboard",
        "title_full": "Macron says France could recognise Palestinian state | Flipboard",
        "published": "2025-04-10T01:01:00.000+03:00",
        "replies_count": 0,
        "participants_count": 1,
        "site_type": "news",
        "country": "US",
        "main_image": "https://ic-cdn.flipboard.com/aljazeera.com/f52c07ed4440920cbec68f5bd95a11b692747b14/_medium.jpeg",
        "performance_score": 0,
        "domain_rank": 1229,
        "domain_rank_updated": "2025-04-08T00:00:00.000+03:00",
        "licensing_agency": [],
        "social": {
            "facebook": {
                "likes": 0,
                "comments": 0,
                "shares": 0
            },
            "vk": {
                "shares": 0
            }
        }
    },
    "uuid": "faa80e43e3a15a155865c73869538581ad01f49e",
    "url": "https://flipboard.com/topic/westafrica/macron-says-france-could-recognise-palestinian-state/a-b-EbNxHQQlmJIT4_6yg1nw%3Aa%3A3199698-8997653b72%2Faljazeera.com",
    "ord_in_thread": 0,
    "author": "Al Jazeera",
    "published": "2025-04-10T01:01:00.000+03:00",
    "title": "Macron says France could recognise Palestinian state | Flipboard",
    "text": "Macron says France could recognise Palestinian state ‘We must move towards recognition, and we will do so in the coming months,’ French president says. President Emmanuel Macron says France could recognise a Palestinian state “in the coming months”. Macron told France 5 television on Wednesday that he aimed to finalise the move at a United Nations …\nAl Jazeera • 19m",
    "highlightText": "",
    "highlightTitle": "",
    "highlightThreadTitle": "",
    "language": "english",
    "sentiment": "positive",
    "categories": [
        "Politics",
        "Social Issue",
        "Politics"
    ],
    "topics": [
        "Politics->government",
        "Politics->political process",
        "Politics->international relations",
        "Social Issue->communities",
        "Social Issue->demographics",
        "Social Issue->social condition",
        "Politics->international relations",
        "Politics->political development",
        "Politics->government"
    ],
    "ai_allow": true,
    "has_canonical": false,
    "breaking": false,
    "webz_reporter": false,
    "external_links": [],
    "entities": {
        "persons": [
            {
                "name": "Emmanuel Macron",
                "sentiment": "none"
            }
        ],
        "locations": [],
        "organizations": [
            {
                "name": "United Nations",
                "sentiment": "none",
                "tickers": []
            },
            {
                "name": "Al Jazeera",
                "sentiment": "none",
                "tickers": []
            }
        ]
    },
    "syndication": {
        "syndicated": false,
        "syndicate_id": null,
        "first_syndicated": false
    },
    "trust": {
        "categories": [],
        "bias": null,
        "source": {
            "type": null,
            "city": null,
            "state": null,
            "country": null,
            "domain_type": null,
            "agency": null,
            "organization_name": null
        }
    },
    "rating": null,
    "crawled": "2025-04-10T01:22:26.200+03:00",
    "updated": "2025-04-10T01:22:26.200+03:00"
}