{
    "thread": {
        "uuid": "dcd6ca390ed9980f951c18e297566032d2f50805",
        "url": "https://kdhnews.com/news/nation/chief-justice-roberts-warns-of-threats-to-judges-in-annual-report/article_69e82fe5-4d2a-59ee-bd3d-367551d60661.html",
        "site_full": "kdhnews.com",
        "site": "kdhnews.com",
        "site_section": "http://kdhnews.com/search/?q=&t=article&l=100&d=&d1=&d2=&s=start_time&sd=desc&nsa=eedition&c[]=news/nation,news/nation/*&f=rss",
        "site_categories": [
            "media"
        ],
        "section_title": "kdhnews.com - RSS Results in news/nation,news/nation/* of type article",
        "title": "Chief Justice Roberts warns of threats to judges in annual report | Nation | kdhnews.com",
        "title_full": "Chief Justice Roberts warns of threats to judges in annual report | Nation | kdhnews.com",
        "published": "2025-01-02T07:00:00.000+02:00",
        "replies_count": 0,
        "participants_count": 1,
        "site_type": "news",
        "country": "US",
        "main_image": "https://bloximages.newyork1.vip.townnews.com/kdhnews.com/content/tncms/assets/v3/editorial/5/16/5162e72c-eca0-504a-bb23-3280e16b5073/677710876632d.preview.jpg?crop=1265%2C664%2C0%2C486&amp;resize=1200%2C630&amp;order=crop%2Cresize",
        "performance_score": 0,
        "domain_rank": 25128,
        "domain_rank_updated": "2024-12-30T23:00:00.000+02:00",
        "social": {
            "facebook": {
                "likes": 0,
                "comments": 0,
                "shares": 0
            },
            "vk": {
                "shares": 0
            }
        }
    },
    "uuid": "dcd6ca390ed9980f951c18e297566032d2f50805",
    "url": "https://kdhnews.com/news/nation/chief-justice-roberts-warns-of-threats-to-judges-in-annual-report/article_69e82fe5-4d2a-59ee-bd3d-367551d60661.html",
    "ord_in_thread": 0,
    "parent_url": null,
    "author": "Brett Rowland | The Center Square",
    "published": "2025-01-02T07:00:00.000+02:00",
    "title": "Chief Justice Roberts warns of threats to judges in annual report | Nation | kdhnews.com",
    "text": "(The Center square) – U.S. Supreme Court Chief Justice John Roberts warned that judges across the country face increasing threats from disinformation, violence, intimidation and those threatening to defy court decisions.\nRoberts said disinformation in the cyberage poses challenges for the federal judiciary.",
    "highlightText": "",
    "highlightTitle": "",
    "highlightThreadTitle": "",
    "language": "english",
    "sentiment": "negative",
    "categories": [
        "Politics"
    ],
    "topics": [
        "Politics->civil rights",
        "Politics->government",
        "Politics->fundamental rights"
    ],
    "ai_allow": false,
    "has_canonical": true,
    "webz_reporter": false,
    "external_links": [],
    "external_images": [],
    "entities": {
        "persons": [
            {
                "name": "John Roberts",
                "sentiment": "negative"
            }
        ],
        "organizations": [],
        "locations": []
    },
    "syndication": {
        "syndicated": false,
        "syndicate_id": null,
        "first_syndicated": false
    },
    "rating": null,
    "crawled": "2025-01-03T00:29:52.405+02:00",
    "updated": "2025-01-03T00:29:52.405+02:00"
}