{
    "thread": {
        "uuid": "6ae47c389fce67788cd68ac5400cfdf08d946e47",
        "url": "https://pledgetimes.com/francesc-antich-former-president-of-the-balearic-islands-dies-at-66",
        "site_full": "pledgetimes.com",
        "site": "pledgetimes.com",
        "site_section": "https://www.pledgetimes.com",
        "site_categories": [
            "financial_news",
            "finance"
        ],
        "section_title": "Pledge Times -",
        "title": "Francesc Antich, former president of the Balearic Islands, dies at 66",
        "title_full": "Francesc Antich, former president of the Balearic Islands, dies at 66",
        "published": "2025-01-03T00:24:00.000+02:00",
        "replies_count": 0,
        "participants_count": 1,
        "site_type": "news",
        "country": "US",
        "main_image": "",
        "performance_score": 0,
        "domain_rank": 81198,
        "domain_rank_updated": "2024-12-30T23:00:00.000+02:00",
        "social": {
            "facebook": {
                "likes": 0,
                "comments": 0,
                "shares": 0
            },
            "vk": {
                "shares": 0
            }
        }
    },
    "uuid": "6ae47c389fce67788cd68ac5400cfdf08d946e47",
    "url": "https://pledgetimes.com/francesc-antich-former-president-of-the-balearic-islands-dies-at-66",
    "ord_in_thread": 0,
    "parent_url": null,
    "author": "admin_l6ma5gus",
    "published": "2025-01-03T00:24:00.000+02:00",
    "title": "Francesc Antich, former president of the Balearic Islands, dies at 66",
    "text": "Born in Caracas, he was also mayor of Algaida and senator Francesc Antich in an archive image JAIME GARCIA\n01/02/2025\nUpdated at 11:24 p.m.\nFrancesc Antich former socialist president of the Balearic Government during two terms (1999-2003 and 2007-2011), died this Thursday at 66 years of age as confirmed by party sources.\nAntich, born in Caracas (Venezuela) in 1958 although raised in Mallorca, He was mayor of Algaida for the PSIB a party in which he was a member and which elevated him as general secretary.\nIn addition, He was a senator between 2011 and 2019 and, before taking the position of president of the Port Authority of the Balearic Islands (APB) in 2020, he served as lawyer for the Municipal Board of Housing and Comprehensive Rehabilitation of Neighborhoods of the Palma City Council.\nThe current general secretary of the PSIB and president of the Congress, Francina Armengol has not been slow to react. «There are times when words cannot express feelings or pain. This is one of them. One of the greats is gone . For me, my teacher, my friend and my lighthouse,” he wrote on his X account, formerly Twitter.\nThere are times when the paraules cannot express the feelings or the pain. Aquest n’és un. Se’n ha anat un dels grans. For me the meu master, the meu amic and the meu far. In Xisco Antich is a reference of life, all of it is a blessing of life and appreciation of our country. He…\n— Francina Armengol (@F_Armengol) January 2, 2025\n«Xisco Antich is a reference for life, everything is a lesson in life and love for our country . My tribute will always be to be loyal to what he taught me and to continue fighting for the socialist ideals that we always share. “I love you infinitely,” he continued.\nReport a bug\n#Francesc #Antich #president #Balearic #Islands #dies",
    "highlightText": "",
    "highlightTitle": "",
    "highlightThreadTitle": "",
    "language": "english",
    "sentiment": "negative",
    "categories": [
        "Politics",
        "Human Interest"
    ],
    "topics": [
        "Politics->political candidates",
        "Politics->government",
        "Human Interest->funeral and memorial service"
    ],
    "ai_allow": true,
    "has_canonical": false,
    "webz_reporter": false,
    "external_links": [
        "https://twitter.com/F_Armengol/status/1874935830206386515?ref_src=twsrc%5Etfw",
        "https://www.twitter.com/F_Armengol/status/1874935830206386515?ref_src=twsrc%5Etfw",
        "https://twitter.com/F_Armengol/status/1874935830206386515"
    ],
    "external_images": [],
    "entities": {
        "persons": [
            {
                "name": "Francesc Antich",
                "sentiment": "negative"
            },
            {
                "name": "Francina Armengol",
                "sentiment": "none"
            }
        ],
        "organizations": [
            {
                "name": "Municipal Board of Housing and Comprehensive Rehabilitation",
                "sentiment": "none"
            },
            {
                "name": "Palma City Council",
                "sentiment": "none"
            },
            {
                "name": "Congress",
                "sentiment": "none"
            }
        ],
        "locations": [
            {
                "name": "Balearic Islands",
                "sentiment": "none"
            },
            {
                "name": "Mallorca",
                "sentiment": "none"
            }
        ]
    },
    "syndication": {
        "syndicated": false,
        "syndicate_id": null,
        "first_syndicated": false
    },
    "rating": null,
    "crawled": "2025-01-03T00:44:18.583+02:00",
    "updated": "2025-01-03T00:44:18.583+02:00"
}