{
    "thread": {
        "uuid": "414909e4da9be2fbd7c7e510f253f620c1215559",
        "url": "https://davisonindex.mihomepaper.com/articles/sports-tourism-creates-a-significant-impact-on-our-region/",
        "site_full": "davisonindex.mihomepaper.com",
        "site": "mihomepaper.com",
        "site_section": "https://news.google.com/search?q=our%20when%3A1h&hl=en-US&gl=US&ceid=US%3Aen",
        "site_categories": [
            "media"
        ],
        "section_title": "Google News - Search",
        "site_title": null,
        "title": "Sports tourism creates a significant impact on our region",
        "title_full": "Sports tourism creates a significant impact on our region",
        "published": "2025-08-14T07:01:00.000+03:00",
        "replies_count": 0,
        "participants_count": 1,
        "site_type": "news",
        "country": "US",
        "main_image": "https://davisonindex.mihomepaper.com/wp-content/uploads/images/2025-08-14/24p1.jpg",
        "performance_score": 0,
        "domain_rank": 125222,
        "domain_rank_updated": "2025-06-03T00:00:00.000+03:00",
        "licensing_agency": [],
        "social": {
            "facebook": {
                "likes": 0,
                "comments": 0,
                "shares": 0
            },
            "vk": {
                "shares": 0
            }
        }
    },
    "uuid": "414909e4da9be2fbd7c7e510f253f620c1215559",
    "url": "https://davisonindex.mihomepaper.com/articles/sports-tourism-creates-a-significant-impact-on-our-region/",
    "ord_in_thread": 0,
    "author": "ohtadmin",
    "published": "2025-08-14T07:01:00.000+03:00",
    "title": "Sports tourism creates a significant impact on our region",
    "text": "Last week, I was part of the Vehicle City Gridiron Classic media day, where matchups were announced for the eighth annual event hosted at Kettering University’s Historic Atwood Stadium. This was the place where Heisman Trophy winner Mark Ingram Jr. played while attending Flint Southwestern. And now, we have eight local schools competing for a trophy on the same field, giving it their all in front of family, friends, scouts, and fans from around the region.\nThis was the dream Judge Duncan Beagle shared with me eight years ago. He wanted to give our local talent a chance to play on an amazing field and continue a tradition. Before the Gridiron, the Flint Northern-Central Thanksgiving Day football game was a staple at Atwood for almost 50 years. That caliber of playing, and the excitement and crowds that came with it, was something we wanted to recreate.\nIn Flint & Genesee, we love our sports – and we have a lot to show for it. From greats like Jim Abbott to Claressa Shields, our region has produced plenty of pro athletes. So, we take great pride in hosting sports tournaments, big and small. These tournaments provide fun and entertainment for our locals, draw in tons of people, and drive millions of dollars in economic impact.\nThis is because when someone comes for a game, they don’t just go straight to a field and then back home. They get dinner, stay overnight, find something fun to do with the family – they spend their money in Genesee County. Every dollar that comes from outside the community turns over up to five times. This is great news considering that tens of thousands of people visit our region every year for professional and youth sports.\nThis year alone, crowds came for events like the Winter Guard International Flint Regional Color Guard Competition in February, the Michigan State United States Bowling Congress Youth State Bowling Tournament in March and April, the FireStix Fastpitch College Exposure Tournament in June, the Gus Macker 3-on-3 Tournament in July, and nationally recognized events like the Ally Challenge presented by McLaren and the HAP CareSource Crim Festival of Races in August. These events bring in fans from all over.\nSports tournaments bring excitement, sportsmanship, pride, and a significant economic impact to our region. I am proud of the work that the Flint & Genesee Group’s convention & visitors bureau division, Explore Flint & Genesee, does every day to make these events a success in Genesee County.\nYou, too, can help bolster sports tourism in our region. If you are part of a sports team, club, or association, share with them that we have a team dedicated to helping create a successful tournament or showcase. If you are more of a spectator, be sure to attend our local sports events as they pop up. Let’s keep up Flint & Genesee’s sports town legacy.\nTim Herman is the CEO of the Flint & Genesee Group",
    "highlightText": "",
    "highlightTitle": "",
    "highlightThreadTitle": "",
    "language": "english",
    "sentiment": "positive",
    "categories": [
        "Economy, Business and Finance",
        "Politics",
        "Social Issue"
    ],
    "topics": [
        "Economy, Business and Finance->business strategy and marketing",
        "Economy, Business and Finance->tourism and leisure industry",
        "Economy, Business and Finance->economy",
        "Politics->government",
        "Politics->economic policy",
        "Politics->sports policies",
        "Social Issue->communities",
        "Social Issue->social condition",
        "Social Issue->demographics"
    ],
    "ai_allow": true,
    "has_canonical": false,
    "breaking": true,
    "webz_reporter": false,
    "external_links": [],
    "external_images": [],
    "internal_images": [],
    "entities": {
        "persons": [
            {
                "name": "Mark Ingram Jr.",
                "sentiment": "none"
            },
            {
                "name": "Jim Abbott",
                "sentiment": "none"
            }
        ],
        "locations": [
            {
                "name": "Claressa Shields",
                "sentiment": "none"
            }
        ],
        "organizations": [
            {
                "name": "Kettering University",
                "sentiment": "none",
                "tickers": []
            }
        ]
    },
    "syndication": {
        "syndicated": false,
        "syndicate_id": null,
        "first_syndicated": false
    },
    "trust": {
        "categories": null,
        "top_news": [],
        "bias": null,
        "source": {
            "type": "local_news",
            "city": [
                "Davison"
            ],
            "state": [
                "Michigan"
            ],
            "country": [
                "US"
            ],
            "domain_type": null,
            "agency": null,
            "organization_name": null
        }
    },
    "rating": null,
    "crawled": "2025-08-14T07:07:25.631+03:00",
    "updated": "2025-08-14T07:10:20.000+03:00"
}