{
    "thread": {
        "uuid": "f3f4b9b20683148a5a5aa724e83171ca8644b145",
        "url": "https://www.miragenews.com/rma-reforms-boost-jobs-fuel-growth-1514865/",
        "site_full": "www.miragenews.com",
        "site": "miragenews.com",
        "site_section": "https://news.google.com/search?q=we%20when%3a1h&hl=en-us&gl=us&ceid=us%3aen",
        "site_categories": [
            "media"
        ],
        "section_title": "Google News - Search",
        "site_title": "Australia&#039;s 24/7 live news &amp; media portal | Mirage News",
        "title": "RMA Reforms Boost Jobs, Fuel Growth | Mirage News",
        "title_full": "RMA Reforms Boost Jobs, Fuel Growth | Mirage News",
        "published": "2025-08-14T07:12:00.000+03:00",
        "replies_count": 0,
        "participants_count": 1,
        "site_type": "news",
        "country": "AU",
        "main_image": "https://www.parliament.nz/media/1944/an-event-in-parliament-grounds.jpg?center=0.26333333333333331,0.3725&amp;mode=crop&amp;width=500&amp;heightratio=0.5630434782608695&amp;rnd=130989643120000000",
        "performance_score": 0,
        "domain_rank": 11270,
        "domain_rank_updated": "2025-06-03T00:00:00.000+03:00",
        "licensing_agency": [],
        "social": {
            "facebook": {
                "likes": 0,
                "comments": 0,
                "shares": 0
            },
            "vk": {
                "shares": 0
            }
        }
    },
    "uuid": "f3f4b9b20683148a5a5aa724e83171ca8644b145",
    "url": "https://www.miragenews.com/rma-reforms-boost-jobs-fuel-growth-1514865/",
    "ord_in_thread": 0,
    "author": "Mirage News",
    "published": "2025-08-14T07:12:00.000+03:00",
    "title": "RMA Reforms Boost Jobs, Fuel Growth | Mirage News",
    "text": "The Government's second RMA Amendment Bill has passed into law, bringing in sweeping changes to many of the handbrakes on New Zealanders' lives, helping to drive economic growth, and laying the groundwork for job creation,\" RMA Reform Minister Chris Bishop says.\n\"The Resource Management Act (RMA) has been holding New Zealand back for decades. It has let successive governments and councils say 'no' to progress, 'no' to development, and 'no' to building the houses, infrastructure, clean energy and other important projects that New Zealanders need to get ahead,\" Mr Bishop says.\n\"Our full replacement for the RMA will be introduced to Parliament this year, be passed into law next year, and be in effect by 2027- but in the meantime, through this Amendment Bill, we're making it quicker and simpler to consent renewable energy, boost housing supply, and reduce red tape for the primary sector.\n\"The Bill contains five broad packages of changes which will remove roadblocks and cut red tape holding back progress for:\n- Infrastructure and renewable energy\n- Housing, including a streamlined process for removing heritage protections\n- Farming and the primary sector\n- Emergency and natural hazards package\n- Resource Management system improvements\n\"We also added a new provision which requires Auckland Council to allow even greater housing and development around key stations benefitting from City Rail Link investment, to ensure Aucklanders reap the full benefits of this transformational investment into the city.\n\"We added changes to ensure a more cost-effective transition between the current RMA and the upcoming new planning system by putting a stop to councils making RMA plan or policy statement changes until the new system is in place in 2027. There will be some exemptions for important work that aligns with Government priorities, or for activities such as managing natural hazards.\n\"Alongside this change, we added a new a new regulation making power that will allow the responsible Minister to recommend changes or even removal of parts of council RMA plans and policy statements that are proven to be holding back economic growth, development, or job creation.\n\"This week we also took urgent action to prevent what could have amounted to a 'stop work' notice for thousands of New Zealand farmers, by further amending the Bill to broaden what water discharges can be allowed as a permitted activity.\n\"And, to the great excitement of countless Wellingtonians, we added a provision that removes heritage protections from the unsafe and derelict Gordon Wilson Flats in Wellington, clearing the way for the flats to be demolished so that new student accommodation can be built.\"\n\"This legislation is part of our wider three-phase RMA reform programme. In Phase One, before Christmas last year, we repealed the previous government's overly complex RMA changes.\n\"Phase Two is now well underway, with our Fast-track one-stop shop up and running, the biggest package of national direction changes in New Zealand's history being worked through with decisions due before the end of this year, and this second Amendment Bill delivering meaningful improvements.\n\"Phase Three will see the complete replacement of the RMA with two new laws that better reflect the importance of private property rights. The new planning system legislation will be introduced to Parliament before the end of this year, pass into law next year, and be in effect by 2027.\"\nThe Resource Management (Consenting and Other System Changes) Amendment Bill will be enacted the day after it receives royal assent, which is expected in the coming days.\nNote to editor:\nSee attached fact sheet for a summary of changes to be enacted through the Resource Management (Consenting and Other System Changes) Amendment Bill.\nhere.",
    "highlightText": "",
    "highlightTitle": "",
    "highlightThreadTitle": "",
    "language": "english",
    "sentiment": "positive",
    "categories": [
        "Economy, Business and Finance",
        "Politics"
    ],
    "topics": [
        "Economy, Business and Finance->business governance",
        "Economy, Business and Finance->business strategy and marketing",
        "Politics->economic policy",
        "Politics->government policy"
    ],
    "ai_allow": true,
    "has_canonical": false,
    "breaking": false,
    "webz_reporter": false,
    "external_links": [
        "https://www.beehive.govt.nz/release/gordon-wilson-flats%E2%80%99-heritage-protection-goneburger",
        "https://www.beehive.govt.nz/release/urgent-economic-action-protect-exports",
        "https://www.beehive.govt.nz/release/government-stop-council-plan-changes",
        "https://www.beehive.govt.nz/release/going-growth-around-city-rail-link",
        "https://www.beehive.govt.nz/speech/speech-2025-lgnz-conference",
        "https://beehive.govt.nz/release/going-growth-around-city-rail-link",
        "https://beehive.govt.nz/speech/speech-2025-lgnz-conference",
        "https://beehive.govt.nz/release/government-stop-council-plan-changes",
        "https://beehive.govt.nz/release/urgent-economic-action-protect-exports",
        "https://beehive.govt.nz/release/gordon-wilson-flats%E2%80%99-heritage-protection-goneburger"
    ],
    "external_images": [],
    "internal_images": [],
    "entities": {
        "persons": [
            {
                "name": "Chris Bishop",
                "sentiment": "none"
            }
        ],
        "locations": [],
        "organizations": [
            {
                "name": "Parliament",
                "sentiment": "none",
                "tickers": [
                    {
                        "ticker": null,
                        "exchange": null
                    }
                ]
            },
            {
                "name": "RMA",
                "sentiment": "none",
                "tickers": []
            }
        ]
    },
    "syndication": {
        "syndicated": false,
        "syndicate_id": "f3f4b9b20683148a5a5aa724e83171ca8644b145",
        "first_syndicated": true
    },
    "trust": {
        "categories": [],
        "top_news": [],
        "bias": null,
        "source": {
            "type": null,
            "city": null,
            "state": null,
            "country": null,
            "domain_type": null,
            "agency": null,
            "organization_name": null
        }
    },
    "rating": null,
    "crawled": "2025-08-14T07:15:28.302+03:00",
    "updated": "2025-08-14T07:19:15.000+03:00"
}