{
    "thread": {
        "uuid": "b528e8166cbdc47ca29ba7315fe08b4aa9ef3d51",
        "url": "https://www.thecatholicthing.org/2025/08/14/vatican-updates-its-financial-procurement-procedures/",
        "site_full": "www.thecatholicthing.org",
        "site": "thecatholicthing.org",
        "site_section": "https://news.google.com/search?q=the%20when%3a1h&hl=en-us&gl=us&ceid=us%3aen",
        "site_categories": [
            "religion",
            "catholicism"
        ],
        "section_title": "Google News - Search",
        "site_title": "The Catholic Thing",
        "title": "Vatican updates its financial procurement procedures - The Catholic Thing",
        "title_full": "Vatican updates its financial procurement procedures - The Catholic Thing",
        "published": "2025-08-14T07:03:00.000+03:00",
        "replies_count": 0,
        "participants_count": 1,
        "site_type": "news",
        "country": "US",
        "main_image": "https://www.thecatholicthing.org/wp-content/uploads/ciudad-del-vaticano-01.jpg",
        "performance_score": 0,
        "domain_rank": 93095,
        "domain_rank_updated": "2025-06-03T00:00:00.000+03:00",
        "licensing_agency": [],
        "social": {
            "facebook": {
                "likes": 0,
                "comments": 0,
                "shares": 0
            },
            "vk": {
                "shares": 0
            }
        }
    },
    "uuid": "b528e8166cbdc47ca29ba7315fe08b4aa9ef3d51",
    "url": "https://www.thecatholicthing.org/2025/08/14/vatican-updates-its-financial-procurement-procedures/",
    "ord_in_thread": 0,
    "author": "Zenit",
    "published": "2025-08-14T07:03:00.000+03:00",
    "title": "Vatican updates its financial procurement procedures - The Catholic Thing",
    "text": "The Vatican has unveiled a sweeping update to its public procurement regulations, introducing a streamlined framework designed to safeguard integrity while accelerating decision-making in the Holy See’s contracting processes. The reform implements key provisions of Para una mejor armonización (“For a Better Harmonization”), a motu proprio issued in January 2024 and builds upon the Vatican’s 2020 apostolic letter on transparency, oversight, and competition in awarding public contracts, originally promulgated by Pope Francis. The new regulations represent the work of multiple Vatican departments. Officials say the goal is to preserve the principles of transparency, fair competition, and equal treatment of bidders while cutting through bureaucratic bottlenecks that can delay projects.",
    "highlightText": "",
    "highlightTitle": "",
    "highlightThreadTitle": "",
    "language": "english",
    "sentiment": "positive",
    "categories": [
        "Economy, Business and Finance",
        "Politics",
        "Social Issue"
    ],
    "topics": [
        "Economy, Business and Finance->business reporting and performance",
        "Economy, Business and Finance->business governance",
        "Economy, Business and Finance->financial service",
        "Politics->government policy",
        "Politics->economic policy",
        "Politics->government department",
        "Social Issue->religious discrimination",
        "Social Issue->social services"
    ],
    "ai_allow": true,
    "has_canonical": false,
    "breaking": false,
    "webz_reporter": false,
    "external_links": [
        "https://zenit.org/2025/08/12/vatican-issues-overhaul-of-procurement-rules-to-strengthen-transparency-and-efficiency/",
        "https://zenit.org/2025/08/12/vatican-issues-overhaul-of-procurement-rules-to-strengthen-transparency-and-efficiency",
        "https://www.zenit.org/2025/08/12/vatican-issues-overhaul-of-procurement-rules-to-strengthen-transparency-and-efficiency/"
    ],
    "external_images": [],
    "internal_images": [],
    "entities": {
        "persons": [],
        "locations": [],
        "organizations": []
    },
    "syndication": {
        "syndicated": false,
        "syndicate_id": null,
        "first_syndicated": false
    },
    "trust": {
        "categories": [],
        "top_news": [],
        "bias": null,
        "source": {
            "type": null,
            "city": null,
            "state": null,
            "country": null,
            "domain_type": null,
            "agency": null,
            "organization_name": null
        }
    },
    "rating": null,
    "crawled": "2025-08-14T07:05:39.085+03:00",
    "updated": "2025-08-14T07:09:53.000+03:00"
}