{
    "thread": {
        "uuid": "ce169fbbe412c7163e13d46d090bffbaece68ff2",
        "url": "https://www.cafonline.com/caf-african-nations-championship/news/lopez-s-pride-in-mauritania-s-historic-feat-balboune-s-vision-for-a-stronger-burkina-future/",
        "site_full": "www.cafonline.com",
        "site": "cafonline.com",
        "site_section": "https://news.google.com/search?q=we%20when%3a1h&hl=en-us&gl=us&ceid=us%3aen",
        "site_categories": [
            "world_soccer",
            "sports"
        ],
        "section_title": "Google News - Search",
        "site_title": "Conf&#xE9;d&#xE9;ration Africaine de Football",
        "title": "Lopez's pride in Mauritania's historic feat, Balboune's vision for a stronger Burkina future",
        "title_full": "Lopez's pride in Mauritania's historic feat, Balboune's vision for a stronger Burkina future",
        "published": "2025-08-14T03:00:00.000+03:00",
        "replies_count": 0,
        "participants_count": 0,
        "site_type": "news",
        "country": "MA",
        "main_image": "https://www.cafonline.com//media/zubbns4m/b25hmnz2520.jpg?width=1200",
        "performance_score": 0,
        "domain_rank": 19786,
        "domain_rank_updated": "2025-06-03T00:00:00.000+03:00",
        "licensing_agency": [],
        "social": {
            "facebook": {
                "likes": 0,
                "comments": 0,
                "shares": 0
            },
            "vk": {
                "shares": 0
            }
        }
    },
    "uuid": "ce169fbbe412c7163e13d46d090bffbaece68ff2",
    "url": "https://www.cafonline.com/caf-african-nations-championship/news/lopez-s-pride-in-mauritania-s-historic-feat-balboune-s-vision-for-a-stronger-burkina-future/",
    "ord_in_thread": 0,
    "author": null,
    "published": "2025-08-14T03:00:00.000+03:00",
    "title": "Lopez's pride in Mauritania's historic feat, Balboune's vision for a stronger Burkina future",
    "text": "Lopez’s pride in Mauritania’s historic feat, Balboune’s vision for a stronger Burkina future\nIn the bustling atmosphere of Dar es Salaam’s Benjamin Mkapa Stadium, the night told two very different stories. One was of joy, pride, and a place in the history books; the other was of frustration, lessons learned, and eyes fixed on redemption.\nMauritania’s Aritz Garay Lopez left the pitch with a wide smile, his players having secured a narrow but vital 1-0 win over Burkina Faso in the TotalEnergies African Nations Championship (CHAN) 2024.\nAcross the technical area, Burkina Faso’s Issa Balboune carried the weight of elimination but also the determination to build for the future.\nMauritania’s Winning Mentality from the First Whistle\nFor Garay Lopez, this was not just another win — it was proof of his team’s resilience and growth. From kick-off, the “Al-Murabitoune” looked composed, organised, and hungry for victory.\n\"Our team showed a lot of character from the start of the match,\" said Garay, still visibly pleased in the post-match press conference.\n\"We are happy, we played well, we controlled the game and we managed to score from a penalty kick. The first half of the match was fantastic. We defended well and played better in attack as well.\"\nThat first-half performance laid the foundation for the three points that would take Mauritania to seven points, sealing Burkina Faso’s exit.\nA Historic Achievement for Mauritanian Football\nThe Spanish coach didn’t hide his pride in what the result meant for Mauritania’s footballing journey.\n\"The victory was very important. We now have seven points, and Burkina Faso were eliminated from the tournament after this result. We were excellent, but we still felt a little tired and under pressure in the second half.\nHe went further, underlining just how rare this moment was in the nation’s CHAN history.\n\"We managed to win two consecutive matches in a major and strong tournament, something Mauritania had never achieved before. We have also conceded only one goal so far in the tournament, and that was against the host country, Tanzania.\"\nBurkina Faso’s Painful Exit\nFor Issa Balboune, the post-match reflections were tinged with honesty and regret. Mauritania’s clinical approach left little room for a comeback.\n\"We lost our match against Mauritania, which was very difficult. Our opponent was better than us and took advantage of their attacking opportunities better, and played better than we did,\" Balboune admitted, his expression revealing the sting of defeat.\nFighting Against Circumstance, Planning for Tomorrow\nDespite the disappointment, Balboune chose to focus on the lessons learned rather than dwell on the loss.\n\"Unfortunately, things changed during the match and went against our plans. We will continue our work to reach a better level than we have reached. We will see what happens in the future.\"\nHis words reflected a mindset that refuses to accept defeat as the final chapter — a promise that the “Stallions” will come back stronger.\nTwo Coaches, Two Realities\nGaray Lopez’s pride mirrors the upward curve of Mauritanian football, while Balboune’s resolve hints at a longer journey for Burkina Faso.\nThe match was more than just a group-stage clash — it was a moment that captured the essence of tournament football: for one team, history was made; for the other, the groundwork for a brighter tomorrow began.",
    "highlightText": "",
    "highlightTitle": "",
    "highlightThreadTitle": "",
    "language": "english",
    "sentiment": "positive",
    "categories": [
        "Politics",
        "Social Issue",
        "Human Interest"
    ],
    "topics": [
        "Politics->political development",
        "Politics->political parties and movements",
        "Politics->government",
        "Social Issue->social problem",
        "Social Issue->national or ethnic minority",
        "Social Issue->communities",
        "Human Interest->record and achievement"
    ],
    "ai_allow": true,
    "has_canonical": false,
    "breaking": null,
    "webz_reporter": false,
    "external_links": [],
    "external_images": [],
    "internal_images": [],
    "entities": {
        "persons": [
            {
                "name": "Aritz Garay Lopez",
                "sentiment": "neutral"
            },
            {
                "name": "Issa Balboune",
                "sentiment": "none"
            }
        ],
        "locations": [],
        "organizations": []
    },
    "syndication": {
        "syndicated": false,
        "syndicate_id": null,
        "first_syndicated": false
    },
    "trust": {
        "categories": [],
        "top_news": [],
        "bias": null,
        "source": {
            "type": null,
            "city": null,
            "state": null,
            "country": null,
            "domain_type": null,
            "agency": null,
            "organization_name": null
        }
    },
    "rating": null,
    "crawled": "2025-08-14T07:20:02.211+03:00",
    "updated": "2025-08-14T07:24:34.000+03:00"
}