{
    "thread": {
        "uuid": "e5c89123446407fdcb135b7a60930dd83e11e994",
        "url": "https://www.thecollegefix.com/trump-admin-gives-voices-to-scholars-once-silenced-on-climate-change-covid/",
        "site_full": "www.thecollegefix.com",
        "site": "thecollegefix.com",
        "site_section": "https://news.google.com/search?q=once%20when%3a1h&hl=en-us&gl=us&ceid=us%3aen",
        "site_categories": [
            "politics",
            "law_government_and_politics"
        ],
        "section_title": "Google News - Search",
        "site_title": "The College Fix | Breaking Campus News. Launching Media Careers.",
        "title": "Trump admin gives voices to scholars once silenced on climate change, COVID | The College Fix",
        "title_full": "Trump admin gives voices to scholars once silenced on climate change, COVID | The College Fix",
        "published": "2025-08-14T07:03:00.000+03:00",
        "replies_count": 0,
        "participants_count": 1,
        "site_type": "news",
        "country": "US",
        "main_image": "https://www.thecollegefix.com/wp-content/uploads/2021/10/magatrump.Fadziel_Nor.Shutterstock.jpg",
        "performance_score": 0,
        "domain_rank": 20749,
        "domain_rank_updated": "2025-06-03T00:00:00.000+03:00",
        "licensing_agency": [],
        "social": {
            "facebook": {
                "likes": 0,
                "comments": 0,
                "shares": 0
            },
            "vk": {
                "shares": 0
            }
        }
    },
    "uuid": "e5c89123446407fdcb135b7a60930dd83e11e994",
    "url": "https://www.thecollegefix.com/trump-admin-gives-voices-to-scholars-once-silenced-on-climate-change-covid/",
    "ord_in_thread": 0,
    "author": "Micaiah Bilger - Assistant Editor",
    "published": "2025-08-14T07:03:00.000+03:00",
    "title": "Trump admin gives voices to scholars once silenced on climate change, COVID | The College Fix",
    "text": "OPINION: Republican leader’s elevation of unorthodox scientists brings hope for future of academic freedom\nPresident Donald Trump’s administration has taken a lot of heat for cutting university grants for scientific research. But less noticed has been the ways his administration is actually opening the doors to more unorthodox scholarship — and academic freedom.\nScholars whose views do not always align with the prevailing ideas on issues like climate change, gender, and COVID are now playing important roles in the government’s actions on these matters.\nMajor news outlets like the New York Times have treated Trump’s actions with skepticism, but the changes signal new hope for academic freedom and honesty.\nOne of the most recent examples is a report by the U.S. Department of Energy, published at the end of July, regarding climate change policy.\nA New York Times report summed up the document this way: “Sea level rise is not accelerating. More carbon dioxide in the atmosphere will be good for plant growth. The computer models used to predict global warming tend to exaggerate future temperature increases.”\nThe Environmental Protection Agency cited the report recently “in its proposal to repeal a landmark 2009 finding that greenhouse gases, including carbon dioxide, pose a threat to public health,” according to the NYT.\nThe article’s headline suggested the document is an attack on “science” by “climate skeptics” — and real “scientists” found “errors” with it. The newspaper quoted two:\nZeke Hausfather, a climate scientist at Berkeley Earth​ and the payments company Stripe, called the document a “scattershot collection of oft-debunked skeptic claims​” that “are not representative of broader climate science research findings.” …\n“It is a coordinated, full-scale attack on the science,” said Dave White, who directs the Global Institute of Sustainability and Innovation at Arizona State University. “This was present in the first Trump administration, but it’s being exacerbated in the second.”\nReading on, however, the report revealed that the authors (“skeptics”) are actually distinguished scholars at major universities. Interestingly, the report names the scholars but not their institutions (it does the scholars who criticized their research, though).\nOne author is Steven Koonin , a fellow at Stanford University’s Hoover Institution and former NYU professor. Another is a distinguished professor at the University of Alabama, and a third author is a professor emerita of Georgia Tech.\nThese are not obscure scholars and certainly not quacks. But research like theirs has been met with skepticism and censure for years.\nAt a University of Southern California conference in January, Koonin recounted the many professors who have been canceled for “simply displaying data” that disputed catastrophic climate change predictions, The College Fix reported at the time.\nThat appears to be changing under the new presidential administration.\nSimilar is the case of Dr. Jay Bhattacharya.\nThe Stanford physician and epidemiologist faced harassment and censorship after he spoke out against the government’s handling of the COVID-19 pandemic.\nNow, Bhattacharya is leading the National Institutes of Health under Trump.\nMeanwhile, academics who recognize that men and women are different and that humans can’t change their gender also have more freedom to speak – and hopefully opportunities to receive grant funding – since the new administration adopted these realities as fact.\nThere’s more hope, too, that these changes could help shed light on whether these scholars’ positions are actually unorthodox or simply that cancel culture has led to the silencing of a quiet majority.\nSure, Trump is cutting scientific research grants — although many arguably have a political, rather than scientific, aim. But the administration also is elevating scientific views that add to the debate about important issues like our environment and health care. And that’s something that should be celebrated.\nMORE: Poll finds professors self-censor writing to avoid controversy\nIMAGE CAPTION AND CREDIT: Fadziel Nor/Shutterstock\nRead More",
    "highlightText": "",
    "highlightTitle": "",
    "highlightThreadTitle": "",
    "language": "english",
    "sentiment": "positive",
    "categories": [
        "Politics",
        "Social Issue",
        "Science and Technology"
    ],
    "topics": [
        "Politics->government policy",
        "Politics->censorship and freedom of speech",
        "Politics->political candidates",
        "Social Issue->social condition",
        "Science and Technology->political science",
        "Science and Technology->scientific publication",
        "Science and Technology->social sciences"
    ],
    "ai_allow": true,
    "has_canonical": false,
    "breaking": false,
    "webz_reporter": false,
    "external_links": [
        "https://www.nytimes.com/2025/07/31/climate/trump-climate-skeptics-science-report.html",
        "https://nytimes.com/2025/07/31/climate/trump-climate-skeptics-science-report.html"
    ],
    "external_images": [],
    "internal_images": [],
    "entities": {
        "persons": [
            {
                "name": "Donald Trump",
                "sentiment": "none"
            }
        ],
        "locations": [],
        "organizations": [
            {
                "name": "U.S. Department of Energy",
                "sentiment": "none",
                "tickers": [
                    {
                        "ticker": null,
                        "exchange": null
                    }
                ]
            },
            {
                "name": "New York Times",
                "sentiment": "none",
                "tickers": [
                    {
                        "ticker": "NYT",
                        "exchange": "NYSE"
                    }
                ]
            }
        ]
    },
    "syndication": {
        "syndicated": false,
        "syndicate_id": null,
        "first_syndicated": false
    },
    "trust": {
        "categories": null,
        "top_news": [],
        "bias": "right",
        "source": {
            "type": null,
            "city": null,
            "state": null,
            "country": null,
            "domain_type": null,
            "agency": null,
            "organization_name": null
        }
    },
    "rating": null,
    "crawled": "2025-08-14T07:06:08.366+03:00",
    "updated": "2025-08-14T09:36:58.136+03:00"
}