{
    "thread": {
        "uuid": "33e1d446865fce09f467f742aa05b3e48822c283",
        "url": "https://www.livemint.com/market/cryptocurrency/morning-bid-europe-bitcoin-joins-the-risk-on-party-11755145893783.html",
        "site_full": "www.livemint.com",
        "site": "livemint.com",
        "site_section": "https://www.livemint.com/insurance",
        "site_categories": [
            "media",
            "financial_news",
            "finance",
            "top_news_in",
            "top_news_iq",
            "top_news_pk",
            "top_news_ae",
            "top_news_za",
            "top_news_qa",
            "top_news_sg",
            "top_news_sa",
            "top_news_kw",
            "top_news"
        ],
        "section_title": "Insurance: Insurance Policy, Best Health Insurance, Life Insurance, Car Insurance, Term Insurance in India",
        "site_title": "Business News Today: Read Latest Business News, Live India Share Market News, Finance &amp; Economy News | Mint",
        "title": "MORNING BID EUROPE-Bitcoin joins the risk-on party",
        "title_full": "MORNING BID EUROPE-Bitcoin joins the risk-on party",
        "published": "2025-08-14T07:31:00.000+03:00",
        "replies_count": 0,
        "participants_count": 1,
        "site_type": "news",
        "country": "IN",
        "main_image": "https://www.livemint.com/lm-img/img/2024/12/06/1600x900/market_4_1733466069237_1733466076549.png",
        "performance_score": 0,
        "domain_rank": 1367,
        "domain_rank_updated": "2025-06-03T00:00:00.000+03:00",
        "licensing_agency": [],
        "social": {
            "facebook": {
                "likes": 0,
                "comments": 0,
                "shares": 0
            },
            "vk": {
                "shares": 0
            }
        }
    },
    "uuid": "33e1d446865fce09f467f742aa05b3e48822c283",
    "url": "https://www.livemint.com/market/cryptocurrency/morning-bid-europe-bitcoin-joins-the-risk-on-party-11755145893783.html",
    "ord_in_thread": 0,
    "author": "@mint",
    "published": "2025-08-14T07:31:00.000+03:00",
    "title": "MORNING BID EUROPE-Bitcoin joins the risk-on party",
    "text": "A look at the day ahead in European and global markets from Ankur Banerjee\nYou know markets are fully risk-on when cryptocurrencies are on a tear, with bitcoin joining global stocks to scale a record peak as the near certainty of U.S. interest rate cuts bolsters risk sentiment and weighs on the dollar.\nThe world's best-known cryptocurrency, bitcoin, has a lot going for it: prospects of lower interest rates, a more favourable regulatory environment, and bullish inflows from institutional investors.\nEther too has been on the charge, hovering near its highest since November 2021, becoming the token of choice for those looking for more active returns. In fact, ether is up 42% this year, outstripping the 32% gain for bitcoin.\nStocks in Asia were taking a bit of a breather after a blistering rally this week. Japanese shares fell after hitting a record high, while tech-heavy Taiwan and South Korean shares eased after recent highs.\nInvestors are wagering that the Federal Reserve will resume cutting interest rates from next month, with traders starting to even price in odds of a 50 basis points cut after comments from Treasury Secretary Scott Bessent.\n\"If we'd seen those numbers in May, in June, I suspect we could have had rate cuts in June and July. So that tells me that there's a very good chance of a 50 basis-point rate cut,\" in September, Bessent said in an interview on Bloomberg Television.\nFed Chair Jerome Powell, who has been regularly lambasted by U.S. President Donald Trump, is expected to speak at a central bank research conference in Wyoming next week and the focus will be on his tone on policy path.\nBessent also said the Bank of Japan will likely be raising interest rates as it is behind the curve in dealing with the risk of inflation, leading to strong gains in the yen, which stayed around its strongest level in three weeks.\nInvestor focus during European hours will be on a swathe of economic data that will offer a glimpse of the tariff uncertainties and the impact of the duties on the economy.\nKey developments that could influence markets on Thursday:\nEconomic events: Euro zone flash GDP for Q2, UK prelim GDP for Q2\n(By Ankur Banerjee; Editing by Muralikumar Anantharaman)\nCatch all the Business News , Market News , Breaking News Events and Latest News Updates on Live Mint. Download The Mint News App to get Daily Market Updates.",
    "highlightText": "",
    "highlightTitle": "",
    "highlightThreadTitle": "",
    "language": "english",
    "sentiment": "positive",
    "categories": [
        "Economy, Business and Finance",
        "Social Issue",
        "Politics"
    ],
    "topics": [
        "Economy, Business and Finance->market and exchange",
        "Economy, Business and Finance->foreign exchange market",
        "Economy, Business and Finance->financial and economic news",
        "Social Issue->social condition",
        "Social Issue->demographics",
        "Politics->political development",
        "Politics->economic policy",
        "Politics->international relations"
    ],
    "ai_allow": true,
    "has_canonical": false,
    "breaking": true,
    "webz_reporter": false,
    "external_links": [],
    "external_images": [],
    "internal_images": [],
    "entities": {
        "persons": [
            {
                "name": "Ankur Banerjee",
                "sentiment": "positive"
            }
        ],
        "locations": [],
        "organizations": [
            {
                "name": "Federal Reserve",
                "sentiment": "none",
                "tickers": [
                    {
                        "ticker": null,
                        "exchange": null
                    }
                ]
            }
        ]
    },
    "syndication": {
        "syndicated": false,
        "syndicate_id": "33e1d446865fce09f467f742aa05b3e48822c283",
        "first_syndicated": true
    },
    "trust": {
        "categories": null,
        "top_news": [
            "top_news_in",
            "top_news_iq",
            "top_news_pk",
            "top_news_ae",
            "top_news_za",
            "top_news_qa",
            "top_news_sg",
            "top_news_sa",
            "top_news_kw",
            "top_news"
        ],
        "bias": "center",
        "source": {
            "type": null,
            "city": null,
            "state": null,
            "country": null,
            "domain_type": null,
            "agency": null,
            "organization_name": null
        }
    },
    "rating": null,
    "crawled": "2025-08-14T07:36:04.940+03:00",
    "updated": "2025-08-15T08:04:53.000+03:00"
}