{
    "thread": {
        "uuid": "37b4134ebf06a679f8b477c241061d2785b3e692",
        "url": "https://www.business-standard.com/markets/capital-market-news/india-nippon-electricals-consolidated-net-profit-rises-27-95-in-the-june-2025-quarter-125081400435_1.html",
        "site_full": "www.business-standard.com",
        "site": "business-standard.com",
        "site_section": "http://www.business-standard.com/rss/general-news.rss",
        "site_categories": [
            "media",
            "financial_news",
            "finance"
        ],
        "section_title": "",
        "site_title": "Business News, Finance News, India News, Stock Markets BSE/NSE News, SENSEX, NIFTY, Personal Finance News",
        "title": "India Nippon Electricals consolidated net profit rises 27.95% in the June 2025 quarter | Capital Market News - Business Standard",
        "title_full": "India Nippon Electricals consolidated net profit rises 27.95% in the June 2025 quarter | Capital Market News - Business Standard",
        "published": "2025-08-14T05:07:00.000+03:00",
        "replies_count": 0,
        "participants_count": 1,
        "site_type": "news",
        "country": "IN",
        "main_image": "https://www.business-standard.com/assets/web-assets/images/Business_Standard_1_685x385.jpg",
        "performance_score": 0,
        "domain_rank": 1290,
        "domain_rank_updated": "2025-06-03T00:00:00.000+03:00",
        "licensing_agency": [],
        "social": {
            "facebook": {
                "likes": 0,
                "comments": 0,
                "shares": 0
            },
            "vk": {
                "shares": 0
            }
        }
    },
    "uuid": "37b4134ebf06a679f8b477c241061d2785b3e692",
    "url": "https://www.business-standard.com/markets/capital-market-news/india-nippon-electricals-consolidated-net-profit-rises-27-95-in-the-june-2025-quarter-125081400435_1.html",
    "ord_in_thread": 0,
    "author": "Business Standard",
    "published": "2025-08-14T05:07:00.000+03:00",
    "title": "India Nippon Electricals consolidated net profit rises 27.95% in the June 2025 quarter | Capital Market News - Business Standard",
    "text": "Sales rise 20.45% to Rs 224.70 crore\nNet profit of India Nippon Electricals rose 27.95% to Rs 23.21 crore in the quarter ended June 2025 as against Rs 18.14 crore during the previous quarter ended June 2024. Sales rose 20.45% to Rs 224.70 crore in the quarter ended June 2025 as against Rs 186.55 crore during the previous quarter ended June 2024. Particulars Quarter Ended Jun. 2025 Jun. 2024 % Var. Sales 224.70186.55 20 OPM % 10.128.96 - PBDT 34.6627.16 28 PBT 30.4523.37 30 NP 23.2118.14 28 Powered by Capital Market - Live News\n Disclaimer: No Business Standard Journalist was involved in creation of this content\nDon't miss the most important news and views of the day. Get them on our\nTelegram channel First Published: Aug 14 2025 | 7:37 AM IST",
    "highlightText": "",
    "highlightTitle": "",
    "highlightThreadTitle": "",
    "language": "english",
    "sentiment": "positive",
    "categories": [
        "Economy, Business and Finance",
        "Social Issue",
        "Politics"
    ],
    "topics": [
        "Economy, Business and Finance->financial service",
        "Economy, Business and Finance->business reporting and performance",
        "Politics->national government",
        "Politics->regulation of industry",
        "Politics->economic policy"
    ],
    "ai_allow": true,
    "has_canonical": false,
    "breaking": null,
    "webz_reporter": false,
    "external_links": [
        "https://t.me/bsindiaofficial",
        "https://www.t.me/bsindiaofficial"
    ],
    "external_images": [],
    "internal_images": [],
    "entities": {
        "persons": [],
        "locations": [],
        "organizations": []
    },
    "syndication": {
        "syndicated": false,
        "syndicate_id": null,
        "first_syndicated": false
    },
    "trust": {
        "categories": [
            "trusted_news"
        ],
        "top_news": [],
        "bias": "center",
        "source": {
            "type": null,
            "city": null,
            "state": null,
            "country": null,
            "domain_type": null,
            "agency": null,
            "organization_name": null
        }
    },
    "rating": null,
    "crawled": "2025-08-14T07:23:29.347+03:00",
    "updated": "2025-08-14T07:28:32.000+03:00"
}