{
    "thread": {
        "uuid": "6b97b22457e5fb5b84386f4ff27aaf55de5de0d9",
        "url": "https://www.prokerala.com/news/articles/a1663723.html",
        "site_full": "www.prokerala.com",
        "site": "prokerala.com",
        "site_section": "https://www.prokerala.com/news",
        "site_categories": [
            "alternative_medicine",
            "science",
            "health",
            "astrology",
            "top_news_in",
            "top_news_ph",
            "top_news_pk",
            "top_news_ae",
            "top_news_qa",
            "top_news_sa",
            "top_news_kw",
            "top_news"
        ],
        "section_title": "Latest News Headlines, Top Stories, Today's Headlines, Today's News",
        "site_title": "Prokerala &ndash; Health, Ayurveda, Travel, Astrology, Ringtones, News",
        "title": "Over 1,000 to receive gallantry, service medals on I-Day, J&K bags maximum",
        "title_full": "Over 1,000 to receive gallantry, service medals on I-Day, J&K bags maximum",
        "published": "2025-08-14T07:45:00.000+03:00",
        "replies_count": 0,
        "participants_count": 1,
        "site_type": "news",
        "country": "IN",
        "main_image": "",
        "performance_score": 0,
        "domain_rank": 14345,
        "domain_rank_updated": "2025-06-03T00:00:00.000+03:00",
        "licensing_agency": [],
        "social": {
            "facebook": {
                "likes": 0,
                "comments": 0,
                "shares": 0
            },
            "vk": {
                "shares": 0
            }
        }
    },
    "uuid": "6b97b22457e5fb5b84386f4ff27aaf55de5de0d9",
    "url": "https://www.prokerala.com/news/articles/a1663723.html",
    "ord_in_thread": 0,
    "author": "@prokerala",
    "published": "2025-08-14T07:45:00.000+03:00",
    "title": "Over 1,000 to receive gallantry, service medals on I-Day, J&K bags maximum",
    "text": "New Delhi, Aug 14 : The Ministry of Home Affairs has announced the official list of recipients of medals for Police, Fire Services, Home Guard & Civil Defence, and Correctional Services on the occasion of Independence Day on Friday.\nThe honours include Gallantry Awards, the President's Medal for Distinguished Service, and the Medal for Meritorious Service.\nThis year, a total of 1,090 medals will be conferred, comprising 233 Gallantry Medals, 99 President's Medals for Distinguished Service, and 758 Medals for Meritorious Service.\nIn the Police category, 226 officers and personnel have been selected for the Gallantry Medal, 89 will be honoured with the President's Medal for Distinguished Service, and 635 will receive the Medal for Meritorious Service.\nThe highest number of Gallantry Medals has gone to personnel from Jammu and Kashmir, followed by members of the Central Reserve Police Force (CRPF) and the Border Security Force (BSF).\nFor the Fire Services, 62 awards have been announced, which include six Gallantry Medals, five President's Medals for Distinguished Service, and 51 Medals for Meritorious Service.\nIn the Home Guard and Civil Defence category, the honours will include one Gallantry Medal, three President's Medals for Distinguished Service, and 41 Medals for Meritorious Service.\nFor Correctional Services, two officers will be recognised with the President's Medal for Distinguished Service, while 31 will receive the Medal for Meritorious Service.\nThis annual recognition is a tribute to the bravery, dedication, and distinguished service of officers and personnel across states, union territories, and central armed police forces.\nThe medals will be presented as part of the Independence Day celebrations to acknowledge the exceptional contribution of these individuals in safeguarding law, order, and public safety in the country.",
    "highlightText": "",
    "highlightTitle": "",
    "highlightThreadTitle": "",
    "language": "english",
    "sentiment": "positive",
    "categories": [
        "Politics",
        "Human Interest",
        "Social Issue"
    ],
    "topics": [
        "Politics->political candidates",
        "Politics->national elections",
        "Politics->government",
        "Human Interest->award and prize",
        "Social Issue->diversity, equity and inclusion",
        "Social Issue->social services",
        "Social Issue->demographics"
    ],
    "ai_allow": true,
    "has_canonical": false,
    "breaking": true,
    "webz_reporter": false,
    "external_links": [],
    "external_images": [],
    "internal_images": [],
    "entities": {
        "persons": [],
        "locations": [
            {
                "name": "Kashmir",
                "sentiment": "none"
            }
        ],
        "organizations": [
            {
                "name": "Ministry of Home Affairs",
                "sentiment": "negative",
                "tickers": [
                    {
                        "ticker": null,
                        "exchange": null
                    }
                ]
            },
            {
                "name": "Central Reserve Police Force",
                "sentiment": "none",
                "tickers": []
            },
            {
                "name": "Home Guard & Civil Defence",
                "sentiment": "none",
                "tickers": []
            },
            {
                "name": "Border Security Force",
                "sentiment": "none",
                "tickers": [
                    {
                        "ticker": null,
                        "exchange": null
                    }
                ]
            },
            {
                "name": "Meritorious Service",
                "sentiment": "none",
                "tickers": []
            }
        ]
    },
    "syndication": {
        "syndicated": false,
        "syndicate_id": "6b97b22457e5fb5b84386f4ff27aaf55de5de0d9",
        "first_syndicated": true
    },
    "trust": {
        "categories": [],
        "top_news": [
            "top_news_in",
            "top_news_ph",
            "top_news_pk",
            "top_news_ae",
            "top_news_qa",
            "top_news_sa",
            "top_news_kw",
            "top_news"
        ],
        "bias": null,
        "source": {
            "type": null,
            "city": null,
            "state": null,
            "country": null,
            "domain_type": null,
            "agency": null,
            "organization_name": null
        }
    },
    "rating": null,
    "crawled": "2025-08-14T07:56:54.179+03:00",
    "updated": "2025-08-14T08:06:29.000+03:00"
}