{
    "thread": {
        "uuid": "64f7d86d2c9d1f5ddf7585a61e9dd4a431dd878b",
        "url": "https://news.webindia123.com/news/Articles/World/20250814/4349610.html",
        "site_full": "news.webindia123.com",
        "site": "webindia123.com",
        "site_section": "https://www.webindia123.com",
        "site_categories": [
            "media"
        ],
        "section_title": "Latest News,India news,bollywood news,career guidance,Education,business listings,travel,health,entertainment,videos,food,craft,automobile|webindia123.com ",
        "site_title": null,
        "title": "US to cooperate with Pakistan in areas of critical minerals, hydrocarbons, says State Secy Rubio",
        "title_full": "US to cooperate with Pakistan in areas of critical minerals, hydrocarbons, says State Secy Rubio",
        "published": "2025-08-14T07:17:19.058+03:00",
        "replies_count": 0,
        "participants_count": 0,
        "site_type": "news",
        "country": "IN",
        "main_image": "",
        "performance_score": 0,
        "domain_rank": 19085,
        "domain_rank_updated": "2025-06-03T00:00:00.000+03:00",
        "licensing_agency": [],
        "social": {
            "facebook": {
                "likes": 0,
                "comments": 0,
                "shares": 0
            },
            "vk": {
                "shares": 0
            }
        }
    },
    "uuid": "64f7d86d2c9d1f5ddf7585a61e9dd4a431dd878b",
    "url": "https://news.webindia123.com/news/Articles/World/20250814/4349610.html",
    "ord_in_thread": 0,
    "author": null,
    "published": "2025-08-14T07:17:19.058+03:00",
    "title": "US to cooperate with Pakistan in areas of critical minerals, hydrocarbons, says State Secy Rubio",
    "text": "The US government on Wednesday (local time) stated that it is looking forward to strengthening its cooperation with Pakistan in areas of critical minerals and hydrocarbons, with a renewed focus on economic cooperation in other emerging sectors.",
    "highlightText": "",
    "highlightTitle": "",
    "highlightThreadTitle": "",
    "language": "english",
    "sentiment": "positive",
    "categories": [
        "Politics",
        "Economy, Business and Finance",
        "Social Issue"
    ],
    "topics": [
        "Politics->government",
        "Politics->economic policy",
        "Politics->international relations",
        "Economy, Business and Finance->foreign exchange market",
        "Economy, Business and Finance->energy and resource",
        "Economy, Business and Finance->business strategy and marketing",
        "Social Issue->immigration",
        "Social Issue->communities",
        "Social Issue->social condition"
    ],
    "ai_allow": true,
    "has_canonical": false,
    "breaking": false,
    "webz_reporter": false,
    "external_links": [],
    "external_images": [],
    "internal_images": [],
    "entities": {
        "persons": [],
        "locations": [],
        "organizations": []
    },
    "syndication": {
        "syndicated": false,
        "syndicate_id": null,
        "first_syndicated": false
    },
    "trust": {
        "categories": [],
        "top_news": [],
        "bias": null,
        "source": {
            "type": null,
            "city": null,
            "state": null,
            "country": null,
            "domain_type": null,
            "agency": null,
            "organization_name": null
        }
    },
    "rating": null,
    "crawled": "2025-08-14T07:17:19.058+03:00",
    "updated": "2025-08-14T07:26:35.000+03:00"
}