{
    "thread": {
        "uuid": "ff6a9ec79b77bb10291a0f0fa022189a3c0a8815",
        "url": "https://www.pib.gov.in/PressReleaseIframePage.aspx?PRID=2156248",
        "site_full": "www.pib.gov.in",
        "site": "pib.gov.in",
        "site_section": "https://pib.gov.in/rssmain.aspx?modid=6&lang=1&regid=3",
        "site_categories": [],
        "section_title": "Press Information Bureau ",
        "site_title": "Press Information Bureau",
        "title": "AI Boost for Panchayats: Union Minister Shri Rajiv Ranjan Singh to Launch 'SabhaSaar' today in New Delhi",
        "title_full": "AI Boost for Panchayats: Union Minister Shri Rajiv Ranjan Singh to Launch 'SabhaSaar' today in New Delhi",
        "published": "2025-08-14T03:00:00.000+03:00",
        "replies_count": 0,
        "participants_count": 0,
        "site_type": "news",
        "country": "IN",
        "main_image": "",
        "performance_score": 0,
        "domain_rank": 5852,
        "domain_rank_updated": "2025-06-03T00:00:00.000+03:00",
        "licensing_agency": [],
        "social": {
            "facebook": {
                "likes": 0,
                "comments": 0,
                "shares": 0
            },
            "vk": {
                "shares": 0
            }
        }
    },
    "uuid": "ff6a9ec79b77bb10291a0f0fa022189a3c0a8815",
    "url": "https://www.pib.gov.in/PressReleaseIframePage.aspx?PRID=2156248",
    "ord_in_thread": 0,
    "author": null,
    "published": "2025-08-14T03:00:00.000+03:00",
    "title": "AI Boost for Panchayats: Union Minister Shri Rajiv Ranjan Singh to Launch 'SabhaSaar' today in New Delhi",
    "text": "The Ministry of Panchayati Raj (MoPR) is set to launch SabhaSaar, an Artificial Intelligence (AI)-powered meeting summarization tool designed to automatically generate structured Minutes of Meeting (MoM) from Gram Sabha or other Panchayat meetings’ audio and video recordings.\nThe launch will take place today, in the presence of Union Minister of Panchayati Raj, Shri Rajiv Ranjan Singh alias Lalan Singh and Union Minister of State for Panchayati Raj, Prof. S.P.Singh Baghel in New Delhi.\nSabhaSaar uses advanced AI and Natural Language Processing (NLP) technologies to transcribe spoken discussions, identify key decisions and action points, and produce well-formatted meeting minutes. Integrated with Bhashini, the Government of India’s National Language Translation Mission, the tool currently supports 13 Indian languages, ensuring inclusivity and accessibility for Panchayat functionaries across linguistic backgrounds. The number of languages supported will also gradually be increased in future.\nThe Ministry of Panchayati Raj has urged all States/UTs to utilize the SabhaSaar tool for generating Minutes of Meetings for the Special Gram Sabhas scheduled on 15th August 2025. As a first step all the 1194 GPs of Tripura (including traditional local bodies) shall be using the tool to generate the Minutes for these Special Gram Sabhas.\nSabhaSaar is an initiative that harnesses digital innovations to further strengthen participatory democracy and enhance efficiency in local governance. By significantly reducing the time and effort required for manual documentation, SabhaSaar enables Panchayat officials to focus on governance and service delivery while ensuring transparency and accountability.\n***\nAditi Agrawal",
    "highlightText": "",
    "highlightTitle": "",
    "highlightThreadTitle": "",
    "language": "english",
    "sentiment": "positive",
    "categories": [
        "Science and Technology",
        "Politics",
        "Social Issue"
    ],
    "topics": [
        "Science and Technology->scientific innovation",
        "Science and Technology->information technology and computer science",
        "Science and Technology->technology and engineering",
        "Politics->political development",
        "Politics->government",
        "Politics->local government and authority",
        "Social Issue->communities",
        "Social Issue->social services"
    ],
    "ai_allow": true,
    "has_canonical": false,
    "breaking": null,
    "webz_reporter": false,
    "external_links": [],
    "external_images": [],
    "internal_images": [],
    "entities": {
        "persons": [
            {
                "name": "Shri Rajiv Ranjan Singh",
                "sentiment": "negative"
            },
            {
                "name": "S.P.Singh Baghel",
                "sentiment": "none"
            },
            {
                "name": "Panchayati Raj",
                "sentiment": "none"
            },
            {
                "name": "Lalan Singh",
                "sentiment": "none"
            }
        ],
        "locations": [],
        "organizations": []
    },
    "syndication": {
        "syndicated": false,
        "syndicate_id": "ff6a9ec79b77bb10291a0f0fa022189a3c0a8815",
        "first_syndicated": true
    },
    "trust": {
        "categories": null,
        "top_news": [],
        "bias": null,
        "source": {
            "type": "gov_news",
            "city": [],
            "state": [],
            "country": [],
            "domain_type": null,
            "agency": null,
            "organization_name": null
        }
    },
    "rating": null,
    "crawled": "2025-08-14T07:27:01.986+03:00",
    "updated": "2025-08-14T07:32:10.000+03:00"
}