{
    "thread": {
        "uuid": "61affb67482cf8b6e4f9ed59285bfe5c1a8fa975",
        "url": "https://www.webpronews.com/rusts-sudo-overhaul-backfires-security-flaws-rock-ubuntu-25-10/",
        "site_full": "www.webpronews.com",
        "site": "webpronews.com",
        "site_section": "https://www.golf.einnews.com/live_feed",
        "site_categories": [
            "media",
            "tech"
        ],
        "section_title": "Live Feed Wire - Golf News Today - EIN Presswire",
        "site_title": "WebProNews - Digital Marketing, Technology, and Business News",
        "title": "Rust's Sudo Overhaul Backfires: Security Flaws Rock Ubuntu 25.10",
        "title_full": "Rust's Sudo Overhaul Backfires: Security Flaws Rock Ubuntu 25.10",
        "published": "2025-11-13T00:40:00.000+02:00",
        "replies_count": 0,
        "participants_count": 1,
        "site_type": "news",
        "country": "US",
        "main_image": "https://www.webpronews.com/wp-content/uploads/2025/11/article-1036-1762920903.jpeg",
        "performance_score": 0,
        "domain_rank": 33514,
        "domain_rank_updated": "2025-10-26T23:00:00.000+02:00",
        "licensing_agency": [],
        "social": {
            "facebook": {
                "likes": 0,
                "comments": 0,
                "shares": 0
            },
            "vk": {
                "shares": 0
            }
        }
    },
    "uuid": "61affb67482cf8b6e4f9ed59285bfe5c1a8fa975",
    "url": "https://www.webpronews.com/rusts-sudo-overhaul-backfires-security-flaws-rock-ubuntu-25-10/",
    "ord_in_thread": 0,
    "author": "Ava Callegari",
    "published": "2025-11-13T00:40:00.000+02:00",
    "title": "Rust's Sudo Overhaul Backfires: Security Flaws Rock Ubuntu 25.10",
    "text": "In the ever-evolving landscape of Linux security, Canonical’s bold move to replace the venerable sudo command with a Rust-based alternative in Ubuntu 25.10 has hit a significant snag. Just weeks after the release of the ‘Questing Quokka’ distribution, multiple vulnerabilities have been uncovered in sudo-rs, raising questions about the rush to adopt memory-safe languages for core system utilities.\nUbuntu 25.10, launched in October 2025, marked a pivotal shift by making sudo-rs the default implementation of sudo, as announced by Canonical. This rewrite, developed in partnership with the Trifecta Tech Foundation, aimed to enhance memory safety and reduce vulnerabilities inherent in the original C-based sudo. According to a blog post on Ubuntu’s official site, the update was part of broader security enhancements including TPM-backed full disk encryption and post-quantum cryptography.\nThe Promise of Rust in System Tools\nIndustry experts initially praised the transition. As reported by It’s FOSS, the switch to sudo-rs was seen as a step toward eliminating entire classes of security bugs, with memory safety being a key selling point. Jon Seager, VP of Engineering at Canonical, highlighted in an X post from Ubuntu’s account that this made Ubuntu the first major distribution to adopt sudo-rs by default.\nHowever, the optimism was short-lived. On November 10, 2025, Ubuntu issued a security notice, USN-7867-1, detailing vulnerabilities in sudo-rs. Phoronix reported that one critical issue involves the potential leakage of partially typed passwords if the sudo process times out or is killed, a flaw that could expose sensitive information in multi-user environments.\nVulnerabilities Exposed: A Closer Look\nFurther details from Ubuntu’s security notices reveal two primary issues: local disclosure of partially typed passwords and an authentication bypass under specific conditions. These were discovered shortly after the release, prompting swift patches. As noted in a post on X by Phoronix on November 11, 2025, the problems underscore the challenges of transitioning to new implementations, even in supposedly safer languages like Rust.\nThe timing is particularly ironic given the release’s focus on security. OMG! Ubuntu earlier explained that sudo-rs was chosen for its improved security profile, yet these bugs highlight that no code is immune to errors. Developers from the sudo-rs project acknowledged the issues, with fixes rolled out in updates for Ubuntu 25.10 users.\nIndustry Reactions and Broader Implications\nReactions on X have been mixed. A post from The Lunduke Journal in May 2025 criticized the rewrite, questioning what new features sudo-rs brought beyond ‘absolutely nothing’ compared to the original. More recently, sysxplore’s X update on October 12, 2025, listed sudo-rs as part of Ubuntu’s Rust-heavy updates, including coreutils replacements, which now face scrutiny amid these vulnerabilities.\nExperts warn this could impact Ubuntu’s reputation as a secure platform. According to WebProNews in September 2025, the move was intended to influence other distributions, but flaws might deter adopters. Canonical’s response, as per their blog on Canonical’s site, emphasizes ongoing commitment to Rust for long-term benefits in Ubuntu 26.04 LTS.\nTechnical Breakdown of the Flaws\nDiving deeper, the password leak vulnerability stems from how sudo-rs handles input buffering. Unlike the original sudo, which securely erases passwords from memory, sudo-rs failed to fully obscure them during interruptions, per LinuxSecurity advisories. This could allow malicious actors with local access to recover partial credentials, a risk amplified in shared systems.\nA second flaw involves authentication logic, potentially allowing unauthorized privilege escalation if exploited correctly. Ubuntu’s advisory, echoed in an X post by LinuxSecurity Live Advisory Updates on November 11, 2025, urges immediate updates to mitigate these risks, affecting not just desktops but servers running the distribution.\nCanonical’s Response and Patch Rollout\nCanonical acted quickly, releasing patches via standard update channels. As detailed in How-To Geek on October 9, 2025, the initial release touted sudo-rs as a ‘huge deal’ for security, but post-vulnerability, the company has reinforced its testing processes. Jon Seager addressed community feedback in a video shared on X by Ubuntu in September 2025, acknowledging both supportive and critical comments.\nThe incident has sparked debates on Rust’s role in system software. While StartupNews praised the memory safety benefits for Ubuntu 26.04, critics like those on X point to this as evidence that rewrites introduce new risks, potentially offsetting gains from eliminating C-based vulnerabilities.\nLessons for Linux Ecosystem\nBeyond Ubuntu, this event highlights broader challenges in adopting Rust for core tools. The New Stack noted in its coverage of Ubuntu 25.10 that while innovations like GNOME 49 and Linux Kernel 6.17 are impressive, security hiccups in sudo-rs could disrupt user trust.\nLooking ahead, Canonical plans to refine sudo-rs for the upcoming LTS release. As per Neowin in September 2025, the project is ‘coming together nicely,’ but these vulnerabilities serve as a reminder that thorough auditing is essential. Industry insiders suggest increased community involvement in testing Rust rewrites to prevent similar issues.\nImpact on Users and Future Directions\nFor Ubuntu 25.10 users, the advice is clear: apply updates promptly. Techzine Global reported the distribution’s Rust-based tools as a first for Linux desktops, but security patches are now critical to maintain integrity.\nUltimately, this episode underscores the double-edged sword of innovation in open-source software. While Rust promises safer code, the sudo-rs vulnerabilities in Ubuntu 25.10 illustrate that implementation matters as much as the language itself, setting the stage for more rigorous developments in future releases.",
    "highlightText": "",
    "highlightTitle": "",
    "highlightThreadTitle": "",
    "language": "english",
    "sentiment": "negative",
    "categories": [
        "Science and Technology",
        "Politics"
    ],
    "topics": [
        "Science and Technology->information technology and computer science",
        "Politics->safety of citizens"
    ],
    "ai_allow": true,
    "has_canonical": false,
    "breaking": null,
    "webz_reporter": false,
    "external_links": [
        "https://canonical.com/blog/ubuntu-25-10-security-updates",
        "https://startupnews.fyi/2025/10/28/why-sudo-rs-brings-modern-memory-safety-to-ubuntu-26-04",
        "https://www.phoronix.com/news/sudo-rs-security-ubuntu-25.10",
        "https://www.howtogeek.com/ubuntu-linux-2510-has-arrived/",
        "https://ubuntu.com/security/notices",
        "https://ubuntu.com/blog/ubuntu-25-10-security-updates",
        "https://techzine.eu/news/infrastructure/135411/ubuntu-25-10-questing-quokka-is-available",
        "https://www.omgubuntu.co.uk/2025/05/ubuntu-25-10-rust-sudo-rs-change",
        "https://thenewstack.io/ubuntu-25-10-scraps-x11-for-wayland-a-solid-step-forward",
        "https://www.neowin.net/news/canonical-switches-ubuntu-2510-to-sudo-rs-as-the-default-sudo/",
        "https://linuxsecurity.com/advisories/ubuntu",
        "https://itsfoss.com/news/ubuntu-25-10-sudo-rs/",
        "https://www.thenewstack.io/ubuntu-25-10-scraps-x11-for-wayland-a-solid-step-forward",
        "https://www.howtogeek.com/ubuntu-linux-2510-has-arrived",
        "https://howtogeek.com/ubuntu-linux-2510-has-arrived/",
        "https://www.neowin.net/news/canonical-switches-ubuntu-2510-to-sudo-rs-as-the-default-sudo",
        "https://www.canonical.com/blog/ubuntu-25-10-security-updates",
        "https://neowin.net/news/canonical-switches-ubuntu-2510-to-sudo-rs-as-the-default-sudo/",
        "https://itsfoss.com/news/ubuntu-25-10-sudo-rs",
        "https://www.itsfoss.com/news/ubuntu-25-10-sudo-rs/",
        "https://www.startupnews.fyi/2025/10/28/why-sudo-rs-brings-modern-memory-safety-to-ubuntu-26-04",
        "https://www.ubuntu.com/blog/ubuntu-25-10-security-updates",
        "https://www.ubuntu.com/security/notices",
        "https://phoronix.com/news/sudo-rs-security-ubuntu-25.10",
        "https://omgubuntu.co.uk/2025/05/ubuntu-25-10-rust-sudo-rs-change",
        "https://www.linuxsecurity.com/advisories/ubuntu",
        "https://www.techzine.eu/news/infrastructure/135411/ubuntu-25-10-questing-quokka-is-available"
    ],
    "external_images": [],
    "internal_images": [],
    "entities": {
        "persons": [],
        "locations": [],
        "organizations": [
            {
                "name": "Trifecta Tech Foundation",
                "sentiment": "none",
                "tickers": []
            }
        ]
    },
    "syndication": {
        "syndicated": false,
        "syndicate_id": null,
        "first_syndicated": false
    },
    "trust": {
        "categories": [],
        "top_news": [],
        "bias": null,
        "source": {
            "type": null,
            "city": null,
            "state": null,
            "country": null,
            "domain_type": null,
            "agency": null,
            "organization_name": null
        }
    },
    "rating": null,
    "crawled": "2025-11-13T07:48:32.133+02:00",
    "updated": "2025-11-13T07:53:59.000+02:00"
}