{
    "thread": {
        "uuid": "8d0314035f89e2cb9b5960a4ce7b35daaa3dcfa0",
        "url": "https://www.freepressjournal.in/india/delhi-car-blast-new-cctv-footage-shows-suicide-bomber-dr-muhammad-nabi-visiting-mosque-near-ramlila-maidan-hours-before-explosion",
        "site_full": "www.freepressjournal.in",
        "site": "freepressjournal.in",
        "site_section": "https://news.google.com/search?q=before%20when%3A1h&hl=en-US&gl=US&ceid=US%3Aen",
        "site_categories": [
            "media",
            "top_news_in",
            "top_news"
        ],
        "section_title": "Google News - Search",
        "site_title": "Latest News, Breaking News, Today Headlines, India News, Mumbai News | Free Press Journal",
        "title": "Delhi Car Blast: New CCTV Footage Shows Suicide Bomber Dr Muhammad Nabi Visiting Mosque Near Ramlila Maidan",
        "title_full": "Delhi Car Blast: New CCTV Footage Shows Suicide Bomber Dr Muhammad Nabi Visiting Mosque Near Ramlila Maidan",
        "published": "2025-11-13T06:53:00.000+02:00",
        "replies_count": 0,
        "participants_count": 1,
        "site_type": "news",
        "country": "IN",
        "main_image": "https://media.assettype.com/freepressjournal/2025-11-13/whct1v7m/CCTV-Footage-Of-Dr-Nabi",
        "performance_score": 0,
        "domain_rank": 27409,
        "domain_rank_updated": "2025-10-26T23:00:00.000+02:00",
        "licensing_agency": [],
        "social": {
            "facebook": {
                "likes": 0,
                "comments": 0,
                "shares": 0
            },
            "vk": {
                "shares": 0
            }
        }
    },
    "uuid": "8d0314035f89e2cb9b5960a4ce7b35daaa3dcfa0",
    "url": "https://www.freepressjournal.in/india/delhi-car-blast-new-cctv-footage-shows-suicide-bomber-dr-muhammad-nabi-visiting-mosque-near-ramlila-maidan-hours-before-explosion",
    "ord_in_thread": 0,
    "author": "Sumit Sharma",
    "published": "2025-11-13T06:53:00.000+02:00",
    "title": "Delhi Car Blast: New CCTV Footage Shows Suicide Bomber Dr Muhammad Nabi Visiting Mosque Near Ramlila Maidan",
    "text": "New Delhi: New CCTV footage shows Delhi car blast bomber, Dr Muhammad Umar Nabi, visiting a mosque in Old Delhi hours before carrying out the explosion. The Faiz-e-Ilahi Mosque is located near Ramlila Maidan, opposite Turkman Gate.\nDr Nabi stayed at the mosque for around 10 minutes before moving towards the Red Fort, reported India Today. The footage captures the doctor walking on the Asaf Ali Road. He left for the Red Fort at around 2:30 pm on November 10.\nNew CCTV Footage Of Dr Nabi:\nThe powerful explosion was carried out by Dr Nabi at 6:52 pm on Monday outside the Red Fort Metro Station gate number 1. He detonated his explosive-laden Hyundai i20 car.\nEarlier in the day, DNA tests reportedly confirmed that Dr Nabi drove the Hyundai i20 that exploded near the Red Fort. Media reports claimed that Dr Nabi's DNA sample matched the DNA of his mother. The DNA was matched with Dr Nabi's bones, teeth, and pieces of clothing recovered after the blast, reported NDTV.\nAlmost three hours before the attack, CCTV footage captured him driving the car to the parking lot inside Sunehari Masjid at 3:19 pm on Monday.\nOn Wednesday, the doctor's mother was detained in Pulwama for carrying out DNA tests. \"We have taken the mother of the suspect to collect DNA samples in order to match them with the parts found at the scene of the blast,\" a police official told the news agency PTI.\nAt least 12 people lost their lives, while over 20 were injured in the powerful blast. Dr Nabi reportedly brought the vehicle from a car dealer in Faridabad on October 29. On the same day, he went for pollution testing to get a Pollution Under Control (PUC) certificate. Reports surfaced that the suspected suicide bomber parked the white Hyundai i20 inside the Al-Falah Medical College campus for almost 11 days before the attack.\nAccording to a report by NDTV, Dr Nabi drove the vehicle out of the college on the day of the blast on November 10. However, the Faridabad Police on Wednesday did not officially confirm report.",
    "highlightText": "",
    "highlightTitle": "",
    "highlightThreadTitle": "",
    "language": "english",
    "sentiment": "negative",
    "categories": [
        "Crime, Law and Justice",
        "Politics"
    ],
    "topics": [
        "Crime, Law and Justice->surveillance",
        "Crime, Law and Justice->court",
        "Crime, Law and Justice->terrorism",
        "Politics->political crisis"
    ],
    "ai_allow": true,
    "has_canonical": false,
    "breaking": true,
    "webz_reporter": false,
    "external_links": [],
    "external_images": [],
    "internal_images": [],
    "entities": {
        "persons": [
            {
                "name": "Muhammad Nabi",
                "sentiment": "negative"
            },
            {
                "name": "Muhammad Umar Nabi",
                "sentiment": "negative"
            }
        ],
        "locations": [
            {
                "name": "Ramlila Maidan",
                "sentiment": "none"
            },
            {
                "name": "Red Fort",
                "sentiment": "none"
            },
            {
                "name": "Station",
                "sentiment": "none"
            }
        ],
        "organizations": [
            {
                "name": "Hyundai",
                "sentiment": "none",
                "tickers": [
                    {
                        "ticker": "005380.KS",
                        "exchange": "KOSPI"
                    }
                ]
            },
            {
                "name": "NDTV",
                "sentiment": "none",
                "tickers": [
                    {
                        "ticker": "NDTV",
                        "exchange": "NSE"
                    }
                ]
            },
            {
                "name": "CCTV",
                "sentiment": "none",
                "tickers": [
                    {
                        "ticker": null,
                        "exchange": null
                    }
                ]
            }
        ]
    },
    "syndication": {
        "syndicated": false,
        "syndicate_id": null,
        "first_syndicated": false
    },
    "trust": {
        "categories": [],
        "top_news": [
            "top_news_in",
            "top_news"
        ],
        "bias": null,
        "source": {
            "type": null,
            "city": null,
            "state": null,
            "country": null,
            "domain_type": null,
            "agency": null,
            "organization_name": null
        }
    },
    "rating": null,
    "crawled": "2025-11-13T07:04:02.926+02:00",
    "updated": "2025-11-14T07:05:54.000+02:00"
}