{
    "thread": {
        "uuid": "1dd936c659a6d4aa2e7699c458bcb9dcbda5f93d",
        "url": "https://www.climbing.com/news/why-climbers-hung-el-caps-stop-the-genocide-banner-near-denver/",
        "site_full": "www.climbing.com",
        "site": "climbing.com",
        "site_section": "https://www.climbing.com/rss",
        "site_categories": [
            "climbing",
            "sports"
        ],
        "section_title": "Climbing",
        "site_title": "Climbing Magazine | Bouldering, Sport, Trad, and Alpine Climbing",
        "title": "Colorado Climbers Protest Genocide in Gaza with Same Banner from El Cap",
        "title_full": "Colorado Climbers Protest Genocide in Gaza with Same Banner from El Cap",
        "published": "2025-11-11T02:28:00.000+02:00",
        "replies_count": 0,
        "participants_count": 1,
        "site_type": "news",
        "country": "US",
        "main_image": "https://www.climbing.com/wp-content/uploads/2025/11/20251109-DSC02331-2-scaled.jpg",
        "performance_score": 0,
        "domain_rank": 55955,
        "domain_rank_updated": "2025-10-26T23:00:00.000+02:00",
        "licensing_agency": [],
        "social": {
            "facebook": {
                "likes": 0,
                "comments": 0,
                "shares": 0
            },
            "vk": {
                "shares": 0
            }
        }
    },
    "uuid": "1dd936c659a6d4aa2e7699c458bcb9dcbda5f93d",
    "url": "https://www.climbing.com/news/why-climbers-hung-el-caps-stop-the-genocide-banner-near-denver/",
    "ord_in_thread": 0,
    "author": "Samantha Macilwaine",
    "published": "2025-11-11T02:28:00.000+02:00",
    "title": "Colorado Climbers Protest Genocide in Gaza with Same Banner from El Cap",
    "text": "Climbers displayed the banner, which says \"Stop the Genocide\" in Palestinian colors, above The Canal Zone crag in Denver. (Photo: Giselle Tungol)\nProtest flags might be banned from El Capitan, but there’s no shortage of places to hang them—especially if you recycle.\nA year and a half ago, on June 17, 2024, four climbers in Yosemite captured the attention of El Cap enthusiasts everywhere when they flew a “Stop the Genocide” banner on the granite monolith about 1,500 feet above the ground.\nYesterday, that same banner appeared 789 miles away in Clear Creek Canyon near Denver, Colorado.\nEight climbers, led by Denver-based schoolteacher Parker Schiffer, hung the 25-by-10-foot banner for two hours at The Canal Zone, a roadside crag in Clear Creek Canyon just outside the city of Golden. Between 10:30 a.m. and 12:30 p.m., the banner stretched across three popular sport routes: Walking with a Ghost (5.11b/c), Ivy League (5.10a), and Panama Red (5.10-).\n“A good demonstration inconveniences people a bit,” says Schiffer. The Jewish American schoolteacher says that he was inspired by the photos he saw online of the 2024 El Cap protesters, led by pro climber Miranda Oakley. “There’s this effort to speak up, to remind people that this is ongoing,” he says. “For a climber to do that in a very visible place was really creative.”\nA few months ago, Schiffer reached out to Oakley, who is half Palestinian, and asked to borrow the giant banner. Both climbers are members of Climbers for Palestine, an international group of activists that ran a “Climb the Wall” fundraiser in May to protest Israel’s actions on the Gaza strip, which both the International Association of Genocide Scholars and an independent United Nations inquiry have confirmed as a genocide. Throughout the one-month event, the group raised $95,938 for the Palestinian Red Crescent Society, Middle East Children’s Alliance, and Wadi Climbing.\nThe main goal of the protest in Clear Creek Canyon, Schiffer says, was not to raise money, but awareness. “There are a lot of folks thinking that with the ceasefire, the genocide is over,” he explains. “The lowest-hanging fruit that we can hope for is that our banner helped start a conversation.”\nThe October 9 ceasefire, signed by Israel and Hamas, promised to mitigate the ongoing famine in Gaza, stipulating that Israel would allow 600 aid trucks per day to feed the Gazan people. But by November 6, Israel had only allowed in 28% of those trucks. The past two years have seen far more than just famine: In response to Hamas killing 1,195 people in Israel on October 7, 2023, Israeli forces have killed more than 68,000 Palestinians, including 10,000 women and 20,000 children, according to the Palestinian Ministry of Health.\nAs part of Climbers for Palestine, Schiffer believes that the International Federation of Sport Climbing (IFSC) should respond to the ongoing genocide by banning Israeli athletes, just like the organization banned Russian and Belarusian athletes following Russia’s 2022 invasion of Ukraine. He also urges Americans to call their representatives and demand an immediate arms embargo to Israel.\nWhile hanging flags and banners from cliffs has become an increasingly popular way for climbers to raise awareness about certain issues, it’s also seen backlash from the land managers where these displays occur. After the most recent El Cap banner protest in May 2025, Yosemite banned large flags, then fired an involved employee. Many supported the no-flag rule, saying that mountains and cliffs should not be used as community message boards.\nBut Schiffer disagrees. “Sport is political,” he says. “We know that because we saw sport helping to end Apartheid in South Africa. We see it currently with the Olympics and the IFSC banning Russia … Climbing is no different.”\nHe adds that he enjoys the “immense privilege” of being able to climb and not think about politics—something his friends in Ramallah, a city in the West Bank, do not share. As a Denver resident, Schiffer can reach Clear Creek Canyon in 40 minutes on evenings and weekends. “Our friends in Palestine live even closer to their crag, but it can take them three times longer to get there because they’re going through military checkpoints. Then there are settlers there, the IDF there, and maybe Israeli climbers there who will call the IDF,” he says. If they get to climb at all, it will certainly not be without a reminder of the occupation.\nSchiffer has no plans to organize a cross-country tour for the banner. However, if other climbers want to borrow it and display it to their communities, he says he would be “thrilled” to pass it along.",
    "highlightText": "",
    "highlightTitle": "",
    "highlightThreadTitle": "",
    "language": "english",
    "sentiment": "negative",
    "categories": [
        "Politics",
        "Social Issue"
    ],
    "topics": [
        "Politics->political process",
        "Politics->human rights",
        "Politics->political dissent",
        "Social Issue->social condition"
    ],
    "ai_allow": true,
    "has_canonical": false,
    "breaking": null,
    "webz_reporter": false,
    "external_links": [
        "https://english.palinfo.com/news/2025/11/06/351156/",
        "https://www.banisraelfromifsc.com/",
        "https://www.ipcinfo.org/ipc-country-analysis/details-map/en/c/1159696/?iso3=PSE",
        "https://www.pbs.org/newshour/politics/hamas-reaffirms-commitment-to-ceasefire-as-delays-in-returning-hostages-bodies-fray-nerves",
        "https://www.ohchr.org/en/press-releases/2025/09/israel-has-committed-genocide-gaza-strip-un-commission-finds",
        "https://app.powerbi.com/view?r=eyJrIjoiODAxNTYzMDYtMjQ3YS00OTMzLTkxMWQtOTU1NWEwMzE5NTMwIiwidCI6ImY2MTBjMGI3LWJkMjQtNGIzOS04MTBiLTNkYzI4MGFmYjU5MCIsImMiOjh9",
        "https://genocidescholars.org/wp-content/uploads/2025/08/IAGS-Resolution-on-Gaza-FINAL.pdf?utm_source=substack&utm_medium=email",
        "https://go.rallyup.com/climbthewall2025/Campaign/Details",
        "https://banisraelfromifsc.com/",
        "https://www.go.rallyup.com/climbthewall2025/Campaign/Details",
        "https://pbs.org/newshour/politics/hamas-reaffirms-commitment-to-ceasefire-as-delays-in-returning-hostages-bodies-fray-nerves",
        "https://ipcinfo.org/ipc-country-analysis/details-map/en/c/1159696/?iso3=PSE",
        "https://english.palinfo.com/news/2025/11/06/351156",
        "https://www.english.palinfo.com/news/2025/11/06/351156/",
        "https://app.powerbi.com/view",
        "https://genocidescholars.org/wp-content/uploads/2025/08/IAGS-Resolution-on-Gaza-FINAL.pdf",
        "https://ohchr.org/en/press-releases/2025/09/israel-has-committed-genocide-gaza-strip-un-commission-finds",
        "https://www.genocidescholars.org/wp-content/uploads/2025/08/IAGS-Resolution-on-Gaza-FINAL.pdf?utm_source=substack&utm_medium=email",
        "https://www.ipcinfo.org/ipc-country-analysis/details-map/en/c/1159696/",
        "https://www.banisraelfromifsc.com",
        "https://www.app.powerbi.com/view?r=eyJrIjoiODAxNTYzMDYtMjQ3YS00OTMzLTkxMWQtOTU1NWEwMzE5NTMwIiwidCI6ImY2MTBjMGI3LWJkMjQtNGIzOS04MTBiLTNkYzI4MGFmYjU5MCIsImMiOjh9"
    ],
    "external_images": [],
    "internal_images": [],
    "entities": {
        "persons": [
            {
                "name": "Parker Schiffer",
                "sentiment": "none"
            }
        ],
        "locations": [
            {
                "name": "Gaza",
                "sentiment": "none"
            },
            {
                "name": "Clear Creek",
                "sentiment": "none"
            }
        ],
        "organizations": [
            {
                "name": "Colorado Climbers Protest Genocide",
                "sentiment": "negative",
                "tickers": []
            }
        ]
    },
    "syndication": {
        "syndicated": false,
        "syndicate_id": null,
        "first_syndicated": false
    },
    "trust": {
        "categories": [],
        "top_news": [],
        "bias": null,
        "source": {
            "type": null,
            "city": null,
            "state": null,
            "country": null,
            "domain_type": null,
            "agency": null,
            "organization_name": null
        }
    },
    "rating": null,
    "crawled": "2025-11-13T07:37:44.317+02:00",
    "updated": "2025-11-13T07:43:54.000+02:00"
}