{
    "thread": {
        "uuid": "61d7173e32cad1e6b2326c08391376e80e9db75f",
        "url": "https://uk.news.yahoo.com/utter-hypocrisy-tobacco-firm-lobbied-040013143.html",
        "site_full": "uk.news.yahoo.com",
        "site": "yahoo.com",
        "site_section": "https://world.einnews.com/ajax/headlines",
        "site_categories": [
            "media",
            "top_news_ru",
            "top_news_ar",
            "top_news_cz",
            "top_news_nz",
            "top_news_au",
            "top_news_jp",
            "top_news_ae",
            "top_news_ua",
            "top_news_tr",
            "top_news_us",
            "top_news_at",
            "top_news_tw",
            "top_news_pt",
            "top_news_pl",
            "top_news_gb",
            "top_news_th",
            "top_news_kr",
            "top_news_sa",
            "top_news_co",
            "top_news_vn",
            "top_news_hu",
            "top_news_sg",
            "top_news_ph",
            "top_news_rs",
            "top_news_bg",
            "top_news_br",
            "top_news_hk",
            "top_news_nl",
            "top_news_qa",
            "top_news_hr",
            "top_news_ie",
            "top_news_ro",
            "top_news_pk",
            "top_news_se",
            "top_news_id",
            "top_news_dk",
            "top_news_de",
            "top_news_eg",
            "top_news_it",
            "top_news_pe",
            "top_news_sk",
            "top_news_ch",
            "top_news_za",
            "top_news_ma",
            "top_news_my",
            "top_news_il",
            "top_news_kw",
            "top_news_in",
            "top_news_fr",
            "top_news_ve",
            "top_news_fi",
            "top_news_be",
            "top_news_mx",
            "top_news_no",
            "top_news_ca",
            "top_news_cl",
            "top_news_iq",
            "top_news_gr",
            "top_news_es",
            "top_news"
        ],
        "section_title": "",
        "site_title": "Latest news and today's top stories | Yahoo News UK",
        "title": "'Utter hypocrisy': tobacco firm lobbied against rules in Africa that are law in UK - Yahoo News UK",
        "title_full": "'Utter hypocrisy': tobacco firm lobbied against rules in Africa that are law in UK - Yahoo News UK",
        "published": "2025-11-13T06:00:00.000+02:00",
        "replies_count": 0,
        "participants_count": 1,
        "site_type": "news",
        "country": "US",
        "main_image": "https://media.zenfs.com/en/theguardian_763/bc2fb732944ce5e7f1d41a75519b937f",
        "performance_score": 0,
        "domain_rank": 53,
        "domain_rank_updated": "2025-10-26T23:00:00.000+02:00",
        "licensing_agency": [],
        "social": {
            "facebook": {
                "likes": 0,
                "comments": 0,
                "shares": 0
            },
            "vk": {
                "shares": 0
            }
        }
    },
    "uuid": "61d7173e32cad1e6b2326c08391376e80e9db75f",
    "url": "https://uk.news.yahoo.com/utter-hypocrisy-tobacco-firm-lobbied-040013143.html",
    "ord_in_thread": 0,
    "author": "Kat Lay, Global health correspondent",
    "published": "2025-11-13T06:00:00.000+02:00",
    "title": "'Utter hypocrisy': tobacco firm lobbied against rules in Africa that are law in UK - Yahoo News UK",
    "text": "‘Utter hypocrisy’: tobacco firm lobbied against rules in Africa that are law in UK Kat Lay, Global health correspondent Thu 13 November 2025 at 4:00 am UTC 4 min read\nTobacco plants growing in a nursery in Zambia. BAT sought the removal of broad restrictions on flavoured tobacco products in the draft bill. Photograph: Tobacco Board of Zambia British American Tobacco has been accused of “utter hypocrisy” for lobbying against tobacco control measures in Africa that are already in place in the UK.\nA letter seen by the Guardian, sent from the company’s subsidiary in Zambia to the country’s government ministers, asks for plans to ban tobacco advertising and sponsorship to be abandoned or delayed.\nThe tobacco firm seeks changes to a draft bill that include reductions in the proposed size of graphic health warnings on cigarette packaging, the removal of restrictions on flavoured tobacco products, and watered-down penalties for any firms breaking the new laws.\nAdvertisement Advertisement Advertisement Advertisement “If I was a politician, I would say that they permit the protection of the British people and perpetuate the death of the Zambian people,” said Master Chimbala, a Zambian anti-tobacco campaigner.\nMore than 7,000 Zambians a year die from tobacco-related illnesses, according to World Health Organization (WHO) estimates .\nChimbala said the letter was understood to have been copied to several government departments and was in circulation among civil society groups.\nIt comes amid wider concerns about industry interference with health policies. Last month, WHO officials issued a warning that the tobacco industry was intensifying efforts to weaken global control measures.\nAdvertisement Advertisement Advertisement Advertisement Jorge Alday, director of the tobacco industry watchdog STOP at health organisation Vital Strategies, said: “We see evidence of industry lobbying everywhere. Tobacco company fingerprints are on delayed tax increases in Indonesia, stalled legislation in Zambia and even a weakened declaration at the UN high-level meeting on NCDs .\n“If a tobacco control measure isn’t passed because of this letter, the price could be paid in lives of people who might otherwise quit smoking.”\nThe tobacco control bill going through Zambia’s parliament includes proposals to go further than UK legislation by also applying to e-cigarettes, and mandating that graphic health warnings cover 75% of product packaging.\nIn the letter, BAT suggests this be reduced to 30% or 50% “within the WHO-FCTC [Framework Convention on Tobacco Control] recommended threshold”, delayed for at least 12 months after the bill passes.\nAdvertisement Advertisement Advertisement Advertisement The WHO in fact recommends a warning should cover at least 50% of the front of a pack “and aim to cover as much of the principal display areas as possible”. In the UK, warnings must cover 65% of a packet’s front and back.\nBAT asks for the removal of broad restrictions on flavoured tobacco products, suggesting that it would push consumers toward “illegally traded” products. It suggests prohibiting a smaller list of “flavours based on desserts, candy, energy drinks, soft drinks and alcohol drinks”. All flavoured cigarettes have been banned in the UK since 2020.\nThe draft bill suggests penalties for various offences “ranging from a percentage of annual turnover to 10 years’ imprisonment”.\nIn the letter, Mukubesa Maliande, managing director of British American Tobacco (Zambia) plc, says the firm is “committed to good corporate behaviour” and “supports the objectives of governments to reduce smoking incidence and the associated health impact” but claims that “some regulations can have unwelcome and unexpected consequences.”\nAdvertisement Advertisement Advertisement Advertisement Chimbala said BAT’s proposed changes would “weaken this legislation so much that the impact needed for it to cause long-term change in society will not be achieved”.\nThe fact that many such provisions existed in the UK, where BAT is headquartered, was “utter hypocrisy itself”, he said.\n“We live in a global village. If I plant tobacco in my back yard and harvest that and sell it out – and my children do not consume tobacco, but my neighbour’s children do … to enrich myself and all the generations of my children while my neighbour’s children are dying … is in itself total emotional, moral and spiritual bankruptcy.”\nTobacco control legislation in the UK or elsewhere had not caused companies to close, Chimbala said. “Legislation never shuts down the industry. It only protects the people.”\nAdvertisement Advertisement Advertisement Advertisement A BAT Zambia spokesperson said: “BAT Zambia conducts its business in compliance with applicable local laws. Further, the company participates in the country’s legislative process in line with the relevant frameworks which provide for stakeholder participation in policymaking.”\nThe company was “not opposed to regulation”, they said, adding that underage people should be protected from access to tobacco and nicotine.\n“We advocate for progressive regulation to achieve intended public health goals, while acknowledging the spectrum of rights and obligations on industry, consumers and related stakeholders,” they said, adding that BAT’s proposals “reflect the realities of the Zambian market and tobacco industry, which includes rising levels of illicit trade”.\nZambia’s department of trade, commerce and industry was approached for comment.\nAdvertisement About our ads",
    "highlightText": "",
    "highlightTitle": "",
    "highlightThreadTitle": "",
    "language": "english",
    "sentiment": "negative",
    "categories": [
        "Social Issue",
        "Politics"
    ],
    "topics": [
        "Social Issue->ethics",
        "Politics->lobbying",
        "Politics->government policy"
    ],
    "ai_allow": true,
    "has_canonical": false,
    "breaking": null,
    "webz_reporter": false,
    "external_links": [
        "https://s.yimg.com/os/creatr-uploaded-images/2020-11/353f7b60-335d-11eb-b7ba-80dd814cc03d",
        "https://s.yimg.com/ny/api/res/1.2/BkMhUQX1E_1jVIqSeiK4_g--/YXBwaWQ9aGlnaGxhbmRlcjt3PTE0NDtoPTYwO2NmPXdlYnA-/https://s.yimg.com/os/creatr-uploaded-images/2020-11/4fe22d50-335d-11eb-9df1-868f0c469a05",
        "https://www.theguardian.com/international",
        "https://s.yimg.com/ny/api/res/1.2/bxOfiq2BAR9goh5MD92xAw--/YXBwaWQ9aGlnaGxhbmRlcjt3PTEyNDI7aD03NDY7Y2Y9d2VicA--/https://media.zenfs.com/en/theguardian_763/af45a7c9af64eaed7347dc521d175d1b",
        "https://www.legislation.gov.uk/uksi/2016/507/part/2",
        "https://www.who.int/europe/activities/encouraging-health-warnings-on-tobacco-packaging",
        "https://s.yimg.com/ny/api/res/1.2/6wJKfsidNzMXVUW_9xneSQ--/YXBwaWQ9aGlnaGxhbmRlcjt3PTI0MDA7aD0xNDQyO2NmPXdlYnA-/https://media.zenfs.com/en/theguardian_763/af45a7c9af64eaed7347dc521d175d1b",
        "https://s.yimg.com/ny/api/res/1.2/rtZQGQVs1UPoV9aD73OqpA--/YXBwaWQ9aGlnaGxhbmRlcjt3PTE0NDtoPTYwO2NmPXdlYnA-/https://s.yimg.com/os/creatr-uploaded-images/2020-11/353f7b60-335d-11eb-b7ba-80dd814cc03d",
        "https://uniatf.who.int/docs/librariesprovider22/default-document-library/zambia-tc-policy-brief.pdf?sfvrsn=ceb6eaba_1",
        "https://www.s.yimg.com/ny/api/res/1.2/6wJKfsidNzMXVUW_9xneSQ--/YXBwaWQ9aGlnaGxhbmRlcjt3PTI0MDA7aD0xNDQyO2NmPXdlYnA-/https://www.media.zenfs.com/en/theguardian_763/af45a7c9af64eaed7347dc521d175d1b",
        "https://www.s.yimg.com/ny/api/res/1.2/BkMhUQX1E_1jVIqSeiK4_g--/YXBwaWQ9aGlnaGxhbmRlcjt3PTE0NDtoPTYwO2NmPXdlYnA-/https://www.s.yimg.com/os/creatr-uploaded-images/2020-11/4fe22d50-335d-11eb-9df1-868f0c469a05",
        "https://who.int/europe/activities/encouraging-health-warnings-on-tobacco-packaging",
        "https://www.s.yimg.com/ny/api/res/1.2/rtZQGQVs1UPoV9aD73OqpA--/YXBwaWQ9aGlnaGxhbmRlcjt3PTE0NDtoPTYwO2NmPXdlYnA-/https://www.s.yimg.com/os/creatr-uploaded-images/2020-11/353f7b60-335d-11eb-b7ba-80dd814cc03d",
        "https://www.s.yimg.com/os/creatr-uploaded-images/2020-11/353f7b60-335d-11eb-b7ba-80dd814cc03d",
        "https://www.uniatf.who.int/docs/librariesprovider22/default-document-library/zambia-tc-policy-brief.pdf?sfvrsn=ceb6eaba_1",
        "https://legislation.gov.uk/uksi/2016/507/part/2",
        "https://uniatf.who.int/docs/librariesprovider22/default-document-library/zambia-tc-policy-brief.pdf",
        "https://www.s.yimg.com/ny/api/res/1.2/bxOfiq2BAR9goh5MD92xAw--/YXBwaWQ9aGlnaGxhbmRlcjt3PTEyNDI7aD03NDY7Y2Y9d2VicA--/https://www.media.zenfs.com/en/theguardian_763/af45a7c9af64eaed7347dc521d175d1b",
        "https://theguardian.com/international"
    ],
    "external_images": [],
    "internal_images": [],
    "entities": {
        "persons": [],
        "locations": [
            {
                "name": "Africa",
                "sentiment": "none"
            }
        ],
        "organizations": [
            {
                "name": "Tobacco Board of Zambia British American Tobacco",
                "sentiment": "none",
                "tickers": []
            },
            {
                "name": "UTC",
                "sentiment": "none",
                "tickers": [
                    {
                        "ticker": null,
                        "exchange": null
                    }
                ]
            }
        ]
    },
    "syndication": {
        "syndicated": false,
        "syndicate_id": null,
        "first_syndicated": false
    },
    "trust": {
        "categories": null,
        "top_news": [
            "top_news_ru",
            "top_news_ar",
            "top_news_cz",
            "top_news_nz",
            "top_news_au",
            "top_news_jp",
            "top_news_ae",
            "top_news_ua",
            "top_news_tr",
            "top_news_us",
            "top_news_at",
            "top_news_tw",
            "top_news_pt",
            "top_news_pl",
            "top_news_gb",
            "top_news_th",
            "top_news_kr",
            "top_news_sa",
            "top_news_co",
            "top_news_vn",
            "top_news_hu",
            "top_news_sg",
            "top_news_ph",
            "top_news_rs",
            "top_news_bg",
            "top_news_br",
            "top_news_hk",
            "top_news_nl",
            "top_news_qa",
            "top_news_hr",
            "top_news_ie",
            "top_news_ro",
            "top_news_pk",
            "top_news_se",
            "top_news_id",
            "top_news_dk",
            "top_news_de",
            "top_news_eg",
            "top_news_it",
            "top_news_pe",
            "top_news_sk",
            "top_news_ch",
            "top_news_za",
            "top_news_ma",
            "top_news_my",
            "top_news_il",
            "top_news_kw",
            "top_news_in",
            "top_news_fr",
            "top_news_ve",
            "top_news_fi",
            "top_news_be",
            "top_news_mx",
            "top_news_no",
            "top_news_ca",
            "top_news_cl",
            "top_news_iq",
            "top_news_gr",
            "top_news_es",
            "top_news"
        ],
        "bias": "center",
        "source": {
            "type": null,
            "city": null,
            "state": null,
            "country": null,
            "domain_type": null,
            "agency": null,
            "organization_name": null
        }
    },
    "rating": null,
    "crawled": "2025-11-13T07:46:28.372+02:00",
    "updated": "2025-11-13T07:51:55.000+02:00"
}