{
    "thread": {
        "uuid": "8db7b52bf7a5b1b3d84576dc71b45ba56f03acbc",
        "url": "https://democraticunderground.com/113347977",
        "site_full": "democraticunderground.com",
        "site": "democraticunderground.com",
        "site_section": "https://democraticunderground.com/index.php",
        "site_categories": [],
        "section_title": "Democratic Underground: Forums for U.S. Liberals and Democrats",
        "site_title": null,
        "title": "Arab leaders endorse $53bn plan to rebuild Gaza as alternative to Trump idea",
        "title_full": "Arab leaders endorse $53bn plan to rebuild Gaza as alternative to Trump idea",
        "published": "2025-03-06T00:14:00.000+02:00",
        "replies_count": 0,
        "participants_count": 1,
        "site_type": "news",
        "country": "US",
        "main_image": "https://www.democraticunderground.com/imgs/du100x100.gif",
        "performance_score": 0,
        "domain_rank": 11123,
        "domain_rank_updated": "2025-03-03T23:00:00.000+02:00",
        "social": {
            "facebook": {
                "likes": 0,
                "comments": 0,
                "shares": 0
            },
            "vk": {
                "shares": 0
            }
        }
    },
    "uuid": "8db7b52bf7a5b1b3d84576dc71b45ba56f03acbc",
    "url": "https://democraticunderground.com/113347977",
    "ord_in_thread": 0,
    "parent_url": null,
    "author": "Yo Mama Been Loggin",
    "published": "2025-03-06T00:14:00.000+02:00",
    "title": "Arab leaders endorse $53bn plan to rebuild Gaza as alternative to Trump idea",
    "text": "Arab leaders have endorsed a $53bn (£42bn) plan to rebuild Gaza under the future administration of the Palestinian Authority (PA), in a rushed attempt to present an alternative to Donald Trump’s idea for a property development-style plan. Trump’s suggestion involved a relocation of the Palestinian population that has been widely criticised as effectively endorsing ethnic cleansing. The prospect of the PA governing Gaza remains far from certain, however, with Israel having ruled out any future role for the body, and Trump having closed the Palestine Liberation Organisation (PLO) liaison office in Washington during his first term while stepping up support for Israel. In response, the Israeli foreign ministry said the reconstruction plan “failed to address” the realities of the situation following Hamas’ 7 October attack, adding that it did not mention the killing and kidnapping of Israelis during the attack or criticise Hamas. https://www.theguardian.com/world/2025/mar/04/egypt-proposes-53bn-gaza-rebuild-as-alternative-to-trump-plan",
    "highlightText": "",
    "highlightTitle": "",
    "highlightThreadTitle": "",
    "language": "english",
    "sentiment": "positive",
    "categories": [
        "Politics",
        "Economy, Business and Finance"
    ],
    "topics": [
        "Politics->political development",
        "Politics->international relations",
        "Politics->government policy",
        "Economy, Business and Finance->financial and economic news",
        "Economy, Business and Finance->economy",
        "Economy, Business and Finance->business governance"
    ],
    "ai_allow": true,
    "has_canonical": false,
    "breaking": false,
    "webz_reporter": false,
    "external_links": [],
    "external_images": [],
    "entities": {
        "persons": [
            {
                "name": "Donald Trump",
                "sentiment": "none"
            }
        ],
        "locations": [
            {
                "name": "Gaza",
                "sentiment": "none"
            }
        ],
        "organizations": [
            {
                "name": "Hamas",
                "sentiment": "none",
                "tickers": []
            },
            {
                "name": "PLO",
                "sentiment": "none",
                "tickers": []
            }
        ]
    },
    "syndication": {
        "syndicated": false,
        "syndicate_id": null,
        "first_syndicated": false
    },
    "trust": null,
    "rating": null,
    "crawled": "2025-03-06T00:23:48.449+02:00",
    "updated": "2025-03-06T00:23:48.449+02:00"
}