{
    "thread": {
        "uuid": "bd72a9973f629ac0baeeb6aeedf26b63407af53f",
        "url": "https://www.defensedaily.com/sasc-chair-encouraged-by-trumps-plan-for-new-white-house-shipbuilding-office/navy-usmc",
        "site_full": "www.defensedaily.com",
        "site": "defensedaily.com",
        "site_section": "https://news.google.com/search?q=by%20when%3A1h&hl=en-US&gl=US&ceid=US%3Aen",
        "site_categories": [
            "media"
        ],
        "section_title": "Google News - Search",
        "site_title": null,
        "title": "SASC Chair 'Encouraged' By Trump's Plan For New White House Shipbuilding Office - Defense Daily",
        "title_full": "SASC Chair 'Encouraged' By Trump's Plan For New White House Shipbuilding Office - Defense Daily",
        "published": "2025-03-06T00:12:00.000+02:00",
        "replies_count": 0,
        "participants_count": 1,
        "site_type": "news",
        "country": "US",
        "main_image": "https://www.defensedaily.com/wp-content/uploads/2024/03/featured-cno-acmc-wicker-lha-8-rh-march-4-2024-2-edit-scaled.jpg",
        "performance_score": 0,
        "domain_rank": 66826,
        "domain_rank_updated": "2025-03-03T23:00:00.000+02:00",
        "social": {
            "facebook": {
                "likes": 0,
                "comments": 0,
                "shares": 0
            },
            "vk": {
                "shares": 0
            }
        }
    },
    "uuid": "bd72a9973f629ac0baeeb6aeedf26b63407af53f",
    "url": "https://www.defensedaily.com/sasc-chair-encouraged-by-trumps-plan-for-new-white-house-shipbuilding-office/navy-usmc",
    "ord_in_thread": 0,
    "parent_url": null,
    "author": "Matthew Beinart",
    "published": "2025-03-06T00:12:00.000+02:00",
    "title": "SASC Chair 'Encouraged' By Trump's Plan For New White House Shipbuilding Office - Defense Daily",
    "text": "The chair of the Senate Armed Services Committee said Wednesday he’s “encouraged” by President Trump’s plan to establish a new office in the White House dedicated to bolstering domestic shipbuilding.\nSen. Roger Wicker (R-Miss.), the SASC chair, noted he had not heard of the plan to stand up an Office of Shipbuilding before Trump’s announcement on Tuesday evening during his joint address to Congress, adding “it may have been running through some minds” as to why the office will be housed in the executive branch rather than the Department of the Navy.\nFormer Chief of Naval Operations Adm. Lisa Franchetti and Assistant Commandant of the Marine Corps Gen. Christopher Mahoney and Sen. Roger Wicker (R-Miss) visited HII’s Ingalls Shipbuilding division on March 4, 2024. (Photo: HII)\n“How [the office] will work, I do not know. But I know that the message coming out of that presidential address last night was we need to get busy in a hurry rebuilding our ships both non-military and DoD. And I was encouraged. How it will work will be fleshed out. Our friends in the Navy need not worry, this is going to be an assist,” Wicker said in remarks at the Reagan Institute’s National Security Innovation Base Summit.\nTrump, in his address, said the new office will focus on both military and commercial shipbuilding, to include offering tax incentives to help improve domestic capacity.\n“To boost our defense industrial base, we are also going to resurrect the American shipbuilding industry, including commercial shipbuilding and military shipbuilding,” Trump said. “[We will] offer special tax incentives to bring this [shipbuilding] industry home to America, where it belongs. We used to make so many ships. We don’t make them anymore very much. But we’re going to make them very fast very soon.”\nWicker has pushed for building a 355-ship Navy, and last year released a defense investment plan that called for having the shipyard and industrial base capacity to build three attack submarines per year, going after multi-year procurement of amphibious warships and accelerating procurement of underwater vessels and unmanned surface vessels ( Defense Daily , May 29 2024).\n“[This new office is] the best opportunity we’ve had to get the submarines we need in the Pacific, to get the fleet of littoral and destroyer ships that we’ve needed for so long and try quickly to catch back up with China on their rate of shipbuilding,” Wicker said in his remarks.\nWhile no additional details have been released beyond what Trump announced during his speech, Rep. Rob Wittman (R-Va.) told reporters on Tuesday he believes the new shipbuilding office could have a focus on bolstering industrial capacity, specifically by getting after workforce challenges.\n“I tell folks, the top three elements we need to do to get shipbuilding back to where it needs to be are workforce, workforce and workforce. That’s the foundation of this. So hopefully this [office] will reinvigorate the effort on workforce,” Wittman said following his remarks at the Reagan Institute event in response to a question from Defense Daily . “I think it prioritizes [shipbuilding]. It elevates it. It puts it under the president. I think what it can do is it can look at the shipbuilding enterprise in general. We want to make sure we have a robust shipbuilding capacity, which includes commercial shipbuilding and gray hulls and military shipbuilding. Building that capacity is going to let us be able to catch up to the Chinese.”\nWittman, a senior member of the House Armed Services Committee, said domestic shipbuilding capacity is currently in a “really precarious position.”\n“It’s not only about what we face [ahead] but it’s even just trying to keep up with what we’re supposed to do, [like] building two Virginia -class [submarines] a year. You know, we’re struggling to get there, building ships at a pace that is even close to what we did just two decades ago. So this [office] I think reinvigorates it and reprioritizes it,” Wittman told reporters.\nJohn Phelan, the financier nominated to be the next Navy secretary, told lawmakers during his confirmation hearing last week that Trump has been pushing him to focus on shipbuilding and cited the SHIPS Act as an opportunity to support that effort ( Defense Daily , Feb. 27).\nA bipartisan and bicameral group of legislators are expected to soon reintroduce the SHIPS for America Act that is aimed at significantly expanding domestic production of U.S. merchant vessels, boosting the U.S. shipbuilding industrial base for military and commercial vessels by establishing a 25 percent investment tax credit for shipyard investments and making new investments in the maritime workforce ( Defense Daily , Feb. 28).\nMatthew Paxton, president of the Shipbuilders Council of America, offered support for the new shipbuilding office and that group intends to work with the White House once the effort is underway.\n“We applaud the creation of the White House Office of Shipbuilding and the entire shipyard industrial base not only stands at the ready to work with the new Office of U.S. Shipbuilding but we are also ready to answer the call to design and build America’s commercial and military fleets. By fully utilizing the existing domestic shipyard capacity, the shipyard industrial base can meet the growing demands of national defense, restore American competitiveness, and create thousands of skilled jobs in communities across the nation,” Paxton said in a statement.\nByron Callan, an analyst with Capital Alpha Partners, said Wednesday the announcement of the new shipbuilding office “may only matter” if it’s paired with more funding for naval ship construction and additional incentives for commercial shipbuilding.\n“The U.S. has a very steep climb to be competitive with the commercial shipbuilding enterprises in China and South Korea, though Korean investment in U.S. shipyards will help,” Callan wrote.",
    "highlightText": "",
    "highlightTitle": "",
    "highlightThreadTitle": "",
    "language": "english",
    "sentiment": "positive",
    "categories": [
        "Politics",
        "Economy, Business and Finance",
        "Human Interest"
    ],
    "topics": [
        "Politics->defence",
        "Politics->government policy",
        "Economy, Business and Finance->business governance"
    ],
    "ai_allow": true,
    "has_canonical": false,
    "breaking": true,
    "webz_reporter": false,
    "external_links": [],
    "external_images": [],
    "entities": {
        "persons": [
            {
                "name": "Trump",
                "sentiment": "negative"
            },
            {
                "name": "Roger Wicker",
                "sentiment": "none"
            }
        ],
        "locations": [],
        "organizations": [
            {
                "name": "Senate Armed Services Committee",
                "sentiment": "negative",
                "tickers": []
            },
            {
                "name": "SASC",
                "sentiment": "none",
                "tickers": []
            }
        ]
    },
    "syndication": {
        "syndicated": false,
        "syndicate_id": null,
        "first_syndicated": false
    },
    "trust": null,
    "rating": null,
    "crawled": "2025-03-06T00:30:18.753+02:00",
    "updated": "2025-03-06T01:17:15.308+02:00"
}