{
    "thread": {
        "uuid": "8a2aa30c66b641930f1303d400f67353eeccb8d0",
        "url": "https://www.newsbreak.com/fox-56-1590549/3842325034702-suspect-in-kabul-airport-bombing-extradited-to-u-s",
        "site_full": "www.newsbreak.com",
        "site": "newsbreak.com",
        "site_section": "https://www.newsbreak.com/fox-56-1590549",
        "site_categories": [
            "under_construction"
        ],
        "section_title": "FOX 56&#x27;s Home Page | NewsBreak",
        "site_title": null,
        "title": "Suspect in Kabul airport bombing extradited to U.S. - NewsBreak",
        "title_full": "Suspect in Kabul airport bombing extradited to U.S. - NewsBreak",
        "published": "2025-03-06T00:18:00.000+02:00",
        "replies_count": 0,
        "participants_count": 0,
        "site_type": "news",
        "country": "US",
        "main_image": "https://img.particlenews.com/img/id/20eWXG_0zScIFz700",
        "performance_score": 0,
        "domain_rank": 3319,
        "domain_rank_updated": "2025-03-03T23:00:00.000+02:00",
        "social": {
            "facebook": {
                "likes": 0,
                "comments": 0,
                "shares": 0
            },
            "vk": {
                "shares": 0
            }
        }
    },
    "uuid": "8a2aa30c66b641930f1303d400f67353eeccb8d0",
    "url": "https://www.newsbreak.com/fox-56-1590549/3842325034702-suspect-in-kabul-airport-bombing-extradited-to-u-s",
    "ord_in_thread": 0,
    "parent_url": null,
    "author": null,
    "published": "2025-03-06T00:18:00.000+02:00",
    "title": "Suspect in Kabul airport bombing extradited to U.S. - NewsBreak",
    "text": "WASHINGTON (NEXSTAR) — President Donald Trump announced that the U.S. apprehended the “top terrorist” who he says was behind the 2021 bombing that killed 13 U.S. troops in Afghanistan. He arrived in the U.S. Tuesday night after Pakistan helped arrest the individual. “I am pleased to announce that we have just apprehended the top terrorist responsible for that atrocity,” said Trump. During his joint address to Congress President Trump announced a member of Afghanistan’s branch of ISIS-K was captured. “Thanks especially to the government of Pakistan for helping arrest this monster,” said Trump. Federal agents brought Mohammad Sharifullah to the United States Tuesday night. FBI Director Kash Patel and Attorney General Pam Bondi met the plane at Virginia’s Dulles airport. In charging documents, the U.S. says Sharifullah helped plan the 2021 Kabul airport terror attack that killed 13 American soldiers. “The President was… It was emotional, but he was thrilled to be able to call those families and say, this monster is going to be brought to justice,” said National Security Advisor Mike Waltz. The complaint alleges Sharifullah conducted surveillance to prepare the suicide bomber and later transported the bomber to the area. Sharifullah appeared in federal court Wednesday. The White House says the FBI got a confession out of him. “Muhammad confessed to his crimes related to Abbey Gate and other attacks in Russia and Iran, as well to the Pakistanis,” said White House Press Secretary Karoline Leavitt. If found guilty Sharifullah could face a maximum penalty of life in prison. For the latest news, weather, sports, and streaming video, head to FOX 56 News.",
    "highlightText": "",
    "highlightTitle": "",
    "highlightThreadTitle": "",
    "language": "english",
    "sentiment": "positive",
    "categories": [
        "Crime, Law and Justice",
        "Politics",
        "War, Conflict and Unrest"
    ],
    "topics": [
        "Crime, Law and Justice->terrorism",
        "Politics->defence",
        "Politics->safety of citizens",
        "War, Conflict and Unrest->terrorist bombings"
    ],
    "ai_allow": true,
    "has_canonical": true,
    "breaking": false,
    "webz_reporter": false,
    "external_links": [
        "https://fox56news.com",
        "https://img.particlenews.com/image.php?type=thumbnail_580x000&url=20eWXG_0zScIFz700",
        "https://img.particlenews.com/image.php?url=20eWXG_0zScIFz700",
        "https://img.particlenews.com/image.php",
        "https://www.img.particlenews.com/image.php?url=20eWXG_0zScIFz700",
        "https://www.img.particlenews.com/image.php?type=thumbnail_580x000&url=20eWXG_0zScIFz700",
        "https://www.fox56news.com"
    ],
    "external_images": [],
    "entities": {
        "persons": [
            {
                "name": "Donald Trump",
                "sentiment": "negative"
            },
            {
                "name": "Mohammad Sharifullah",
                "sentiment": "none"
            },
            {
                "name": "Kash Patel",
                "sentiment": "none"
            },
            {
                "name": "Pam Bondi",
                "sentiment": "none"
            },
            {
                "name": "Mike Wal",
                "sentiment": "none"
            }
        ],
        "locations": [
            {
                "name": "Dulles",
                "sentiment": "none"
            }
        ],
        "organizations": [
            {
                "name": "NEXSTAR",
                "sentiment": "negative",
                "tickers": []
            },
            {
                "name": "FBI",
                "sentiment": "none",
                "tickers": []
            }
        ]
    },
    "syndication": {
        "syndicated": false,
        "syndicate_id": null,
        "first_syndicated": false
    },
    "trust": null,
    "rating": null,
    "crawled": "2025-03-06T02:01:13.245+02:00",
    "updated": "2025-03-06T02:01:13.245+02:00"
}