{
    "thread": {
        "uuid": "ac328ca4cbac209caa9b5e6bf99f9ac319e8b8c4",
        "url": "https://www.wltx.com/article/life/south-carolina-flags-honoring-colonel-myron-harrington-2025/101-37635cf8-fed0-4fa1-8aac-641a6a07a846",
        "site_full": "www.wltx.com",
        "site": "wltx.com",
        "site_section": "https://www.wltx.com/feeds/syndication/rss/news/local",
        "site_categories": [
            "media"
        ],
        "section_title": "WLTX RSS Feed: local",
        "site_title": null,
        "title": "Flags will be lowered to half-staff on Thursday. Here's why.",
        "title_full": "Flags will be lowered to half-staff on Thursday. Here's why.",
        "published": "2025-03-06T01:03:00.000+02:00",
        "replies_count": 0,
        "participants_count": 1,
        "site_type": "news",
        "country": "US",
        "main_image": "https://media.wltx.com/assets/WLTX/images/dc357452-9301-47af-82e2-2b4731adb689/20250305T225405/dc357452-9301-47af-82e2-2b4731adb689_1140x641.jpg",
        "performance_score": 0,
        "domain_rank": 12202,
        "domain_rank_updated": "2025-03-03T23:00:00.000+02:00",
        "social": {
            "facebook": {
                "likes": 0,
                "comments": 0,
                "shares": 0
            },
            "vk": {
                "shares": 0
            }
        }
    },
    "uuid": "ac328ca4cbac209caa9b5e6bf99f9ac319e8b8c4",
    "url": "https://www.wltx.com/article/life/south-carolina-flags-honoring-colonel-myron-harrington-2025/101-37635cf8-fed0-4fa1-8aac-641a6a07a846",
    "ord_in_thread": 0,
    "parent_url": null,
    "author": "Christopher Buchanan",
    "published": "2025-03-06T01:03:00.000+02:00",
    "title": "Flags will be lowered to half-staff on Thursday. Here's why.",
    "text": "CHARLESTON, S.C. — Flags will be lowered to half-staff on Thursday to honor a military veteran with longtime ties to The Citadel.\nAccording to state officials, Gov. Henry McMaster has ordered the flags atop the State House be lowered from sunrise until sunset on March 6 in honor of Colonel Myron Charles Harrington Jr.\nOfficials described Harrington as a retired 30-year veteran of the U.S. Marine Corps. They said lowering the flag was a \"recognition of his extraordinary legacy and lifetime of distinguished service to the State of South Carolina and the United States of America.\"\nHarrington also served as a member and chairman of The Citadel's Board of Visitors. The Citadel said Harrington died on Feb. 19, adding that he was \"a true leader who dedicated his life to service.\"\nHe was a recipient of the Navy Cross, the Silver Star, Legion of Merit with two Gold Stars, Meritorious Service Medal with Gold Star, Navy Commendation Medal with Combat \"V\" and Gold Star, Vietnamese Cross of Gallantry with Gold Star, Vietnamese Cross of Gallantry and Vietnamese Cross of Gallantry and Vietnamese Staff Honor Medal 1st Class.\nThe Citadel also described him as a longtime supporter of his alma mater, from which he graduated in 1960. The military college shared an article on Harrington's life and accomplishments on its website.\nHis funeral service will be held on Thursday at 10 a.m. in The Citadel's Summerall Chapel and will be streamed here.",
    "highlightText": "",
    "highlightTitle": "",
    "highlightThreadTitle": "",
    "language": "english",
    "sentiment": "positive",
    "categories": [
        "Human Interest",
        "Politics",
        "Social Issue"
    ],
    "topics": [
        "Human Interest->funeral and memorial service",
        "Politics->government",
        "Politics->civil rights",
        "Politics->fundamental rights",
        "Social Issue->demographics",
        "Social Issue->social condition"
    ],
    "ai_allow": true,
    "has_canonical": false,
    "breaking": false,
    "webz_reporter": false,
    "external_links": [
        "https://today.citadel.edu/remembering-col-myron-harrington-jr-usmc-ret-60/",
        "https://www.youtube.com/live/7lk3J5YhT-I",
        "https://youtube.com/live/7lk3J5YhT-I",
        "https://www.today.citadel.edu/remembering-col-myron-harrington-jr-usmc-ret-60/",
        "https://today.citadel.edu/remembering-col-myron-harrington-jr-usmc-ret-60"
    ],
    "external_images": [],
    "entities": {
        "persons": [
            {
                "name": "Henry McMaster",
                "sentiment": "none"
            },
            {
                "name": "Harrington",
                "sentiment": "none"
            }
        ],
        "locations": [],
        "organizations": [
            {
                "name": "U.S. Marine Corps",
                "sentiment": "none",
                "tickers": []
            },
            {
                "name": "State House",
                "sentiment": "none",
                "tickers": []
            },
            {
                "name": "Navy Cross",
                "sentiment": "none",
                "tickers": []
            }
        ]
    },
    "syndication": {
        "syndicated": false,
        "syndicate_id": null,
        "first_syndicated": false
    },
    "trust": null,
    "rating": null,
    "crawled": "2025-03-06T01:17:36.422+02:00",
    "updated": "2025-03-06T01:17:36.422+02:00"
}