{
    "thread": {
        "uuid": "d8d13b34f754d579d2dbc895b9454edf6cf25e4f",
        "url": "https://www.wtkr.com/investigations/report-finds-mismanagement-of-public-funds-and-staffing-problems-at-virginia-department-of-health",
        "site_full": "www.wtkr.com",
        "site": "wtkr.com",
        "site_section": "https://wtkr.com",
        "site_categories": [
            "media"
        ],
        "section_title": "Norfolk News, Virginia Beach News, Chesapeake News, Suffolk News, Portsmouth News, Hampton News, Newport News News, Hampton Roads News, North Carolina News, Outer Banks News, Eastern Shore News, Virginia News, Weather, Traffic, Sports, Food, Entertainment, and Politics | WTKR | News 3",
        "title": "Report finds mismanagement of public funds and staffing problems at Virginia Department of Health",
        "title_full": "Report finds mismanagement of public funds and staffing problems at Virginia Department of Health",
        "published": "2024-11-22T22:58:00.000+02:00",
        "replies_count": 0,
        "participants_count": 1,
        "site_type": "news",
        "country": "US",
        "main_image": "https://ewscripps.brightspotcdn.com/dims4/default/1074246/2147483647/strip/true/crop/514x270+0+35/resize/1200x630!/quality/90/?url=http%3A%2F%2Fewscripps-brightspot.s3.amazonaws.com%2F5c%2Fbf%2Fe88c5aff492a8c0fd2a94080c74c%2Fdepartment-of-health.png",
        "performance_score": 0,
        "domain_rank": 10066,
        "domain_rank_updated": "2024-11-18T23:00:00.000+02:00",
        "social": {
            "facebook": {
                "likes": 0,
                "comments": 0,
                "shares": 0
            },
            "vk": {
                "shares": 0
            }
        }
    },
    "uuid": "d8d13b34f754d579d2dbc895b9454edf6cf25e4f",
    "url": "https://www.wtkr.com/investigations/report-finds-mismanagement-of-public-funds-and-staffing-problems-at-virginia-department-of-health",
    "ord_in_thread": 0,
    "parent_url": null,
    "author": "Margaret Kavanagh",
    "published": "2024-11-22T22:58:00.000+02:00",
    "title": "Report finds mismanagement of public funds and staffing problems at Virginia Department of Health",
    "text": "Report finds mismanagement of public funds and staffing problems at Virginia Department of Health Leaders say they're fixing the problems Prev Next\nBy: Margaret Kavanagh Posted VIRGINIA — Extreme turnover, horrendous mismanagement of taxpayer dollars and overall disfunction, that’s the findings in a new report about the Virginia Department of Health, VDH.\nThe Joint Legislative Audit and Review Commission, JLARC, conducted the study.\nThe report is 127 pages released in November 2024 outlines major financial problems, mismanagement and staffing issues at VDH.\nWatch related coverage: Health officials see an uptick in COVID cases this summer, new vaccine in September: VDH\nHealth officials see an uptick in Covid cases this summer, here's when the new vaccine comes out VDH Chief Operating Officer Christopher Lindsay was brought in back in 2022 to help clean up the mess that started years ago and was made worse by COVID.\n“We agreed with everything that came out of that study,” said Lindsay.\nWTVR spoke to Virginia Governor Glenn Youngkin on November 12 about the findings.\n“When we came in 2022, the Virginia Department of Health was very troubled and they were troubled in lots of ways,” said Youngkin, “one of them has been that they have not been able to put together the organizational structure to provide the kind of oversight necessary so we have been working on lots of things in the Department of Health and the study was encouraging and everything they listed we have already been doing.”\nWatch related coverage: Whooping Cough cases rise in Virginia, VDH concerned about spike\nWHOOPING COUGH One big issue at VDH was former employee Adam Harrell who pleaded guilty to embezzling four million dollars by directing public dollars to go towards a company he owned called Strategic Tech Innovations from January 2021 to March 2023.\nProsecutors say the Midlothian resident pleaded guilty to mail fraud, federal program theft and tax evasion in connection with a scheme to misappropriate millions of dollars.\nThey say he bought real estate, luxury vehicles, dozens of firearms, and jewelry with the stolen funds.\nExposure of this crime uncovered other problems like a 33 million dollar budget shortfall.\nWatch related coverage: Virginia Beach EMS facing challenges when it comes to staffing, equipment, and funding\nVB EMS facing challenges when it comes to staffing, equipment, and funding Lindsay said, “Based on that experience, we decided to look across the organization, understand what other opportunities we have for improvement.”\nThe report found internal controls were not safeguarding public funds and that VDH struggled to pay vendors, other state agencies, and employees on time – and had problems accounting for and managing millions and millions of the agency’s state and federal funds.\nAssociate Director at JLARC Tracey Smith oversaw the report. She said, “The most concerning, I think to me, was the evidence that VDH has not been managing the federal funds that it receives to actually deliver the public health services around the Commonwealth.”\nWith five thousand employees at 35 different local health districts along with the office in Richmond –many financial decisions were previously made at the local level.\nWatch related coverage: Virginia Beach man gets $3,500 worth of medical debt forgiven\nVirginia Beach man gets $3,500 worth of medical debt forgiven “Once it became clear that not every office was doing that well, there has been an effort to centralize that,” said Smith.\nLindsay says many vacancies in financial and auditing positions proved detrimental to the operation.\n“The right dollars were not put into making sure that those positions were appropriately filled. People continued to leave the organization and there was not the right emphasis, put on, making sure that those functions were appropriately stood up to support public health,” said Lindsay.\nWatch related coverage: Round table of medical professionals in Norfolk seeks solutions for doctor shortage\nRound table of medical professionals in Norfolk seeks solutions for doctor shortage Now there’s new efforts retain and hire good leadership and staff.\nLindsay said many of the recommendations made in the report have already been implemented.\n“It's a sobering document to read and as a taxpayer and as a citizen I can understand why there would be a lot of people that are upset with this and I agree with that and so I just want to say that we're doing everything we can to make sure that we're correcting it and making sure that the public health function is secure in Virginia,” said Lindsay.\nMore stories from News 3 Investigates\n Navy Federal customer forced to pay back loan she didn't take out after scam Margaret Kavanagh\nContractor accused of climbing through window, raping girl in Virginia Beach Margaret Kavanagh\nVirginia Beach police investigate threat to shoot up Virginia Aquarium Margaret Kavanagh\nChesapeake man shot by deputy 3 times denies allegations against him Margaret Kavanagh\nNorfolk postal employee accused of stealing mail Margaret Kavanagh\nVideo shows arrest of man who thought he was meeting 11-year-old girl in VB Margaret Kavanagh\nWTKR viewer surprises Navy Federal crime victim with a check Margaret Kavanagh\nNewport News man angered by number of online job scams Margaret Kavanagh\nCopyright 2024 Scripps Media, Inc. All rights reserved. This material may not be published, broadcast, rewritten, or redistributed. Sign up for the Headlines Newsletter and receive up to date information. now signed up to receive the Headlines Newsletter. Click here to manage all Newsletters\nSalvation Army's Digital Red Kettle",
    "highlightText": "",
    "highlightTitle": "",
    "highlightThreadTitle": "",
    "language": "english",
    "sentiment": "negative",
    "categories": [
        "Politics",
        "Social Issue"
    ],
    "ai_allow": true,
    "canonical": false,
    "webz_reporter": false,
    "external_links": [
        "https://jlarc.virginia.gov/pdfs/reports/Rpt598.pdf",
        "https://www.jlarc.virginia.gov/pdfs/reports/Rpt598.pdf"
    ],
    "external_images": [],
    "entities": {
        "persons": [
            {
                "name": "Christopher Lindsay",
                "sentiment": "none"
            },
            {
                "name": "Glenn Youngkin",
                "sentiment": "none"
            }
        ],
        "organizations": [
            {
                "name": "Joint Legislative Audit and Review Commission",
                "sentiment": "none"
            },
            {
                "name": "Virginia Department of Health",
                "sentiment": "none"
            },
            {
                "name": "VDH",
                "sentiment": "none"
            }
        ],
        "locations": []
    },
    "syndication": {
        "syndicated": false,
        "syndicate_id": null,
        "first_syndicated": false
    },
    "rating": null,
    "crawled": "2024-11-23T00:28:50.389+02:00",
    "updated": "2024-11-23T04:58:14.073+02:00"
}