{
    "thread": {
        "uuid": "43ba0b7799b3e7148910cfd6290c688539d5a86f",
        "url": "https://dnyuz.com/2024/11/22/zimbabwe-opposition-leader-found-guilty-of-attending-unlawful-gathering",
        "site_full": "dnyuz.com",
        "site": "dnyuz.com",
        "site_section": "https://www.dnyuz.com",
        "site_categories": [
            "media"
        ],
        "section_title": "DNyuz &#8211; Latest Breaking News, U.S. and World Politics, Crime, Business, Science, Technology, Autos, Entertainment, Culture, Movie, Music, Sports.",
        "title": "Zimbabwe opposition leader found guilty of attending ‘unlawful gathering’",
        "title_full": "Zimbabwe opposition leader found guilty of attending ‘unlawful gathering’",
        "published": "2024-11-22T21:48:00.000+02:00",
        "replies_count": 0,
        "participants_count": 1,
        "site_type": "news",
        "country": "US",
        "main_image": "",
        "performance_score": 0,
        "domain_rank": 15638,
        "domain_rank_updated": "2024-11-18T23:00:00.000+02:00",
        "social": {
            "facebook": {
                "likes": 0,
                "comments": 0,
                "shares": 0
            },
            "vk": {
                "shares": 0
            }
        }
    },
    "uuid": "43ba0b7799b3e7148910cfd6290c688539d5a86f",
    "url": "https://dnyuz.com/2024/11/22/zimbabwe-opposition-leader-found-guilty-of-attending-unlawful-gathering",
    "ord_in_thread": 0,
    "parent_url": null,
    "author": "Al Jazeera",
    "published": "2024-11-22T21:48:00.000+02:00",
    "title": "Zimbabwe opposition leader found guilty of attending ‘unlawful gathering’",
    "text": "A Zimbabwe court has convicted an opposition leader and 34 activists on charges of participating in an unlawful gathering, more than five months after they were taken into pre-trial detention.\nJameson Timba, interim leader of a faction of the splintered Citizens Coalition for Change opposition party, and the activists face up to five years in prison or a fine.\nSentencing is set for next week, Webster Jiti, one of the defence lawyers, said.\nThe court on Friday acquitted 30 others who had been detained with Timba.\nPolice arrested the activists on June 16 at Timba’s residence in the capital, Harare, and charged them with disorderly conduct and participating in a gathering with the intent to promote violence, breaches of peace or bigotry. The court in September acquitted them of the disorderly conduct charges.\nTheir lawyers said they were at the house for a barbecue to commemorate the Day of the African Child, a calendar event of the African Union.\nTimba and the others were among the first of about 160 opposition figures and activists to be rounded up before a July summit of the 16-nation Southern African Development Community in Harare.\nAmnesty International described the detentions as “part of a disturbing pattern of repression against people exercising their rights to freedom of peaceful assembly and expression”.\nThe rights group called for an investigation into allegations that some of the activists were tortured while in police detention.\nPresident Emmerson Mnangagwa, who promised democratic reforms after taking over from longtime ruler Robert Mugabe in a coup in 2017, denied those allegations but has also repeatedly warned the opposition against inciting violence.\nMnangagwa’s ZANU-PF party has been in power since independence in 1980 and is accused of stifling dissent.\nThe post Zimbabwe opposition leader found guilty of attending ‘unlawful gathering’ appeared first on Al Jazeera .",
    "highlightText": "",
    "highlightTitle": "",
    "highlightThreadTitle": "",
    "language": "english",
    "sentiment": "negative",
    "categories": [
        "Politics",
        "Crime, Law and Justice"
    ],
    "ai_allow": true,
    "canonical": false,
    "webz_reporter": false,
    "external_links": [
        "https://www.aljazeera.com/news/2024/11/22/zimbabwe-opposition-leader-found-guilty-of-attending-unlawful-gathering?traffic_source=rss",
        "https://aljazeera.com/news/2024/11/22/zimbabwe-opposition-leader-found-guilty-of-attending-unlawful-gathering?traffic_source=rss",
        "https://www.aljazeera.com/news/2024/11/22/zimbabwe-opposition-leader-found-guilty-of-attending-unlawful-gathering"
    ],
    "external_images": [],
    "entities": {
        "persons": [
            {
                "name": "Jameson Timba",
                "sentiment": "none"
            },
            {
                "name": "Webster Jiti",
                "sentiment": "none"
            }
        ],
        "organizations": [
            {
                "name": "Citizens Coalition for Change",
                "sentiment": "none"
            }
        ],
        "locations": [
            {
                "name": "Timba",
                "sentiment": "none"
            }
        ]
    },
    "syndication": {
        "syndicated": false,
        "syndicate_id": null,
        "first_syndicated": false
    },
    "rating": null,
    "crawled": "2024-11-23T00:11:00.955+02:00",
    "updated": "2024-11-23T00:11:00.955+02:00"
}