{
    "thread": {
        "uuid": "9c222154e4cf0ee922d46e685541600ded8653d9",
        "url": "https://whatreallyhappened.com/NEW/stories/cia-was-directly-involved-assassination-jfk-oswald-was-patsy-accusations-made-jim-garrison",
        "site_full": "whatreallyhappened.com",
        "site": "whatreallyhappened.com",
        "site_section": "https://whatreallyhappened.com/NEW/rss.xml",
        "site_categories": [
            "media"
        ],
        "section_title": "What Really Happened - The History The Government Hopes You Never Learn",
        "title": "The CIA Was Directly Involved in the Assassination of JFK. Oswald was a Patsy. The Accusations Made by Jim Garrison, the Investigating Attorney",
        "title_full": "The CIA Was Directly Involved in the Assassination of JFK. Oswald was a Patsy. The Accusations Made by Jim Garrison, the Investigating Attorney",
        "published": "2024-11-22T23:36:00.000+02:00",
        "replies_count": 0,
        "participants_count": 1,
        "site_type": "news",
        "country": "US",
        "main_image": "",
        "performance_score": 0,
        "domain_rank": 19070,
        "domain_rank_updated": "2024-11-18T23:00:00.000+02:00",
        "social": {
            "facebook": {
                "likes": 0,
                "comments": 0,
                "shares": 0
            },
            "vk": {
                "shares": 0
            }
        }
    },
    "uuid": "9c222154e4cf0ee922d46e685541600ded8653d9",
    "url": "https://whatreallyhappened.com/NEW/stories/cia-was-directly-involved-assassination-jfk-oswald-was-patsy-accusations-made-jim-garrison",
    "ord_in_thread": 0,
    "parent_url": null,
    "author": "MikeRivero",
    "published": "2024-11-22T23:36:00.000+02:00",
    "title": "The CIA Was Directly Involved in the Assassination of JFK. Oswald was a Patsy. The Accusations Made by Jim Garrison, the Investigating Attorney",
    "text": "Today, November 22, 2024, is a reminder to us of the event that took place 61 years ago. And for those aware of that fateful day – including those only experience is Oliver Stone’s 1991 movie JFK – Jim Garrison was the New Orleans District Attorney who shook the foundations of the official narrative surrounding President John F. Kennedy’s assassination. He didn’t mince his words.\nWhat Jim Garrison said about the JFK assassination\n“The Central Intelligence Agency was directly involved in the planning and cover-up of the assassination of President Kennedy,” he asserted in his investigation. With statements like these, Garrison became both a symbol of dogged inquiry and a target of ridicule.\nRelated: The Kennedy Curse: Deaths, accidents and assassinations\nThe CIA and the architects of JFK’s assassination\nGarrison’s claims went beyond implicating Lee Harvey Oswald as the lone gunman. To him, the threads tied back to the CIA. “Individuals connected to the CIA operated as the architects of this tragedy and ensured the official narrative silenced other possibilities,” Garrison said. His investigation painted a picture of shadowy figures, working in covert operations, who orchestrated the assassination and the subsequent cover-up with meticulous precision.",
    "highlightText": "",
    "highlightTitle": "",
    "highlightThreadTitle": "",
    "language": "english",
    "sentiment": "negative",
    "categories": [
        "Politics"
    ],
    "ai_allow": true,
    "canonical": false,
    "webz_reporter": false,
    "external_links": [],
    "external_images": [],
    "entities": {
        "persons": [],
        "organizations": [],
        "locations": []
    },
    "syndication": {
        "syndicated": false,
        "syndicate_id": null,
        "first_syndicated": false
    },
    "rating": null,
    "crawled": "2024-11-23T00:21:47.120+02:00",
    "updated": "2024-11-23T00:21:47.120+02:00"
}