{
    "thread": {
        "uuid": "1679eeae34fd36201a40afc954caad8348476186",
        "url": "https://newstral.com/en/article/en/1260528459/wb-bypoll-tmc-wins-all-6-seats-rg-kar-case-makes-no-dent",
        "site_full": "newstral.com",
        "site": "newstral.com",
        "site_section": "https://newstral.com/en",
        "site_categories": [
            "society",
            "weddings",
            "media"
        ],
        "section_title": "Press Review - Newstral.com - News review",
        "title": "The Times of India: «WB bypoll: TMC wins all 6 seats, RG Kar case makes no dent» - Related news - Newstral.com",
        "title_full": "The Times of India: «WB bypoll: TMC wins all 6 seats, RG Kar case makes no dent» - Related news - Newstral.com",
        "published": "2024-11-23T02:00:00.000+02:00",
        "replies_count": 0,
        "participants_count": 1,
        "site_type": "news",
        "country": "DE",
        "main_image": "http://newstral.com/source-images/230_original_1529234284.jpg",
        "performance_score": 0,
        "domain_rank": 100713,
        "domain_rank_updated": "2024-11-18T23:00:00.000+02:00",
        "social": {
            "facebook": {
                "likes": 0,
                "comments": 0,
                "shares": 0
            },
            "vk": {
                "shares": 0
            }
        }
    },
    "uuid": "1679eeae34fd36201a40afc954caad8348476186",
    "url": "https://newstral.com/en/article/en/1260528459/wb-bypoll-tmc-wins-all-6-seats-rg-kar-case-makes-no-dent",
    "ord_in_thread": 0,
    "parent_url": null,
    "author": "Newstral.com",
    "published": "2024-11-23T02:00:00.000+02:00",
    "title": "The Times of India: «WB bypoll: TMC wins all 6 seats, RG Kar case makes no dent» - Related news - Newstral.com",
    "text": "Newstral\nArticle\n[The Times of India](/en/sources/230) on 2024-11-23 21:41\nWB bypoll: TMC wins all 6 seats, RG Kar case makes no dent\nRelated news\n[BJP leader accuses TMC of trying to silence RG Kar victim's family](https://timesofindia.indiatimes.com/city/kolkata/kolkata-horror-bjp-leader-dilip-ghosh-accuses-tmc-of-bribing-victims-parents-to-shut-their-mouths/articleshow/113619230.cms)[The Times of India](/en/sources/230)[Kolkata doctor rape-murder: TMC, BJP & CPM in RG Kar blame game, plan separate protests](https://timesofindia.indiatimes.com/city/kolkata/kolkata-doctor-rape-murder-tmc-bjp-cpm-in-rg-kar-blame-game-plan-separate-protests/articleshow/112552229.cms)[The Times of India](/en/sources/230)['We may have hurt ...': TMC reaches out to RG Kar victim’s kin, vows party ‘course-correction’TMC reaches out to RG Kar victim’s kin, vows party ‘course-correction’](https://timesofindia.indiatimes.com/city/kolkata/tmc-vows-course-correction-based-on-rg-kar-victims-family-input-kolkata-rape-muder/articleshow/112976461.cms)[The Times of India](/en/sources/230)[Mamata will sweep Bhabanipur bypoll: TMC](https://www.thehindu.com/news/national/other-states/mamata-will-sweep-bhabanipur-bypoll-tmc/article36288513.ece)[The Hindu](/en/sources/144)[RG Kar case: Protesting doctors accuse WB govt of 'intimidation tactics'](https://timesofindia.indiatimes.com/india/rg-kar-case-doctors-accuse-wb-govt-of-intimidation-tactics-and-blocking-essential-supplies-to-obstruct-hunger-strike/articleshow/113986804.cms)[The Times of India](/en/sources/230)[Bengal bypoll results: TMC wins all 3 seats](https://timesofindia.indiatimes.com/city/kolkata/west-bengal-byelections-results-trinamool-congress-wins-all-three-seats/articleshow/72277139.cms)[The Times of India](/en/sources/230),,,,[WB civic polls: TMC ahead in plains, GJM in hills](http://timesofindia.indiatimes.com/city/kolkata/west-bengal-civic-poll-results-2017/liveblog/58709025.cms)[The Times of India](/en/sources/230),,,,[Won't tolerate Mamata's didigiri, says WB guv, draws TMC wrath](https://timesofindia.indiatimes.com/city/kolkata/wont-tolerate-mamatas-didigiri-says-west-bengal-governor-draws-tmc-wrath/articleshow/109895378.cms)[The Times of India](/en/sources/230),,[Injured in WB panchayat poll violence, TMC worker dies](https://timesofindia.indiatimes.com/city/kolkata/injured-in-west-bengal-panchayat-poll-violence-tmc-worker-dies/articleshow/101779248.cms)[The Times of India](/en/sources/230)[TMC plays down mass exodus; BJP eyes WB polls](https://timesofindia.indiatimes.com/india/tmc-plays-down-mlas-defection-bjp-ready-for-early-polls-in-bengal/articleshow/69548219.cms)[The Times of India](/en/sources/230),,,,[Sircar to quit as MP, blames Mamata inaction on RG Kar](https://timesofindia.indiatimes.com/city/kolkata/tmc-mp-jawhar-quits-over-rg-kar-rape-murder/articleshow/113175406.cms)[The Times of India](/en/sources/230),,,,[TMC, Congress step up war of words over sharing of LS seats in WB](https://timesofindia.indiatimes.com/city/kolkata/tmc-congress-step-up-war-of-words-over-sharing-of-ls-seats-in-west-bengal/articleshow/107018772.cms)[The Times of India](/en/sources/230)[Mamata's olive branch to doctors fails to end RG Kar impasse - Top developments](https://timesofindia.indiatimes.com/india/mamatas-olive-branch-to-doctors-fails-to-end-rg-kar-impasse-top-developments/articleshow/113354802.cms)[The Times of India](/en/sources/230)[WB poll war hots up as TMC hits BJP with Sandeshkhali sting clip](https://timesofindia.indiatimes.com/india/west-bengal-poll-war-hots-up-as-tmc-hits-bjp-with-sandeshkhali-sting-clip/articleshow/109846731.cms)[The Times of India](/en/sources/230)[Will apply under CAA to debunk TMC claims: Union minister from WB](https://timesofindia.indiatimes.com/india/will-apply-under-caa-to-debunk-tmc-claims-union-minister-from-wb/articleshow/108570100.cms)[The Times of India](/en/sources/230),,,[TMC to win all 42 seats from WB in 2019: Mamata](https://timesofindia.indiatimes.com/city/kolkata/tmc-will-win-all-42-lok-sabha-seats-from-west-bengal-in-2019-mamata/articleshow/65081033.cms)[The Times of India](/en/sources/230),,,,",
    "highlightText": "",
    "highlightTitle": "",
    "highlightThreadTitle": "",
    "language": "english",
    "sentiment": "positive",
    "categories": [
        "Politics",
        "Economy, Business and Finance",
        "Social Issue"
    ],
    "ai_allow": true,
    "canonical": false,
    "webz_reporter": false,
    "external_links": [
        "https://timesofindia.indiatimes.com/city/kolkata/tmc-vows-course-correction-based-on-rg-kar-victims-family-input-kolkata-rape-muder/articleshow/112976461.cms",
        "http://timesofindia.indiatimes.com/city/kolkata/west-bengal-civic-poll-results-2017/liveblog/58709025.cms",
        "https://timesofindia.indiatimes.com/city/kolkata/wont-tolerate-mamatas-didigiri-says-west-bengal-governor-draws-tmc-wrath/articleshow/109895378.cms",
        "https://timesofindia.indiatimes.com/india/rg-kar-case-doctors-accuse-wb-govt-of-intimidation-tactics-and-blocking-essential-supplies-to-obstruct-hunger-strike/articleshow/113986804.cms",
        "https://timesofindia.indiatimes.com/city/kolkata/tmc-will-win-all-42-lok-sabha-seats-from-west-bengal-in-2019-mamata/articleshow/65081033.cms",
        "https://www.thehindu.com/news/national/other-states/mamata-will-sweep-bhabanipur-bypoll-tmc/article36288513.ece",
        "https://timesofindia.indiatimes.com/city/kolkata/kolkata-horror-bjp-leader-dilip-ghosh-accuses-tmc-of-bribing-victims-parents-to-shut-their-mouths/articleshow/113619230.cms",
        "https://timesofindia.indiatimes.com/india/tmc-plays-down-mlas-defection-bjp-ready-for-early-polls-in-bengal/articleshow/69548219.cms",
        "https://timesofindia.indiatimes.com/city/kolkata/injured-in-west-bengal-panchayat-poll-violence-tmc-worker-dies/articleshow/101779248.cms",
        "https://timesofindia.indiatimes.com/india/mamatas-olive-branch-to-doctors-fails-to-end-rg-kar-impasse-top-developments/articleshow/113354802.cms",
        "https://timesofindia.indiatimes.com/city/kolkata/tmc-mp-jawhar-quits-over-rg-kar-rape-murder/articleshow/113175406.cms",
        "https://timesofindia.indiatimes.com/city/kolkata/tmc-congress-step-up-war-of-words-over-sharing-of-ls-seats-in-west-bengal/articleshow/107018772.cms",
        "https://timesofindia.indiatimes.com/india/west-bengal-poll-war-hots-up-as-tmc-hits-bjp-with-sandeshkhali-sting-clip/articleshow/109846731.cms",
        "https://timesofindia.indiatimes.com/city/kolkata/west-bengal-byelections-results-trinamool-congress-wins-all-three-seats/articleshow/72277139.cms",
        "https://timesofindia.indiatimes.com/city/kolkata/kolkata-doctor-rape-murder-tmc-bjp-cpm-in-rg-kar-blame-game-plan-separate-protests/articleshow/112552229.cms",
        "https://timesofindia.indiatimes.com/india/will-apply-under-caa-to-debunk-tmc-claims-union-minister-from-wb/articleshow/108570100.cms",
        "https://thehindu.com/news/national/other-states/mamata-will-sweep-bhabanipur-bypoll-tmc/article36288513.ece",
        "https://www.timesofindia.indiatimes.com/city/kolkata/kolkata-doctor-rape-murder-tmc-bjp-cpm-in-rg-kar-blame-game-plan-separate-protests/articleshow/112552229.cms",
        "https://www.timesofindia.indiatimes.com/india/west-bengal-poll-war-hots-up-as-tmc-hits-bjp-with-sandeshkhali-sting-clip/articleshow/109846731.cms",
        "https://www.timesofindia.indiatimes.com/city/kolkata/tmc-mp-jawhar-quits-over-rg-kar-rape-murder/articleshow/113175406.cms",
        "http://www.timesofindia.indiatimes.com/city/kolkata/west-bengal-civic-poll-results-2017/liveblog/58709025.cms",
        "https://www.timesofindia.indiatimes.com/india/will-apply-under-caa-to-debunk-tmc-claims-union-minister-from-wb/articleshow/108570100.cms",
        "https://www.timesofindia.indiatimes.com/city/kolkata/injured-in-west-bengal-panchayat-poll-violence-tmc-worker-dies/articleshow/101779248.cms",
        "https://www.timesofindia.indiatimes.com/city/kolkata/kolkata-horror-bjp-leader-dilip-ghosh-accuses-tmc-of-bribing-victims-parents-to-shut-their-mouths/articleshow/113619230.cms",
        "https://www.timesofindia.indiatimes.com/india/tmc-plays-down-mlas-defection-bjp-ready-for-early-polls-in-bengal/articleshow/69548219.cms",
        "https://www.timesofindia.indiatimes.com/city/kolkata/west-bengal-byelections-results-trinamool-congress-wins-all-three-seats/articleshow/72277139.cms",
        "https://www.timesofindia.indiatimes.com/city/kolkata/tmc-congress-step-up-war-of-words-over-sharing-of-ls-seats-in-west-bengal/articleshow/107018772.cms",
        "https://www.timesofindia.indiatimes.com/city/kolkata/tmc-will-win-all-42-lok-sabha-seats-from-west-bengal-in-2019-mamata/articleshow/65081033.cms",
        "https://www.timesofindia.indiatimes.com/city/kolkata/tmc-vows-course-correction-based-on-rg-kar-victims-family-input-kolkata-rape-muder/articleshow/112976461.cms",
        "https://www.timesofindia.indiatimes.com/india/rg-kar-case-doctors-accuse-wb-govt-of-intimidation-tactics-and-blocking-essential-supplies-to-obstruct-hunger-strike/articleshow/113986804.cms",
        "https://www.timesofindia.indiatimes.com/city/kolkata/wont-tolerate-mamatas-didigiri-says-west-bengal-governor-draws-tmc-wrath/articleshow/109895378.cms",
        "https://www.timesofindia.indiatimes.com/india/mamatas-olive-branch-to-doctors-fails-to-end-rg-kar-impasse-top-developments/articleshow/113354802.cms"
    ],
    "external_images": [],
    "entities": {
        "persons": [
            {
                "name": "Kar",
                "sentiment": "none"
            }
        ],
        "organizations": [
            {
                "name": "TMC",
                "sentiment": "none"
            },
            {
                "name": "BJP",
                "sentiment": "none"
            }
        ],
        "locations": [
            {
                "name": "Kolkata",
                "sentiment": "none"
            }
        ]
    },
    "syndication": {
        "syndicated": false,
        "syndicate_id": null,
        "first_syndicated": false
    },
    "rating": null,
    "crawled": "2024-11-24T00:22:33.046+02:00",
    "updated": "2024-11-24T00:22:33.046+02:00"
}