{
    "thread": {
        "uuid": "0353eb7e50bf5e7c2b661f85fe7778b1c7a93670",
        "url": "https://www.hindustantimes.com/india-news/clear-narrative-alliance-in-sync-swung-the-vote-in-maharashtra-101732388299471.html",
        "site_full": "www.hindustantimes.com",
        "site": "hindustantimes.com",
        "site_section": "https://hindustantimes.com/india-news",
        "site_categories": [
            "media",
            "top_news_pk",
            "top_news_gb",
            "top_news_kw",
            "top_news_sa",
            "top_news_nz",
            "top_news_au",
            "top_news_sg",
            "top_news_ie",
            "top_news_za",
            "top_news_ph",
            "top_news_ae",
            "top_news_us",
            "top_news_in",
            "top_news_ca",
            "top_news_my",
            "top_news_iq",
            "top_news_qa",
            "top_news"
        ],
        "section_title": "India News: Latest India News, Read today's breaking news headlines in India and current Updates | Hindustan Times",
        "title": "Clear narrative, alliance in sync swung the vote in Maharashtra",
        "title_full": "Clear narrative, alliance in sync swung the vote in Maharashtra",
        "published": "2024-11-23T20:28:00.000+02:00",
        "replies_count": 0,
        "participants_count": 1,
        "site_type": "news",
        "country": "IN",
        "main_image": "https://www.hindustantimes.com/ht-img/img/2024/04/19/1600x900/India_Flag_1713518778477_1713518820010.jpeg",
        "performance_score": 0,
        "domain_rank": 887,
        "domain_rank_updated": "2024-11-18T23:00:00.000+02:00",
        "social": {
            "facebook": {
                "likes": 0,
                "comments": 0,
                "shares": 0
            },
            "vk": {
                "shares": 0
            }
        }
    },
    "uuid": "0353eb7e50bf5e7c2b661f85fe7778b1c7a93670",
    "url": "https://www.hindustantimes.com/india-news/clear-narrative-alliance-in-sync-swung-the-vote-in-maharashtra-101732388299471.html",
    "ord_in_thread": 0,
    "parent_url": null,
    "author": "@httweets",
    "published": "2024-11-23T20:28:00.000+02:00",
    "title": "Clear narrative, alliance in sync swung the vote in Maharashtra",
    "text": "Clear narrative, alliance in sync swung the vote in Maharashtra\nThe Maharashtra elections saw Mahayuti excel in campaign management, reversing losses and expanding vote share, while MVA struggled with disarray and complacency.\nIf there’s anything more trying than the heat-and-dust of the Indian election campaign trail, it is the final hours of nominations closing for any poll. Party managers handle scores of documents, notarised affidavits, B-forms, and supporting documents to be submitted in grubby government offices before the deadline, while other troubleshooters work behind the scenes to convince rebels and smaller candidates to withdraw. Even by these standards, the run-up to the Maharashtra elections was extraordinarily chaotic as both jumbo alliances — the Mahayuti and the Maha Vikas Aghadi (MVA) — struggled to keep a handle of 40-plus rebels on each side, and work out internal seat share pacts. Even by 5pm on November 4, the last date of withdrawal of nomination, the contours of the electoral battle were not clear.\nBut in that disarray, there was one clear front-runner that managed rebels, focussed on building a disciplined campaign, and working on plugging weaknesses — the Mahayuti. As MVA leaders squabbled in public and struggled to put together an emotive campaign, the Mahayuti worked on neutralising factors such as Maratha anger (which hurt the Bharatiya Janata Party in Marathwada in the Lok Sabha elections) and Dalit dissonance (which buoyed the Congress in Vidarbha). Both from Delhi and Mumbai, the focus was on smart alliance management, which is key in an election where six major and around 20 smaller outfits were in the fray. Leaders such as Bhupender Yadav broke the state down into safe and swing seats, apportioning resources and leaders to maximise the catchment area. In India’s second-most populous state, grassroots campaigning is important given the breadth of the province and the disparate regions that have distinct identities and issues. Mahayuti’s superior handle on the campaign logistics meant that each of the three members — the BJP, the Shiv Sena and the Nationalist Congress Party (NCP) — focussed on their individual constituencies and regions and did not allow some contradictory statements to disrupt a coherent campaign.\nAs the campaign progressed, the Mahayuti fine-tuned its using surveys, reaching out to every constituent and community possible, painstakingly turning groups that voted adversely four months ago into allies. The ideological backbone of the campaign was provided by the grassroots army of the Rashtriya Swayamsevak Sangh (RSS), which fanned across the length and breadth of the state and helped carry the ruling combine’s message to every home.\nIn the MVA, the picture was the opposite. In a repeat of the Haryana fiasco, the Congress and its allies took far too long to get off the blocks, complacent in their Lok Sabha victory (the MVA had won 30 of the state’s 48 seats, compared to the Mahayuti’s 17). But hidden in that performance was the kernel of a more competitive fight. Just like in Haryana, the NDA had done far better assembly segment wise than what the headline Lok Sabha numbers suggested. Even as Mahayuti leaders hit the campaign trail, MVA leaders struggled to tide over rebels and hammer out an internal seat pact — the delay damaging the momentum gained by the combine this summer. The MVA also dithered on candidate selection and on building an emotive campaign, focussing on questions such as the future of the Constitution that were beyond their sell-by date and had stopped generating the kind of emotive response they had in the Lok Sabha. Too much time was spent on discussing who a possible chief minister could be than on reversing the Mahayuti’s rapid regaining of ground across the state.\nEven when it found itself outgunned by the resource-rich opponent, the MVA failed to make the campaign emotive or effectively utilise its senior leadership. At no point in the campaign could it generate the kind of viral moment that could boost its flagging march — akin to the photograph of an elderly Sharad Pawar addressing a rally alone in the rain that galvanised supporters and pushed the united NCP past 50 in the 2019 assembly elections. Its manifesto promises, too, came late in the day.\nThe result was a complete reversal of the Lok Sabha show. Not only did the Mahayuti reverse its losses, it also managed to expand its vote share by around eight percentage points from this summer, to 51%; the BJP posted its best-ever performance in the state, bettering its breakthrough show in 2014, and its two major partners both trounced their regional rivals — and decisively. In the contrasting styles and eventual fates of the two campaigns was the story of a historic victory, one that has the potential to change the vocabulary of Maharashtra politics.\n[India News](https://www.hindustantimes.com/india-news),\n[Weather Today](https://www.hindustantimes.com/weather),\n[Latest News](https://www.hindustantimes.com/latest-news),\n[Assembly Election 2024](https://www.hindustantimes.com/elections/assembly-election),\n[Maharashtra Election](https://www.hindustantimes.com/elections/assembly-election/maharashtra),\n[Jharkhand Election](https://www.hindustantimes.com/elections/assembly-election/jharkhand)along with\n[Election Results 2024 Live](https://www.hindustantimes.com/india-news/election-results-2024-live-updates-maharashtra-jharkhand-vidhan-sabha-result-today-bjp-congress-shiv-sena-jmm-vote-count-101732318367957.html),\n[Maharashtra Election Result Live](https://www.hindustantimes.com/india-news/maharashtra-election-result-2024-live-shiv-sena-bjp-congress-maha-assembly-election-results-today-latest-updates-23-nov-101732315652311.html)and\n[Jharkhand Election Result Live](https://www.hindustantimes.com/india-news/jharkhand-assembly-election-result-2024-live-updates-bjp-congress-jmm-election-results-today-23-nov-2024-eci-results-101732289411385.html).",
    "highlightText": "",
    "highlightTitle": "",
    "highlightThreadTitle": "",
    "language": "english",
    "sentiment": "positive",
    "categories": [
        "Politics"
    ],
    "ai_allow": true,
    "canonical": false,
    "webz_reporter": false,
    "external_links": [],
    "external_images": [],
    "entities": {
        "persons": [],
        "organizations": [
            {
                "name": "MVA",
                "sentiment": "none"
            }
        ],
        "locations": [
            {
                "name": "Maharashtra",
                "sentiment": "none"
            }
        ]
    },
    "syndication": {
        "syndicated": false,
        "syndicate_id": null,
        "first_syndicated": false
    },
    "rating": null,
    "crawled": "2024-11-24T03:26:32.529+02:00",
    "updated": "2024-11-24T03:26:32.529+02:00"
}