{
    "thread": {
        "uuid": "a545eaff57b4aeb12df81b6cfc9e5a8f6dc759cd",
        "url": "https://www.news-journal.com/donald-trump-has-tapped-former-florida-attorney-general-pam-bondi-to-lead-the-us-department/image_8f91c616-af97-55bc-9913-5e8f91d211e9.html",
        "site_full": "www.news-journal.com",
        "site": "news-journal.com",
        "site_section": "https://news-journal.com/search",
        "site_categories": [
            "media"
        ],
        "section_title": "Search | news-journal.com",
        "title": "Donald Trump has tapped former Florida attorney general Pam Bondi to lead the US Department of Justice | | news-journal.com",
        "title_full": "Donald Trump has tapped former Florida attorney general Pam Bondi to lead the US Department of Justice | | news-journal.com",
        "published": "2024-11-23T07:00:00.000+02:00",
        "replies_count": 0,
        "participants_count": 1,
        "site_type": "news",
        "country": "US",
        "main_image": "https://bloximages.newyork1.vip.townnews.com/news-journal.com/content/tncms/assets/v3/editorial/8/f9/8f91c616-af97-55bc-9913-5e8f91d211e9/673fe93b2c50b.image.jpg?crop=341%2C341%2C85%2C0&amp;resize=200%2C200&amp;order=crop%2Cresize",
        "performance_score": 0,
        "domain_rank": 17517,
        "domain_rank_updated": "2024-11-18T23:00:00.000+02:00",
        "social": {
            "facebook": {
                "likes": 0,
                "comments": 0,
                "shares": 0
            },
            "vk": {
                "shares": 0
            }
        }
    },
    "uuid": "a545eaff57b4aeb12df81b6cfc9e5a8f6dc759cd",
    "url": "https://www.news-journal.com/donald-trump-has-tapped-former-florida-attorney-general-pam-bondi-to-lead-the-us-department/image_8f91c616-af97-55bc-9913-5e8f91d211e9.html",
    "ord_in_thread": 0,
    "parent_url": null,
    "author": "MANDEL NGAN",
    "published": "2024-11-23T07:00:00.000+02:00",
    "title": "Donald Trump has tapped former Florida attorney general Pam Bondi to lead the US Department of Justice | | news-journal.com",
    "text": "Donald Trump has tapped former Florida attorney general Pam Bondi to lead the US Department of Justice - MANDEL NGAN - Updated Tags As featured on US President-elect Donald Trump is handing top roles in his future administration to a mix of loyalists, provocateurs and a few relatively conventional figures. Most Popular Articles [Business Beat: Film Alley in Longview prepares to open](/premium/business-beat-film-alley-in-longview-prepares-to-open/article_8fc3b1b0-a2ca-11ef-8649-2346fa41a2cd.html)[Documents detail months leading to Longview environmental health manager's resignation](/premium/documents-detail-months-leading-to-longview-environmental-health-managers-resignation/article_cbdb8bee-9a57-11ef-8b71-f76714f977a6.html)[Divorces granted: Nov. 4-8, 2024](/news/public_record/divorces-granted-nov-4-8-2024/article_6371ad60-a2b6-11ef-b3cc-9b97cf657de9.html)[Are you not entertained? Longview's new movie theater, Film Alley, to open Friday](/news/business/local/are-you-not-entertained-longviews-new-movie-theater-film-alley-to-open-friday/article_35040b9c-a83f-11ef-a490-cb31b510ad5f.html)[East Texas city won't consider request to compensate owner of controversial 'Jesus' sign](/news/local/east-texas-city-wont-consider-request-to-compensate-owner-of-controversial-jesus-sign/article_427a7462-a6c5-11ef-835f-57787681ef01.html)[Marriage licenses: Nov. 11-15, 2024](/news/public_record/marriage-licenses-nov-11-15-2024/article_0bb877b6-a5e0-11ef-ab09-ef01d18e8f18.html)[Plenty of free Thanksgiving food boxes still available, but you have to sign up](/plenty-of-free-thanksgiving-food-boxes-still-available-but-you-have-to-sign-up/article_ba525c7b-1ac0-5681-a0bb-3f8ea2ed16db.html)[Amid nationwide fluoride debate, East Texas city that pioneered practice has stopped it](/premium/amid-nationwide-fluoride-debate-east-texas-city-that-pioneered-practice-has-stopped-it/article_8c50b57e-9ae0-11ef-9da4-cb16594fae97.html)[Cynamics and Hitachi Systems, Ltd. Forge Strategic Relationship to Fortify APAC Cybersecurity with AI-Driven Solutions - Collaboration Aims to Bolster Cyber Defense Across Asia-Pacific Through Advanced AI and IT Expertise](/cynamics-and-hitachi-systems-ltd-forge-strategic-relationship-to-fortify-apac-cybersecurity-with-ai-driven/article_31acc3e3-aea3-50e6-a192-12ab1dbdd28f.html)[Hawkins councilman accused of writing improper checks; municipal judge could be replaced](/news/local/hawkins-councilman-accused-of-writing-improper-checks-municipal-judge-could-be-replaced/article_0a4f0c68-a6f9-11ef-89fd-ff2e7c4977cc.html)",
    "highlightText": "",
    "highlightTitle": "",
    "highlightThreadTitle": "",
    "language": "english",
    "sentiment": "positive",
    "categories": [
        "Politics",
        "Economy, Business and Finance",
        "Corporate News and Profiles"
    ],
    "ai_allow": false,
    "canonical": false,
    "webz_reporter": false,
    "external_links": [],
    "external_images": [],
    "entities": {
        "persons": [
            {
                "name": "Donald Trump",
                "sentiment": "negative"
            },
            {
                "name": "Pam Bondi",
                "sentiment": "negative"
            }
        ],
        "organizations": [
            {
                "name": "US Department of Justice",
                "sentiment": "negative"
            }
        ],
        "locations": []
    },
    "syndication": {
        "syndicated": false,
        "syndicate_id": null,
        "first_syndicated": false
    },
    "rating": null,
    "crawled": "2024-11-24T01:47:29.937+02:00",
    "updated": "2024-11-24T01:47:29.937+02:00"
}