{
    "thread": {
        "uuid": "e7b7cc1f1b29a9268e1d38da52da05b73aba4cf6",
        "url": "https://newstral.com/en/article/en/1260528170/apc-youth-leader-applauds-senator-barau-for-donating-motorcycles-to-police",
        "site_full": "newstral.com",
        "site": "newstral.com",
        "site_section": "https://newstral.com/en/article",
        "site_categories": [
            "society",
            "weddings",
            "media"
        ],
        "section_title": "Ticker - Newstral.com",
        "title": "tribuneonlineng.com: «APC youth leader applauds Senator Barau for donating motorcycles to Police» - Related news - Newstral.com",
        "title_full": "tribuneonlineng.com: «APC youth leader applauds Senator Barau for donating motorcycles to Police» - Related news - Newstral.com",
        "published": "2024-11-23T02:00:00.000+02:00",
        "replies_count": 0,
        "participants_count": 1,
        "site_type": "news",
        "country": "DE",
        "main_image": "http://newstral.com/source-images/221096_original_1529251123.jpg",
        "performance_score": 0,
        "domain_rank": 100713,
        "domain_rank_updated": "2024-11-18T23:00:00.000+02:00",
        "social": {
            "facebook": {
                "likes": 0,
                "comments": 0,
                "shares": 0
            },
            "vk": {
                "shares": 0
            }
        }
    },
    "uuid": "e7b7cc1f1b29a9268e1d38da52da05b73aba4cf6",
    "url": "https://newstral.com/en/article/en/1260528170/apc-youth-leader-applauds-senator-barau-for-donating-motorcycles-to-police",
    "ord_in_thread": 0,
    "parent_url": null,
    "author": "Newstral.com",
    "published": "2024-11-23T02:00:00.000+02:00",
    "title": "tribuneonlineng.com: «APC youth leader applauds Senator Barau for donating motorcycles to Police» - Related news - Newstral.com",
    "text": "Newstral\nArticle\n[tribuneonlineng.com](/en/sources/221096) on 2024-11-23 22:23\nAPC youth leader applauds Senator Barau for donating motorcycles to Police\nRelated news\n[Senator Barau JibrinWins Kano APC Senatorial Ticket](https://independent.ng/senator-barau-jibrinwins-kano-apc-senatorial-ticket/)[independent.ng](/en/sources/474453)[Ganduje ‘ll reposition, strengthen APC, says Barau](https://www.vanguardngr.com/2023/08/ganduje-ll-reposition-strengthen-apc-says-barau/)[vanguardngr.com](/en/sources/221088)[FG’s Rice Palliatives: Senator Barau Distributes 19 Truckloads in Kano](https://www.thisdaylive.com/index.php/2024/09/09/fgs-rice-palliatives-senator-barau-distributes-19-truckloads-in-kano/)[thisdaylive.com](/en/sources/221104)[Kano Politics: Barau Welcomes NNPP Chieftains to APC](https://independent.ng/kano-politics-barau-welcomes-nnpp-chieftains-to-apc/)[independent.ng](/en/sources/474453)[10th NASS leadership: APC chieftains drum support for Barau](https://punchng.com/10th-nass-leadership-apc-chieftains-drum-support-for-barau/)[punchng.com](/en/sources/221100)[North West Development Commission to address infrastructure gaps – Senator Barau](https://tribuneonlineng.com/north-west-development-commission-to-address-infrastructure-gaps-senator-barau/)[tribuneonlineng.com](/en/sources/221096)[APC will reclaim mandate in Kano, says Barau](https://punchng.com/apc-will-reclaim-mandate-in-kano-says-barau/)[punchng.com](/en/sources/221100)[In Kano, Barau Welcomes NNPP, PDP Defectors to APC](https://www.thisdaylive.com/index.php/2024/11/19/in-kano-barau-welcomes-nnpp-pdp-defectors-to-apc/)[thisdaylive.com](/en/sources/221104)[COVID-19: Kano deserves same attention as Lagos ― Senator Barau](https://tribuneonlineng.com/covid-19-kano-deserves-same-attention-as-lagos-%e2%80%95-senator-barau/)[tribuneonlineng.com](/en/sources/221096)[Senator Barau Jibrin Is Northern Choice For Senate President – Kwamanda](https://independent.ng/senator-barau-jibrin-is-northern-choice-for-senate-president-kwamanda/)[independent.ng](/en/sources/474453),,[T](https://thesun.ng)[Barau Tsunami: Kwankwaso’s ward, Gov Abba’s LG top shots dump NNPP, join APC](https://thesun.ng/barau-tsunami-kwankwasos-ward-gov-abbas-lg-top-shots-dump-nnpp-join-apc/)[thesun.ng](/en/sources/476208)[Ganduje, Barau Salute Tinubu’s Love for Kano, APC as Stakeholders Call for Unity](https://independent.ng/ganduje-barau-salute-tinubus-love-for-kano-apc-as-stakeholders-call-for-unity/)[independent.ng](/en/sources/474453)[Senator Shekarau Formally Dumps APC](https://independent.ng/senator-shekarau-formally-dumps-apc/)[independent.ng](/en/sources/474453)[Split in APC G-7 as Senators Barau, Shekarau allegedly disagree](https://tribuneonlineng.com/split-in-apc-g-7-as-senators-barau-shekarau-allegedly-disagree/)[tribuneonlineng.com](/en/sources/221096)[Kano APC chieftain hails Tinubu, Barau over North-west devt commission](https://tribuneonlineng.com/kano-apc-chieftain-hails-tinubu-barau-over-north-west-devt-commission/)[tribuneonlineng.com](/en/sources/221096),,,[Eid-El-Fitr: FCT minister, Governor Inuwa, Kano Deputy Governor, Senator Barau send goodwill messages](https://tribuneonlineng.com/eid-el-fitr-fct-minister-governor-inuwa-kano-deputy-governor-senator-barau-send-goodwill-messages/)[tribuneonlineng.com](/en/sources/221096)[Barau Presents 1,000 Motorcycles To Kano Police Command](https://independent.ng/barau-presents-1000-motorcycles-to-kano-police-command/)[independent.ng](/en/sources/474453)[Constituency projects: Northern youths defend Senator Barau](https://tribuneonlineng.com/constituency-projects-northern-youths-defend-senator-barau/)[tribuneonlineng.com](/en/sources/221096),,,,[No regrets donating burial materials to my constituents — Kano Senator](https://tribuneonlineng.com/no-regrets-donating-burial-materials-to-my-constituents-kano-senator/)[tribuneonlineng.com](/en/sources/221096)[APC Applauds Buhari @80](https://independent.ng/apc-applauds-buhari-80/)[independent.ng](/en/sources/474453)",
    "highlightText": "",
    "highlightTitle": "",
    "highlightThreadTitle": "",
    "language": "english",
    "sentiment": "positive",
    "categories": [
        "Politics",
        "Social Issue",
        "Human Interest"
    ],
    "ai_allow": true,
    "canonical": false,
    "webz_reporter": false,
    "external_links": [
        "https://www.vanguardngr.com/2023/08/ganduje-ll-reposition-strengthen-apc-says-barau/",
        "https://www.thisdaylive.com/index.php/2024/11/19/in-kano-barau-welcomes-nnpp-pdp-defectors-to-apc/",
        "https://independent.ng/ganduje-barau-salute-tinubus-love-for-kano-apc-as-stakeholders-call-for-unity/",
        "https://thesun.ng",
        "https://independent.ng/apc-applauds-buhari-80/",
        "https://tribuneonlineng.com/split-in-apc-g-7-as-senators-barau-shekarau-allegedly-disagree/",
        "https://tribuneonlineng.com/constituency-projects-northern-youths-defend-senator-barau/",
        "https://tribuneonlineng.com/kano-apc-chieftain-hails-tinubu-barau-over-north-west-devt-commission/",
        "https://tribuneonlineng.com/north-west-development-commission-to-address-infrastructure-gaps-senator-barau/",
        "https://punchng.com/10th-nass-leadership-apc-chieftains-drum-support-for-barau/",
        "https://thesun.ng/barau-tsunami-kwankwasos-ward-gov-abbas-lg-top-shots-dump-nnpp-join-apc/",
        "https://independent.ng/kano-politics-barau-welcomes-nnpp-chieftains-to-apc/",
        "https://independent.ng/senator-barau-jibrinwins-kano-apc-senatorial-ticket/",
        "https://punchng.com/apc-will-reclaim-mandate-in-kano-says-barau/",
        "https://tribuneonlineng.com/eid-el-fitr-fct-minister-governor-inuwa-kano-deputy-governor-senator-barau-send-goodwill-messages/",
        "https://www.thisdaylive.com/index.php/2024/09/09/fgs-rice-palliatives-senator-barau-distributes-19-truckloads-in-kano/",
        "https://independent.ng/barau-presents-1000-motorcycles-to-kano-police-command/",
        "https://independent.ng/senator-barau-jibrin-is-northern-choice-for-senate-president-kwamanda/",
        "https://tribuneonlineng.com/covid-19-kano-deserves-same-attention-as-lagos-%e2%80%95-senator-barau/",
        "https://tribuneonlineng.com/no-regrets-donating-burial-materials-to-my-constituents-kano-senator/",
        "https://independent.ng/senator-shekarau-formally-dumps-apc/",
        "https://www.tribuneonlineng.com/split-in-apc-g-7-as-senators-barau-shekarau-allegedly-disagree/",
        "https://punchng.com/apc-will-reclaim-mandate-in-kano-says-barau",
        "https://tribuneonlineng.com/constituency-projects-northern-youths-defend-senator-barau",
        "https://www.tribuneonlineng.com/kano-apc-chieftain-hails-tinubu-barau-over-north-west-devt-commission/",
        "https://www.independent.ng/senator-barau-jibrinwins-kano-apc-senatorial-ticket/",
        "https://vanguardngr.com/2023/08/ganduje-ll-reposition-strengthen-apc-says-barau/",
        "https://www.thisdaylive.com/index.php/2024/09/09/fgs-rice-palliatives-senator-barau-distributes-19-truckloads-in-kano",
        "https://independent.ng/ganduje-barau-salute-tinubus-love-for-kano-apc-as-stakeholders-call-for-unity",
        "https://independent.ng/senator-barau-jibrinwins-kano-apc-senatorial-ticket",
        "https://www.independent.ng/senator-shekarau-formally-dumps-apc/",
        "https://www.tribuneonlineng.com/no-regrets-donating-burial-materials-to-my-constituents-kano-senator/",
        "https://independent.ng/senator-shekarau-formally-dumps-apc",
        "https://www.tribuneonlineng.com/constituency-projects-northern-youths-defend-senator-barau/",
        "https://tribuneonlineng.com/no-regrets-donating-burial-materials-to-my-constituents-kano-senator",
        "https://tribuneonlineng.com/split-in-apc-g-7-as-senators-barau-shekarau-allegedly-disagree",
        "https://www.independent.ng/ganduje-barau-salute-tinubus-love-for-kano-apc-as-stakeholders-call-for-unity/",
        "https://www.vanguardngr.com/2023/08/ganduje-ll-reposition-strengthen-apc-says-barau",
        "https://thisdaylive.com/index.php/2024/09/09/fgs-rice-palliatives-senator-barau-distributes-19-truckloads-in-kano/",
        "https://thesun.ng/barau-tsunami-kwankwasos-ward-gov-abbas-lg-top-shots-dump-nnpp-join-apc",
        "https://www.thesun.ng/barau-tsunami-kwankwasos-ward-gov-abbas-lg-top-shots-dump-nnpp-join-apc/",
        "https://www.independent.ng/kano-politics-barau-welcomes-nnpp-chieftains-to-apc/",
        "https://tribuneonlineng.com/covid-19-kano-deserves-same-attention-as-lagos-%e2%80%95-senator-barau",
        "https://independent.ng/barau-presents-1000-motorcycles-to-kano-police-command",
        "https://tribuneonlineng.com/kano-apc-chieftain-hails-tinubu-barau-over-north-west-devt-commission",
        "https://www.independent.ng/barau-presents-1000-motorcycles-to-kano-police-command/",
        "https://www.independent.ng/apc-applauds-buhari-80/",
        "https://independent.ng/kano-politics-barau-welcomes-nnpp-chieftains-to-apc",
        "https://www.tribuneonlineng.com/covid-19-kano-deserves-same-attention-as-lagos-%e2%80%95-senator-barau/",
        "https://www.thesun.ng",
        "https://thisdaylive.com/index.php/2024/11/19/in-kano-barau-welcomes-nnpp-pdp-defectors-to-apc/",
        "https://www.tribuneonlineng.com/north-west-development-commission-to-address-infrastructure-gaps-senator-barau/",
        "https://independent.ng/senator-barau-jibrin-is-northern-choice-for-senate-president-kwamanda",
        "https://www.punchng.com/10th-nass-leadership-apc-chieftains-drum-support-for-barau/",
        "https://tribuneonlineng.com/eid-el-fitr-fct-minister-governor-inuwa-kano-deputy-governor-senator-barau-send-goodwill-messages",
        "https://punchng.com/10th-nass-leadership-apc-chieftains-drum-support-for-barau",
        "https://www.independent.ng/senator-barau-jibrin-is-northern-choice-for-senate-president-kwamanda/",
        "https://independent.ng/apc-applauds-buhari-80",
        "https://tribuneonlineng.com/north-west-development-commission-to-address-infrastructure-gaps-senator-barau",
        "https://www.thisdaylive.com/index.php/2024/11/19/in-kano-barau-welcomes-nnpp-pdp-defectors-to-apc",
        "https://www.tribuneonlineng.com/eid-el-fitr-fct-minister-governor-inuwa-kano-deputy-governor-senator-barau-send-goodwill-messages/",
        "https://www.punchng.com/apc-will-reclaim-mandate-in-kano-says-barau/"
    ],
    "external_images": [],
    "entities": {
        "persons": [
            {
                "name": "Barau",
                "sentiment": "none"
            }
        ],
        "organizations": [
            {
                "name": "APC",
                "sentiment": "none"
            }
        ],
        "locations": []
    },
    "syndication": {
        "syndicated": false,
        "syndicate_id": null,
        "first_syndicated": false
    },
    "rating": null,
    "crawled": "2024-11-24T00:32:34.541+02:00",
    "updated": "2024-11-24T00:32:34.541+02:00"
}