{
    "thread": {
        "uuid": "7fe9c9c3ab1936dd8d0fa8c8db0015ca38fb6fc5",
        "url": "https://timesofindia.indiatimes.com/city/shimla/priyanka-gandhis-wayanad-victory-a-key-milestone-for-congress-says-himachal-cm-sukhu/articleshow/115611818.cms",
        "site_full": "timesofindia.indiatimes.com",
        "site": "indiatimes.com",
        "site_section": "https://timesofindia.indiatimes.com/india/andhra-pradesh",
        "site_categories": [
            "under_construction",
            "top_news_nz",
            "top_news_au",
            "top_news_ae",
            "top_news_us",
            "top_news_gb",
            "top_news_th",
            "top_news_sa",
            "top_news_sg",
            "top_news_ph",
            "top_news_hk",
            "top_news_nl",
            "top_news_qa",
            "top_news_ie",
            "top_news_pk",
            "top_news_id",
            "top_news_dk",
            "top_news_eg",
            "top_news_za",
            "top_news_my",
            "top_news_kw",
            "top_news_be",
            "top_news_in",
            "top_news_ca",
            "top_news_iq",
            "top_news"
        ],
        "section_title": "Andhra Pradesh News, Latest Andhra News Headlines, Telugu News Headlines &amp; Live Updates - Times of India",
        "title": "Priyanka Gandhi's Wayanad Victory: A Key Milestone for Congress, Says Himachal CM Sukhu | Shimla News - Times of India",
        "title_full": "Priyanka Gandhi's Wayanad Victory: A Key Milestone for Congress, Says Himachal CM Sukhu | Shimla News - Times of India",
        "published": "2024-11-24T00:16:00.000+02:00",
        "replies_count": 0,
        "participants_count": 1,
        "site_type": "news",
        "country": "IN",
        "main_image": "https://static.toiimg.com/thumb/msid-47529300,width-1070,height-580,imgsize-110164,resizemode-75,overlay-toi_sw,pt-32,y_pad-40/photo.jpg",
        "performance_score": 0,
        "domain_rank": 285,
        "domain_rank_updated": "2024-11-18T23:00:00.000+02:00",
        "social": {
            "facebook": {
                "likes": 0,
                "comments": 0,
                "shares": 0
            },
            "vk": {
                "shares": 0
            }
        }
    },
    "uuid": "7fe9c9c3ab1936dd8d0fa8c8db0015ca38fb6fc5",
    "url": "https://timesofindia.indiatimes.com/city/shimla/priyanka-gandhis-wayanad-victory-a-key-milestone-for-congress-says-himachal-cm-sukhu/articleshow/115611818.cms",
    "ord_in_thread": 0,
    "parent_url": null,
    "author": "TNN",
    "published": "2024-11-24T00:16:00.000+02:00",
    "title": "Priyanka Gandhi's Wayanad Victory: A Key Milestone for Congress, Says Himachal CM Sukhu | Shimla News - Times of India",
    "text": "Shimla: Himachal Pradesh chief minister Sukhvinder Singh Sukhu on Saturday congratulated Congress general secretary Priyanka Gandhi for her victory in the Wayanad Lok Sabha bypoll.Sukhu said the record-breaking win in Wayanad marked a significant milestone in Priyanka’s electoral journey and it would further strengthen the Congress party. He also congratulated senior leaders and party workers for their success in the Jharkhand assembly elections, hailing their dedication and hard work.The CM, meanwhile, criticised the BJP for engaging in obstructionist rather than cooperative politics in Himachal Pradesh. “The BJP evades addressing public concerns and avoids discussing their five-year performance. Instead, they divert attention to matters like toilet tax and samosas,” he said. Sukhu further said the public deserved to know why the standards of education and healthcare declined during the BJP regime. He said his govt was committed to fulfilling all its promises and leading Himachal on the path of development.The CM said the BJP in Himachal was divided into five factions each led by J P Nadda, Anurag Thakur, Jairam Thakur, Rajeev Bindal, and a group of former Congress members who joined the saffron party and were now referred to as the “East India Company”.Sukhu said the opposition failed to engage in policy-based criticism and was rather targeting him personally. “Despite their efforts, the current state govt is steadfast in its commitment to advancing Himachal Pradesh on the path of development,” he said. We also published the following articles recentlySukhu-led Congress govt has destroyed Himachal: BJP's Jairam Thakur after court attaches Himachal BhawanFormer Himachal Pradesh Chief Minister Jairam Thakur has sharply criticized the current Congress government for alleged mismanagement. Thakur highlighted a court order to attach Himachal Bhavan in Delhi over unpaid bills as evidence of the government's failures.115439306CM Sukhu reacts to HC attaching Himachal Bhawan in Delhi; BJP blames govts 'financial mismanagement'The Himachal Pradesh High Court's order to attach Himachal Bhawan in Delhi over unpaid electricity bills has sparked controversy. Chief Minister Sukhvinder Singh Sukhu stated he is yet to review the order, while the BJP criticized the government's financial management. Former CM Jairam Thakur expressed concern over potential asset auctions due to the mounting financial crisis.115440374Priyanka Gandhi thanks 'two jewels' in Wayanad bypoll victory statement - Who are Raihan and Miraya?Priyanka Gandhi Vadra secured a landslide victory in the Wayanad Lok Sabha bypoll, expressing gratitude to the people and her family, including her children, Raihan and Miraya. While Raihan is a visual artist and curator, Miraya, though largely away from the spotlight, has shown support for her family's political endeavors.115606419",
    "highlightText": "",
    "highlightTitle": "",
    "highlightThreadTitle": "",
    "language": "english",
    "sentiment": "positive",
    "categories": [
        "Politics",
        "Human Interest",
        "Social Issue"
    ],
    "ai_allow": true,
    "canonical": false,
    "webz_reporter": false,
    "external_links": [],
    "external_images": [],
    "entities": {
        "persons": [],
        "organizations": [],
        "locations": []
    },
    "syndication": {
        "syndicated": false,
        "syndicate_id": null,
        "first_syndicated": false
    },
    "rating": null,
    "crawled": "2024-11-24T01:23:49.064+02:00",
    "updated": "2024-11-24T01:23:49.064+02:00"
}