{
    "thread": {
        "uuid": "fe7bab3bd50235c39650ad8970146d4c80adee8c",
        "url": "https://sundayguardianlive.com/news/mahayuti-sweeps-all-regions-of-maharashtra",
        "site_full": "sundayguardianlive.com",
        "site": "sundayguardianlive.com",
        "site_section": "https://www.golf.einnews.com/live_feed",
        "site_categories": [],
        "section_title": "Live Feed Wire - Golf News Today - EIN Presswire",
        "title": "Mahayuti sweeps all regions of Maharashtra",
        "title_full": "Mahayuti sweeps all regions of Maharashtra",
        "published": "2024-11-23T19:32:00.000+02:00",
        "replies_count": 0,
        "participants_count": 1,
        "site_type": "news",
        "country": "IN",
        "main_image": "https://sundayguardianlive.com/wp-content/uploads/2024/11/k-1.jpg",
        "performance_score": 0,
        "domain_rank": 38636,
        "domain_rank_updated": "2024-11-18T23:00:00.000+02:00",
        "social": {
            "facebook": {
                "likes": 0,
                "comments": 0,
                "shares": 0
            },
            "vk": {
                "shares": 0
            }
        }
    },
    "uuid": "fe7bab3bd50235c39650ad8970146d4c80adee8c",
    "url": "https://sundayguardianlive.com/news/mahayuti-sweeps-all-regions-of-maharashtra",
    "ord_in_thread": 0,
    "parent_url": null,
    "author": "Tikam Sharma",
    "published": "2024-11-23T19:32:00.000+02:00",
    "title": "Mahayuti sweeps all regions of Maharashtra",
    "text": "Mahayuti Alliance dominated Maharashtra elections, securing 236 seats, sweeping regions like Vidarbha, Konkan, and Western Maharashtra.\nNew Delhi: As the Mahayuti alliance swept the Maharashtra elections on Saturday, winning 236 of the state’s 288 Assembly seats, leaving behind the Maha Vikas Aghadi at 48 seats, the Bharatiya Janata Party alone secured a massive 132 seats, while Eknath Shinde’s Shiv Sena won 57, and Ajit Pawar’s\nNCP claimed 41 seats.\nAn analysis by The Sunday Guardian showed that the Mahayuti dominated across all regions of Maharashtra, including Vidarbha,\nWestern Maharashtra, and the Konkan region, firmly outpacing the opposition. Here is a break-up-\nWestern Maharashtra\nKnown as the “Sugar Bowl of Maharashtra,” this region comprises 70 Assembly seats, of which the Mahayuti Alliance secured a commanding 54 seats. In the 2019 elections, the Sharad Pawar-led NCP had won 27 seats, while the BJP claimed 20. Congress took 12 seats, the undivided Shiv Sena won five, and smaller parties, including Surajya Janashakti and independents, captured the remainder.\nKonkan\nThe coastal belt of Maharashtra, with 75 Assembly seats, saw the Mahayuti Alliance win a staggering 65 seats. In the 2019 elections, the unified Shiv Sena had won 29 seats, while its then-ally BJP secured 27, giving their coalition a stronghold of 56 seats. Congress and the NCP were limited to less than 15 seats combined.\nVidarbha\nA stronghold of the ruling Mahayuti Alliance, this region has 62 Assembly seats, of which the coalition won 48. In comparison, the BJP had secured 29 seats in the 2019 elections, demonstrating a significant increase in dominance.\nMarathwada\nThis region, with 46 Assembly seats, saw the Mahayuti Alliance claim 41 seats. In the 2019 elections, the BJP and the undivided Shiv Sena together had won 28 seats, while Congress and the NCP secured eight seats each. Two seats were claimed by other parties.\nNorth Maharashtra\nAlthough the smallest region with 35 Assembly seats, North Maharashtra remains politically significant. Here, the Mahayuti Alliance achieved an overwhelming victory, winning 32 seats. In the 2019 elections, the BJP had led with 13 seats, followed by the NCP with seven, the Shiv Sena with six, and Congress with five. Additionally, AIMIM and independents had won two seats each.",
    "highlightText": "",
    "highlightTitle": "",
    "highlightThreadTitle": "",
    "language": "english",
    "sentiment": "positive",
    "categories": [
        "Politics"
    ],
    "ai_allow": true,
    "canonical": false,
    "webz_reporter": false,
    "external_links": [],
    "external_images": [],
    "entities": {
        "persons": [
            {
                "name": "Surajya Janashakti",
                "sentiment": "none"
            },
            {
                "name": "Eknath Shinde",
                "sentiment": "none"
            },
            {
                "name": "Ajit Pawar",
                "sentiment": "none"
            }
        ],
        "organizations": [
            {
                "name": "Bharatiya Janata Party",
                "sentiment": "none"
            },
            {
                "name": "Mahayuti Alliance",
                "sentiment": "none"
            },
            {
                "name": "Shiv Sena",
                "sentiment": "none"
            },
            {
                "name": "Congress",
                "sentiment": "none"
            },
            {
                "name": "BJP",
                "sentiment": "none"
            }
        ],
        "locations": [
            {
                "name": "Maharashtra",
                "sentiment": "none"
            }
        ]
    },
    "syndication": {
        "syndicated": false,
        "syndicate_id": null,
        "first_syndicated": false
    },
    "rating": null,
    "crawled": "2024-11-24T02:51:40.921+02:00",
    "updated": "2024-11-24T08:05:08.319+02:00"
}