{
    "thread": {
        "uuid": "7692c52115e9afbc473c5736bb81416e79abe2c6",
        "url": "https://www.newsx.com/india/narendra-modi-bears-the-hallmark-of-popular-mandate-sarbananda-sonowal",
        "site_full": "www.newsx.com",
        "site": "newsx.com",
        "site_section": "https://newsx.com",
        "site_categories": [
            "media"
        ],
        "section_title": "Breaking Latest News Today | Today News Headlines | Latest English News | Top News in India - Newsx",
        "title": "Narendra Modi Bears The Hallmark Of Popular Mandate: Sarbananda Sonowal",
        "title_full": "Narendra Modi Bears The Hallmark Of Popular Mandate: Sarbananda Sonowal",
        "published": "2024-11-23T22:14:00.000+02:00",
        "replies_count": 0,
        "participants_count": 1,
        "site_type": "news",
        "country": "IN",
        "main_image": "",
        "performance_score": 0,
        "domain_rank": 64253,
        "domain_rank_updated": "2024-11-18T23:00:00.000+02:00",
        "social": {
            "facebook": {
                "likes": 0,
                "comments": 0,
                "shares": 0
            },
            "vk": {
                "shares": 0
            }
        }
    },
    "uuid": "7692c52115e9afbc473c5736bb81416e79abe2c6",
    "url": "https://www.newsx.com/india/narendra-modi-bears-the-hallmark-of-popular-mandate-sarbananda-sonowal",
    "ord_in_thread": 0,
    "parent_url": null,
    "author": "Kanika Sharma",
    "published": "2024-11-23T22:14:00.000+02:00",
    "title": "Narendra Modi Bears The Hallmark Of Popular Mandate: Sarbananda Sonowal",
    "text": "Union Minister of Ports, Shipping & Waterways, Sarbananda Sonowal, attributed the strong performance of the BJP-led NDA in the recent Maharashtra and Assam elections to the dynamic leadership of Prime Minister Narendra Modi. He praised Modi’s people-centric policies and emphasized that these have played a crucial role in gaining the trust of voters across India.\nPM Modi’s Vision Drives Unprecedented Change\nIn his remarks, Sonowal highlighted that the election results in both Maharashtra and Assam reflect the growing confidence of the people in PM Modi and the NDA government. “Under the dynamic leadership of Prime Minister Narendra Modi, transformative policies have touched the lives of millions and brought about unprecedented change,” he said. Sonowal noted that the performance of the NDA was a clear endorsement of Modi’s vision for a prosperous and united India.\nA Clear Mandate for Development and Good Governance\nSonowal emphasized that the victory in these states was not only a testament to PM Modi’s leadership but also a reflection of the people’s demand for development and good governance. “The people have placed their trust in the BJP-led NDA because of the visible progress in every corner of the country, especially in the Northeast,” he said.\nThe Union Minister also underlined the commitment of newly elected representatives to continue the development agenda in their constituencies, ensuring that the momentum of progress remains strong.\nAcknowledging the Efforts of Party Leaders and Workers\nSonowal acknowledged the significant contributions of key party leaders and the hardworking party cadre, whose tireless efforts were pivotal in securing this victory. He commended the team’s dedication and commitment throughout the election campaign and extended his best wishes to the newly elected representatives for their future endeavors.\nA Bright Future Ahead for Assam and Maharashtra\nLooking ahead, Sonowal expressed confidence that the newly elected candidates would continue to work for the welfare of their constituencies, building on the foundation laid by PM Modi’s leadership. He highlighted that the people’s trust would guide them in their pursuit of further development in both Assam and Maharashtra.\nMUST READ : Maha Results: PM Modi’s ‘Parasite’ Attack On Congress, Targets Gandhis Over ‘Waqf Board Appeasement’",
    "highlightText": "",
    "highlightTitle": "",
    "highlightThreadTitle": "",
    "language": "english",
    "sentiment": "positive",
    "categories": [
        "Politics",
        "Human Interest"
    ],
    "ai_allow": true,
    "canonical": false,
    "webz_reporter": false,
    "external_links": [],
    "external_images": [],
    "entities": {
        "persons": [
            {
                "name": "Narendra Modi",
                "sentiment": "neutral"
            }
        ],
        "organizations": [
            {
                "name": "Sarbananda Sonowal Union",
                "sentiment": "neutral"
            }
        ],
        "locations": [
            {
                "name": "Maharashtra",
                "sentiment": "none"
            }
        ]
    },
    "syndication": {
        "syndicated": false,
        "syndicate_id": null,
        "first_syndicated": false
    },
    "rating": null,
    "crawled": "2024-11-24T00:56:39.189+02:00",
    "updated": "2024-11-24T00:56:39.189+02:00"
}