{
    "thread": {
        "uuid": "1c9f0f4d4a643bf98eef46763279c3cc33ffd07d",
        "url": "https://dnyuz.com/2024/11/23/climate-summit-approves-divisive-300b-deal",
        "site_full": "dnyuz.com",
        "site": "dnyuz.com",
        "site_section": "https://feeds.feedburner.com/dnyuz",
        "site_categories": [
            "media"
        ],
        "section_title": "DNyuz",
        "title": "Climate summit approves divisive $300B deal",
        "title_full": "Climate summit approves divisive $300B deal",
        "published": "2024-11-24T01:49:00.000+02:00",
        "replies_count": 0,
        "participants_count": 1,
        "site_type": "news",
        "country": "US",
        "main_image": "https://dnyuz.com/wp-content/uploads/2024/10/Moldova-votes-yes-to-joining-EU-by-tiny-margin.png",
        "performance_score": 0,
        "domain_rank": 15638,
        "domain_rank_updated": "2024-11-18T23:00:00.000+02:00",
        "social": {
            "facebook": {
                "likes": 0,
                "comments": 0,
                "shares": 0
            },
            "vk": {
                "shares": 0
            }
        }
    },
    "uuid": "1c9f0f4d4a643bf98eef46763279c3cc33ffd07d",
    "url": "https://dnyuz.com/2024/11/23/climate-summit-approves-divisive-300b-deal",
    "ord_in_thread": 0,
    "parent_url": null,
    "author": "Politico",
    "published": "2024-11-24T01:49:00.000+02:00",
    "title": "Climate summit approves divisive $300B deal",
    "text": "BAKU, Azerbaijan — Negotiators reached a deal early Sunday in which rich countries agreed to provide at least $300 billion per year in financing by 2035 to help poorer nations fight climate change.\nThe agreement, struck and approved early Sunday at the COP29 climate summit, emerged after days of public and closed-door recriminations and finger-pointing among the nearly 200 nations represented at the gathering by the Caspian Sea.\nThose included a testy, shout-filled meeting before dawn Saturday in which major economic powers including the United States, the United Kingdom, the European Union and China battled over how the cash would be delivered and by which countries, two people familiar with that discussion told POLITICO.\nAfterward, large rich nations agreed to bump up their offer from a $250 billion proposal that the summit’s hosts had floated on Friday.\nStill, a minimum of $300 billion is far below the trillions of dollars that poorer and vulnerable countries will need to withstand ever-rising seas and worsening storms, droughts and floods, several analyses have found. Other ways exist to raise those funds — such as private capital, and carbon credit trading whose rules also reached a final deal Saturday. But representatives of poor and vulnerable countries such as Malawi, the Marshall Islands and the Maldives said the sum was simply insufficient to meet their needs.\nThe financial agreement also comes with a pile of uncertainty about the final amount any rich country would pay — especially as U.S. President-elect Donald Trump, who calls climate change a hoax, prepares to take power in Washington. The EU, already by far the largest donor bloc, expects to have to shoulder more of the burden as U.S. participation recedes.\nThe deal was broadly in line with the expectations set by a U.N. report last week, which estimated the amount of public finance and related cash transfers needed to protect climate-threatened countries and finance their clean industries. It also largely meshed with the $200 billion to $300 billion in annual funding that EU nations had discussed in private, as POLITICO reported on Monday.\nIn the lead-up to the talks, the U.S. and the EU pressured China and other wealthy, but technically developing, countries to join them as a donor nation.\nThe deal opened up the possibility for developing nations such as China to contribute, or not, on a voluntary basis — potentially allowing both sides to claim a win.\nThe $300 billion-plus goal will also include all finance from international institutions such as the World Bank — such as money provided by China and other developing country shareholders. The inclusion allows countries that had pressured China to contribute to say they had made progress.\nThe final text nodded to an agreement made last year in Dubai to transition away from fossil fuels. But this year countries declined to directly mention the energy sources that cause climate change. Nor did the deal lay out actions to accelerate toward that goal, something European and U.S. negotiators had wanted. They were repeatedly rebuffed by Saudi Arabia’s delegation, along with a group that included China, India and other emerging economies, according to a European diplomat, who was granted anonymity in order to discuss the contents of private meetings.\nThe post Climate summit approves divisive $300B deal appeared first on Politico.",
    "highlightText": "",
    "highlightTitle": "",
    "highlightThreadTitle": "",
    "language": "english",
    "sentiment": "positive",
    "categories": [
        "Politics",
        "Social Issue"
    ],
    "ai_allow": true,
    "canonical": false,
    "webz_reporter": false,
    "external_links": [],
    "external_images": [],
    "entities": {
        "persons": [],
        "organizations": [],
        "locations": []
    },
    "syndication": {
        "syndicated": false,
        "syndicate_id": null,
        "first_syndicated": false
    },
    "rating": null,
    "crawled": "2024-11-24T04:14:40.609+02:00",
    "updated": "2024-11-24T04:14:40.609+02:00"
}