{
    "thread": {
        "uuid": "cd6071f8e380cfc9cc7c47a803602b669d956b4e",
        "url": "https://timesofindia.indiatimes.com/city/jaipur/bjps-game-changing-victory-in-jat-regions-of-rajasthan-a-comprehensive-strategy-unveiled/articleshow/115613416.cms",
        "site_full": "timesofindia.indiatimes.com",
        "site": "indiatimes.com",
        "site_section": "https://timesofindia.indiatimes.com/business/startups",
        "site_categories": [
            "under_construction",
            "top_news_nz",
            "top_news_au",
            "top_news_ae",
            "top_news_us",
            "top_news_gb",
            "top_news_th",
            "top_news_sa",
            "top_news_sg",
            "top_news_ph",
            "top_news_hk",
            "top_news_nl",
            "top_news_qa",
            "top_news_ie",
            "top_news_pk",
            "top_news_id",
            "top_news_dk",
            "top_news_eg",
            "top_news_za",
            "top_news_my",
            "top_news_kw",
            "top_news_be",
            "top_news_in",
            "top_news_ca",
            "top_news_iq",
            "top_news"
        ],
        "section_title": "",
        "title": "BJP's Game-Changing Victory in Jat Regions of Rajasthan: A Comprehensive Strategy Unveiled | Jaipur News - Times of India",
        "title_full": "BJP's Game-Changing Victory in Jat Regions of Rajasthan: A Comprehensive Strategy Unveiled | Jaipur News - Times of India",
        "published": "2024-11-24T01:06:00.000+02:00",
        "replies_count": 0,
        "participants_count": 1,
        "site_type": "news",
        "country": "IN",
        "main_image": "https://static.toiimg.com/thumb/msid-115613411,width-1070,height-580,imgsize-46148,resizemode-75,overlay-toi_sw,pt-32,y_pad-40/photo.jpg",
        "performance_score": 0,
        "domain_rank": 285,
        "domain_rank_updated": "2024-11-18T23:00:00.000+02:00",
        "social": {
            "facebook": {
                "likes": 0,
                "comments": 0,
                "shares": 0
            },
            "vk": {
                "shares": 0
            }
        }
    },
    "uuid": "cd6071f8e380cfc9cc7c47a803602b669d956b4e",
    "url": "https://timesofindia.indiatimes.com/city/jaipur/bjps-game-changing-victory-in-jat-regions-of-rajasthan-a-comprehensive-strategy-unveiled/articleshow/115613416.cms",
    "ord_in_thread": 0,
    "parent_url": null,
    "author": "TNN",
    "published": "2024-11-24T01:06:00.000+02:00",
    "title": "BJP's Game-Changing Victory in Jat Regions of Rajasthan: A Comprehensive Strategy Unveiled | Jaipur News - Times of India",
    "text": "Jaipur: BJP's spectacular victory in the Jat-dominated constituencies of Jhunjhunu and Khinvsar after 21 and 11 years respectively has drawn attention to, and sparked a debate over, the party's revamped electoral strategies.These victories, coming just six months after BJP suffered losses in the Jat-majority Lok Sabha seats of Jhunjhunu, Sikar, Churu, and Nagaur to candidates of the Congress-led INDIA bloc, mark a significant political shift in Rajasthan.Despite BJP's landslide in the 2013 Assembly elections, where it captured 163 of the total 200 seats, and its strong showing in 2023, Jhunjhunu and Khinvsar remained elusive for the party. The latest bypolls, however, saw BJP securing these constituencies that the party's internal surveys had identified as challenging. Fear of a voting pattern similar to that in past elections jeopardising the party's prospects had loomed large.A glimmer of hope for BJP's Rajasthan unit came with the results of Haryana assembly elections defying the exit-poll predictions, prompting the party to lean on its former state president and Haryana poll in-charge, Satish Poonia, to script a turnaround in Jat dominated seats.\\\"On Oct 7, two days after the unexpected Haryana results, BJP state president Madan Rathore congratulated Poonia and urged him to lead the efforts for bypolls in Rajasthan,\\\" said a senior BJP leader.Poonia's success in Haryana, where his \\\"OBC-Farmer-Jat (OFJ) formula' proved highly effective, became the blueprint for Rajasthan's campaign. \\\"Poonia's social engineering to unite OBC farmers and Jats was widely recognised by then. The state unit relied on his expertise to craft a strategy to win these difficult seats,\\\" noted a BJP insider.Before arriving in Jhunjhunu and Khinvsar, Poonia held consultations with booth-level workers from Jaipur to evaluate the party's standing. In a meeting with CM Bhajan Lal Sharma, he outlined an extensive outreach campaign aimed at OBCs, Jats, and farmers.\\\"Leveraging his 3.5-year tenure as state president, Poonia engaged panchayat leaders and community influencers to highlight BJP's governance achievements, mirroring the promises made in Haryana,\\\" added the party insider.In the final stretch, key BJP leaders, including former Leader of Opposition Rajendra Rathore and cabinet minister Gajendra Singh Khimsar, played crucial roles in consolidating votes in favour of the party. Meanwhile, CM Bhajan Lal Sharma's rallies and public addresses in the campaign's closing days solidified the party's position, leading to a decisive victory, said BJP functionaries.",
    "highlightText": "",
    "highlightTitle": "",
    "highlightThreadTitle": "",
    "language": "english",
    "sentiment": "positive",
    "categories": [
        "Politics",
        "Social Issue"
    ],
    "ai_allow": true,
    "canonical": false,
    "webz_reporter": false,
    "external_links": [],
    "external_images": [],
    "entities": {
        "persons": [],
        "organizations": [],
        "locations": []
    },
    "syndication": {
        "syndicated": false,
        "syndicate_id": null,
        "first_syndicated": false
    },
    "rating": null,
    "crawled": "2024-11-24T01:56:39.656+02:00",
    "updated": "2024-11-24T01:56:39.656+02:00"
}