{
    "thread": {
        "uuid": "41270861faebc070ad844e0a2b404427f5d0f52a",
        "url": "https://www.newportdispatch.com/2025/09/10/2-arrested-in-elmira-on-harassment-drug-charges/",
        "site_full": "www.newportdispatch.com",
        "site": "newportdispatch.com",
        "site_section": "https://newportdispatch.com",
        "site_categories": [],
        "section_title": "Homepage - Newport Dispatch",
        "site_title": "Homepage - Newport Dispatch",
        "title": "2 arrested in Elmira on harassment, drug charges",
        "title_full": "2 arrested in Elmira on harassment, drug charges",
        "published": "2025-09-11T05:24:00.000+03:00",
        "replies_count": 0,
        "participants_count": 1,
        "site_type": "news",
        "country": "US",
        "main_image": "",
        "performance_score": 0,
        "domain_rank": 382842,
        "domain_rank_updated": "2025-06-03T00:00:00.000+03:00",
        "licensing_agency": [],
        "social": {
            "facebook": {
                "likes": 0,
                "comments": 0,
                "shares": 0
            },
            "vk": {
                "shares": 0
            }
        }
    },
    "uuid": "41270861faebc070ad844e0a2b404427f5d0f52a",
    "url": "https://www.newportdispatch.com/2025/09/10/2-arrested-in-elmira-on-harassment-drug-charges/",
    "ord_in_thread": 0,
    "author": "Daniel Duric",
    "published": "2025-09-11T05:24:00.000+03:00",
    "title": "2 arrested in Elmira on harassment, drug charges",
    "text": "ELMIRA — Two people were arrested Monday on separate charges, according to Sheriff William A. Schrom.\nDavid L. Harding, 36, of Elmira was arrested on an active arrest warrant for failure to appear on charges of criminal possession of a controlled substance in the 7th degree.\nThe warrant was issued by Southport Town Court on Aug. 11.\nHarding was arraigned by Southport Town Court and released.\nAaliyah E. Ford, 25, of Elmira was arrested for harassment in the 2nd degree, a violation, following an incident at the Chemung County Jail.\nFord was issued an appearance ticket to appear in Elmira City Court at a later date.",
    "highlightText": "",
    "highlightTitle": "",
    "highlightThreadTitle": "",
    "language": "english",
    "sentiment": "negative",
    "categories": [
        "Crime, Law and Justice",
        "Politics",
        "Social Issue"
    ],
    "topics": [
        "Crime, Law and Justice->drug related crimes",
        "Crime, Law and Justice->arrest",
        "Crime, Law and Justice->investigation (criminal)",
        "Politics->government",
        "Politics->economic policy",
        "Social Issue->discrimination",
        "Social Issue->social problem"
    ],
    "ai_allow": true,
    "has_canonical": false,
    "breaking": null,
    "webz_reporter": false,
    "external_links": [],
    "external_images": [],
    "internal_images": [],
    "entities": {
        "persons": [
            {
                "name": "William A. Schrom",
                "sentiment": "none"
            },
            {
                "name": "David L. Harding",
                "sentiment": "none"
            }
        ],
        "locations": [
            {
                "name": "Chemung County Jail",
                "sentiment": "none"
            }
        ],
        "organizations": [
            {
                "name": "Southport Town Court",
                "sentiment": "none",
                "tickers": []
            }
        ]
    },
    "syndication": {
        "syndicated": false,
        "syndicate_id": null,
        "first_syndicated": false
    },
    "trust": {
        "categories": null,
        "top_news": [],
        "bias": null,
        "source": {
            "type": "local_news",
            "city": [
                "Newport"
            ],
            "state": [
                "Vermont"
            ],
            "country": [
                "US"
            ],
            "domain_type": null,
            "agency": null,
            "organization_name": null
        }
    },
    "rating": null,
    "crawled": "2025-09-11T07:24:19.414+03:00",
    "updated": "2025-09-11T07:27:29.000+03:00"
}