{
    "thread": {
        "uuid": "2d897c313390238b7cf1c805c6eccd89773e0c97",
        "url": "https://www.newsbreak.com/raleigh-news-observer-1592485/4226412212726-seven-migrants-deported-to-rwanda",
        "site_full": "www.newsbreak.com",
        "site": "newsbreak.com",
        "site_section": "https://local.newsbreak.com/the-news-observer-1592485",
        "site_categories": [
            "under_construction"
        ],
        "section_title": "Raleigh News &amp; Observer&#x27;s Home Page | NewsBreak",
        "site_title": "NewsBreak: Local News &amp; Alerts",
        "title": "Seven Migrants Deported to Rwanda - NewsBreak",
        "title_full": "Seven Migrants Deported to Rwanda - NewsBreak",
        "published": "2025-09-11T03:45:00.000+03:00",
        "replies_count": 0,
        "participants_count": 1,
        "site_type": "news",
        "country": "US",
        "main_image": "https://img.particlenews.com/img/id/2X6863_14bdCBkW00",
        "performance_score": 0,
        "domain_rank": 3213,
        "domain_rank_updated": "2025-06-03T00:00:00.000+03:00",
        "licensing_agency": [],
        "social": {
            "facebook": {
                "likes": 0,
                "comments": 0,
                "shares": 0
            },
            "vk": {
                "shares": 0
            }
        }
    },
    "uuid": "2d897c313390238b7cf1c805c6eccd89773e0c97",
    "url": "https://www.newsbreak.com/raleigh-news-observer-1592485/4226412212726-seven-migrants-deported-to-rwanda",
    "ord_in_thread": 0,
    "author": "Jessica Thompson",
    "published": "2025-09-11T03:45:00.000+03:00",
    "title": "Seven Migrants Deported to Rwanda - NewsBreak",
    "text": "By Jessica Thompson ,\n3 hours ago The U.S. has reportedly deported seven migrants to Rwanda under a Trump administration agreement for the relocation of up to 250 individuals. Rwandan officials confirmed that the deportees have been vetted, though their nationalities have not been disclosed, and the government has pledged support services for them. Rights groups have raised concerns that the arrangement may have violated international law.\nRwandan government spokesperson Yolande Makolo stated, “The first group of seven vetted migrants arrived in Rwanda in mid-August.” Makolo added that those deported were being accommodated by “an international organisation.” She noted that they would be visited by the International Organization on Migration and Rwandan social services.\nMakolo said Rwanda, the International Organization for Migration (IOM), and local services will support deportees under Trump’s broader deportation agreements. Makolo said, “Regardless of their specific needs, all of these individuals will receive appropriate support and protection from the Rwandan government.”\nMakolo added that “nearly every Rwandan family has experienced the hardships of displacement.”\nRwanda has presented itself as a migrant safe haven. Despite this, concerns have persisted over its rights record and unresolved financial and logistical details regarding the deportee arrangement. Rwanda is moving forward with migrant deportations under its agreement with the Trump administration, even after the UK asylum arrangement was scrapped.\nJessica Thompson covers U.S. politics & news for content partner Modern Newsstand LLC.",
    "highlightText": "",
    "highlightTitle": "",
    "highlightThreadTitle": "",
    "language": "english",
    "sentiment": "negative",
    "categories": [
        "Politics",
        "Social Issue"
    ],
    "topics": [
        "Politics->refugees and internally displaced people",
        "Politics->government policy",
        "Social Issue->social problem",
        "Social Issue->immigration"
    ],
    "ai_allow": true,
    "has_canonical": false,
    "breaking": null,
    "webz_reporter": false,
    "external_links": [
        "https://img.particlenews.com/image.php?url=2X6863_14bdCBkW00",
        "https://img.particlenews.com/image.php?type=thumbnail_580x000&url=2X6863_14bdCBkW00",
        "https://img.particlenews.com/image.php",
        "https://www.img.particlenews.com/image.php?type=thumbnail_580x000&url=2X6863_14bdCBkW00",
        "https://www.img.particlenews.com/image.php?url=2X6863_14bdCBkW00"
    ],
    "external_images": [],
    "internal_images": [],
    "entities": {
        "persons": [
            {
                "name": "Jessica Thompson",
                "sentiment": "negative"
            },
            {
                "name": "Yolande Makolo",
                "sentiment": "none"
            }
        ],
        "locations": [],
        "organizations": [
            {
                "name": "International Organization for Migration",
                "sentiment": "none",
                "tickers": [
                    {
                        "ticker": null,
                        "exchange": null
                    }
                ]
            },
            {
                "name": "IOM",
                "sentiment": "none",
                "tickers": [
                    {
                        "ticker": null,
                        "exchange": null
                    }
                ]
            }
        ]
    },
    "syndication": {
        "syndicated": false,
        "syndicate_id": null,
        "first_syndicated": false
    },
    "trust": {
        "categories": [
            "fake_news"
        ],
        "top_news": [],
        "bias": "center",
        "source": {
            "type": null,
            "city": null,
            "state": null,
            "country": null,
            "domain_type": null,
            "agency": null,
            "organization_name": null
        }
    },
    "rating": null,
    "crawled": "2025-09-11T07:11:35.411+03:00",
    "updated": "2025-09-11T07:15:48.000+03:00"
}