{
    "thread": {
        "uuid": "65d6b8a3b38f531d9d0264feafe56d2a5921a58b",
        "url": "https://www.israelnationalnews.com/news/414744",
        "site_full": "www.israelnationalnews.com",
        "site": "israelnationalnews.com",
        "site_section": "https://news.google.com/search?q=is%20when%3A1h&hl=en-US&gl=US&ceid=US%3Aen",
        "site_categories": [
            "media",
            "judaism",
            "religion",
            "top_news_il",
            "top_news"
        ],
        "section_title": "Google News - Search",
        "site_title": "Israel News | Israel National News",
        "title": "America's unreliable Middle East 'ally' is Qatar, not Israel | Israel National News",
        "title_full": "America's unreliable Middle East 'ally' is Qatar, not Israel | Israel National News",
        "published": "2025-09-11T07:23:02.528+03:00",
        "replies_count": 0,
        "participants_count": 1,
        "site_type": "news",
        "country": "US",
        "main_image": "https://2.a7.org/files/pictures/000/1070358.jpg",
        "performance_score": 0,
        "domain_rank": 5666,
        "domain_rank_updated": "2025-06-03T00:00:00.000+03:00",
        "licensing_agency": [],
        "social": {
            "facebook": {
                "likes": 0,
                "comments": 0,
                "shares": 1
            },
            "vk": {
                "shares": 0
            }
        }
    },
    "uuid": "65d6b8a3b38f531d9d0264feafe56d2a5921a58b",
    "url": "https://www.israelnationalnews.com/news/414744",
    "ord_in_thread": 0,
    "author": "Jonathan S. Tobin",
    "published": "2025-09-11T07:23:02.528+03:00",
    "title": "America's unreliable Middle East 'ally' is Qatar, not Israel | Israel National News",
    "text": "The anger from the international community, as well as the Muslim and Arab world, about Israel’s airstrike on members of the Hamas leadership in Doha, Qatar, was matched only by the outrage coming from the American foreign-policy establishment.\nAt the heart of their complaints was not just their chagrin at the skill of the Israel Defense Forces and the Jewish state’s intelligence operatives, in addition to Prime Minister Benjamin Netanyahu’s willingness to flout world opinion.\nThey were also at pains to depict the strike as the actions of a rogue state, which exploits its ties with the United States rather than behaving like a good ally.\nThe narrative about the incident is the claim that Netanyahu tricked and/or betrayed President Donald Trump about the airstrike, and so, we were told, he was left with egg on his face.\nThe most important fact about what happened in Doha was something conspicuously ignored in almost all media coverage.\nThe real scandal was that the men who direct Hamas operations and represent it to the world have been allowed to live openly in peace and apparent security in the Gulf state.\nNo different than bin Laden\nAmid all the huffing and puffing about Israel’s chutzpah for violating the sovereignty of the Gulf emirate, what was lost was that the Hamas operatives and their various functionaries, bodyguards and family members put in harm’s way by the Israelis are among the most vicious criminals on the planet—the moral equivalent of Al-Qaeda mastermind Osama bin Laden.\nThe real issue isn’t Israel’s violating international norms by attempting to administer the same summary justice to the people who were as much the architects of the terrorist attacks in Israel on Oct. 7, 2023, as bin Laden was of the 9/11 attacks on the World Trade Center and the Pentagon. It’s that a country America continues to treat as a trusted ally is playing host to the authors of the worst mass slaughter of Jews since the Holocaust. That country also funds Islamist terror and supports Islamist indoctrination around the world while acting as a key supporter of Iran.\nIt’s the Qataris who are the rogue state, not the Israelis.\nOnce that information is acknowledged, then the question is not what the Israelis were doing to disturb the peace of a wealthy enclave in Doha. The question is why the Trump administration seems to be following in the footsteps of its hapless predecessors by treating the Qataris as allies rather than, at best, frenemies who should never be trusted.\nIf anyone has been duping Trump, it’s the Qataris, not the Israelis. Anyone reading or watching news accounts of the attack missed all of this.\nHeadlines in the liberal mainstream media outlets all screamed their dismay at the Jewish state’s decision to take out some of the terrorist group’s leaders in what they thought was the safe haven of an exclusive neighborhood filled with embassies and luxury residential buildings.\nCNNled with a quote from Qatari Prime Minister Sheikh Mohammed bin Abdulrahman al-Thani calling the attack “state terrorism.” A Washington Post story focused on the allegation that Jerusalem was acting like a rogue state: “Israel says it’s bombing its way to peace. The region fears more chaos.”\nThe New York Times headline on its story betrayed a somewhat more subtle agenda: “Once Again, Israel Leaves Trump in the Dark as It Conducts a Military Attack.” The goal was to highlight not just an apparent rift between Israel and the United States over the incident. The point was to drive home the more sinister notion that Netanyahu is deceiving his erstwhile strategic partner, as well as leading the U.S. president around by the nose and undermining American interests to advance his own dark goals of military conquest and unending war.\nA day later, the Times followed up with an even more tendentious story advocating for the Gulf States to take action against Israel while claiming that the attack threatened Qatar’s ability to conduct international trade. But what does granting mass murderers safe haven have to do with the ability of the Gulf emirates to engage in commerce?\nIn doing so, such media were voicing a sentiment that was repeated throughout the corporate press coverage of the event. The Times and other outlets rounded up the usual suspects of “experts” from Middle East studies departments at major universities—many of which are funded by Qatar—to echo the notion that Israel is the tail wagging the American dog, much to the detriment of the cause of peace and good relations between the United States and the Muslim Arab world.\nVeterans of the Obama and Biden administrations who still nurse grudges against Netanyahu and the Israelis for not obeying their orders not to defend their country against terrorists or to make suicidal concessions to them were also trotted out to denounce the strike. They asserted that the Israeli goal was to sabotage ceasefire negotiations with Hamas, for which Qatar serves as the intermediary, as well as to undermine the U.S. relationship with Doha.\nMore importantly, they sought to play on Trump’s vanity and trumpet the conclusion that the self-styled master of the “art of the deal” was being played for a fool by the Israeli leader.\nA false friend\nMany in the foreign-policy establishment speak of the relationship with Qatar as a good deal for the United States. The Qataris are said to be doing a huge favor to Washington by allowing it to use the Al Udeid Air Base as the headquarters for the U.S. Central Command (CENTCOM) and a listening post from which the Americans can keep an eye on Iran and other malign actors in the Middle East.\nMoreover, the Qataris have also managed to insert themselves into negotiations between Israel, the United States and Hamas, thereby making them indispensable to the diplomatic process by which Washington hopes to broker yet another ceasefire-hostage release deal with the terrorists.\nThe accepted narrative about the U.S.-Qatari relationship, has it all backwards.\nQatar isn’t doing the Americans any favors by posing as the go-between with Hamas. This is, like the hosting of the military airbase, part of the emirate’s information operation in which it has sought to buy influence in the United States and advance the Islamist agenda that it supports.\nHamas’s presence in Qatar is no accident. It is the headquarters of the Muslim Brotherhood, the Islamist group that gave birth to Hamas. The Brotherhood is also one of the principal engines of a jihadist movement whose aim is the destruction of Israel and a war on the West.\nBuying influence\nThe oil-rich emirate spends money like water in America. It is the largest foreign donor to U.S. institutions of higher education, giving some of its wealth to colleges and universities to maintain Middle East studies departments that are bastions of anti-Western hate and antisemitism, as well as apologists for Islamist threats to America.\nAnd it’s also the Washington lobbying industry’s best friend, buying influence in Congress and the business community. As Middle East analyst Michael Pregent told me, there are a lot of lobbyists and other figures in Washington, D.C., who “couldn’t pay their mortgages” without the money they get either directly or indirectly from Qatar.\nThe emirate’s role in bailing out Trump envoy Steve Witkoff in a real estate deal not only casts doubt on his judgment but has essentially compromised the Trump foreign-policy team’s ability to objectively evaluate Doha’s role in the Middle East. (And Trump should not have accepted the Qatari bribe of a plane - \"bribery blinds the eyes of the wise,\" says the Bible, including this “unconditional donation,” Ed.)\nAnother small example of Qatar’s profligate spending in the United States is the way it has funded the film career of the mother of Zohran Mamdani, the Socialist who is the Democratic Party’s candidate in the race for mayor of New York City. The tens of millions it has spent propping up the career of arthouse filmmaker and documentarian Mira Nair, Mamdani’s Israel-bashing mother, is small change compared to the reported hundreds of millions it invested in helping Witkoff. But like the money it spends on installing those who hate Israel and America in tenured positions at colleges and universities, it does all add up.\nAnd that’s not even counting the enormous influence it wields via its Al Jazeera news channel—the most-watched media outlet in the Muslim world—that churns out Muslim Brotherhood-style propaganda masquerading as reporting seven days a week.\nIt’s true that the Al Udeid Air Base is more important than ever to the United States after former President Joe Biden’s shameful abandonment of the Bagram Air Base in Afghanistan to the Taliban in 2021. While moving it elsewhere would be highly inconvenient, the idea that it couldn’t be transferred to another Gulf emirate isn’t credible. Its presence in Qatar not only confers legitimacy on the dubious notion that Doha is an ally. It also undermines America’s credibility in the struggle against Islamist terror—a point not lost on groups like Hamas and its Muslim Brotherhood mentors, who are funded by the Qataris.\nThough its apologists will never admit it, Qatar needs the United States a lot more than America needs Qatar.\nSimply put, Qatar plays both ends against the middle when it comes to America and Islamic terrorists who wish to destroy it. Unlike Pakistan, which often does the same thing while posing as a U.S. ally, Qatar’s ability to maintain this untenable position is based on its buying influence and not a nuclear weapon.\nHas the strike in Qatar endangered Israel’s relationship with Trump? That’s what Israel-bashers are counting on. But they shouldn’t.\nEven as Trump expressed his displeasure about the Israelis acting independently of his control in this manner, he still expressed views that are more in line with those of the pro-Israel community, saying in a Truth Social post that “eliminating Hamas, who have profited off of the misery of those living in Gaza, is a worthy goal.” That is a far cry from the condemnations of the operation.\nTrump went on to note that the strike could help prod the Qataris and Hamas to stop stalling in the negotiations and to bend to his most recent ultimatum to the terrorists, demanding that they accept his terms, which involve the release of all the hostages they are still holding and surrender their arms.\nAn elaborate grift\nThat goes back to another basic truth ignored in the hubbub about Israel’s actions: the belief that Hamas—and its Qatari funders and enablers—are in any way reasonable actors or part of a credible diplomatic process is a myth. The negotiations approved by Trump, into which Witkoff has helped mire the United States, are nothing more than an elaborate grift on the part of the Qataris and their clients.\nThey are no more interested in a peaceful settlement to the war in Gaza today than they were in the aftermath of Oct. 7. What they intend to do is to keep stringing out the talks to allow Hamas to survive the war and emerge as its victor, albeit after destroying the coastal enclave and sacrificing thousands of Palestinian Arab lives on the altar of a century-old war to destroy the State of Israel.\nThe only way to deal with Hamas is to hunt down every last member of its leadership and cadres, and handle them the same way the United States administered justice to bin Laden and a host of other Al-Qaeda terrorists. Doing so does nothing to undermine the cause of peace or efforts to ransom hostages that Hamas has no intention of releasing.\nNetanyahu is right to make it clear—even to a good friend of the Jewish state like Trump—that Israel won’t accept any deal that compromises its security or enables a genocidal group like Hamas to remain in a position to repeat its crimes.\nWhether the West realizes it or not, the Qatar strike didn’t just bolster Israel’s security but dealt a blow to the forces that also threaten America and Europe. Qatar is an unreliable ally. Israel is a reliable one. Much as Trump may prefer to believe that Doha’s influence-peddling aligns with his own transactional ideas about alliances, the sooner he wises up to the way the Qataris are playing him on behalf of the Oct. 7 murderers, the more rational America’s Middle East policy will become.",
    "highlightText": "",
    "highlightTitle": "",
    "highlightThreadTitle": "",
    "language": "english",
    "sentiment": "negative",
    "categories": [
        "Politics",
        "War, Conflict and Unrest",
        "Social Issue"
    ],
    "topics": [
        "Politics->political crisis",
        "Politics->international relations",
        "War, Conflict and Unrest->international military intervention",
        "War, Conflict and Unrest->armed conflict",
        "War, Conflict and Unrest->act of terror",
        "Social Issue->communities",
        "Social Issue->social problem",
        "Social Issue->discrimination"
    ],
    "ai_allow": true,
    "has_canonical": false,
    "breaking": true,
    "webz_reporter": false,
    "external_links": [
        "https://truthsocial.com/@realDonaldTrump/posts/115164422928262033",
        "https://nypost.com/2025/08/31/us-news/qatar-bankrolled-years-worth-of-films-by-zohran-mamdanis-mom/",
        "https://www.cnn.com/world/live-news/israel-qatar-attack-09-09-25",
        "https://www.nytimes.com/2025/09/09/us/politics/israel-trump-gaza-qatar-bombing.html",
        "https://www.jns.org/did-iran-ally-qatar-purchase-trump-envoy-steve-witkoff/",
        "https://www.jns.org/israeli-official-idf-targeted-hamas-terrorists-in-doha-qatar/?utm_campaign=Daily%20Syndicate%20Emails&utm_medium=email&_hsenc=p2ANqtz-9MnszRFCm9viv0yaj5WTQWE8Q0Z1j0Uli_yiNJ4oqkLAOlkl8UpJt5_sB2MpHfp_4Z-WiqIqAr3iHiHJjO0ARfXvPMhA&_hsmi=117052176&utm_content=117052176&utm_source=hs_email",
        "https://www.thefp.com/p/how-qatar-bought-america",
        "https://www.washingtonpost.com/world/2025/09/09/israel-qatar-strike-gaza-ceasefire-trump-analysis/",
        "https://www.nytimes.com/2025/09/10/world/middleeast/israel-strike-qatar-us.html",
        "https://truthsocial.com/@realDonaldTrump/posts/115176193823019593",
        "https://thefp.com/p/how-qatar-bought-america",
        "https://cnn.com/world/live-news/israel-qatar-attack-09-09-25",
        "https://jns.org/israeli-official-idf-targeted-hamas-terrorists-in-doha-qatar/?utm_campaign=Daily%20Syndicate%20Emails&utm_medium=email&_hsenc=p2ANqtz-9MnszRFCm9viv0yaj5WTQWE8Q0Z1j0Uli_yiNJ4oqkLAOlkl8UpJt5_sB2MpHfp_4Z-WiqIqAr3iHiHJjO0ARfXvPMhA&_hsmi=117052176&utm_content=117052176&utm_source=hs_email",
        "https://www.washingtonpost.com/world/2025/09/09/israel-qatar-strike-gaza-ceasefire-trump-analysis",
        "https://washingtonpost.com/world/2025/09/09/israel-qatar-strike-gaza-ceasefire-trump-analysis/",
        "https://www.truthsocial.com/@realDonaldTrump/posts/115176193823019593",
        "https://www.truthsocial.com/@realDonaldTrump/posts/115164422928262033",
        "https://www.nypost.com/2025/08/31/us-news/qatar-bankrolled-years-worth-of-films-by-zohran-mamdanis-mom/",
        "https://www.jns.org/did-iran-ally-qatar-purchase-trump-envoy-steve-witkoff",
        "https://nytimes.com/2025/09/10/world/middleeast/israel-strike-qatar-us.html",
        "https://nypost.com/2025/08/31/us-news/qatar-bankrolled-years-worth-of-films-by-zohran-mamdanis-mom",
        "https://nytimes.com/2025/09/09/us/politics/israel-trump-gaza-qatar-bombing.html",
        "https://jns.org/did-iran-ally-qatar-purchase-trump-envoy-steve-witkoff/",
        "https://www.jns.org/israeli-official-idf-targeted-hamas-terrorists-in-doha-qatar/"
    ],
    "external_images": [],
    "internal_images": [],
    "entities": {
        "persons": [
            {
                "name": "Benjamin Netanyahu",
                "sentiment": "none"
            },
            {
                "name": "Donald Trump",
                "sentiment": "none"
            }
        ],
        "locations": [
            {
                "name": "Middle East",
                "sentiment": "none"
            }
        ],
        "organizations": [
            {
                "name": "Israel National News",
                "sentiment": "negative",
                "tickers": [
                    {
                        "ticker": null,
                        "exchange": null
                    }
                ]
            },
            {
                "name": "Israel Defense Forces",
                "sentiment": "none",
                "tickers": [
                    {
                        "ticker": null,
                        "exchange": null
                    }
                ]
            },
            {
                "name": "Hamas",
                "sentiment": "none",
                "tickers": [
                    {
                        "ticker": null,
                        "exchange": null
                    }
                ]
            }
        ]
    },
    "syndication": {
        "syndicated": false,
        "syndicate_id": "65d6b8a3b38f531d9d0264feafe56d2a5921a58b",
        "first_syndicated": true
    },
    "trust": {
        "categories": null,
        "top_news": [
            "top_news_il",
            "top_news"
        ],
        "bias": "center",
        "source": {
            "type": null,
            "city": null,
            "state": null,
            "country": null,
            "domain_type": null,
            "agency": null,
            "organization_name": null
        }
    },
    "rating": null,
    "crawled": "2025-09-11T07:23:02.528+03:00",
    "updated": "2025-09-12T08:08:41.000+03:00"
}