{
    "thread": {
        "uuid": "baca818dea47fee49472b689495dd2f8d5644652",
        "url": "https://www.fibre2fashion.com/news/textile-news/us-tariffs-leave-air-freight-demand-muted-in-q3-2025-305146-newsdetails.htm",
        "site_full": "www.fibre2fashion.com",
        "site": "fibre2fashion.com",
        "site_section": "https://world.einnews.com/ajax/headlines",
        "site_categories": [
            "marketing",
            "fashion",
            "style_and_fashion",
            "business"
        ],
        "section_title": "",
        "site_title": "Textile & Apparel Business Solution & Marketplace - Fibre2Fashion",
        "title": "US tariffs leave air freight demand muted in Q3 2025",
        "title_full": "US tariffs leave air freight demand muted in Q3 2025",
        "published": "2025-09-11T07:21:37.881+03:00",
        "replies_count": 0,
        "participants_count": 1,
        "site_type": "news",
        "country": "IN",
        "main_image": "https://static.fibre2fashion.com/Newsresource/images/305/shutterstock-2377868775_316734.jpg",
        "performance_score": 0,
        "domain_rank": 11759,
        "domain_rank_updated": "2025-06-03T00:00:00.000+03:00",
        "licensing_agency": [],
        "social": {
            "facebook": {
                "likes": 0,
                "comments": 0,
                "shares": 0
            },
            "vk": {
                "shares": 0
            }
        }
    },
    "uuid": "baca818dea47fee49472b689495dd2f8d5644652",
    "url": "https://www.fibre2fashion.com/news/textile-news/us-tariffs-leave-air-freight-demand-muted-in-q3-2025-305146-newsdetails.htm",
    "ord_in_thread": 0,
    "author": "www.fibre2fashion.com",
    "published": "2025-09-11T07:21:37.881+03:00",
    "title": "US tariffs leave air freight demand muted in Q3 2025",
    "text": "As with Q2, the US remains disruptor in chief well into Q3, though there are signs that it is done handing out tariffs for the time being. Its last salvo, the majority of which came into force in July and August, have ripped through the air freight market via global trade flows and reinforced a common thread: capacity is outstripping demand.\nIt was inevitable that shippers would front load to beat tariff deadlines, and that once they had done so demand would quickly revert to muted levels. Short-lived spikes have passed, leaving a dampened peak-season in their wake. The fragility of consumer spending has been exposed too, with inflation rising and spending on discretionary goods falling, according to Ti’s latest Air Freight Tracker report.\nMeanwhile across markets, capacity swings have been decisive. The rebound in passenger networks expanded belly-hold lift, while freighter redeployment between the Pacific and Europe distorted rate behaviour. In Q4, carriers will have to trim schedules without over correcting as oversupply problems are more than likely to persist.\nIndia’s manufacturing has reached levels not seen in almost two decades and offers a counterbalance to China’s slowdown. It remains to be seen how much the tariffs introduced in August will impact this; as it stands much of Asia is constrained by US trade policy. Europe on the other hand is showing flickers of manufacturing growth, although consumer spending is starting to lag. It is the same story in the US.\nFibre2Fashion News Desk (RR)",
    "highlightText": "",
    "highlightTitle": "",
    "highlightThreadTitle": "",
    "language": "english",
    "sentiment": "negative",
    "categories": [
        "Economy, Business and Finance",
        "Politics",
        "Social Issue"
    ],
    "topics": [
        "Economy, Business and Finance->market and exchange",
        "Economy, Business and Finance->business governance",
        "Economy, Business and Finance->financial and economic news",
        "Politics->economic policy",
        "Politics->government policy",
        "Politics->international relations",
        "Social Issue->emigration",
        "Social Issue->social condition"
    ],
    "ai_allow": true,
    "has_canonical": false,
    "breaking": true,
    "webz_reporter": false,
    "external_links": [],
    "external_images": [],
    "internal_images": [],
    "entities": {
        "persons": [],
        "locations": [
            {
                "name": "Pacific",
                "sentiment": "none"
            },
            {
                "name": "Europe",
                "sentiment": "none"
            }
        ],
        "organizations": []
    },
    "syndication": {
        "syndicated": false,
        "syndicate_id": null,
        "first_syndicated": false
    },
    "trust": {
        "categories": [],
        "top_news": [],
        "bias": null,
        "source": {
            "type": null,
            "city": null,
            "state": null,
            "country": null,
            "domain_type": null,
            "agency": null,
            "organization_name": null
        }
    },
    "rating": null,
    "crawled": "2025-09-11T07:21:37.881+03:00",
    "updated": "2025-09-11T07:23:55.000+03:00"
}