{
    "thread": {
        "uuid": "0db1fa7a627d2c69964eeff1e7d4a74c489b3caf",
        "url": "https://www.marketscreener.com/news/eiffage-nge-win-eur132-million-contract-for-two-waste-to-energy-projects-in-france-ce7d59dddc81fe25",
        "site_full": "www.marketscreener.com",
        "site": "marketscreener.com",
        "site_section": "https://marketscreener.com/news/",
        "site_categories": [
            "photography",
            "hobbies_and_interests"
        ],
        "section_title": "Stock market news - MarketScreener",
        "site_title": "Stock Market Today : Reports, Quotes and News - MarketScreener",
        "title": "Eiffage, NGE Win EUR132 Million Contract for Two Waste-to-energy Projects in France",
        "title_full": "Eiffage, NGE Win EUR132 Million Contract for Two Waste-to-energy Projects in France",
        "published": "2025-09-11T06:28:00.000+03:00",
        "replies_count": 0,
        "participants_count": 1,
        "site_type": "news",
        "country": "DE",
        "main_image": "https://www.marketscreener.com/images/twitter_MS_fdblanc.png",
        "performance_score": 0,
        "domain_rank": 3601,
        "domain_rank_updated": "2025-06-03T00:00:00.000+03:00",
        "licensing_agency": [
            "CFC"
        ],
        "social": {
            "facebook": {
                "likes": 0,
                "comments": 0,
                "shares": 0
            },
            "vk": {
                "shares": 0
            }
        }
    },
    "uuid": "0db1fa7a627d2c69964eeff1e7d4a74c489b3caf",
    "url": "https://www.marketscreener.com/news/eiffage-nge-win-eur132-million-contract-for-two-waste-to-energy-projects-in-france-ce7d59dddc81fe25",
    "ord_in_thread": 0,
    "author": "MT Newswires",
    "published": "2025-09-11T06:28:00.000+03:00",
    "title": "Eiffage, NGE Win EUR132 Million Contract for Two Waste-to-energy Projects in France",
    "text": "Eiffage, NGE Win EUR132 Million Contract for Two Waste-to-energy Projects in France\nPublished on 09/10/2025 at 11:28 pm EDT\nMT Newswires\nShare\n© MT Newswires - 2025\nShare",
    "highlightText": "",
    "highlightTitle": "",
    "highlightThreadTitle": "",
    "language": "english",
    "sentiment": "negative",
    "categories": [
        "Politics",
        "Social Issue",
        "War, Conflict and Unrest"
    ],
    "topics": null,
    "ai_allow": false,
    "has_canonical": false,
    "breaking": false,
    "webz_reporter": false,
    "external_links": [],
    "external_images": [],
    "internal_images": [],
    "entities": {
        "persons": [],
        "locations": [],
        "organizations": [
            {
                "name": "Eiffage",
                "sentiment": "negative",
                "tickers": []
            }
        ]
    },
    "syndication": {
        "syndicated": false,
        "syndicate_id": null,
        "first_syndicated": false
    },
    "trust": {
        "categories": [],
        "top_news": [],
        "bias": null,
        "source": {
            "type": null,
            "city": null,
            "state": null,
            "country": null,
            "domain_type": null,
            "agency": null,
            "organization_name": null
        }
    },
    "rating": null,
    "crawled": "2025-09-11T07:06:37.841+03:00",
    "updated": "2025-09-11T07:11:58.000+03:00"
}