{
    "thread": {
        "uuid": "95365199ffb87ccf6a3a27aee3a5e3431a119b85",
        "url": "https://blueprint.ng/tinubu-73-leadership-inspired-by-lee-kuan-yew",
        "site_full": "blueprint.ng",
        "site": "blueprint.ng",
        "site_section": "https://www.blueprint.ng",
        "site_categories": [
            "media"
        ],
        "section_title": "Blueprint Newspapers Limited &#8211; Blueprint gives you the latest Nigerian news in one place. Read the news behind the news on burning National issues in Nigeria and the world, Kannywood, Videos and the Military",
        "site_title": "Blueprint Newspapers Limited &#8211; Blueprint gives you the latest Nigerian news in one place. Read the news behind the news on burning National issues in Nigeria and the world, Kannywood, Videos and the Military",
        "title": "Tinubu @73: Leadership inspired by Lee Kuan Yew",
        "title_full": "Tinubu @73: Leadership inspired by Lee Kuan Yew",
        "published": "2025-04-03T00:29:00.000+03:00",
        "replies_count": 0,
        "participants_count": 1,
        "site_type": "news",
        "country": "NG",
        "main_image": "",
        "performance_score": 0,
        "domain_rank": 98261,
        "domain_rank_updated": "2025-04-01T00:00:00.000+03:00",
        "licensing_agency": [],
        "social": {
            "facebook": {
                "likes": 0,
                "comments": 0,
                "shares": 0
            },
            "vk": {
                "shares": 0
            }
        }
    },
    "uuid": "95365199ffb87ccf6a3a27aee3a5e3431a119b85",
    "url": "https://blueprint.ng/tinubu-73-leadership-inspired-by-lee-kuan-yew",
    "ord_in_thread": 0,
    "author": "Sani Danaudi Mohammed",
    "published": "2025-04-03T00:29:00.000+03:00",
    "title": "Tinubu @73: Leadership inspired by Lee Kuan Yew",
    "text": "As Nigeria’s President Bola Ahmed Tinubu marks his 73rd birthday, the nation is reminded of his remarkable journey, which is a testament to his perseverance, determination, and unwavering commitment to the country’s progress. From his early days as a senator to his eventual rise to the presidency, Tinubu’s story is one of courage, vision, and leadership, inspiring countless Nigerians to work towards a brighter future.\nTinubu’s life has been a testament to his ability to overcome adversity, having faced numerous challenges throughout his career. His exile, in particular, was a trying period, but he continued to advocate democracy and human rights, even in the face of overwhelming opposition. This commitment to his principles has earned him the respect and admiration of Nigerians from all walks of life.\nAs a leader, Tinubu has consistently demonstrated his ability to drive growth and development. During his tenure as governor of Lagos state, he implemented innovative policies and programmes that transformed the state into a thriving economic hub, creating opportunities for countless Nigerians. His leadership style, which emphasises collaboration and inclusivity, has been widely praised, and his legacy continues to inspire new generations of leaders.\nPresident Tinubu’s commitment to rebuilding and revitalising Nigeria is genuine, and his administration is working tirelessly to deliver results. Despite the obstacles, he remains resolute, driven by his vision of a brighter future for all Nigerians. His leadership has inspired a renewed sense of hope and optimism, and Nigerians are united in their appreciation for his efforts to tackle the country’s challenges.\nOne of Tinubu’s greatest strengths is his ability to build bridges across ethnic, religious, and regional divides. His leadership style is characterised by empathy, compassion, and a deep understanding of Nigeria’s complexities. By fostering a sense of unity and shared purpose, Tinubu is helping to heal old wounds and build a more cohesive society.\nThroughout his career, Tinubu has demonstrated his ability to work with people from all backgrounds, forging alliances and building coalitions that have helped to drive progress and development. His commitment to inclusivity and diversity is unwavering, and he has consistently sought to empower marginalised communities and promote social justice.\nAs President Tinubu celebrates his 73rd birthday, Nigerians are reminded of his remarkable contributions to the country’s development. His selflessness, wisdom, and leadership have inspired countless Nigerians, and his legacy will continue to shape the country’s future. As he looks to the challenges ahead, Tinubu remains undaunted, driven by his commitment to Nigeria’s greatness.\nJust like Lee Kuan Yew, the former Prime Minister of Singapore, President Tinubu’s leadership is characterised by a strong vision, a commitment to good governance, and a willingness to make tough decisions. Lee Kuan Yew’s transformation of Singapore from a poor post-colonial state to a thriving economic powerhouse is a testament to the power of visionary leadership. Similarly, President Tinubu’s leadership is inspiring a new generation of Nigerians to work towards a brighter future.\nPresident Tinubu’s government has taken some bold steps, showcasing his commitment to driving positive change in Nigeria. One such decision is the removal of fuel subsidies, a move that, although unpopular with some, is aimed at restructuring the country’s economy. Similarly, his administration’s tax reforms are designed to increase revenue and allocate resources for more efficiently. Furthermore, the recent proclamation of emergency rule in Rivers state demonstrates Tinubu’s willingness to take tough decisions to address pressing security concerns .\nThese courageous decisions draw parallels with other critical, yet initially unpopular, moves made by world leaders. For instance, Ecuador’s attempt to remove fuel subsidies in 2019 was met with mass protests, but the government eventually implemented a modified version of the policy. Tough economic reforms implemented by countries like Greece and Ireland during their financial crises were initially unpopular but ultimately helped stabilise their economies. As history has shown, visionary leaders like President Tinubu must make difficult decisions to drive progress and ensure a brighter future for their citizens.\nNigerians can learn a valuable lesson from President Tinubu’s courageous stance on issues, even when faced with opposition. His leadership style demonstrates a willingness to take bold steps, prioritising the greater good, even if it means standing alone. This commitment to his principles and vision is a quality that Nigerians should to emulate, fostering a culture of courageous leadership and unshakeable resolve.\nTo ensure President Tinubu’s vision for Nigeria’s progress becomes a reality, Nigerians must play an active role in supporting his administration’s efforts. This entails being informed, engaged, and committed to the country’s development. Citizens should participate in constructive dialogue, provide feedback, and hold their leaders accountable. By doing so, Nigerians can help shape policies that benefit the nation.\nThe Tinubu administration can be compared to other notable governments around the world, such as Singapore under Lee Kuan Yew and Rwanda under Paul Kagame, which have successfully implemented transformative policies and fostered economic growth. The Tinubu government is focused on driving economic development, improving infrastructure, and enhancing the overall quality of life for Nigerians. In terms of bilateral relationships, his administration has strengthened ties with countries like the United States, China, and the United Kingdom, aimed at attracting foreign investment, promoting trade, and enhancing cooperation in areas like security and education.\nThe results of these bilateral relationships have been promising, with increased foreign investment flows, improved trade balances, and enhanced cooperation in key areas. For instance, the administration’s efforts to strengthen ties with the United States have led to increased investment in Nigeria’s energy sector, while cooperation with China has resulted in significant infrastructure development projects. Similarly, partnerships with the United Kingdom have enhanced Nigeria’s capacity in areas like security and education.\nAs a young person, it’s exciting to see President Tinubu’s commitment to empowering youth. The National Youths Conference and appointments of young people to key sectors demonstrate his dedication to fostering a new generation of leaders. To build on this momentum, young Nigerians should seize these opportunities, develop their skills, and take leadership roles. By working together, Nigerians can create a brighter future for themselves and their country.\nNigerians are being called upon to exercise patience and understanding as the Tinubu administration implements tough decisions aimed at securing a brighter future for the country. These decisions may bring temporary hardship, but they are necessary for long-term growth and development. This is not peculiar to Nigeria, as many countries have made similar sacrifices to achieve prosperity.\nHappy 73rd birthday Mr President.",
    "highlightText": "",
    "highlightTitle": "",
    "highlightThreadTitle": "",
    "language": "english",
    "sentiment": "positive",
    "categories": [
        "Politics",
        "Human Interest",
        "Economy, Business and Finance"
    ],
    "topics": [
        "Politics->government",
        "Politics->political process",
        "Politics->political candidates",
        "Human Interest->birthday",
        "Economy, Business and Finance->business governance",
        "Economy, Business and Finance->corporate news and profiles"
    ],
    "ai_allow": true,
    "has_canonical": false,
    "breaking": false,
    "webz_reporter": false,
    "external_links": [],
    "entities": {
        "persons": [
            {
                "name": "Bola Ahmed Tinubu",
                "sentiment": "positive"
            },
            {
                "name": "Lee Kuan Yew’s",
                "sentiment": "negative"
            },
            {
                "name": "Paul Kagame",
                "sentiment": "neutral"
            }
        ],
        "locations": [
            {
                "name": "the United States",
                "sentiment": "positive"
            },
            {
                "name": "China",
                "sentiment": "positive"
            },
            {
                "name": "Rivers",
                "sentiment": "negative"
            },
            {
                "name": "Greece",
                "sentiment": "negative"
            },
            {
                "name": "Ireland",
                "sentiment": "negative"
            },
            {
                "name": "Nigeria",
                "sentiment": "neutral"
            },
            {
                "name": "Lagos",
                "sentiment": "neutral"
            },
            {
                "name": "Singapore",
                "sentiment": "neutral"
            },
            {
                "name": "Ecuador",
                "sentiment": "neutral"
            },
            {
                "name": "Rwanda",
                "sentiment": "neutral"
            },
            {
                "name": "the United Kingdom",
                "sentiment": "neutral"
            }
        ],
        "organizations": [
            {
                "name": "The National Youths Conference",
                "sentiment": "neutral",
                "tickers": []
            }
        ]
    },
    "syndication": {
        "syndicated": false,
        "syndicate_id": null,
        "first_syndicated": false
    },
    "trust": {
        "categories": [],
        "bias": null
    },
    "rating": null,
    "crawled": "2025-04-03T01:11:25.127+03:00",
    "updated": "2025-04-03T01:11:25.127+03:00"
}