{
    "thread": {
        "uuid": "9845382337cb386178b1a85625a9c9d199fa38f0",
        "url": "https://flipboard.com/@CNN/cory-booker-s-historic-speech-energizes-a-discouraged-democratic-base/a-tfKPUzRjSbirx5MAc31sWA%3Aa%3A132361178-bd22893298%2Fcnn.com",
        "site_full": "flipboard.com",
        "site": "flipboard.com",
        "site_section": "https://flipboard.com/@cnn",
        "site_categories": [
            "family_and_parenting",
            "eldercare"
        ],
        "section_title": "CNN (@CNN) on Flipboard",
        "site_title": "Flipboard: Your Social Magazine",
        "title": "Cory Booker's historic speech energizes a discouraged Democratic base | Flipboard",
        "title_full": "Cory Booker's historic speech energizes a discouraged Democratic base | Flipboard",
        "published": "2025-04-03T01:09:00.000+03:00",
        "replies_count": 0,
        "participants_count": 1,
        "site_type": "news",
        "country": "US",
        "main_image": "https://ic-cdn.flipboard.com/cnn.com/607197afd7006c05713b8d8636225d7dfd41ee6a/_medium.jpeg",
        "performance_score": 0,
        "domain_rank": 1228,
        "domain_rank_updated": "2025-04-01T00:00:00.000+03:00",
        "licensing_agency": [],
        "social": {
            "facebook": {
                "likes": 0,
                "comments": 0,
                "shares": 0
            },
            "vk": {
                "shares": 0
            }
        }
    },
    "uuid": "9845382337cb386178b1a85625a9c9d199fa38f0",
    "url": "https://flipboard.com/@CNN/cory-booker-s-historic-speech-energizes-a-discouraged-democratic-base/a-tfKPUzRjSbirx5MAc31sWA%3Aa%3A132361178-bd22893298%2Fcnn.com",
    "ord_in_thread": 0,
    "author": "CNN",
    "published": "2025-04-03T01:09:00.000+03:00",
    "title": "Cory Booker's historic speech energizes a discouraged Democratic base | Flipboard",
    "text": "Cory Booker’s historic speech energizes a discouraged Democratic base CNN — As Democratic Sen. Cory Booker neared Strom Thurmond’s record for the longest speech in Senate history Tuesday night, the typically sparsely filled viewing galleries above the Senate floor grew packed. Democratic Senate staffers and members of the public drawn in by the feat, like the many …\nCNN • 12m",
    "highlightText": "",
    "highlightTitle": "",
    "highlightThreadTitle": "",
    "language": "english",
    "sentiment": "positive",
    "categories": [
        "Politics",
        "Social Issue",
        "Human Interest"
    ],
    "topics": [
        "Politics->national elections",
        "Politics->political campaigns",
        "Politics->political candidates",
        "Social Issue->demographics",
        "Social Issue->social condition",
        "Human Interest->ceremony"
    ],
    "ai_allow": true,
    "has_canonical": false,
    "breaking": false,
    "webz_reporter": false,
    "external_links": [],
    "entities": {
        "persons": [],
        "locations": [],
        "organizations": []
    },
    "syndication": {
        "syndicated": false,
        "syndicate_id": null,
        "first_syndicated": false
    },
    "trust": {
        "categories": [],
        "bias": null
    },
    "rating": null,
    "crawled": "2025-04-03T01:22:33.126+03:00",
    "updated": "2025-04-03T01:22:33.126+03:00"
}