{
    "thread": {
        "uuid": "22dd011b1a154b59531db81eab58bce904b68faf",
        "url": "https://www.newsbreak.com/trending-story/dan-brady-elected-mayor-of-bloomington-67edb8e4d36e2877ec3ffca6",
        "site_full": "www.newsbreak.com",
        "site": "newsbreak.com",
        "site_section": "https://www.newsbreak.com/adrian-mi",
        "site_categories": [
            "under_construction"
        ],
        "section_title": "Adrian, MI Local News and More | NewsBreak",
        "site_title": "NewsBreak: Local News &amp; Alerts",
        "title": "Dan Brady Elected Mayor of Bloomington",
        "title_full": "Dan Brady Elected Mayor of Bloomington",
        "published": "2025-04-03T01:23:00.000+03:00",
        "replies_count": 0,
        "participants_count": 0,
        "site_type": "news",
        "country": "US",
        "main_image": "https://static.newsbreak.com/static/share-logo.png",
        "performance_score": 0,
        "domain_rank": 3161,
        "domain_rank_updated": "2025-04-01T00:00:00.000+03:00",
        "licensing_agency": [],
        "social": {
            "facebook": {
                "likes": 0,
                "comments": 0,
                "shares": 0
            },
            "vk": {
                "shares": 0
            }
        }
    },
    "uuid": "22dd011b1a154b59531db81eab58bce904b68faf",
    "url": "https://www.newsbreak.com/trending-story/dan-brady-elected-mayor-of-bloomington-67edb8e4d36e2877ec3ffca6",
    "ord_in_thread": 0,
    "author": null,
    "published": "2025-04-03T01:23:00.000+03:00",
    "title": "Dan Brady Elected Mayor of Bloomington",
    "text": "Trending Story\nUpdated 10:23 PM UTC, Wed April 2, 2025\nDan Brady Elected Mayor of Bloomington\nDan Brady is set to return to public life after a 22-year run as a state lawmaker. Brady became the first mayoral candidate in Bloomington since 1997 [Judy Markowitz] to defeat an incumbent mayor on Tuesday. According to unofficial results on Tuesday, Brady [48%] won decisively over city council member...\nDan Brady\n\"In the process of the campaign, I was knocking on doors, being at events, listening to people, asking questions, and what the issues were for them. It was clear that infrastructure, roads, potholes, and water were the top priority for people.\"\nMboka Mwilambwe\n\"I’m incredibly happy, proud, of the progress we’ve made in the past four years. But at some point, when the voters say, ‘Well, we want something different,’ then they get the something different that they want.\"",
    "highlightText": "",
    "highlightTitle": "",
    "highlightThreadTitle": "",
    "language": "english",
    "sentiment": "positive",
    "categories": [
        "Politics"
    ],
    "topics": [
        "Politics->local elections",
        "Politics->political candidates",
        "Politics->political campaigns"
    ],
    "ai_allow": true,
    "has_canonical": false,
    "breaking": false,
    "webz_reporter": false,
    "external_links": [],
    "entities": {
        "persons": [
            {
                "name": "Mboka Mwilambwe",
                "sentiment": "positive"
            },
            {
                "name": "Dan Brady",
                "sentiment": "neutral"
            },
            {
                "name": "Judy Markowitz",
                "sentiment": "neutral"
            }
        ],
        "locations": [
            {
                "name": "Bloomington",
                "sentiment": "neutral"
            }
        ],
        "organizations": []
    },
    "syndication": {
        "syndicated": false,
        "syndicate_id": null,
        "first_syndicated": false
    },
    "trust": {
        "categories": [],
        "bias": null
    },
    "rating": null,
    "crawled": "2025-04-03T01:26:19.338+03:00",
    "updated": "2025-04-03T01:26:19.338+03:00"
}