{
    "thread": {
        "uuid": "7676e361190975e21938fafed45b7b10bcbc2511",
        "url": "https://www.irishstar.com/culture/entertainment/michelle-obama-financially-sound-barack-34982287",
        "site_full": "www.irishstar.com",
        "site": "irishstar.com",
        "site_section": "https://news.google.com/search?q=not%20when%3A1h&hl=en-US&gl=US&ceid=US%3Aen",
        "site_categories": [],
        "section_title": "Google News - Search",
        "site_title": "Irish Star - The Voice of Irish America",
        "title": "Michelle Obama talks marrying 'not financially sound' Obama when they first met - Irish Star",
        "title_full": "Michelle Obama talks marrying 'not financially sound' Obama when they first met - Irish Star",
        "published": "2025-04-03T00:03:00.000+03:00",
        "replies_count": 0,
        "participants_count": 1,
        "site_type": "news",
        "country": "US",
        "main_image": "https://i2-prod.mirror.co.uk/incoming/article34982526.ece/ALTERNATES/s1200/0_Barack-Obama-Campaigns-Weeks-From-Election-Day.jpg",
        "performance_score": 0,
        "domain_rank": 30366,
        "domain_rank_updated": "2025-04-01T00:00:00.000+03:00",
        "licensing_agency": [],
        "social": {
            "facebook": {
                "likes": 0,
                "comments": 0,
                "shares": 0
            },
            "vk": {
                "shares": 0
            }
        }
    },
    "uuid": "7676e361190975e21938fafed45b7b10bcbc2511",
    "url": "https://www.irishstar.com/culture/entertainment/michelle-obama-financially-sound-barack-34982287",
    "ord_in_thread": 0,
    "author": "Demetria Osei-Tutu",
    "published": "2025-04-03T00:03:00.000+03:00",
    "title": "Michelle Obama talks marrying 'not financially sound' Obama when they first met - Irish Star",
    "text": "Michelle Obama chatted about marrying a 'not financially sound' on her podcast, IMO with Michelle Obama & Craig Robinson, and how she realized in her relationship with Barack through his supportive actions, she rather that than a 'partner with a higher income.' \"",
    "highlightText": "",
    "highlightTitle": "",
    "highlightThreadTitle": "",
    "language": "english",
    "sentiment": "positive",
    "categories": [
        "Human Interest",
        "Lifestyle and Leisure",
        "Politics"
    ],
    "topics": [
        "Human Interest->wedding",
        "Lifestyle and Leisure->lifestyle",
        "Politics->political candidates"
    ],
    "ai_allow": true,
    "has_canonical": false,
    "breaking": true,
    "webz_reporter": false,
    "external_links": [],
    "entities": {
        "persons": [
            {
                "name": "Adrian",
                "sentiment": "positive"
            },
            {
                "name": "Michelle Obama",
                "sentiment": "neutral"
            },
            {
                "name": "Craig Robinson",
                "sentiment": "neutral"
            },
            {
                "name": "Jay Shetty",
                "sentiment": "neutral"
            },
            {
                "name": "Barack",
                "sentiment": "neutral"
            }
        ],
        "locations": [
            {
                "name": "Irish America",
                "sentiment": "neutral"
            }
        ],
        "organizations": [
            {
                "name": "Michelle Obama &",
                "sentiment": "neutral",
                "tickers": []
            }
        ]
    },
    "syndication": {
        "syndicated": false,
        "syndicate_id": null,
        "first_syndicated": false
    },
    "trust": {
        "categories": [],
        "bias": null
    },
    "rating": null,
    "crawled": "2025-04-03T00:28:06.217+03:00",
    "updated": "2025-04-04T00:40:43.407+03:00"
}