{
    "thread": {
        "uuid": "31cb714d238756722aa886ce4d73e1b00a29b065",
        "url": "https://www.newsbreak.com/wbir-524549/3946736877987-gov-lee-signs-school-cell-phone-ban-bill-into-law",
        "site_full": "www.newsbreak.com",
        "site": "newsbreak.com",
        "site_section": "https://www.newsbreak.com/wbir-524549",
        "site_categories": [
            "under_construction"
        ],
        "section_title": "WBIR&#x27;s Home Page | NewsBreak",
        "site_title": "NewsBreak: Local News &amp; Alerts",
        "title": "Gov. Lee signs school cell phone ban bill into law - NewsBreak",
        "title_full": "Gov. Lee signs school cell phone ban bill into law - NewsBreak",
        "published": "2025-04-03T01:05:00.000+03:00",
        "replies_count": 0,
        "participants_count": 0,
        "site_type": "news",
        "country": "US",
        "main_image": "https://img.particlenews.com/img/id/0lfGfk_107pN7nv00",
        "performance_score": 0,
        "domain_rank": 3161,
        "domain_rank_updated": "2025-04-01T00:00:00.000+03:00",
        "licensing_agency": [],
        "social": {
            "facebook": {
                "likes": 0,
                "comments": 0,
                "shares": 0
            },
            "vk": {
                "shares": 0
            }
        }
    },
    "uuid": "31cb714d238756722aa886ce4d73e1b00a29b065",
    "url": "https://www.newsbreak.com/wbir-524549/3946736877987-gov-lee-signs-school-cell-phone-ban-bill-into-law",
    "ord_in_thread": 0,
    "author": null,
    "published": "2025-04-03T01:05:00.000+03:00",
    "title": "Gov. Lee signs school cell phone ban bill into law - NewsBreak",
    "text": "Open in NewsBreak\n|\nSign in\nChoose your location\nSee all locations\nSign In\nAbout NewsBreak\nPartner with us\nFollow us\n©2024 NewsBreak. All Rights Reserved.\nTennessee\n· 38 minutes ago\nWBIR\nGov. Lee signs school cell phone ban bill into law\n3\n0\nShare\nComments\nPost\nCommunity Policy\nYou may also like\nNewsChannel 5 WTVF\n200 ·\n18 days ago\nNewsChannel 5 WTVF\n9 ·\n12 hours ago\nWSMV\n223 ·\n14 days ago\nNewsChannel 5 WTVF\n182 ·\n2 days ago\nNewsChannel 5 WTVF\n83 ·\n12 hours ago\nNewsChannel 5 WTVF\n117 ·\n11 hours ago\nFOX 13 Seattle\n125 ·\n19 days ago\nComments\n/\nClose\nCommunity Policy",
    "highlightText": "",
    "highlightTitle": "",
    "highlightThreadTitle": "",
    "language": "english",
    "sentiment": "positive",
    "categories": [
        "Politics",
        "Education"
    ],
    "topics": [
        "Politics->government policy",
        "Politics->education policy",
        "Politics->local government policy",
        "Education->educational grading",
        "Education->school",
        "Education->students"
    ],
    "ai_allow": true,
    "has_canonical": false,
    "breaking": false,
    "webz_reporter": false,
    "external_links": [],
    "entities": {
        "persons": [],
        "locations": [],
        "organizations": []
    },
    "syndication": {
        "syndicated": false,
        "syndicate_id": null,
        "first_syndicated": false
    },
    "trust": {
        "categories": [],
        "bias": null
    },
    "rating": null,
    "crawled": "2025-04-03T01:47:14.298+03:00",
    "updated": "2025-04-03T01:47:14.298+03:00"
}