{
    "thread": {
        "uuid": "8825568306726128d3ada9462d226808941d0a0f",
        "url": "https://flipboard.com/topic/theshoalsalabama/-/a-NZx05odYQce8RZmN0CLyIQ%3Aa%3A4048017064-%2F0",
        "site_full": "flipboard.com",
        "site": "flipboard.com",
        "site_section": "https://flipboard.com/topic/theshoalsalabama",
        "site_categories": [
            "family_and_parenting",
            "eldercare"
        ],
        "section_title": "Discover More in The Shoals (Ala.) on Flipboard",
        "site_title": "Flipboard: Your Social Magazine",
        "title": "Donald Trump Jr. set to speak at ALGOP Trump Victory Dinner in Birmingham tomorrow evening | Flipboard",
        "title_full": "Donald Trump Jr. set to speak at ALGOP Trump Victory Dinner in Birmingham tomorrow evening | Flipboard",
        "published": "2025-04-03T00:33:00.000+03:00",
        "replies_count": 0,
        "participants_count": 1,
        "site_type": "news",
        "country": "US",
        "main_image": "https://ic-cdn.flipboard.com/yellowhammernews.com/dee55e3084baba68a61b0b852549da11d3475fe2/_medium.png",
        "performance_score": 0,
        "domain_rank": 1228,
        "domain_rank_updated": "2025-04-01T00:00:00.000+03:00",
        "licensing_agency": [],
        "social": {
            "facebook": {
                "likes": 0,
                "comments": 0,
                "shares": 0
            },
            "vk": {
                "shares": 0
            }
        }
    },
    "uuid": "8825568306726128d3ada9462d226808941d0a0f",
    "url": "https://flipboard.com/topic/theshoalsalabama/-/a-NZx05odYQce8RZmN0CLyIQ%3Aa%3A4048017064-%2F0",
    "ord_in_thread": 0,
    "author": "yellowhammernews.com - Austen Shipley",
    "published": "2025-04-03T00:33:00.000+03:00",
    "title": "Donald Trump Jr. set to speak at ALGOP Trump Victory Dinner in Birmingham tomorrow evening | Flipboard",
    "text": "Donald Trump Jr. set to speak at ALGOP Trump Victory Dinner in Birmingham tomorrow evening The Alabama Republican Party is welcoming Donald Trump Jr. to Birmingham on Thursday evening for the organization’s much-anticipated Trump Victory …\nyellowhammernews.com - Austen Shipley • 35m",
    "highlightText": "",
    "highlightTitle": "",
    "highlightThreadTitle": "",
    "language": "english",
    "sentiment": "positive",
    "categories": [
        "Politics"
    ],
    "topics": [
        "Politics->national elections",
        "Politics->political campaigns",
        "Politics->political candidates"
    ],
    "ai_allow": true,
    "has_canonical": false,
    "breaking": false,
    "webz_reporter": false,
    "external_links": [],
    "entities": {
        "persons": [],
        "locations": [],
        "organizations": []
    },
    "syndication": {
        "syndicated": false,
        "syndicate_id": null,
        "first_syndicated": false
    },
    "trust": {
        "categories": [],
        "bias": null
    },
    "rating": null,
    "crawled": "2025-04-03T01:12:34.244+03:00",
    "updated": "2025-04-03T01:12:34.244+03:00"
}