{
    "thread": {
        "uuid": "84f495cd8a449a973ffd9f7322f19869451a37e0",
        "url": "https://thesun.ng/wike-congratulates-okpebholo-over-tribunal-victory-urges-him-to-ignore-distractions",
        "site_full": "thesun.ng",
        "site": "thesun.ng",
        "site_section": "https://www.sunnewsonline.com",
        "site_categories": [],
        "section_title": "The Sun Nigeria &ndash; Voice of the Nation",
        "site_title": "The Sun Nigeria &ndash; Voice of the Nation",
        "title": "Wike congratulates Okpebholo over tribunal victory, urges him to ignore distractions",
        "title_full": "Wike congratulates Okpebholo over tribunal victory, urges him to ignore distractions",
        "published": "2025-04-03T00:12:00.000+03:00",
        "replies_count": 0,
        "participants_count": 1,
        "site_type": "news",
        "country": "NG",
        "main_image": "https://d1jcea4y7xhp7l.cloudfront.net/wp-content/uploads/2025/03/•Wike.jpg",
        "performance_score": 0,
        "domain_rank": 56763,
        "domain_rank_updated": "2025-04-01T00:00:00.000+03:00",
        "licensing_agency": [],
        "social": {
            "facebook": {
                "likes": 0,
                "comments": 0,
                "shares": 0
            },
            "vk": {
                "shares": 0
            }
        }
    },
    "uuid": "84f495cd8a449a973ffd9f7322f19869451a37e0",
    "url": "https://thesun.ng/wike-congratulates-okpebholo-over-tribunal-victory-urges-him-to-ignore-distractions",
    "ord_in_thread": 0,
    "author": "Tokunbo2",
    "published": "2025-04-03T00:12:00.000+03:00",
    "title": "Wike congratulates Okpebholo over tribunal victory, urges him to ignore distractions",
    "text": "From Juliana Taiwo-Obalonye, Abuja\nThe Minister of the Federal Capital Territory (FCT), Nyesom Wike, has congratulated the Governor of Edo State, Monday Okpebholo, over the tribunal judgement affirming his victory in the governorship election held in the state in September last year.\nIn a statement issued by his Senior Special Assistant on Public Communications and Social Media, Lere Olayinka, he urged the Governor to remain focused and avoid being distracted by those who “are only interested in getting power through the back door.”\nThe FCT Minister described the victory as further confirmation of the mandate freely given to the Governor by the people of Edo State. He said the victory was for the people of Edo State who elected Governor Okpebholo, urging greater commitment to the service of the people.\nWhile expressing confidence in the ability of Governor Okpebholo to bring succour to the people of Edo State, Wike said, “I believe in him, and with the way he has started, I believe that his government will impact positively on Edo State and its people.”",
    "highlightText": "",
    "highlightTitle": "",
    "highlightThreadTitle": "",
    "language": "english",
    "sentiment": "positive",
    "categories": [
        "Politics",
        "Social Issue",
        "Human Interest"
    ],
    "topics": [
        "Politics->political process",
        "Politics->political candidates",
        "Politics->local government and authority",
        "Social Issue->social condition",
        "Human Interest->ceremony"
    ],
    "ai_allow": true,
    "has_canonical": false,
    "breaking": false,
    "webz_reporter": false,
    "external_links": [],
    "entities": {
        "persons": [
            {
                "name": "Juliana Taiwo-Obalonye",
                "sentiment": "neutral"
            },
            {
                "name": "Nyesom Wike",
                "sentiment": "neutral"
            },
            {
                "name": "Okpebholo",
                "sentiment": "neutral"
            },
            {
                "name": "Lere Olayinka",
                "sentiment": "neutral"
            }
        ],
        "locations": [
            {
                "name": "Edo State",
                "sentiment": "neutral"
            },
            {
                "name": "Abuja",
                "sentiment": "neutral"
            }
        ],
        "organizations": [
            {
                "name": "the Federal Capital Territory",
                "sentiment": "neutral",
                "tickers": []
            },
            {
                "name": "FCT",
                "sentiment": "neutral",
                "tickers": []
            },
            {
                "name": "Public Communications",
                "sentiment": "neutral",
                "tickers": []
            },
            {
                "name": "Social Media",
                "sentiment": "neutral",
                "tickers": []
            },
            {
                "name": "Wike",
                "sentiment": "neutral",
                "tickers": []
            }
        ]
    },
    "syndication": {
        "syndicated": false,
        "syndicate_id": null,
        "first_syndicated": false
    },
    "trust": {
        "categories": [],
        "bias": null
    },
    "rating": null,
    "crawled": "2025-04-03T00:38:00.084+03:00",
    "updated": "2025-04-03T00:38:00.084+03:00"
}