{
    "thread": {
        "uuid": "b551d6cc87b61b9520349d763228fd47a444111d",
        "url": "https://www.freepressjournal.in/world/us-president-donald-trump-launches-trump-accounts-to-give-every-newborn-1000-investment-head-start",
        "site_full": "www.freepressjournal.in",
        "site": "freepressjournal.in",
        "site_section": "https://www.freepressjournal.in/",
        "site_categories": [
            "media",
            "top_news_in",
            "top_news",
            "crime, law and justice",
            "social issue",
            "economy, business and finance",
            "politics",
            "sport",
            "arts, culture and entertainment",
            "lifestyle and leisure"
        ],
        "section_title": " Latest News, Breaking News, Today Headlines, India News, Mumbai News | Free Press Journal ",
        "site_title": "Latest News, Breaking News, Today Headlines, India News, Mumbai News | Free Press Journal",
        "title": "US President Donald Trump Launches 'Trump Accounts' To Give Every Newborn $1,000 Investment Head Start",
        "title_full": "US President Donald Trump Launches 'Trump Accounts' To Give Every Newborn $1,000 Investment Head Start",
        "published": "2026-01-29T08:40:00.000+02:00",
        "replies_count": 0,
        "participants_count": 1,
        "site_type": "news",
        "country": "IN",
        "main_image": "https://media.assettype.com/freepressjournal/2025-08-19/mlji33xt/Donald-Trump",
        "performance_score": 0,
        "domain_rank": 27409,
        "domain_rank_updated": "2026-01-25T23:00:00.000+02:00",
        "licensing_agency": [],
        "social": {
            "facebook": {
                "likes": 0,
                "comments": 0,
                "shares": 0
            },
            "vk": {
                "shares": 0
            }
        }
    },
    "uuid": "b551d6cc87b61b9520349d763228fd47a444111d",
    "url": "https://www.freepressjournal.in/world/us-president-donald-trump-launches-trump-accounts-to-give-every-newborn-1000-investment-head-start",
    "ord_in_thread": 0,
    "author": "IANS",
    "published": "2026-01-29T08:40:00.000+02:00",
    "title": "US President Donald Trump Launches 'Trump Accounts' To Give Every Newborn $1,000 Investment Head Start",
    "text": "Washington: US President Donald Trump on Wednesday unveiled a new federal initiative called “Trump Accounts,” saying the programme would provide every newborn American child with a government-funded investment account to give families a financial head start from birth.\nSpeaking at the Treasury Department’s Trump Accounts Summit, Trump said the initiative would “give every newborn American child a financial stake in the future,” calling it a way to ensure that children begin life with assets rather than debt.\nUnder the programme, the US government will automatically create a tax-free investment account for each child born in the country. The account will be seeded with a $1,000 contribution at birth, Trump said, with additional contributions allowed from parents, employers, states, and other donors.\n“We’ll fund those personal accounts with a seed contribution of $1,000, which will compound and grow over the course of their lives,” Trump said, adding that the accounts could grow to “very, very substantial numbers” over time.\nThe President said families and supporters would be able to add up to $5,000 annually to each account. With modest contributions, he said, the accounts could reach at least $50,000 by the time a child turns 18, and potentially far more. “The typical account will grow to 100,000, 200,000, and can even grow up to past $300,000 per child,” he said.\nCalling the initiative unprecedented in scale, Trump said the programme would ultimately place trillions of dollars in the hands of young Americans over the next decade. “Over the next 15 years, we’re going to put 3 to $4 trillion of wealth into the hands of young Americans who otherwise would have really started with nothing,” he said.\nMinneapolis Killing Sparks Outrage As Donald Trump’s Immigration Crackdown Faces Fresh Global...\nThe President linked the initiative to legislation he signed last year, which he described as a “great, big, beautiful bill,” saying it made the programme possible. He also highlighted broader tax measures, including “no tax on tips, no tax on overtime, no tax on Social Security,” as part of what he called a pro-worker economic agenda.\nTrump credited private-sector support as central to the programme’s rollout. He announced that Michael and Susan Dell had donated $6.25 billion to fund accounts for an additional 25 million children aged 10 and under, calling it “one of the largest private donations of all time.”\nSeveral major employers have also committed to contributing to the accounts, Trump said, naming companies including Uber, Schwab, Charter Communications, Intel, Nvidia, Broadcom, IBM, and Comcast. Visa, he added, is creating a platform that would allow cardholders to deposit cash-back rewards directly into their accounts.\nTrump said parents will be able to activate the accounts beginning July 4 this year through a dedicated government website. “When Trump accounts officially launch on July 4th of this year, every parent will be able to activate their accounts and access the funds,” he said.\n'Focus On What We Can Control,' Says Canadian PM Mark Carney After US President Donald Trump...\nIn closing remarks, Trump framed the initiative as a defining legacy policy. “Every President in modern history has left our children with nothing but debt,” he said. “Under this administration, we’re going to leave every child with real assets and a shot at financial freedom.”\nThe United States has previously relied on targeted tax credits and education savings plans to support families with children. Trump Accounts would mark the first universal, government-seeded investment programme for all newborns, positioning early asset ownership as a central pillar of US family and economic policy.\n(Except for the headline, this article has not been edited by FPJ's editorial team and is auto-generated from an agency feed.)",
    "summary": "Calling the initiative unprecedented in scale, Trump said the programme would ultimately place trillions of dollars in the hands of young Americans over the next decade. The President linked the initiative to legislation he signed last year, which he described as a “great, big, beautiful bill,” saying it made the programme possible.",
    "highlightText": "",
    "highlightTitle": "",
    "highlightThreadTitle": "",
    "language": "english",
    "sentiment": "positive",
    "categories": [
        "Economy, Business and Finance",
        "Politics"
    ],
    "topics": [
        "Economy, Business and Finance->business financing",
        "Politics->government",
        "Politics->government policy"
    ],
    "ai_allow": true,
    "has_canonical": false,
    "breaking": true,
    "webz_reporter": false,
    "external_links": [],
    "external_images": [],
    "internal_images": [],
    "entities": {
        "persons": [
            {
                "name": "Donald Trump",
                "sentiment": "negative"
            }
        ],
        "locations": [
            {
                "name": "US",
                "sentiment": "none"
            },
            {
                "name": "Washington",
                "sentiment": "none"
            }
        ],
        "organizations": [
            {
                "name": "Treasury Department",
                "sentiment": "none",
                "tickers": [
                    {
                        "ticker": null,
                        "exchange": null
                    }
                ]
            }
        ]
    },
    "syndication": {
        "syndicated": false,
        "syndicate_id": null,
        "first_syndicated": false
    },
    "trust": {
        "categories": [],
        "top_news": [
            "top_news_in",
            "top_news"
        ],
        "bias": null,
        "source": {
            "type": null,
            "city": null,
            "state": null,
            "country": null,
            "domain_type": null,
            "agency": null,
            "organization_name": null
        }
    },
    "rating": null,
    "crawled": "2026-01-29T08:52:29.921+02:00",
    "updated": "2026-01-29T08:55:05.000+02:00"
}