{
    "thread": {
        "uuid": "6925021eaa407d0198c0fe8d5ed677412a1ed6f2",
        "url": "http://www.uniindia.com/ugc-regulations-2026-delayed-but-welcome-should-be-enforced-with-real-accountability-stalin-tells-centre/south/news/3722119.html",
        "site_full": "www.uniindia.com",
        "site": "uniindia.com",
        "site_section": "http://www.uniindia.com/feed.aspx?lang_id=1",
        "site_categories": [
            "media",
            "crime, law and justice",
            "economy, business and finance",
            "politics",
            "sport"
        ],
        "section_title": "United News Of India",
        "site_title": "UNITED NEWS OF INDIA",
        "title": "UGC Regulations 2026, delayed but welcome, should be enforced with real accountability : Stalin tells Centre",
        "title_full": "UGC Regulations 2026, delayed but welcome, should be enforced with real accountability : Stalin tells Centre",
        "published": "2026-01-29T08:27:33.609+02:00",
        "replies_count": 0,
        "participants_count": 0,
        "site_type": "news",
        "country": "IN",
        "main_image": "",
        "performance_score": 0,
        "domain_rank": 74661,
        "domain_rank_updated": "2026-01-25T23:00:00.000+02:00",
        "licensing_agency": [],
        "social": {
            "facebook": {
                "likes": 0,
                "comments": 0,
                "shares": 0
            },
            "vk": {
                "shares": 0
            }
        }
    },
    "uuid": "6925021eaa407d0198c0fe8d5ed677412a1ed6f2",
    "url": "http://www.uniindia.com/ugc-regulations-2026-delayed-but-welcome-should-be-enforced-with-real-accountability-stalin-tells-centre/south/news/3722119.html",
    "ord_in_thread": 0,
    "author": null,
    "published": "2026-01-29T08:27:33.609+02:00",
    "title": "UGC Regulations 2026, delayed but welcome, should be enforced with real accountability : Stalin tells Centre",
    "text": "States » SouthPosted at: Jan 29 2026 10:51AM UGC Regulations 2026, delayed but welcome, should be enforced with real accountability : Stalin tells CentreChennai, Jan 29 (UNI) Welcoming the University Grants Commission (UGC) (Promotion of Equity in Higher Education Institutions) Regulations, 2026 as a delayed but welcome step in reforming a higher education system scarred by deep rooted discrimination and institutionalapathy, Tamil Nadu Chief Minister M K Stalin today said If the union BJP Government shouldenforce it with real accountability.In a post on social media, Mr Stalin said if the BJP government at the Centre was serious about preventing student deaths, ending discrimination, and reducing dropout rates among students from backward communities, these regulations must not only be strengthened but also revised to address their structural gaps, and enforced with real accountability wthoutallowing any pressure to dilute the core objections of these regulations. \"The UGC (Promotion of Equity in Higher Education Institutions) Regulations, 2026 is adelayed but welcome step in reforming a higher education system scarred by deep rooteddiscrimination and institutional apathy, he wrote. Since the BJP came to power at the union level, there has been a visible rise in studentsuicides within Indian HEIs particularly among SC and ST students, Mr Stalin said, adding,this has been accompanied by repeated attacks and harassment targeting students from South India, Kashmir, and minority communities. In this context, equity safeguards are not a matter of choice but an unavoidable necessity,the Chief Minister noted.Observing that the stated goals of dismantling caste discrimination and the inclusion of OBCs within this framework, deserve support, Mr Stalin said as seen during the implementation of reservations based on the Mandal Commission recommendations, the present UGC rollback backlash is driven by the same regressive mindset. The union Government must not allow such pressure to dilute these regulations or their core objectives, he added.\"Cases like the suicide of #RohithVemula, where VCs themselves faced allegations, make itdifficult to see how Equity Committees chaired by institutional heads can function independently,especially when many higher education institutions are led by RSS supporters\", Mr Stalin said.\"If the union BJP Government is serious about preventing student deaths, ending discriminationand reducing dropout rates among students from backward communities, these regulations must not only be strengthened but also revised to address their structural gaps, and enforced with real accountability\", he added.UNI GV 1035Tags:",
    "summary": "States » SouthPosted at: Jan 29 2026 10:51AM UGC Regulations 2026, delayed but welcome, should be enforced with real accountability : Stalin tells CentreChennai, Jan 29 (UNI) Welcoming the University Grants Commission (UGC) (Promotion of Equity in Higher Education Institutions) Regulations, 2026 as a delayed but welcome step in reforming a higher education system scarred by deep rooted discrimination and institutionalapathy, Tamil Nadu Chief Minister M K Stalin today said If the union BJP Government shouldenforce it with real accountability.In a post on social media, Mr Stalin said if the BJP government at the Centre was serious about preventing student…",
    "highlightText": "",
    "highlightTitle": "",
    "highlightThreadTitle": "",
    "language": "english",
    "sentiment": "positive",
    "categories": [
        "Politics"
    ],
    "topics": [
        "Politics->government policy"
    ],
    "ai_allow": true,
    "has_canonical": false,
    "breaking": false,
    "webz_reporter": false,
    "external_links": [],
    "external_images": [],
    "internal_images": [],
    "entities": {
        "persons": [],
        "locations": [],
        "organizations": []
    },
    "syndication": {
        "syndicated": false,
        "syndicate_id": null,
        "first_syndicated": false
    },
    "trust": {
        "categories": [],
        "top_news": [],
        "bias": null,
        "source": {
            "type": null,
            "city": null,
            "state": null,
            "country": null,
            "domain_type": null,
            "agency": null,
            "organization_name": null
        }
    },
    "rating": null,
    "crawled": "2026-01-29T08:27:33.609+02:00",
    "updated": "2026-01-29T08:30:07.000+02:00"
}