{
    "thread": {
        "uuid": "950d1308b6e5338ce5753c642b133cd2655ae9ed",
        "url": "https://www.bhaskar.com/local/rajasthan/jhunjhunu/singhana/news/yogendra-singh-of-silarpuri-became-captain-in-the-indian-army-137065558.html",
        "site_full": "www.bhaskar.com",
        "site": "bhaskar.com",
        "site_section": "https://www.bhaskar.com/sitemaps-v1--sitemap-google-news-6.xml",
        "site_categories": [
            "tech",
            "email",
            "top_news_in",
            "top_news_kw",
            "top_news_ae",
            "top_news",
            "human interest",
            "crime, law and justice",
            "education",
            "religion and belief",
            "disaster and accident",
            "politics",
            "social issue"
        ],
        "section_title": "",
        "site_title": "Hindi News; Latest Hindi News, Breaking Hindi News Live, Hindi Samachar (हिंदी समाचार), Hindi News Paper Today - Dainik Bhaskar",
        "title": "Yogendra Singh of Silarpuri became Captain in the Indian Army",
        "title_full": "Yogendra Singh of Silarpuri became Captain in the Indian Army",
        "published": "2026-01-29T00:30:00.000+02:00",
        "replies_count": 0,
        "participants_count": 1,
        "site_type": "news",
        "country": "IN",
        "main_image": "https://images.bhaskarassets.com/thumb/730x0/web2images/521/2026/01/28/212_1769605437697a093d8b8d0_app_1769605089697a07e134373_10016164331.jpg",
        "performance_score": 0,
        "domain_rank": 7618,
        "domain_rank_updated": "2026-01-25T23:00:00.000+02:00",
        "licensing_agency": [],
        "social": {
            "facebook": {
                "likes": 0,
                "comments": 0,
                "shares": 0
            },
            "vk": {
                "shares": 0
            }
        }
    },
    "uuid": "950d1308b6e5338ce5753c642b133cd2655ae9ed",
    "url": "https://www.bhaskar.com/local/rajasthan/jhunjhunu/singhana/news/yogendra-singh-of-silarpuri-became-captain-in-the-indian-army-137065558.html",
    "ord_in_thread": 0,
    "author": "दैनिक भास्कर",
    "published": "2026-01-29T00:30:00.000+02:00",
    "title": "Yogendra Singh of Silarpuri became Captain in the Indian Army",
    "text": "सिंघाना 9 घंटे पहले\nकॉपी लिंक\nसिंघाना | सिलारपुरी गांव के योगेंद्र सिंह ढाका को भारतीय सेना में कैप्टन के पद पर पदोन्नति मिली है। उन्हें ऑनरेरी लेफ्टिनेंट से ऑनरेरी कैप्टन के पद पर पदोन्नत किया गया है। योगेंद्र सिंह ढाका के पिता अमीलाल ढाका सेवानिवृत्त वरिष्ठ अध्यापक हैं। योगेंद्\n. अधूरा नहीं! पढ़िए पूरा! पढ़ें पूरी खबर दैनिक भास्कर ऐप पर एप डाउनलोड करने के लिए QR स्कैन करें पूरी खबर पढ़ें ऐप पर प्रीमियम मेंबरशिप है तो लॉगिन करें ऐप खोलें वीडियो और देखें Our Divisions Copyright © 2024-25 DB Corp ltd., All Rights Reserved\nThis website follows the DNPA Code of Ethics .\nफीडबैक दें Trending Topics Ajit Pawar Funeral Update Parliament Budget Update Ajit Pawar Baramati Accident Ajit Pawar Plane Crash Photos Economic Survey 2026 Ajit Pawar Death Video Ajit Pawar NCP Successor Shivam Dube Rinku Singh Dementia Memory Loss Girls Kidnapping Rape Parenting Tips Yuvraj Singh Retirement Republic Day Parade 2026 Rajasthan Budget Session 2026 Book Review Albania AI Minister UK China Relations Ranveer Singh Ajit Pawar Plane Black Box UGC Protest WPL 2026 Score Update MP Weather Current Affairs Today Indore Dancing Cop Stock Market Updates Bhopal Dating Scam IMD Weather Update Aaj Ka Rashifal Rajasthan Latest News Today Weather Update राजस्थान में बारिश और ओले गिरने का अलर्ट समस्तीपुर में आज बारिश की संभावना गाजियाबाद में टेम्प्रेचर 8°C यूपी में पलटा मौसम, कानपुर समेत 15 जिलों में कोहरा कानपुर में गलन बढ़ी, कोहरा भी छा सकता है चित्तौड़गढ़ में आसमान में बादल, ठंडी हवाओं ने बढ़ाई सर्दी हरियाणा के 16 जिलों में घना कोहरा उज्जैन में ओलावृष्टि के बाद तेज हवाओं ने ठंड बढ़ाई सीकर में कड़ाके की ठंड,न्यूनतम तापमान 5.5 डिग्री गिरा कैथल में शादी का झांसा देकर महिला से रेप बीकानेर में सर्दी का असर बरकरार एमपी में ओला-बारिश के बाद सर्दी बढ़ी, पचमढ़ी सबसे ठंडा कोटा में बादल छाए, बारिश के आसार श्रीगंगानगर में 31 को कोहरे और बारिश का अलर्ट नर्मदापुरम में सुबह से छाए बादल और कोहरा बिहार के 5 जिलों में बारिश की संभावना, बढ़ेगी ठंड वाराणसी में घने कोहरे संग छाया बादल भीलवाड़ा में अगले 2 दिन बादल छाए रहने की आशंका पंजाब-चंडीगढ़ में शीतलहर, कई जगह घना कोहरा झुंझुनूं में 31 जनवरी को बारिश-ओले का अलर्ट Our Group Site Links",
    "summary": "सिंघाना | सिलारपुरी गांव के योगेंद्र सिंह ढाका को भारतीय सेना में कैप्टन के पद पर पदोन्नति मिली है। उन्हें ऑनरेरी लेफ्टिनेंट से ऑनरेरी कैप्टन के पद पर पदोन्नत किया गया है। योगेंद्र सिंह ढाका के पिता अमीलाल ढाका सेवानिवृत्त वरिष्ठ अध्यापक हैं। योगेंद् . अधूरा नहीं! पढ़िए पूरा! पढ़ें पूरी खबर दैनिक भास्कर ऐप पर एप डाउनलोड करने के लिए QR स्कैन करें पूरी खबर पढ़ें ऐप पर प्रीमियम मेंबरशिप है तो लॉगिन करें ऐप खोलें वीडियो और देखें Our Divisions Copyright © 2024-25 DB Corp ltd., All Rights Reserved This website follows the DNPA Code of Ethics .",
    "highlightText": "",
    "highlightTitle": "",
    "highlightThreadTitle": "",
    "language": "english",
    "sentiment": "positive",
    "categories": [
        "Politics"
    ],
    "topics": [
        "Politics->defence",
        "Politics->civil and public service"
    ],
    "ai_allow": true,
    "has_canonical": false,
    "breaking": null,
    "webz_reporter": false,
    "external_links": [
        "https://dainik-b-alternate.app.link?db_metadata={",
        "https://play.google.com/store/apps/details?id=com.ak.ta.dainikbhaskar.activity&hl=en",
        "https://apps.apple.com/in/app/dainik-bhaskar-for-iphone/id782321678",
        "https://dainik-b-alternate.app.link",
        "https://www.apps.apple.com/in/app/dainik-bhaskar-for-iphone/id782321678",
        "https://play.google.com/store/apps/details",
        "https://www.dainik-b-alternate.app.link?db_metadata={",
        "https://www.play.google.com/store/apps/details?id=com.ak.ta.dainikbhaskar.activity&hl=en"
    ],
    "external_images": [],
    "internal_images": [],
    "entities": {
        "persons": [
            {
                "name": "Yogendra Singh",
                "sentiment": "negative"
            },
            {
                "name": "योगेंद्र सिंह ढाका",
                "sentiment": "neutral"
            },
            {
                "name": "ऑनरेरी कैप्टन",
                "sentiment": "none"
            }
        ],
        "locations": [
            {
                "name": "सिंघाना",
                "sentiment": "none"
            },
            {
                "name": "सिलारपुरी गांव",
                "sentiment": "none"
            },
            {
                "name": "Silarpuri",
                "sentiment": "none"
            }
        ],
        "organizations": [
            {
                "name": "Indian Army",
                "sentiment": "negative",
                "tickers": [
                    {
                        "ticker": null,
                        "exchange": null
                    }
                ]
            },
            {
                "name": "DB Corp",
                "sentiment": "none",
                "tickers": [
                    {
                        "ticker": "DBC",
                        "exchange": "NYSE"
                    }
                ]
            }
        ]
    },
    "syndication": {
        "syndicated": false,
        "syndicate_id": null,
        "first_syndicated": false
    },
    "trust": {
        "categories": [],
        "top_news": [
            "top_news_in",
            "top_news_kw",
            "top_news_ae",
            "top_news"
        ],
        "bias": null,
        "source": {
            "type": null,
            "city": null,
            "state": null,
            "country": null,
            "domain_type": null,
            "agency": null,
            "organization_name": null
        }
    },
    "rating": null,
    "crawled": "2026-01-29T09:46:40.114+02:00",
    "updated": "2026-01-30T10:11:04.000+02:00"
}