{
    "thread": {
        "uuid": "fd48d0099789b3743cda66060bf3551b686587d9",
        "url": "https://us.headtopics.com/news/utah-legislature-advances-plan-for-sixth-consecutive-year-79018625",
        "site_full": "us.headtopics.com",
        "site": "headtopics.com",
        "site_section": "https://us.headtopics.com/rss",
        "site_categories": [
            "crime, law and justice",
            "lifestyle and leisure",
            "politics",
            "sport",
            "economy, business and finance",
            "arts, culture and entertainment"
        ],
        "section_title": "Head Topics United States RSS Feed",
        "site_title": null,
        "title": "Utah Legislature Advances Plan for Sixth Consecutive Year of Income Tax Cuts",
        "title_full": "Utah Legislature Advances Plan for Sixth Consecutive Year of Income Tax Cuts",
        "published": "2026-01-29T09:55:10.752+02:00",
        "replies_count": 0,
        "participants_count": 1,
        "site_type": "news",
        "country": "TH",
        "main_image": "https://i.headtopics.com/images/2026/1/29/kslcom/utah-legislature-advances-plan-for-sixth-consecuti-utah-legislature-advances-plan-for-sixth-consecuti-32D658E254D35C7FC0D16C32D4463995.webp",
        "performance_score": 0,
        "domain_rank": 31087,
        "domain_rank_updated": "2026-01-25T23:00:00.000+02:00",
        "licensing_agency": [],
        "social": {
            "facebook": {
                "likes": 0,
                "comments": 0,
                "shares": 0
            },
            "vk": {
                "shares": 0
            }
        }
    },
    "uuid": "fd48d0099789b3743cda66060bf3551b686587d9",
    "url": "https://us.headtopics.com/news/utah-legislature-advances-plan-for-sixth-consecutive-year-79018625",
    "ord_in_thread": 0,
    "author": "HeadTopics.com",
    "published": "2026-01-29T09:55:10.752+02:00",
    "title": "Utah Legislature Advances Plan for Sixth Consecutive Year of Income Tax Cuts",
    "text": "The Utah Legislature has taken the initial step to cut income taxes for the sixth year in a row. A bill has been advanced to lower the state's corporate and income tax rate. This comes amid debates on budget constraints and economic concerns.\nSALT LAKE CITY — The Utah Legislature is moving forward with plans to reduce income taxes for the sixth consecutive year. The Senate Revenue and Taxation Committee voted 4-1 on Wednesday to advance SB60. This bill proposes to lower the state's corporate and income tax rate from 4.5% to 4.45%. The estimated savings for an average Utah family from this tax cut is approximately $45 annually.\nRepublican leadership within the Legislature has consistently prioritized income tax reductions throughout this decade, implementing cuts every year since 2021, and they are gearing up to continue this trend in the current year. Senate President Stuart Adams, R-Layton, emphasized a cautious approach, stating their intention to carefully assess the situation before making further decisions. He acknowledged that tax cuts remain a high priority, with the details to be determined as the legislative process unfolds. This ongoing push for tax cuts comes as Utah faces a tighter budget, raising concerns from opponents who believe the funds could be better allocated. The state is anticipating a $300 million reduction in tax revenue due to the recent federal legislation known as 'One Big Beautiful Bill', highlighting the financial constraints the state is operating under.\\Opponents of the proposed tax cuts voiced concerns regarding the potential impact, particularly in light of the state's financial situation. Senate Minority Leader Luz Escamilla, D-Salt Lake City, highlighted the uncertainty surrounding the tax cuts, emphasizing the $300 million revenue shortfall. Escamilla suggested the possibility of pausing the tax cuts for a year to assess the financial impact, given the current circumstances. In contrast, proponents like Billy Hesterman, president of the Utah Taxpayers Association, voiced their support for the proposal. Hesterman praised the Legislature's approach of incremental tax cuts over several years, labeling it as 'fiscally responsible'. He pointed out that the series of tax cuts over the past six years has resulted in savings of $300-$600 for an average Utah family, which he described as 'real money'. He lauded the Legislature and the governor for their previous efforts and encouraged them to continue focusing on spending control and supporting Utah's families and businesses. However, differing perspectives emerged during the discussions. Brent Hutchison, a Provo resident, argued that the proposed tax cut is too small to make a meaningful difference for families. He cited the current economic climate, pointing out that Utah's economy isn't performing well, and questioned the justification of the tax cut considering the economic hardships faced by many residents. This illustrates the complex debate surrounding tax policy, with different viewpoints on the appropriate balance between tax cuts, government spending, and economic realities. The contrasting opinions underscore the importance of weighing the potential benefits of tax cuts against the potential need for maintaining essential government services and addressing economic challenges.\\The debate surrounding the proposed income tax cut in Utah highlights the tension between fiscal conservatism, economic uncertainty, and the need to address the needs of Utahns. Supporters of the tax cuts emphasize the benefits to individual taxpayers and businesses. They see the tax cuts as a means of stimulating the economy and allowing Utahns to keep more of their hard-earned money. Opponents of the tax cuts point to the state's tighter budget and the potential need for funding critical government services, such as education and infrastructure. They argue that the money could be better spent on addressing these needs, rather than providing a tax cut that may not significantly impact the majority of Utahns. The impact of the 'One Big Beautiful Bill' adds another layer of complexity to the situation. The reduction in tax revenue caused by the federal legislation forces lawmakers to make difficult choices about how to allocate state resources. As the legislative process unfolds, lawmakers will have to weigh these competing interests and make decisions that reflect their priorities for the state. The debate is likely to continue as the bill moves forward, with further discussions and potential amendments to the proposal. The eventual outcome will have a significant impact on Utah's finances and the lives of its residents. The ongoing discussion illustrates the complex interplay between economic policy, fiscal responsibility, and the needs of a diverse population, ultimately reflecting the challenges of governing in a dynamic environment\nUnited States Latest News, United States Headlines\nSimilar News:You can also read news stories similar to this one that we have collected from other news sources.\nProfessional Utah bull rider taken into custody on multiple felony sexual assault chargesConnor McKell, a professional rodeo steer wrestler, is being held without bail in the Utah County Jail after being arrested on multiple felony charges, accordin\nRead more »\n'Doomsday Clock' advances to 85 seconds till midnightA science-oriented advocacy group moved its “Doomsday Clock” to 85 seconds to midnight, saying the Earth is closer than ever to destruction. The Bulletin of Atomic Scientists on Tuesday cited threats from nuclear war, climate change, potential misuse of biotechnology and artificial intelligence.\nRead more »\nThird-party lawmaker's recent election prompts new bill in Utah LegislatureDaniel Woodruff is a reporter/anchor with deep experience covering Utah news. He is a native of Provo and a graduate of Brigham Young University. Daniel has also worked as a journalist in Indiana and Wisconsin.\nRead more »\nRepublican, Democrat pitch plan for new fund to help solve violent crime in UtahBridger Beal-Cvetko is a reporter for KSL. He covers politics, Salt Lake County communities and breaking news. Bridger has worked for the Deseret News and graduated from Utah Valley University.\nRead more »\nUtah legislative committee advances bills that could end some gender-affirming careScott McKane is a long-time reporter with FOX 13.\nRead more »\nVoices: The Utah Legislature is trying to inject politics into the courts — again“Our citizens would be poorly served by less independent, more politicized courts,” writes Linda F. Smith in an op-ed.\nRead more »",
    "summary": "SALT LAKE CITY — The Utah Legislature is moving forward with plans to reduce income taxes for the sixth consecutive year. Senate President Stuart Adams, R-Layton, emphasized a cautious approach, stating their intention to carefully assess the situation before making further decisions. Senate Minority Leader Luz Escamilla, D-Salt Lake City, highlighted the uncertainty surrounding the tax cuts, emphasizing the $300 million revenue shortfall.",
    "highlightText": "",
    "highlightTitle": "",
    "highlightThreadTitle": "",
    "language": "english",
    "sentiment": "positive",
    "categories": [
        "Economy, Business and Finance",
        "Politics"
    ],
    "topics": [
        "Economy, Business and Finance->business financing",
        "Economy, Business and Finance->economy",
        "Economy, Business and Finance->business and market analysis",
        "Politics->taxation",
        "Politics->government policy"
    ],
    "ai_allow": true,
    "has_canonical": false,
    "breaking": false,
    "webz_reporter": false,
    "external_links": [],
    "external_images": [],
    "internal_images": [],
    "entities": {
        "persons": [],
        "locations": [
            {
                "name": "Utah",
                "sentiment": "none"
            }
        ],
        "organizations": [
            {
                "name": "Senate Revenue and Taxation Committee",
                "sentiment": "none",
                "tickers": []
            }
        ]
    },
    "syndication": {
        "syndicated": false,
        "syndicate_id": null,
        "first_syndicated": false
    },
    "trust": {
        "categories": [
            "fake_news"
        ],
        "top_news": [],
        "bias": "center",
        "source": {
            "type": null,
            "city": null,
            "state": null,
            "country": null,
            "domain_type": null,
            "agency": null,
            "organization_name": null
        }
    },
    "rating": null,
    "crawled": "2026-01-29T09:55:10.752+02:00",
    "updated": "2026-01-29T10:01:01.000+02:00"
}