{
    "thread": {
        "uuid": "681589bbeb3fe50732582d93f9607566f520fad5",
        "url": "https://news.cgtn.com/news/2026-01-29/VHJhbnNjcmlwdDg4NzM3/index.html",
        "site_full": "news.cgtn.com",
        "site": "cgtn.com",
        "site_section": "https://www.cgtn.com/transcript",
        "site_categories": [
            "social",
            "top_news_pk",
            "top_news_eg",
            "top_news",
            "war, conflict and unrest",
            "environment",
            "politics",
            "lifestyle and leisure",
            "science and technology",
            "arts, culture and entertainment",
            "economy, business and finance"
        ],
        "section_title": "CGTN",
        "site_title": "CGTN | Breaking News, China News, World News and Video",
        "title": "China-Finland Relations: Finnish ambassador: PM's China visit successful for Finland - CGTN",
        "title_full": "China-Finland Relations: Finnish ambassador: PM's China visit successful for Finland - CGTN",
        "published": "2026-01-29T02:00:00.000+02:00",
        "replies_count": 0,
        "participants_count": 1,
        "site_type": "news",
        "country": "US",
        "main_image": "https://video.cgtn.com/public/2026-01-29/public/video/518643/518643.png",
        "performance_score": 0,
        "domain_rank": 6268,
        "domain_rank_updated": "2026-01-25T23:00:00.000+02:00",
        "licensing_agency": [],
        "social": {
            "facebook": {
                "likes": 0,
                "comments": 0,
                "shares": 0
            },
            "vk": {
                "shares": 0
            }
        }
    },
    "uuid": "681589bbeb3fe50732582d93f9607566f520fad5",
    "url": "https://news.cgtn.com/news/2026-01-29/VHJhbnNjcmlwdDg4NzM3/index.html",
    "ord_in_thread": 0,
    "author": "@CGTNOfficial",
    "published": "2026-01-29T02:00:00.000+02:00",
    "title": "China-Finland Relations: Finnish ambassador: PM's China visit successful for Finland - CGTN",
    "text": "Share\nCopied\nCHOOSE YOUR LANGUAGE\nDOWNLOAD OUR APP\n互联网新闻信息许可证10120180008\nDisinformation report hotline: 010-85061466",
    "summary": null,
    "highlightText": "",
    "highlightTitle": "",
    "highlightThreadTitle": "",
    "language": "english",
    "sentiment": "positive",
    "categories": [
        "Politics"
    ],
    "topics": [
        "Politics->international relations"
    ],
    "ai_allow": true,
    "has_canonical": false,
    "breaking": null,
    "webz_reporter": false,
    "external_links": [],
    "external_images": [],
    "internal_images": [],
    "entities": {
        "persons": [],
        "locations": [
            {
                "name": "China",
                "sentiment": "none"
            },
            {
                "name": "Finland",
                "sentiment": "none"
            }
        ],
        "organizations": [
            {
                "name": "CGTN",
                "sentiment": "positive",
                "tickers": [
                    {
                        "ticker": null,
                        "exchange": null
                    }
                ]
            }
        ]
    },
    "syndication": {
        "syndicated": false,
        "syndicate_id": null,
        "first_syndicated": false
    },
    "trust": {
        "categories": null,
        "top_news": [
            "top_news_pk",
            "top_news_eg",
            "top_news"
        ],
        "bias": "center",
        "source": {
            "type": null,
            "city": null,
            "state": null,
            "country": null,
            "domain_type": null,
            "agency": null,
            "organization_name": null
        }
    },
    "rating": null,
    "crawled": "2026-01-29T07:56:48.429+02:00",
    "updated": "2026-01-30T08:07:55.000+02:00"
}