{
    "thread": {
        "uuid": "5c8e4d985d7bd54aa67c598b639154543f805775",
        "url": "https://koreajoongangdaily.joins.com/news/2026-01-29/national/politics/Parliament-passes-91-public-welfare-bills-including-reinstating-Constitution-Day-as-public-holiday/2512013",
        "site_full": "koreajoongangdaily.joins.com",
        "site": "joins.com",
        "site_section": "https://news.google.com/search?q=as%20when%3A1h&hl=en-US&gl=US&ceid=US%3Aen",
        "site_categories": [
            "media",
            "top_news_kr",
            "top_news_jp",
            "top_news",
            "crime, law and justice",
            "politics",
            "war, conflict and unrest",
            "arts, culture and entertainment",
            "economy, business and finance"
        ],
        "section_title": "Google News - Search",
        "site_title": null,
        "title": "Parliament passes 91 public welfare bills, including reinstating Constitution Day as public holiday",
        "title_full": "Parliament passes 91 public welfare bills, including reinstating Constitution Day as public holiday",
        "published": "2026-01-29T11:02:00.000+02:00",
        "replies_count": 0,
        "participants_count": 0,
        "site_type": "news",
        "country": "JP",
        "main_image": "https://koreajoongangdaily.joins.com/data/photo/2026/01/29/4bc54cc6-3217-4146-8730-af6bcfb48be0.jpg",
        "performance_score": 0,
        "domain_rank": 10256,
        "domain_rank_updated": "2026-01-25T23:00:00.000+02:00",
        "licensing_agency": [],
        "social": {
            "facebook": {
                "likes": 0,
                "comments": 0,
                "shares": 0
            },
            "vk": {
                "shares": 0
            }
        }
    },
    "uuid": "5c8e4d985d7bd54aa67c598b639154543f805775",
    "url": "https://koreajoongangdaily.joins.com/news/2026-01-29/national/politics/Parliament-passes-91-public-welfare-bills-including-reinstating-Constitution-Day-as-public-holiday/2512013",
    "ord_in_thread": 0,
    "author": null,
    "published": "2026-01-29T11:02:00.000+02:00",
    "title": "Parliament passes 91 public welfare bills, including reinstating Constitution Day as public holiday",
    "text": "Parliament passes 91 public welfare bills, including reinstating Constitution Day as public holiday\nPublished: 29 Jan. 2026, 18:02\nThe National Assembly on Thursday passed 91 bills aimed at improving public welfare, including a revision to the Public Holiday Act that designates Constitution Day on July 17 as a public holiday for the first time in 18 years.\nThe move came just two days after President Lee Jae Myung criticized the slow pace of legislative activity during a Cabinet meeting on Tuesday.\nThe revision to the Public Holiday Act passed with 198 votes in favor, two against and three abstentions out of 203 lawmakers present at the National Assembly on Thursday. The change will take effect starting July 17 this year.\nDemocratic Party (DP) Rep. Mo Gyeong-jong, who proposed the bill, said it aimed to raise public awareness of the Constitution.\n“Public interest in the Constitution has grown following a series of national crises,” said National Assembly Speaker Woo Won-shik following the vote. “This is a meaningful law that will help us revisit the spirit of the Constitution.”\nLawmakers applauded after Woo’s comments.\nConstitution Day marks the promulgation of the Korean Constitution on July 17, 1948. It was recognized as both a national and public holiday starting in 1949, but was removed from the list of public holidays in 2008.\nLawmakers also passed a series of other bills to enhance industrial competitiveness and public convenience.\nA special act on strengthening the competitiveness and support for the semiconductor industry passed with 199 votes in favor and seven abstentions out of 206 lawmakers present.\nFirst proposed by People Power Party (PPP) lawmaker Lee Chul-gyu in November 2024, the bill languished in a standing committee for 18 months due to political deadlock, particularly over provisions related to exemptions from the 52-hour workweek. That clause was ultimately dropped in bipartisan negotiations.\nThe revised law lays the foundation for financial and administrative support to foster an innovative semiconductor ecosystem. It enables the government to build or expand essential infrastructure such as electricity, water supply and roads, and grants special exemptions from preliminary feasibility studies and licensing procedures under certain conditions.\nThe National Assembly also passed an amendment to the National Assembly Act that modifies the rules on filibusters. The bill passed with 188 votes in favor, 39 against and 12 abstentions out of 239 lawmakers present.\nThe amendment expands the authority to preside over unlimited debate sessions from the speaker and deputy speakers to include standing committee chairs.\nHowever, a proposed clause that would have allowed the suspension of debate if fewer than one-fifth of all lawmakers were present was removed. A proposal to require all anonymous votes in plenary sessions to be conducted electronically was also dropped.\nOther bills passed included an amendment to the Electronic Government Act that grants mobile identification cards the same legal status as physical ones, and an amendment to the Performing Arts Act aimed at cracking down on ticket scalping.\nThe Assembly also passed a revision that expands eligibility for interest exemptions on income-contingent student loans, and a bill that allows national merit recipients and their families to receive veteran and medical services not only at designated veterans’ hospitals but also at public hospitals.\nAn amendment to the Assembly and Demonstration Act that adds the presidential office to the list of areas where outdoor protests are banned was also passed.\nThe next provisional session of the National Assembly will begin on Feb. 2. Floor leaders of the DP and PPP are scheduled to deliver speeches on Feb. 3 and 4, followed by interpellations from Feb. 9 to 12.\nThis article was originally written in Korean and translated by a bilingual reporter with the help of generative AI tools. It was then edited by a native English-speaking editor. All AI-assisted translations are reviewed and refined by our newsroom.\nBY KANG BO-HYUN [\n[[email protected]](https://koreajoongangdaily.joins.com/cdn-cgi/l/email-protection)]",
    "summary": "The move came just two days after President Lee Jae Myung criticized the slow pace of legislative activity during a Cabinet meeting on Tuesday. The revision to the Public Holiday Act passed with 198 votes in favor, two against and three abstentions out of 203 lawmakers present at the National Assembly on Thursday. A special act on strengthening the competitiveness and support for the semiconductor industry passed with 199 votes in favor and seven abstentions out of 206 lawmakers present.",
    "highlightText": "",
    "highlightTitle": "",
    "highlightThreadTitle": "",
    "language": "english",
    "sentiment": "positive",
    "categories": [
        "Politics"
    ],
    "topics": [
        "Politics->government",
        "Politics->constitution (law)"
    ],
    "ai_allow": true,
    "has_canonical": false,
    "breaking": true,
    "webz_reporter": false,
    "external_links": [],
    "external_images": [],
    "internal_images": [],
    "entities": {
        "persons": [],
        "locations": [],
        "organizations": []
    },
    "syndication": {
        "syndicated": false,
        "syndicate_id": null,
        "first_syndicated": false
    },
    "trust": {
        "categories": [],
        "top_news": [
            "top_news_kr",
            "top_news_jp",
            "top_news"
        ],
        "bias": null,
        "source": {
            "type": null,
            "city": null,
            "state": null,
            "country": null,
            "domain_type": null,
            "agency": null,
            "organization_name": null
        }
    },
    "rating": null,
    "crawled": "2026-01-29T11:13:46.604+02:00",
    "updated": "2026-01-29T11:20:34.000+02:00"
}