{
    "thread": {
        "uuid": "a67fb7bc94f7aa31d04f0e5557e2e76a11389d62",
        "url": "https://m.dailyhunt.in/news/india/english/thetribune-epaper-thetribt/foreign+leaders+business+heads+hail+india+eu+fta+as+historic+geopolitically+decisive-newsid-n698852074",
        "site_full": "m.dailyhunt.in",
        "site": "dailyhunt.in",
        "site_section": "https://m.dailyhunt.in/news/india/epaper-kolhin/",
        "site_categories": [
            "media",
            "top_news_in",
            "top_news_kw",
            "top_news",
            "arts, culture and entertainment",
            "economy, business and finance",
            "lifestyle and leisure",
            "crime, law and justice",
            "politics",
            "sport"
        ],
        "section_title": "Personalized News in 14 Indian Languages | Latest Updates",
        "site_title": null,
        "title": "Foreign leaders, business heads hail India-EU FTA as historic, geopolitically decisive",
        "title_full": "Foreign leaders, business heads hail India-EU FTA as historic, geopolitically decisive",
        "published": "2026-01-29T10:49:00.000+02:00",
        "replies_count": 0,
        "participants_count": 1,
        "site_type": "news",
        "country": "IN",
        "main_image": "https://assets-news-bcdn.dailyhunt.in/cmd/resize/1200x630_90/fetchdata20/images/a9/5f/8c/a95f8cf1ca470bda4322f4a07fe5e0e398fde05aeb51bcd7c6e8d08073109993.jpg",
        "performance_score": 0,
        "domain_rank": 11578,
        "domain_rank_updated": "2026-01-25T23:00:00.000+02:00",
        "licensing_agency": [],
        "social": {
            "facebook": {
                "likes": 0,
                "comments": 0,
                "shares": 0
            },
            "vk": {
                "shares": 0
            }
        }
    },
    "uuid": "a67fb7bc94f7aa31d04f0e5557e2e76a11389d62",
    "url": "https://m.dailyhunt.in/news/india/english/thetribune-epaper-thetribt/foreign+leaders+business+heads+hail+india+eu+fta+as+historic+geopolitically+decisive-newsid-n698852074",
    "ord_in_thread": 0,
    "author": "@Dailyhuntapp",
    "published": "2026-01-29T10:49:00.000+02:00",
    "title": "Foreign leaders, business heads hail India-EU FTA as historic, geopolitically decisive",
    "text": "Get the latest version\nRefresh\nForeign leaders, business heads hail India-EU FTA as historic, geopolitically decisive\nForeign leaders across Europe on Thursday welcomed the conclusion of the India-European Union Free Trade Agreement (FTA), describing it as historic, strategic and critical for economic resilience amid a fragmenting global trade order.\nDailyhunt\nDisclaimer\n: This content has not been generated, created or edited by Dailyhunt. Publisher: The Tribune\n#Hashtags\nEterno Infotech © 2022\nNo Internet connection\nDownload the app to view this section\nDownload the app to view this section\nLink Copied",
    "summary": "Foreign leaders, business heads hail India-EU FTA as historic, geopolitically decisive Foreign leaders across Europe on Thursday welcomed the conclusion of the India-European Union Free Trade Agreement (FTA), describing it as historic, strategic and critical for economic resilience amid a fragmenting global trade order. : This content has not been generated, created or edited by Dailyhunt. Publisher: The Tribune Download the app to view this section Download the app to view this section",
    "highlightText": "",
    "highlightTitle": "",
    "highlightThreadTitle": "",
    "language": "english",
    "sentiment": "positive",
    "categories": [
        "Politics",
        "Economy, Business and Finance"
    ],
    "topics": [
        "Politics->international relations",
        "Economy, Business and Finance->business strategy and marketing",
        "Economy, Business and Finance->corporate news and profiles"
    ],
    "ai_allow": true,
    "has_canonical": false,
    "breaking": true,
    "webz_reporter": false,
    "external_links": [],
    "external_images": [],
    "internal_images": [],
    "entities": {
        "persons": [],
        "locations": [
            {
                "name": "India",
                "sentiment": "none"
            },
            {
                "name": "Europe",
                "sentiment": "none"
            }
        ],
        "organizations": [
            {
                "name": "EU FTA",
                "sentiment": "negative",
                "tickers": [
                    {
                        "ticker": null,
                        "exchange": null
                    }
                ]
            },
            {
                "name": "The Tribune",
                "sentiment": "none",
                "tickers": [
                    {
                        "ticker": null,
                        "exchange": null
                    }
                ]
            },
            {
                "name": "Eterno Infotech",
                "sentiment": "none",
                "tickers": [
                    {
                        "ticker": null,
                        "exchange": null
                    }
                ]
            },
            {
                "name": "Dailyhunt",
                "sentiment": "none",
                "tickers": [
                    {
                        "ticker": null,
                        "exchange": null
                    }
                ]
            }
        ]
    },
    "syndication": {
        "syndicated": false,
        "syndicate_id": null,
        "first_syndicated": false
    },
    "trust": {
        "categories": [],
        "top_news": [
            "top_news_in",
            "top_news_kw",
            "top_news"
        ],
        "bias": null,
        "source": {
            "type": null,
            "city": null,
            "state": null,
            "country": null,
            "domain_type": null,
            "agency": null,
            "organization_name": null
        }
    },
    "rating": null,
    "crawled": "2026-01-29T10:57:48.716+02:00",
    "updated": "2026-01-30T11:06:38.000+02:00"
}