{
    "thread": {
        "uuid": "5dc5006e921b9e425582c30c740ba97a1bb8019b",
        "url": "http://mace.house.gov/media/videos/rep-nancy-mace-best-solutions-happen-when-we-put-people-over-politics",
        "site_full": "mace.house.gov",
        "site": "house.gov",
        "site_section": "https://mace.house.gov/media/videos",
        "site_categories": [
            "health",
            "politics",
            "crime, law and justice",
            "economy, business and finance"
        ],
        "section_title": "Videos | Representative Nancy Mace",
        "site_title": "Homepage | house.gov",
        "title": "Rep. Nancy Mace: The Best Solutions Happen When We Put People Over Politics | Representative Nancy Mace",
        "title_full": "Rep. Nancy Mace: The Best Solutions Happen When We Put People Over Politics | Representative Nancy Mace",
        "published": "2026-01-28T23:02:00.000+02:00",
        "replies_count": 0,
        "participants_count": 0,
        "site_type": "news",
        "country": "US",
        "main_image": "",
        "performance_score": 0,
        "domain_rank": 2134,
        "domain_rank_updated": "2026-01-25T23:00:00.000+02:00",
        "licensing_agency": [],
        "social": {
            "facebook": {
                "likes": 0,
                "comments": 0,
                "shares": 0
            },
            "vk": {
                "shares": 0
            }
        }
    },
    "uuid": "5dc5006e921b9e425582c30c740ba97a1bb8019b",
    "url": "http://mace.house.gov/media/videos/rep-nancy-mace-best-solutions-happen-when-we-put-people-over-politics",
    "ord_in_thread": 0,
    "author": null,
    "published": "2026-01-28T23:02:00.000+02:00",
    "title": "Rep. Nancy Mace: The Best Solutions Happen When We Put People Over Politics | Representative Nancy Mace",
    "text": "January 28, 2026 VideoThe best solutions happen when we put people over politics. This is why we work with both sides of the aisle and why we’re ranked as the 22nd most bipartisan member of the U.S. House. South Carolina STRONG.",
    "summary": null,
    "highlightText": "",
    "highlightTitle": "",
    "highlightThreadTitle": "",
    "language": "english",
    "sentiment": "positive",
    "categories": [
        "Politics"
    ],
    "topics": [
        "Politics->political process",
        "Politics->government"
    ],
    "ai_allow": true,
    "has_canonical": false,
    "breaking": null,
    "webz_reporter": false,
    "external_links": [],
    "external_images": [],
    "internal_images": [],
    "entities": {
        "persons": [
            {
                "name": "Nancy Mace",
                "sentiment": "negative"
            }
        ],
        "locations": [
            {
                "name": "U. S",
                "sentiment": "none"
            }
        ],
        "organizations": []
    },
    "syndication": {
        "syndicated": false,
        "syndicate_id": null,
        "first_syndicated": false
    },
    "trust": {
        "categories": [
            "fake_news"
        ],
        "top_news": [],
        "bias": "center",
        "source": {
            "type": "gov_news",
            "city": [
                "Washington"
            ],
            "state": [
                "DC"
            ],
            "country": [
                "US"
            ],
            "domain_type": "Federal - Legislative",
            "agency": "The Legislative Branch",
            "organization_name": "US House of Representatives"
        }
    },
    "rating": null,
    "crawled": "2026-01-29T08:18:05.692+02:00",
    "updated": "2026-01-29T08:20:58.000+02:00"
}