{
    "thread": {
        "uuid": "91ad56eaed03eb50692342701a2b0134eaf288e3",
        "url": "https://news.cgtn.com/news/2026-01-29/Trump-touts-Trump-accounts-rapper-Minaj-backs-him-as-No-1-fan--1KkduFe6Roc/p.html",
        "site_full": "news.cgtn.com",
        "site": "cgtn.com",
        "site_section": "https://www.cgtn.com/video",
        "site_categories": [
            "social",
            "top_news_pk",
            "top_news_eg",
            "top_news",
            "science and technology",
            "politics",
            "war, conflict and unrest",
            "economy, business and finance",
            "environment",
            "lifestyle and leisure",
            "arts, culture and entertainment"
        ],
        "section_title": "Video News of Global Edition, Video Stories of China | CGTN",
        "site_title": "CGTN | Breaking News, China News, World News and Video",
        "title": "Trump touts 'Trump accounts', rapper Minaj backs him as 'No.1 fan'",
        "title_full": "Trump touts 'Trump accounts', rapper Minaj backs him as 'No.1 fan'",
        "published": "2026-01-29T08:00:00.000+02:00",
        "replies_count": 0,
        "participants_count": 1,
        "site_type": "news",
        "country": "US",
        "main_image": "https://news.cgtn.com/news/2026-01-29/Trump-touts-Trump-accounts-rapper-Minaj-backs-him-as-No-1-fan--1KkduFe6Roc/img/24b76de6806a49f5ac45c12ce4d1c2d8/24b76de6806a49f5ac45c12ce4d1c2d8-1280.jpeg",
        "performance_score": 0,
        "domain_rank": 6268,
        "domain_rank_updated": "2026-01-25T23:00:00.000+02:00",
        "licensing_agency": [],
        "social": {
            "facebook": {
                "likes": 0,
                "comments": 0,
                "shares": 0
            },
            "vk": {
                "shares": 0
            }
        }
    },
    "uuid": "91ad56eaed03eb50692342701a2b0134eaf288e3",
    "url": "https://news.cgtn.com/news/2026-01-29/Trump-touts-Trump-accounts-rapper-Minaj-backs-him-as-No-1-fan--1KkduFe6Roc/p.html",
    "ord_in_thread": 0,
    "author": "@CGTNOfficial",
    "published": "2026-01-29T08:00:00.000+02:00",
    "title": "Trump touts 'Trump accounts', rapper Minaj backs him as 'No.1 fan'",
    "text": "U.S. President Donald Trump on Wednesday celebrated the upcoming launch of \"Trump Accounts.\" The program would give $1,000 to every newborn whose parents open an account, with the funds invested by private firms.\nRapper Nicki Minaj appeared at the Trump Accounts Summit, calling herself Trump's \"No. 1 fan.\" She later posted an image of a Trump Gold Card on X, a proposed visa program offering faster U.S. residency for a hefty fee.",
    "summary": null,
    "highlightText": "",
    "highlightTitle": "",
    "highlightThreadTitle": "",
    "language": "english",
    "sentiment": "positive",
    "categories": [
        "Politics",
        "Economy, Business and Finance"
    ],
    "topics": [
        "Politics->political campaigns",
        "Politics->government policy",
        "Politics->political candidates",
        "Economy, Business and Finance->economy",
        "Economy, Business and Finance->financial and economic news"
    ],
    "ai_allow": true,
    "has_canonical": false,
    "breaking": null,
    "webz_reporter": false,
    "external_links": [],
    "external_images": [],
    "internal_images": [],
    "entities": {
        "persons": [
            {
                "name": "Donald Trump",
                "sentiment": "negative"
            },
            {
                "name": "Nicki Minaj",
                "sentiment": "neutral"
            }
        ],
        "locations": [
            {
                "name": "U. S.",
                "sentiment": "none"
            }
        ],
        "organizations": []
    },
    "syndication": {
        "syndicated": false,
        "syndicate_id": null,
        "first_syndicated": false
    },
    "trust": {
        "categories": null,
        "top_news": [
            "top_news_pk",
            "top_news_eg",
            "top_news"
        ],
        "bias": "center",
        "source": {
            "type": null,
            "city": null,
            "state": null,
            "country": null,
            "domain_type": null,
            "agency": null,
            "organization_name": null
        }
    },
    "rating": null,
    "crawled": "2026-01-29T11:14:18.037+02:00",
    "updated": "2026-01-30T12:06:44.000+02:00"
}