{
    "thread": {
        "uuid": "1e8f4324c47731945e3fa57c77adc3dffd80b1a2",
        "url": "https://www.celticnewsnow.com/news/benjamin-nygren-on-the-significance-of-celtic-beating-fc-utrecht/688485/",
        "site_full": "www.celticnewsnow.com",
        "site": "celticnewsnow.com",
        "site_section": "https://www.celticnewsnow.com/feed/",
        "site_categories": [
            "media",
            "sport"
        ],
        "section_title": "Celticnewsnow",
        "site_title": "Celtic news now - Celtic FC News",
        "title": "Benjamin Nygren on the significance of Celtic beating FC Utrecht (The Celtic Star)",
        "title_full": "Benjamin Nygren on the significance of Celtic beating FC Utrecht (The Celtic Star)",
        "published": "2026-01-29T11:05:00.000+02:00",
        "replies_count": 0,
        "participants_count": 0,
        "site_type": "news",
        "country": "GB",
        "main_image": "https://www.celticnewsnow.com/assets/images/photos/20260129-537-benjamin-nygren-on-the-significance-of-celtic-beating-fc-utr-l.jpg",
        "performance_score": 0,
        "domain_rank": 162961,
        "domain_rank_updated": "2026-01-25T23:00:00.000+02:00",
        "licensing_agency": [],
        "social": {
            "facebook": {
                "likes": 0,
                "comments": 0,
                "shares": 0
            },
            "vk": {
                "shares": 0
            }
        }
    },
    "uuid": "1e8f4324c47731945e3fa57c77adc3dffd80b1a2",
    "url": "https://www.celticnewsnow.com/news/benjamin-nygren-on-the-significance-of-celtic-beating-fc-utrecht/688485/",
    "ord_in_thread": 0,
    "author": null,
    "published": "2026-01-29T11:05:00.000+02:00",
    "title": "Benjamin Nygren on the significance of Celtic beating FC Utrecht (The Celtic Star)",
    "text": "Benjamin Nygren has highlighted the significance of Celtic’s decisive Europa League clash with FC Utrecht tonight The Hoops know only a victory will secure their place in the next phase of the tournament, adding extra pressure to the encounter...\nContinue reading",
    "summary": null,
    "highlightText": "",
    "highlightTitle": "",
    "highlightThreadTitle": "",
    "language": "english",
    "sentiment": "positive",
    "categories": [
        "Sport",
        "Politics"
    ],
    "topics": [
        "Sport->sport event",
        "Politics->international relations"
    ],
    "ai_allow": true,
    "has_canonical": false,
    "breaking": null,
    "webz_reporter": false,
    "external_links": [],
    "external_images": [],
    "internal_images": [],
    "entities": {
        "persons": [],
        "locations": [],
        "organizations": []
    },
    "syndication": {
        "syndicated": false,
        "syndicate_id": null,
        "first_syndicated": false
    },
    "trust": {
        "categories": [],
        "top_news": [],
        "bias": null,
        "source": {
            "type": null,
            "city": null,
            "state": null,
            "country": null,
            "domain_type": null,
            "agency": null,
            "organization_name": null
        }
    },
    "rating": null,
    "crawled": "2026-01-29T13:40:42.798+02:00",
    "updated": "2026-01-29T13:50:38.000+02:00"
}