{
    "thread": {
        "uuid": "9a5a26e7527fa8f0f525840a173d15f649d1bee2",
        "url": "https://www.tbsnews.net/worldbiz/asia/thailand-and-cambodia-keep-fighting-across-contested-border-ahead-expected-trump-calls",
        "site_full": "www.tbsnews.net",
        "site": "tbsnews.net",
        "site_section": "https://www.tbsnews.net",
        "site_categories": [
            "media"
        ],
        "section_title": "The Business Standard | BENEATH THE SURFACE",
        "site_title": "The Business Standard | BENEATH THE SURFACE",
        "title": "Thailand and Cambodia keep fighting across contested border ahead of expected Trump calls",
        "title_full": "Thailand and Cambodia keep fighting across contested border ahead of expected Trump calls",
        "published": "2025-12-11T08:25:00.000+02:00",
        "replies_count": 0,
        "participants_count": 1,
        "site_type": "news",
        "country": "BD",
        "main_image": "https://www.tbsnews.net/sites/default/files/styles/social_gpi_bKash_ReqNov25/public/images/2025/12/08/thailand_shelter.jpg",
        "performance_score": 0,
        "domain_rank": 24377,
        "domain_rank_updated": "2025-12-07T23:00:00.000+02:00",
        "licensing_agency": [],
        "social": {
            "facebook": {
                "likes": 0,
                "comments": 0,
                "shares": 0
            },
            "vk": {
                "shares": 0
            }
        }
    },
    "uuid": "9a5a26e7527fa8f0f525840a173d15f649d1bee2",
    "url": "https://www.tbsnews.net/worldbiz/asia/thailand-and-cambodia-keep-fighting-across-contested-border-ahead-expected-trump-calls",
    "ord_in_thread": 0,
    "author": "@tbsnewsdotnet",
    "published": "2025-12-11T08:25:00.000+02:00",
    "title": "Thailand and Cambodia keep fighting across contested border ahead of expected Trump calls",
    "text": "Thailand and Cambodia keep fighting across contested border ahead of expected Trump calls\nOn Wednesday, clashes at more than a dozen locations along the 817-km (508-mile) Thai-Cambodian border saw some of the most intense fighting since a five-day battle in July, which was the worst conflict in recent history\nHighlights:\n- Fighting continues along Thai-Cambodian border as both countries await Trump call\n- Thailand wary of US involvement, prefers bilateral resolution\n- Civilian toll mounts, with casualties and evacuations reported on both sides\nFighting between Thailand and Cambodia entered its fourth day on Thursday as both sides waited for a promised telephone call from US President Donald Trump, who says he believes he can again end the conflict between the two Southeast Asian nations.\nOn Wednesday, clashes at more than a dozen locations along the 817-km (508-mile) Thai-Cambodian border saw some of the most intense fighting since a five-day battle in July, which was the worst conflict in recent history.\nIn July, Trump stopped the fighting with calls to both leaders in which he threatened to halt trade talks unless they ended the conflict. Trump says he expects to speak with the countries' leaders on Thursday.\n\"I think I can get them to stop fighting,\" Trump told reporters on Wednesday. \"I think I'm scheduled to speak to them tomorrow.\"\nHowever, Thailand has reacted more warily this time to overtures from Trump and Malaysian Prime Minister Anwar Ibrahim, who helped broker the July deal, which resulted in an extended ceasefire signed in October. Thailand insists the matter is for the two countries to resolve.\nIbrahim said he had spoken with leaders of Thailand and Cambodia on Tuesday and, though no definitive resolution was reached, he appreciated \"the openness and willingness of both leaders to continue negotiations in order to ease tensions\".\nThai Prime Minister Anutin Charnvirakul said on Thursday he would \"explain and clarify\" the situation if Trump called.\n\"He will need to hear the details directly from me if he contacts me,\" he told reporters. \"I believe the foreign minister will already be providing information at the diplomatic level.\"\nThailand and Cambodia have blamed each other for the latest clashes that started this week, and have traded accusations that civilians were being targeted in artillery and rocket attacks.\n\"Right now, no one wants conflict, especially with neighboring countries,\" Anutin said. \"But Thailand is very confident that it has been invaded. Therefore, it is necessary to safeguard the country's independence and sovereignty.\"\nIn a Wednesday evening update, Cambodia's Interior Ministry said homes, schools, roads, pagodas and ancient temples had been damaged by \"Thailand's intensified shelling and F-16 air strikes targeting villages and civilian population centres up to 30 km inside Cambodian territory\".\nOn Thursday, Cambodia's defence ministry accused Thailand of committing \"brutal acts of aggression\" against civilian targets, including schools and temples.\nThailand denies that it targets civilian infrastructure.\nThe clashes have already taken a heavy toll on civilians, with 10 people killed in Cambodia, including an infant, and 60 people wounded, according to its government.\nNine Thai soldiers have been killed in the fighting and more than 120 were wounded, the Thai army said. Hundreds of thousands of people have been evacuated from border areas in both countries.",
    "highlightText": "",
    "highlightTitle": "",
    "highlightThreadTitle": "",
    "language": "english",
    "sentiment": "negative",
    "categories": [
        "War, Conflict and Unrest",
        "Politics"
    ],
    "topics": [
        "War, Conflict and Unrest->armed conflict",
        "Politics->defence",
        "Politics->international relations",
        "Politics->border disputes"
    ],
    "ai_allow": true,
    "has_canonical": false,
    "breaking": false,
    "webz_reporter": false,
    "external_links": [],
    "external_images": [],
    "internal_images": [],
    "entities": {
        "persons": [
            {
                "name": "Donald Trump",
                "sentiment": "none"
            }
        ],
        "locations": [],
        "organizations": []
    },
    "syndication": {
        "syndicated": false,
        "syndicate_id": null,
        "first_syndicated": false
    },
    "trust": {
        "categories": [],
        "top_news": [],
        "bias": null,
        "source": {
            "type": null,
            "city": null,
            "state": null,
            "country": null,
            "domain_type": null,
            "agency": null,
            "organization_name": null
        }
    },
    "rating": null,
    "crawled": "2025-12-11T08:36:20.837+02:00",
    "updated": "2025-12-11T08:47:50.000+02:00"
}