{
    "thread": {
        "uuid": "96b6a2e36b646b6641151af148f4ff49939fc21c",
        "url": "https://article.wn.com/view/2025/12/11/American_Federation_Of_Teachers_Opposes_Crypto_Market_Struct/",
        "site_full": "article.wn.com",
        "site": "wn.com",
        "site_section": "https://worldphotos.com/",
        "site_categories": [
            "media"
        ],
        "section_title": "WorldPhotos.com",
        "site_title": "World News",
        "title": "American Federation Of Teachers Opposes Crypto Market Structure Bill In New Letter - Worldnews.com",
        "title_full": "American Federation Of Teachers Opposes Crypto Market Structure Bill In New Letter - Worldnews.com",
        "published": "2025-12-11T02:00:00.000+02:00",
        "replies_count": 0,
        "participants_count": 1,
        "site_type": "news",
        "country": "US",
        "main_image": "",
        "performance_score": 0,
        "domain_rank": 8219,
        "domain_rank_updated": "2025-12-07T23:00:00.000+02:00",
        "licensing_agency": [],
        "social": {
            "facebook": {
                "likes": 0,
                "comments": 0,
                "shares": 0
            },
            "vk": {
                "shares": 0
            }
        }
    },
    "uuid": "96b6a2e36b646b6641151af148f4ff49939fc21c",
    "url": "https://article.wn.com/view/2025/12/11/American_Federation_Of_Teachers_Opposes_Crypto_Market_Struct/",
    "ord_in_thread": 0,
    "author": "System",
    "published": "2025-12-11T02:00:00.000+02:00",
    "title": "American Federation Of Teachers Opposes Crypto Market Structure Bill In New Letter - Worldnews.com",
    "text": "The American Federation of Teachers (AFT) has formally added its voice to the growing opposition against the proposed crypto market structure bill, urging the Senate Banking Committee to reconsider the legislation. In a letter obtained by CNBC, AFT President Randi Weingarten described the bill as “as irresponsible as it...\nread full story\n\"as irresponsible as it is reckless,\"",
    "highlightText": "",
    "highlightTitle": "",
    "highlightThreadTitle": "",
    "language": "english",
    "sentiment": "negative",
    "categories": [
        "Politics",
        "Economy, Business and Finance"
    ],
    "topics": [
        "Politics->lobbying",
        "Politics->government policy",
        "Economy, Business and Finance->cryptocurrency",
        "Economy, Business and Finance->financial and economic news"
    ],
    "ai_allow": true,
    "has_canonical": false,
    "breaking": null,
    "webz_reporter": false,
    "external_links": [
        "https://bitcoinist.com/aft-opposes-crypto-market-structure-bill-in-letter/",
        "https://www.bitcoinist.com/aft-opposes-crypto-market-structure-bill-in-letter/",
        "https://bitcoinist.com/aft-opposes-crypto-market-structure-bill-in-letter"
    ],
    "external_images": [],
    "internal_images": [],
    "entities": {
        "persons": [
            {
                "name": "Randi Weingarten",
                "sentiment": "none"
            }
        ],
        "locations": [],
        "organizations": [
            {
                "name": "American Federation of Teachers",
                "sentiment": "positive",
                "tickers": [
                    {
                        "ticker": null,
                        "exchange": null
                    }
                ]
            },
            {
                "name": "Senate Banking Committee",
                "sentiment": "none",
                "tickers": [
                    {
                        "ticker": null,
                        "exchange": null
                    }
                ]
            },
            {
                "name": "CNBC",
                "sentiment": "none",
                "tickers": [
                    {
                        "ticker": null,
                        "exchange": null
                    }
                ]
            }
        ]
    },
    "syndication": {
        "syndicated": false,
        "syndicate_id": null,
        "first_syndicated": false
    },
    "trust": {
        "categories": [
            "trusted_news"
        ],
        "top_news": [],
        "bias": "center",
        "source": {
            "type": null,
            "city": null,
            "state": null,
            "country": null,
            "domain_type": null,
            "agency": null,
            "organization_name": null
        }
    },
    "rating": null,
    "crawled": "2025-12-11T08:33:47.249+02:00",
    "updated": "2025-12-11T08:38:04.000+02:00"
}