{
    "thread": {
        "uuid": "641d2ff5bc2823e59291935b3fa792d7c2d8847b",
        "url": "https://article.wn.com/view/2025/12/11/US_seizes_Venezuela_oil_tanker_How_did_the_ship_manage_to_ke/",
        "site_full": "article.wn.com",
        "site": "wn.com",
        "site_section": "https://wn.com/it%5C",
        "site_categories": [
            "media"
        ],
        "section_title": "WN - it\\",
        "site_title": "World News",
        "title": "US seizes Venezuela oil tanker: How did the ship manage to keep its location hidden? Multiple trips to Iran reported - Worldnews.com",
        "title_full": "US seizes Venezuela oil tanker: How did the ship manage to keep its location hidden? Multiple trips to Iran reported - Worldnews.com",
        "published": "2025-12-11T02:00:00.000+02:00",
        "replies_count": 0,
        "participants_count": 1,
        "site_type": "news",
        "country": "US",
        "main_image": "",
        "performance_score": 0,
        "domain_rank": 8219,
        "domain_rank_updated": "2025-12-07T23:00:00.000+02:00",
        "licensing_agency": [],
        "social": {
            "facebook": {
                "likes": 0,
                "comments": 0,
                "shares": 0
            },
            "vk": {
                "shares": 0
            }
        }
    },
    "uuid": "641d2ff5bc2823e59291935b3fa792d7c2d8847b",
    "url": "https://article.wn.com/view/2025/12/11/US_seizes_Venezuela_oil_tanker_How_did_the_ship_manage_to_ke/",
    "ord_in_thread": 0,
    "author": "System",
    "published": "2025-12-11T02:00:00.000+02:00",
    "title": "US seizes Venezuela oil tanker: How did the ship manage to keep its location hidden? Multiple trips to Iran reported - Worldnews.com",
    "text": "The United States seized an oil tanker off the coast of Venezuela on Wednesday that may have attempted to conceal its location by broadcasting false position data, according to an analysis of satellite imagery and photographs by The New York Times. While US officials did not publicly identify the vessel, one source told The...\nread full story\n\"Skipper has transported nearly 13 million barrels of Iranian and Venezuelan oil since joining the global dark fleet of tankers in 2021,\"\nAsk about this article",
    "highlightText": "",
    "highlightTitle": "",
    "highlightThreadTitle": "",
    "language": "english",
    "sentiment": "negative",
    "categories": [
        "Politics",
        "War, Conflict and Unrest"
    ],
    "topics": [
        "Politics->international relations",
        "Politics->economic sanction",
        "Politics->government policy",
        "War, Conflict and Unrest->international military intervention"
    ],
    "ai_allow": true,
    "has_canonical": false,
    "breaking": null,
    "webz_reporter": false,
    "external_links": [
        "https://timesofindia.indiatimes.com/world/rest-of-world/us-seizes-venezuela-oil-tanker-how-did-the-ship-manage-to-keep-its-location-hidden-multiple-trips-to-iran-reported/articleshow/125903242.cms",
        "https://www.timesofindia.indiatimes.com/world/rest-of-world/us-seizes-venezuela-oil-tanker-how-did-the-ship-manage-to-keep-its-location-hidden-multiple-trips-to-iran-reported/articleshow/125903242.cms"
    ],
    "external_images": [],
    "internal_images": [],
    "entities": {
        "persons": [],
        "locations": [],
        "organizations": [
            {
                "name": "New York Times",
                "sentiment": "none",
                "tickers": [
                    {
                        "ticker": "NYT",
                        "exchange": "NYSE"
                    }
                ]
            }
        ]
    },
    "syndication": {
        "syndicated": false,
        "syndicate_id": null,
        "first_syndicated": false
    },
    "trust": {
        "categories": [
            "trusted_news"
        ],
        "top_news": [],
        "bias": "center",
        "source": {
            "type": null,
            "city": null,
            "state": null,
            "country": null,
            "domain_type": null,
            "agency": null,
            "organization_name": null
        }
    },
    "rating": null,
    "crawled": "2025-12-11T08:21:14.418+02:00",
    "updated": "2025-12-11T08:24:26.000+02:00"
}