{
    "thread": {
        "uuid": "068aeb77df41351f3c1db5f62fa13a63a1006249",
        "url": "https://spectator.org/coming-initiatives-inspire-fear-in-sacramento/",
        "site_full": "spectator.org",
        "site": "spectator.org",
        "site_section": "https://www.conservativenewsdaily.net/",
        "site_categories": [
            "media",
            "law_government_and_politics",
            "politics"
        ],
        "section_title": "Conservative News Daily™ | News All in One Place",
        "site_title": "Home - The American Spectator | USA News and PoliticsThe American Spectator | USA News and Politics",
        "title": "Coming Initiatives Inspire Fear in Sacramento |",
        "title_full": "Coming Initiatives Inspire Fear in Sacramento |",
        "published": "2025-12-11T06:13:00.000+02:00",
        "replies_count": 0,
        "participants_count": 1,
        "site_type": "news",
        "country": "US",
        "main_image": "https://spectator.org/wp-content/uploads/2025/12/josh-hild-MTLGJkHhBww-unsplash-e1765423670843.jpg",
        "performance_score": 0,
        "domain_rank": 38621,
        "domain_rank_updated": "2025-12-07T23:00:00.000+02:00",
        "licensing_agency": [],
        "social": {
            "facebook": {
                "likes": 0,
                "comments": 0,
                "shares": 0
            },
            "vk": {
                "shares": 0
            }
        }
    },
    "uuid": "068aeb77df41351f3c1db5f62fa13a63a1006249",
    "url": "https://spectator.org/coming-initiatives-inspire-fear-in-sacramento/",
    "ord_in_thread": 0,
    "author": "@@StevenGreenhut",
    "published": "2025-12-11T06:13:00.000+02:00",
    "title": "Coming Initiatives Inspire Fear in Sacramento |",
    "text": "SACRAMENTO, Calif. — California voters reliably support the usual crew of progressive Democrats, but when it comes to ballot initiatives, they often take a far more conservative tack. In the November 2024 election, for instance, voters rejected a minimum wage increase, a measure that would have let local governments expand rent controls and approved a tough-on-crime measure — even as they voted for Kamala Harris for president in lopsided numbers.\nThat helps explain why California’s political establishment, despite its unrivaled power, has reason to worry about two statewide initiatives that are coming down the pike. One would rein in local governments’ power to raise taxes. The other would revamp an environmental law that obstructs the construction of everything. In our initiative-crazy state, many groups push measures with little chance of passage. However, these are coming from prominent business and taxpayer groups with the ability to raise the money needed to win.\nThese initiative drives represent the continuation of a movement that the California Supreme Court derailed in 2024. At the time, Gov. Gavin Newsom and state legislators were so worried about a business-backed tax-restricting measure that they convinced the court to remove it from the ballot, citing arguable constitutional issues. Democrats knew voters are tired of escalating taxes and that it had the chance of sparking another tax revolt of the sort that led to the passage of 1978’s property-tax-limiting Proposition 13.\nThe derailed Taxpayer Protection and Government Accountability Act would have, as CalMatters reported, “increased the margin to pass a voter-initiated special tax at the local level, to two-thirds from a simple majority [and] restricted how officials can calculate the cost of fees that fund public services and programs…. Cities, counties and the unions that represent their employees raised alarms that the initiative would blow a hole in their budgets.”\nWhen public employee unions are raising alarms, you know the measure was the real deal. But the state Supreme Court, in a highly unusual move, intervened. It’s rare to remove a measure from the ballot, as challenges usually take place after the fact. The two new initiatives designed for the November 2026 ballot once again will set union alarm bells ringing — and the tax measure is crafted to avoid the specific constitutional problems the high court cited in the 2024 effort.\nThe first measure, from the Howard Jarvis Taxpayers Association, is called the Local Taxpayer Protection Act. HJTA says it would close two court-created loopholes to Proposition 13, which capped property-tax rates at a time when people were being taxed out of their homes. It also required two-thirds voter approval for local special taxes (such as for parks, transportation, etc.).\nThe first loophole: Courts have allowed charter cities to dramatically increase real estate transfer taxes from a small 0.11 percent to extraordinary levels — as high as 5.5 percent under Los Angeles’ disastrous “mansion tax” (Measure ULA).\nThe second loophole: The state’s high court in the 2017 Upland decision allowed voter initiatives for special taxes to circumvent the supermajority vote requirement provided that citizen groups, rather than elected officials, place them on the ballot. That has incentivized unions and other interest groups to qualify local tax-hike measures, with dozens of them passing in the decision’s wake, per a CalMatters review. The HJTA measure would roll back excessive transfer taxes and restore the two-thirds special-tax vote threshold.\nThe next major ballot initiative promises a one-two punch, with the California Chamber of Commerce nearly ready to move forward on an effort to revamp the California Environmental Quality Act (CEQA). That “landmark” environmental law, signed by Gov. Reagan in 1970, has evolved into a bureaucratic maze that delays and adds costs for any construction project that requires a local governing body’s discretionary approval.\nAs the Yale Law & Policy Review summarized, “Increasingly, this landmark legislation is being abused to manipulate the public process, resulting in harmful delays to projects that may be essential to the state’s housing and climate goals.” The law has enabled unions, no-growthers, angry neighbors, and pretty much anybody to slow or stop or exact concessions from proposed construction projects via a long public-review process. It encourages litigation.\nAs I’ve documented for The American Spectator, Gov. Gavin Newsom and state lawmakers have over the past few years passed several CEQA reforms designed to jump-start housing construction. The laws exempt specific types of projects (high-density housing, in particular) from the CEQA process. But research shows the new laws haven’t broken the logjam mainly because they don’t go far enough. This initiative focuses on speeding up the approval timetables.\nPer the Chamber: “The Building an Affordable California initiative would streamline the review of essential projects … . Rather than provide piecemeal exemptions, it would establish reasonable timelines for local and state agencies to review plans and solicit public comment. Timelines would also be established for any necessary judicial review.”\nAt this point, there’s no simple fix for California’s tax and regulatory ills. But if one had to pick the top three policy areas where reform would make the most impact, these campaigns pick two of them: controlling taxes and streamlining CEQA. The third would address the power of public employee unions, but that’s more complicated and not going to happen anytime soon.\nStay tuned for all the fear-mongering from the usual suspects. As the Louis L’Amour quotation goes, “Throw a rock into a pack of dogs, the one that yelps the loudest is usually the one that got hit.”\nSteven Greenhut is Western region director for the R Street Institute. Write to him at [[email protected]](/cdn-cgi/l/email-protection).\nREAD MORE:\nLA Is Destroying Its Housing Market",
    "highlightText": "",
    "highlightTitle": "",
    "highlightThreadTitle": "",
    "language": "english",
    "sentiment": "negative",
    "categories": [
        "Politics"
    ],
    "topics": [
        "Politics->political process"
    ],
    "ai_allow": true,
    "has_canonical": false,
    "breaking": null,
    "webz_reporter": false,
    "external_links": [
        "https://www.politico.com/2024-election/results/california/",
        "https://yalelawandpolicy.org/when-statute-loses-its-way-fulfilling-original-intent-california-environmental-quality-act",
        "https://oag.ca.gov/system/files/initiatives/pdfs/21-0042A1%20%28Taxes%29.pdf",
        "https://advocacy.calchamber.com/2025/10/21/calchamber-files-building-an-affordable-california-ballot-initiative/",
        "https://www.ppic.org/publication/proposition-13-40-years-later/",
        "https://www.hjta.org/wp-content/uploads/2025/09/Save-Prop-13-fact-sheet-091025.pdf",
        "https://src.senate.ca.gov/content/california-supreme-court-strikes-down-citizens-ballot-initiative-request-newsom-democrat",
        "https://ballotpedia.org/California_2024_ballot_propositions",
        "https://www.latimes.com/business/story/2025-10-01/apartment-development-pipeline-dries-up-in-spite-of-demand-for-housing",
        "https://calmatters.org/housing/2025/10/measure-ula-howard-jarvis-ballot-mansion/",
        "https://calmatters.org/politics/2024/06/california-taxes-supreme-court-ballot/",
        "https://www.azquotes.com/quote/1521568",
        "https://azquotes.com/quote/1521568",
        "https://calmatters.org/housing/2025/10/measure-ula-howard-jarvis-ballot-mansion",
        "https://politico.com/2024-election/results/california/",
        "https://advocacy.calchamber.com/2025/10/21/calchamber-files-building-an-affordable-california-ballot-initiative",
        "https://ppic.org/publication/proposition-13-40-years-later/",
        "https://www.advocacy.calchamber.com/2025/10/21/calchamber-files-building-an-affordable-california-ballot-initiative/",
        "https://calmatters.org/politics/2024/06/california-taxes-supreme-court-ballot",
        "https://www.politico.com/2024-election/results/california",
        "https://hjta.org/wp-content/uploads/2025/09/Save-Prop-13-fact-sheet-091025.pdf",
        "https://www.calmatters.org/politics/2024/06/california-taxes-supreme-court-ballot/",
        "https://www.src.senate.ca.gov/content/california-supreme-court-strikes-down-citizens-ballot-initiative-request-newsom-democrat",
        "https://latimes.com/business/story/2025-10-01/apartment-development-pipeline-dries-up-in-spite-of-demand-for-housing",
        "https://www.calmatters.org/housing/2025/10/measure-ula-howard-jarvis-ballot-mansion/",
        "https://www.yalelawandpolicy.org/when-statute-loses-its-way-fulfilling-original-intent-california-environmental-quality-act",
        "https://www.ballotpedia.org/California_2024_ballot_propositions",
        "https://www.ppic.org/publication/proposition-13-40-years-later",
        "https://www.oag.ca.gov/system/files/initiatives/pdfs/21-0042A1%20%28Taxes%29.pdf"
    ],
    "external_images": [],
    "internal_images": [],
    "entities": {
        "persons": [
            {
                "name": "Kamala Harris",
                "sentiment": "none"
            }
        ],
        "locations": [],
        "organizations": [
            {
                "name": "California Supreme Court",
                "sentiment": "none",
                "tickers": [
                    {
                        "ticker": null,
                        "exchange": null
                    }
                ]
            }
        ]
    },
    "syndication": {
        "syndicated": false,
        "syndicate_id": "068aeb77df41351f3c1db5f62fa13a63a1006249",
        "first_syndicated": true
    },
    "trust": {
        "categories": [
            "trusted_news"
        ],
        "top_news": [],
        "bias": "center",
        "source": {
            "type": null,
            "city": null,
            "state": null,
            "country": null,
            "domain_type": null,
            "agency": null,
            "organization_name": null
        }
    },
    "rating": null,
    "crawled": "2025-12-11T07:43:51.842+02:00",
    "updated": "2025-12-11T07:45:42.000+02:00"
}