{
    "thread": {
        "uuid": "a54e525f07574e68368d431df32300d0e0e6cca0",
        "url": "https://article.wn.com/view/2025/12/11/The_Irish_Independent_s_View_Coalition_spending_too_much_of_/",
        "site_full": "article.wn.com",
        "site": "wn.com",
        "site_section": "https://wn.com/it%5C",
        "site_categories": [
            "media"
        ],
        "section_title": "WN - it\\",
        "site_title": "World News",
        "title": "The Irish Independent's View: Coalition spending too much of its time managing self-inflicted crises - Worldnews.com",
        "title_full": "The Irish Independent's View: Coalition spending too much of its time managing self-inflicted crises - Worldnews.com",
        "published": "2025-12-11T02:00:00.000+02:00",
        "replies_count": 0,
        "participants_count": 1,
        "site_type": "news",
        "country": "US",
        "main_image": "",
        "performance_score": 0,
        "domain_rank": 8219,
        "domain_rank_updated": "2025-12-07T23:00:00.000+02:00",
        "licensing_agency": [],
        "social": {
            "facebook": {
                "likes": 0,
                "comments": 0,
                "shares": 0
            },
            "vk": {
                "shares": 0
            }
        }
    },
    "uuid": "a54e525f07574e68368d431df32300d0e0e6cca0",
    "url": "https://article.wn.com/view/2025/12/11/The_Irish_Independent_s_View_Coalition_spending_too_much_of_/",
    "ord_in_thread": 0,
    "author": "System",
    "published": "2025-12-11T02:00:00.000+02:00",
    "title": "The Irish Independent's View: Coalition spending too much of its time managing self-inflicted crises - Worldnews.com",
    "text": "Thursday, 11 December 2025\nFor a country so tightly bound to a policy of strict... read full story\nAnswer for your question of the article will be displayed here ...",
    "highlightText": "",
    "highlightTitle": "",
    "highlightThreadTitle": "",
    "language": "english",
    "sentiment": "negative",
    "categories": [
        "Politics"
    ],
    "topics": [
        "Politics->government policy"
    ],
    "ai_allow": true,
    "has_canonical": false,
    "breaking": null,
    "webz_reporter": false,
    "external_links": [],
    "external_images": [],
    "internal_images": [],
    "entities": {
        "persons": [],
        "locations": [],
        "organizations": []
    },
    "syndication": {
        "syndicated": false,
        "syndicate_id": null,
        "first_syndicated": false
    },
    "trust": {
        "categories": [
            "trusted_news"
        ],
        "top_news": [],
        "bias": "center",
        "source": {
            "type": null,
            "city": null,
            "state": null,
            "country": null,
            "domain_type": null,
            "agency": null,
            "organization_name": null
        }
    },
    "rating": null,
    "crawled": "2025-12-11T08:22:24.622+02:00",
    "updated": "2025-12-11T08:26:55.000+02:00"
}