{
    "thread": {
        "uuid": "b2b7535bb4cb2dcc5eca538e95740b46384e96f1",
        "url": "https://www.winonajournal.com/drazkowski-count-me-out-of-2026-senate-race/",
        "site_full": "www.winonajournal.com",
        "site": "winonajournal.com",
        "site_section": "https://www.winonajournal.com/feed/",
        "site_categories": [],
        "section_title": "Winona Journal",
        "site_title": "Winona Journal – Home",
        "title": "Drazkowski: Count me out of 2026 Senate race",
        "title_full": "Drazkowski: Count me out of 2026 Senate race",
        "published": "2025-12-10T05:13:00.000+02:00",
        "replies_count": 0,
        "participants_count": 1,
        "site_type": "news",
        "country": "US",
        "main_image": "",
        "performance_score": 0,
        "domain_rank": null,
        "domain_rank_updated": null,
        "licensing_agency": [],
        "social": {
            "facebook": {
                "likes": 0,
                "comments": 0,
                "shares": 0
            },
            "vk": {
                "shares": 0
            }
        }
    },
    "uuid": "b2b7535bb4cb2dcc5eca538e95740b46384e96f1",
    "url": "https://www.winonajournal.com/drazkowski-count-me-out-of-2026-senate-race/",
    "ord_in_thread": 0,
    "author": "John Vivian",
    "published": "2025-12-10T05:13:00.000+02:00",
    "title": "Drazkowski: Count me out of 2026 Senate race",
    "text": "MAZEPPA, Minn. — The unpredictable, sometimes whacky state Senator Steve Drazkowski will not seek re-election. In a written statement, Drazkowski listed what he sees as his legacy as a legislator but didn’t explain his decision. He is 61 years old. Drazkowski, a Republican, is in his first term from sprawling Senate District 20, which includes Wabasha and Goodhue counties and slivers of Dakota, Olmsted and Winona counties. Earlier he served eight terms in the House. Drazkowski occasionally has had national attention. In 2023 he argued against free breakfasts and lunches for school children. Drazkowski said he had “yet to meet a person in Minnesota that is hungry.” He lost the argument when sponsors of free meals ridiculed him by noting by that one of five students in his own District 20 qualified for free and reduced lunches. “Draz,” as friend call him, has been a loyal Trump supporter. Last March he co-sponsored a plan to create a new official state classification for mental illness — “Trump Derangement Syndrome,” he called it . The classification was for Trump critics. Was he joking? Was it a publicity stunt? He kept a straight face as television networks taped interviews for prime time.\nDrazkowski. In state Legislature since 2007, most recently from Sente District 20.\nVerbatim\nDrazkowki: “Serving the people of southeastern Minnesota in the House of Representatives and Senate has been a great honor. I have fought to secure our constitutional freedoms, promote fiscal responsibility, improve economic opportunity for families and small businesses, strengthen Minnesota’s agricultural and rural economies, and advance policies that increase transparency and accountability in state government. Rooting out waste, fraud, and abuse in government has been a central issue for me. It is gratifying to end my service when awareness of Minnesota’s fraud problem is high, and leaders are focused on finding solutions to stop it.”\nElectoral profile\n2006: Dtazkowski lost Minnesota Senate District 28 to incumbent Steve Murphy, a Democrat, 54% to 45%.\n2007: Won special election for House 28-B over Linda Pfeilsticker, a Democrat, 53% to 47%.\n2008: Won House District 28-B over Pfeilsticker 55% to45%.\n2010: Won District 28-B over Mark Schneider, a Democrat, 65% to 35%.\n2012: Won renumbered District 21-B over Bruce Montplaisir, 58% to 42%.\n2014: Won 21-B over M.A. Schneider, a Democrat, 63% to 36%.\n2016: Won 21-B over Elise Diesslin, a Democrat, 64% to 36%.\n2018: Won 21-B over Jonathan Isenor, a Democrat, 64% to 36%\n2020: Won 21-B over Diesslin, 66% to 33%.\n2022: Won Senate District 20 over Bradley Drenckhahn, a Democrat, 62% to 32%.\nDrazkowski profile\nDrazkowski grew up on a farm and graduated from Cochrane-Fountain City High School. He earned a degree in agriculture atUW-River Falls and a master’s in education at the University of Minnesota. He was later a firearms instructor for the state Natural Resources Department in Wabasha. He was a 4-H volunteer jn Wabasha and president of the Minnesota Forage and Grassland Council. Later in Mazeppa he operated a gift shop. He inherited Baker Shoes in Winona, the last downtown shoe store, and traveled 60 miles every couple weeks to check on the business. He closed the shop in 2024. In the Legislature his record was consistently against organized labor.",
    "highlightText": "",
    "highlightTitle": "",
    "highlightThreadTitle": "",
    "language": "english",
    "sentiment": "negative",
    "categories": [
        "Politics"
    ],
    "topics": [
        "Politics->political candidates",
        "Politics->national elections"
    ],
    "ai_allow": true,
    "has_canonical": false,
    "breaking": null,
    "webz_reporter": false,
    "external_links": [],
    "external_images": [],
    "internal_images": [],
    "entities": {
        "persons": [
            {
                "name": "Steve Drazkowski",
                "sentiment": "none"
            }
        ],
        "locations": [
            {
                "name": "Wabasha",
                "sentiment": "none"
            },
            {
                "name": "Dakota",
                "sentiment": "none"
            }
        ],
        "organizations": [
            {
                "name": "Senate",
                "sentiment": "none",
                "tickers": [
                    {
                        "ticker": null,
                        "exchange": null
                    }
                ]
            }
        ]
    },
    "syndication": {
        "syndicated": false,
        "syndicate_id": null,
        "first_syndicated": false
    },
    "trust": {
        "categories": null,
        "top_news": [],
        "bias": null,
        "source": {
            "type": "local_news",
            "city": [
                "Winona"
            ],
            "state": [
                "Minnesota"
            ],
            "country": [
                "US"
            ],
            "domain_type": null,
            "agency": null,
            "organization_name": null
        }
    },
    "rating": null,
    "crawled": "2025-12-11T07:18:39.825+02:00",
    "updated": "2025-12-11T07:21:57.000+02:00"
}