{
    "thread": {
        "uuid": "10814f4421bc25aa399b1af453f1568b9d620ab4",
        "url": "https://www.miragenews.com/new-tool-to-streamline-and-better-coordinate-1382212",
        "site_full": "www.miragenews.com",
        "site": "miragenews.com",
        "site_section": "https://miragenews.com/tag/business",
        "site_categories": [
            "media"
        ],
        "section_title": "Live Business updates | Mirage News",
        "title": "New Tool To Streamline And Better Coordinate Financial Sector Regulation | Mirage News",
        "title_full": "New Tool To Streamline And Better Coordinate Financial Sector Regulation | Mirage News",
        "published": "2024-12-19T12:18:00.000+02:00",
        "replies_count": 0,
        "participants_count": 1,
        "site_type": "news",
        "country": "AU",
        "main_image": "https://cdn1.miragenews.com/wp-content/uploads/2019/04/news-and-developments.jpg",
        "performance_score": 0,
        "domain_rank": 10687,
        "domain_rank_updated": "2024-12-16T23:00:00.000+02:00",
        "social": {
            "facebook": {
                "likes": 0,
                "comments": 0,
                "shares": 0
            },
            "vk": {
                "shares": 0
            }
        }
    },
    "uuid": "10814f4421bc25aa399b1af453f1568b9d620ab4",
    "url": "https://www.miragenews.com/new-tool-to-streamline-and-better-coordinate-1382212",
    "ord_in_thread": 0,
    "parent_url": null,
    "author": "Mirage News",
    "published": "2024-12-19T12:18:00.000+02:00",
    "title": "New Tool To Streamline And Better Coordinate Financial Sector Regulation | Mirage News",
    "text": "The Albanese Government has today released a new tool to better streamline and coordinate regulation in the financial sector to help build a more competitive, dynamic and productive economy.\nWe want to make it simpler and easier to do business in Australia and that's what our new Regulatory Initiatives Grid (RIG) will help achieve in the financial services sector.\nIt complements our other efforts to better target regulation across the economy, including through the biggest overhaul to merger settings in 50 years and our changes to strengthen and streamline the foreign investment regime.\nThe RIG will provide clear visibility of regulatory changes that will materially affect financial service providers over the next two years and help these businesses engage with the Government and regulators more effectively.\nIt will help regulators avoid duplication and help improve the sequencing and implementation of reforms.\nThe RIG houses a forward program of key initiatives from agencies including the Australian Securities and Investments Commission (ASIC), the Australian Prudential Regulation Authority (APRA), the Australian Competition and Consumer Commission (ACCC), the Reserve Bank of Australia (RBA), the Australian Taxation Office (ATO), Australian Transaction Reports and Analysis Centre (AUSTRAC) and the Australian Financial Security Authority (ASFA).\nIt will particularly support smaller financial sector businesses navigate upcoming changes to the regulatory environment and help them plan with a greater level of confidence and certainty.\nMore confidence and certainty will encourage competition and improve productivity in the financial services sector.\nThe RIG will be updated twice a year and include information from a range of financial sector regulators. To incorporate feedback on this first edition, the second edition of the RIG will be published in the second half of next year.\nIt is available in three formats: a RIG Report, an interactive dashboard, and an Excel workbook.\nWe thank the Customer Owned Banking Association, the Australian Banking Association, and the many other members of the Finance Industry Council of Australia and all the other stakeholders for working so closely with the Government to develop this resource.\nTreasury has consulted on the design of the RIG since May, including holding two roundtables with FICA members.\nWe look forward to continuing our engagement to ensure the RIG remains a helpful tool for financial sector stakeholders.\nThis release marks an important step forward as we continue to build a financial system that is stronger and more resilient, dynamic, competitive, and fit for the future.\nThe RIG is available on the [Treasury RIG webpage](https://treasury.gov.au/rig).\n[here](https://www.miragenews.com/new-tool-to-streamline-and-better-coordinate-1382212/).",
    "highlightText": "",
    "highlightTitle": "",
    "highlightThreadTitle": "",
    "language": "english",
    "sentiment": "positive",
    "categories": [
        "Economy, Business and Finance",
        "Politics",
        "Social Issue"
    ],
    "topics": [
        "Economy, Business and Finance->business reporting and performance",
        "Economy, Business and Finance->business governance",
        "Economy, Business and Finance->financial service",
        "Politics->regulatory authority",
        "Politics->government policy",
        "Politics->economic policy",
        "Social Issue->social services"
    ],
    "ai_allow": true,
    "has_canonical": false,
    "webz_reporter": false,
    "external_links": [
        "https://treasury.gov.au/rig",
        "https://www.treasury.gov.au/rig"
    ],
    "external_images": [],
    "entities": {
        "persons": [],
        "organizations": [
            {
                "name": "ASIC",
                "sentiment": "none"
            }
        ],
        "locations": []
    },
    "syndication": {
        "syndicated": false,
        "syndicate_id": null,
        "first_syndicated": false
    },
    "rating": null,
    "crawled": "2024-12-20T00:59:44.864+02:00",
    "updated": "2024-12-20T00:59:44.864+02:00"
}