{
    "thread": {
        "uuid": "cea3b2ca29818de1aa6c8a4d992b5bf6c2c67bdc",
        "url": "https://espaillat.house.gov/media/press-releases/representative-adriano-espaillat-urges%C2%A0president-biden-commute-40-federal",
        "site_full": "espaillat.house.gov",
        "site": "house.gov",
        "site_section": "https://espaillat.house.gov",
        "site_categories": [],
        "section_title": "Home | Rep. Adriano Espaillat",
        "title": "Representative Adriano Espaillat Urges President Biden to Commute 40 Federal Death Row Inmates | Rep. Adriano Espaillat",
        "title_full": "Representative Adriano Espaillat Urges President Biden to Commute 40 Federal Death Row Inmates | Rep. Adriano Espaillat",
        "published": "2024-12-19T02:00:00.000+02:00",
        "replies_count": 0,
        "participants_count": 0,
        "site_type": "news",
        "country": "US",
        "main_image": "https://espaillat.house.gov/profiles/evo/assets/images/Seal_of_the_United_States_House_of_Representatives.png",
        "performance_score": 0,
        "domain_rank": 449,
        "domain_rank_updated": "2024-12-16T23:00:00.000+02:00",
        "social": {
            "facebook": {
                "likes": 0,
                "comments": 0,
                "shares": 0
            },
            "vk": {
                "shares": 0
            }
        }
    },
    "uuid": "cea3b2ca29818de1aa6c8a4d992b5bf6c2c67bdc",
    "url": "https://espaillat.house.gov/media/press-releases/representative-adriano-espaillat-urges%C2%A0president-biden-commute-40-federal",
    "ord_in_thread": 0,
    "parent_url": null,
    "author": null,
    "published": "2024-12-19T02:00:00.000+02:00",
    "title": "Representative Adriano Espaillat Urges President Biden to Commute 40 Federal Death Row Inmates | Rep. Adriano Espaillat",
    "text": "Representative Adriano Espaillat Urges President Biden to Commute 40 Federal Death Row Inmates\nEspaillat continues his call to abolish the death penalty, which represents the most inhumane and destructive form of sentencing and has a disparate impact on African American and Latino communities.\nWASHINGTON, DC -- Today, Representative Adriano Espaillat (NY-13) sent a letter urging President Biden to commute the sentences of the forty individuals currently in federal custody on death row.\n\"More than half of the forty inmates on federal death row are Black or Latino and were afflicted by the systemic issues that continue to plague our country -- including racial bias, inadequate legal resources, and the disproportionate arrest rates and sentencing outcomes for minority communities -- and more historic challenges, such as the lack of forensic technology and practices at the time of the detainee’s sentencing. Several of the inmates on federal death row today were convicted and sentenced decades ago by juries that were exclusively white, despite the wide availability of jurors from Black, Latino, and Asian communities,\" stated Espaillat in the letter.\n\"Over the past fifty years, both the Black and Latino communities are overrepresented amongst the federal death row population in comparison to their share of the national population... and the death penalty represents the most inhumane, and destructive form of sentencing.\n\"For the reasons outlined above, we emphasize the urgent need to use your constitutional authority to commute the 40 individuals currently on federal death row. Taking this action is essential to uphold our nation’s moral integrity and justice system,\" the letter concluded.\nClick [here](https://iqconnect.house.gov/iqextranet/iqClickTrk.aspx?&cid=NY13AE&crop=15556.55570004.5346805.1472397&report_id=&redirect=https%3a%2f%2fespaillat.house.gov%2fsites%2fevo-subsites%2fespaillat.house.gov%2ffiles%2fevo-media-document%2f12.18.2024%2520Rep.%2520Espaillat%2520Letter%2520to%2520President%2520Biden_Federal%2520Death%2520Row%2520Inmates_FINAL.pdf&redir_log=209353099221286) to read this letter in its entirety.\n# # #\nRepresentative Espaillat is the first Dominican American to serve in the U.S. House of Representatives and his congressional district includes Harlem, East Harlem, West Harlem, Hamilton Heights, Washington Heights, Inwood, Marble Hill and the north-west Bronx. First elected to Congress in 2016, Representative Espaillat is serving his fourth term in Congress. Representative Espaillat currently serves as a member of the influential U.S. House Committee on Appropriations responsible for funding the federal government’s vital activities and serves as Ranking Member of the Legislative Branch Subcommittee of the committee during the 118th Congress. He is also a member of the House Budget Committee and the Congressional Hispanic Caucus (CHC), where he serves in a leadership role as the Deputy Chair as well as Chair of the Congressional Hispanic Caucus Institute (CHCI). Rep. Espaillat is a member of the Congressional Progressive Caucus (CPC) and serves as a Senior Whip of the Democratic Caucus. To find out more about Rep. Espaillat, visit online at https://espaillat.house.gov/.\n[Civil Rights and Equality](http://espaillat.house.gov/issues/civil-rights-and-equality)",
    "highlightText": "",
    "highlightTitle": "",
    "highlightThreadTitle": "",
    "language": "english",
    "sentiment": "positive",
    "categories": [
        "Politics",
        "Social Issue"
    ],
    "topics": [
        "Politics->fundamental rights",
        "Politics->government",
        "Politics->civil rights",
        "Social Issue->discrimination",
        "Social Issue->social problem"
    ],
    "ai_allow": true,
    "has_canonical": false,
    "webz_reporter": false,
    "external_links": [],
    "external_images": [],
    "entities": {
        "persons": [
            {
                "name": "Biden",
                "sentiment": "negative"
            },
            {
                "name": "Adriano Espaillat",
                "sentiment": "negative"
            }
        ],
        "organizations": [],
        "locations": []
    },
    "syndication": {
        "syndicated": false,
        "syndicate_id": "cea3b2ca29818de1aa6c8a4d992b5bf6c2c67bdc",
        "first_syndicated": true
    },
    "rating": null,
    "crawled": "2024-12-20T00:17:58.863+02:00",
    "updated": "2024-12-20T00:17:58.863+02:00"
}