{
    "thread": {
        "uuid": "e1e7de1d6a0418c3ef7f09dd06035066ca449914",
        "url": "https://www.news-journal.com/illinois-commerce-commission-approves-ameren-illinois-electric-reliability-plan/article_eb470bff-a4d4-5892-8d25-02b140cd6507.html",
        "site_full": "www.news-journal.com",
        "site": "news-journal.com",
        "site_section": "https://news-journal.com/search",
        "site_categories": [
            "media"
        ],
        "section_title": "Search | news-journal.com",
        "title": "Illinois Commerce Commission Approves Ameren Illinois' Electric Reliability Plan | | news-journal.com",
        "title_full": "Illinois Commerce Commission Approves Ameren Illinois' Electric Reliability Plan | | news-journal.com",
        "published": "2024-12-20T00:54:00.000+02:00",
        "replies_count": 0,
        "participants_count": 1,
        "site_type": "news",
        "country": "US",
        "main_image": "https://bloximages.newyork1.vip.townnews.com/news-journal.com/content/tncms/assets/v3/editorial/4/87/4872e462-519f-5c29-a149-61bda8b5653b/6764a5ae03d0c.image.jpg?crop=224%2C224%2C106%2C0&amp;resize=200%2C200&amp;order=crop%2Cresize",
        "performance_score": 0,
        "domain_rank": 17538,
        "domain_rank_updated": "2024-12-16T23:00:00.000+02:00",
        "social": {
            "facebook": {
                "likes": 0,
                "comments": 0,
                "shares": 0
            },
            "vk": {
                "shares": 0
            }
        }
    },
    "uuid": "e1e7de1d6a0418c3ef7f09dd06035066ca449914",
    "url": "https://www.news-journal.com/illinois-commerce-commission-approves-ameren-illinois-electric-reliability-plan/article_eb470bff-a4d4-5892-8d25-02b140cd6507.html",
    "ord_in_thread": 0,
    "parent_url": null,
    "author": "Ameren Illinois",
    "published": "2024-12-20T00:54:00.000+02:00",
    "title": "Illinois Commerce Commission Approves Ameren Illinois' Electric Reliability Plan | | news-journal.com",
    "text": "COLLINSVILLE, Ill. , Dec. 19, 2024 /PRNewswire/ -- The Illinois Commerce Commission (ICC) approved Ameren Illinois' four-year integrated grid plan, a requirement under the state's Climate and Equitable Jobs Act (CEJA), to maintain reliability and begin to prepare the electric grid for the transition to cleaner energy. The ICC also approved a revenue plan that establishes delivery service rates through 2027. Ameren Illinois is reviewing the order to determine the monthly bill impact.\nFollowing three months of workshops with consumer advocates and energy stakeholders that were held after Ameren Illinois received feedback on its initial grid proposal, the company submitted a revised plan to the ICC in March of 2024, deferring spending on infrastructure improvements by $400 million . Investments in the newly approved plan center on maintaining safe and reliable service through enhancements to the electric grid, replacement of aging infrastructure, preventative maintenance, and automation. It also directs more than half of the grid investments to benefit customers living in equity eligible communities.\n\"Our focus remains on modernizing the grid to keep it reliable and resilient in the face of extreme weather events,\" said Matt Tomc , Vice President, Regulatory Policy and Energy Supply, Ameren Illinois. \"At the same time, we'll make continued progress in driving the clean energy transition forward.\"\nTomc noted that additional strategic investments will be imperative to facilitate the shift from fossil fuels to renewable energy sources, such as solar and wind, and meet the goals of CEJA.\n\"As homes and businesses in our communities generate more of their own power – through the sun or wind-powered renewable resources – the electric grid must be reconfigured to accommodate these various sources of generation and enable a two-way flow of power,\" he said. \"We're balancing the infrastructure updates that will enable this transition to clean energy with our duty to ensure that every customer has access to power when they need it. We look forward to working with the Commission and all stakeholders on a process going forward that will enable these much-needed changes to be made.\"\nRecognizing rate adjustments can affect customers differently, Ameren Illinois offers a variety of programs to help individuals and families to manage their energy usage and save money. An estimated $226 million in LIHEAP funding is expected to be available to qualified utility customers statewide in 2025. Information on energy assistance programs can be found at www.AmerenIllinois.com/Assistance .\nAbout Ameren Illinois\nSign Up for Newsletters Email* Select Newsletters to Sign Up For News Updates Breaking News Sports Digest Obituaries and Death Notices Submit Ameren Illinois delivers energy to 1.2 million electric and more than 800,000 natural gas customers in Illinois . Our mission is to power the quality of life. Our service territory covers more than 1,200 communities and 43,700 square miles.\nB-roll and media assets: AmerenIllinois.com/media\nX: @AmerenIllinois\nFacebook: Facebook.com/AmerenIllinois\nView original content to download multimedia: https://www.prnewswire.com/news-releases/illinois-commerce-commission-approves-ameren-illinois-electric-reliability-plan-302336717.html\nSOURCE Ameren Illinois\nOriginally published on the BLOX Digital Content Exchange .",
    "highlightText": "",
    "highlightTitle": "",
    "highlightThreadTitle": "",
    "language": "english",
    "sentiment": "positive",
    "categories": [
        "Politics",
        "Economy, Business and Finance"
    ],
    "topics": [
        "Politics->government policy",
        "Politics->government",
        "Politics->economic policy",
        "Economy, Business and Finance->utilities"
    ],
    "ai_allow": false,
    "has_canonical": true,
    "webz_reporter": false,
    "external_links": [
        "https://mroberts.activehosted.com/proc.php?jsonp=true",
        "https://mroberts.activehosted.com/proc.php",
        "https://ads.empowerlocal.co/adserve/;ID=181918;size=0x0;setID=588479;type=js;sw=",
        "https://c212.net/c/link/?t=0&l=en&o=4329461-1&h=2071161706&u=https%3A%2F%2Fwww.amerenillinois.com%2FAssistance&a=www.AmerenIllinois.com%2FAssistance",
        "https://www.bloxdigital.com/products_services/cen/",
        "https://mroberts.activehosted.com/proc.php?",
        "https://mma.prnewswire.com/media/2585693/Ameren_Illinois_Logo.html",
        "https://fonts.bunny.net/css?family=ibm-plex-sans:400,600);",
        "http://AmerenIllinois.com/media",
        "https://www.prnewswire.com/news-releases/illinois-commerce-commission-approves-ameren-illinois-electric-reliability-plan-302336717.html",
        "http://Facebook.com/AmerenIllinois",
        "https://www.mma.prnewswire.com/media/2585693/Ameren_Illinois_Logo.html",
        "https://mroberts.activehosted.com/proc.php",
        "https://www.mroberts.activehosted.com/proc.php?",
        "http://www.AmerenIllinois.com/media",
        "https://www.mroberts.activehosted.com/proc.php",
        "http://www.Facebook.com/AmerenIllinois",
        "https://www.ads.empowerlocal.co/adserve/;ID=181918;size=0x0;setID=588479;type=js;sw=",
        "https://www.bloxdigital.com/products_services/cen",
        "https://prnewswire.com/news-releases/illinois-commerce-commission-approves-ameren-illinois-electric-reliability-plan-302336717.html",
        "https://bloxdigital.com/products_services/cen/",
        "https://www.c212.net/c/link/?t=0&l=en&o=4329461-1&h=2071161706&u=https%3A%2F%2Fwww.amerenillinois.com%2FAssistance&a=www.AmerenIllinois.com%2FAssistance",
        "https://www.fonts.bunny.net/css?family=ibm-plex-sans:400,600);",
        "https://c212.net/c/link/",
        "https://www.mroberts.activehosted.com/proc.php?jsonp=true",
        "https://fonts.bunny.net/css"
    ],
    "external_images": [],
    "entities": {
        "persons": [],
        "organizations": [
            {
                "name": "Illinois Commerce Commission",
                "sentiment": "neutral"
            },
            {
                "name": "ICC",
                "sentiment": "none"
            }
        ],
        "locations": []
    },
    "syndication": {
        "syndicated": false,
        "syndicate_id": null,
        "first_syndicated": false
    },
    "rating": null,
    "crawled": "2024-12-20T01:13:29.060+02:00",
    "updated": "2024-12-20T01:13:29.060+02:00"
}