{
    "thread": {
        "uuid": "7dc20977cb4ae6e27017c68492f4ad84c1362397",
        "url": "https://www.brecorder.com/news/40338685/draft-of-pink-rock-salt-policy-to-be-presented-to-cm",
        "site_full": "www.brecorder.com",
        "site": "brecorder.com",
        "site_section": "https://brecorder.com/pakistan",
        "site_categories": [
            "media",
            "financial_news",
            "finance",
            "top_news_pk",
            "top_news_sa",
            "top_news"
        ],
        "section_title": "Pakistan - Business Recorder",
        "title": "‘Draft of Pink Rock Salt Policy to be presented to CM’",
        "title_full": "‘Draft of Pink Rock Salt Policy to be presented to CM’",
        "published": "2024-12-19T23:43:00.000+02:00",
        "replies_count": 0,
        "participants_count": 1,
        "site_type": "news",
        "country": "PK",
        "main_image": "https://i.brecorder.com/large/2024/12/676483e822e09.jpg",
        "performance_score": 0,
        "domain_rank": 13593,
        "domain_rank_updated": "2024-12-16T23:00:00.000+02:00",
        "social": {
            "facebook": {
                "likes": 0,
                "comments": 0,
                "shares": 0
            },
            "vk": {
                "shares": 0
            }
        }
    },
    "uuid": "7dc20977cb4ae6e27017c68492f4ad84c1362397",
    "url": "https://www.brecorder.com/news/40338685/draft-of-pink-rock-salt-policy-to-be-presented-to-cm",
    "ord_in_thread": 0,
    "parent_url": null,
    "author": "Recorder Report",
    "published": "2024-12-19T23:43:00.000+02:00",
    "title": "‘Draft of Pink Rock Salt Policy to be presented to CM’",
    "text": "‘Draft of Pink Rock Salt Policy to be presented to CM’ Recorder Report Published 20 Dec, 2024 02:43am Facebook Twitter Whatsapp Comments\nFollow us\nLAHORE: In order to increase the export of pink salt, Punjab government has decided to establish special economic zones. The provincial government would request the federal government to impose a ban on the export of raw salt produced in Punjab. All resources would be utilized to enhance the export of pink salt.\nMinister for Mines and Minerals Sher Ali Gorchani disclosed this during a meeting held on Thursday.\nHe further mentioned that the draft of the Pink Rock Salt Policy 2024 would soon be presented to the Chief Minister of Punjab for approval. In collaboration with the Punjab Small Industries Corporation (PSIC), a processing zone for salt will be established within the salt range.\nThe Minister also highlighted that in line with the Chief Minister Punjab’s vision, pink salt exporters would be equipped with modern technology. Protecting pink salt from wastage is a priority for the Chief Minister. In this regard, the planning, branding, marketing, and international certification of pink salt will be given special attention.\nHe added that land would be provided to exporters at discounted rates, and the Punjab government would bear the infrastructure costs. Discounted loans would be provided through the Bank of Punjab. The option of adopting a profit-sharing model was also considered.\nThe meeting was attended by Secretary for Mines and Minerals Pervez Iqbal, DG Mines and Minerals, Mansoor Ahmad, MD PSIC, Sarah Umar, and other officials.\nCopyright Business Recorder, 2024\nPink rock salt Pink Rock Salt Policy Sher Ali Gorchani Comments 200 characters Print\nDar-led panel to craft power tariff cut strategy",
    "highlightText": "",
    "highlightTitle": "",
    "highlightThreadTitle": "",
    "language": "english",
    "sentiment": "positive",
    "categories": [
        "Economy, Business and Finance",
        "Politics",
        "Social Issue"
    ],
    "topics": [
        "Economy, Business and Finance->economy",
        "Economy, Business and Finance->business strategy and marketing",
        "Politics->local government and authority",
        "Politics->government",
        "Politics->economic policy"
    ],
    "ai_allow": true,
    "has_canonical": false,
    "webz_reporter": false,
    "external_links": [],
    "external_images": [],
    "entities": {
        "persons": [],
        "organizations": [
            {
                "name": "Punjab Small Industries Corporation",
                "sentiment": "none"
            }
        ],
        "locations": [
            {
                "name": "Punjab",
                "sentiment": "none"
            }
        ]
    },
    "syndication": {
        "syndicated": false,
        "syndicate_id": null,
        "first_syndicated": false
    },
    "rating": null,
    "crawled": "2024-12-20T00:10:15.631+02:00",
    "updated": "2024-12-20T03:51:48.596+02:00"
}