{
    "thread": {
        "uuid": "64a733076d0f04f65a148f450f09b264d212894a",
        "url": "https://www.therogersvillereview.com/news/national/article_fcf4ab80-47da-5ac7-9fac-8707284a303e.html",
        "site_full": "www.therogersvillereview.com",
        "site": "therogersvillereview.com",
        "site_section": "http://www.therogersvillereview.com//search/?q=&t=article&l=100&d=&d1=&d2=&s=start_time&sd=desc&nsa=eedition&c[]=news,news/*&f=rss",
        "site_categories": [
            "media"
        ],
        "section_title": "www.therogersvillereview.com - RSS Results in news,news/* of type article",
        "title": "China's Xi to lead Macau handover anniversary celebrations",
        "title_full": "China's Xi to lead Macau handover anniversary celebrations",
        "published": "2024-12-19T23:06:00.000+02:00",
        "replies_count": 0,
        "participants_count": 1,
        "site_type": "news",
        "country": "US",
        "main_image": "https://bloximages.chicago2.vip.townnews.com/therogersvillereview.com/content/tncms/assets/v3/editorial/c/06/c06a626e-2541-59ed-a1e9-6297e4328a06/67649b3fc9b55.image.jpg?crop=341%2C341%2C85%2C0&amp;resize=200%2C200&amp;order=crop%2Cresize",
        "performance_score": 0,
        "domain_rank": 174565,
        "domain_rank_updated": "2024-12-16T23:00:00.000+02:00",
        "social": {
            "facebook": {
                "likes": 0,
                "comments": 0,
                "shares": 0
            },
            "vk": {
                "shares": 0
            }
        }
    },
    "uuid": "64a733076d0f04f65a148f450f09b264d212894a",
    "url": "https://www.therogersvillereview.com/news/national/article_fcf4ab80-47da-5ac7-9fac-8707284a303e.html",
    "ord_in_thread": 0,
    "parent_url": null,
    "author": "Holmes CHAN",
    "published": "2024-12-19T23:06:00.000+02:00",
    "title": "China's Xi to lead Macau handover anniversary celebrations",
    "text": "Chinese President Xi Jinping will preside over a day of celebrations in Macau and inaugurate the city's new leader on Friday to mark 25 years since the former colony was returned to China.\nkAm|242F :D C682C565 3J r9:?2 2D 2 D9:?:?8 6I2>A=6 @7 :ED Q~?6 r@F?ECJ[ %H@ $JDE6>DQ >@56=[ 2?5 ): AC2:D65 E96 4:EJ 2D 2 QA62C= :? E96 ?2E:@?VD A2=>Q 2E E96 DE2CE @7 9:D E9C66\\52J G:D:E]k^Am\nkAm%96 r9:?6D6 42D:?@ 9F3 92D 8C@H? 7C@> 2 !@CEF8F6D6 EC25:?8 @FEA@DE E@ E96 H@C=5VD 42D:?@ 42A:E2= 3J 82>:?8 C6G6?F6 2?5 2 A@AF=2C 56DE:?2E:@? 7@C r9:?6D6 E@FC:DED]k^Am\nkAm(96? |242F C6G6CE65 E@ r9:?6D6 CF=6 @? s646>36C a_[ `hhh[ q6:;:?8 AC@>:D65 E92E E96 4:EJVD Q42A:E2=:DE DJDE6> 2?5 H2J @7 =:76 D92== C6>2:? F?492?865 7@C d_ J62CDQ]k^Am\nkAmpCC:G:?8 :? E96 4:EJ @? (65?6D52J[ ): =2F565 |242FVD QH@C=5\\C64@8?:D65 DF446DDQ :? :>A=6>6?E:?8 E96 Q~?6 r@F?ECJ[ %H@ $JDE6>DQ 7C2>6H@C< 2?5 D2:5 E96 4:EJ 925 2 3C:89E 7FEFC6]k^Am\nkAmQ|242F :D 2 A62C= :? E96 ?2E:@?VD A2=>[ 2?5 x 92G6 2=H2JD <6AE :? >J E9@F89ED :ED 56G6=@A>6?E 2?5 E96 H6=72C6 @7 2== :ED A6@A=6[Q ): D2:5]k^Am\nkAm%96 r9:?6D6 AC6D:56?E 25565 E92E 96 H@F=5 FD6 9:D EC:A 7@C Q6IE6?D:G6 2?5 :?\\56AE9 6I492?86D H:E9 @FC 7C:6?5D 7C@> 2== A=246D[ 2?5 5:D4FDD A=2?D 7@C |242FVD 56G6=@A>6?EQ]k^Am\nkAmuC:52JVD 76DE:G:E:6D H:== 36 46?EC65 2C@F?5 E96 :?2F8FC2E:@? @7 $2> w@F\\72:[ E96 7@C>6C AC6D:56?E @7 |242FVD 2A6I 4@FCE[ 2D E96 4:EJVD 7@FCE9 A@DE\\92?5@G6C =6256C[ C6A=24:?8 w@ x2E\\D6?8]k^Am\nkAm$64FC:EJ H2D E:89E 2C@F?5 E96 4:EJ @? %9FCD52J[ H:E9 C@253=@4<D D6E FA 2C@F?5 2? 6G6?E G6?F6 2?5 2FE9@C:E:6D :?4C62D:?8 4964<D @? :?3@F?5 G:D:E@CD]k^Am\nk9am\\ r2D:?@ 9F3 \\k^9am\nkAmu@==@H:?8 E96 6?5 @7 cca J62CD @7 !@CEF8F6D6 CF=6[ |242FVD 7@CEF?6D 92G6 C:D6? :? =@4<DE6A H:E9 r9:?2VD 64@?@>:4 8C@HE9]k^Am\nkAmxE :D E96 @?=J A=246 :? r9:?2 H96C6 42D:?@ 82>3=:?8 :D A6C>:EE65 2?5 92D =@?8 DFCA2DD65 {2D '682D 2D E96 H@C=5VD E@A 42D:?@ 9F3[ 7F6==65 3J EH@ 564256D @7 r9:?6D6 G:D:E@C DA6?5:?8]k^Am\nkAm|242F[ H9:49 92D 2 C6D:56?E A@AF=2E:@? @7 egf[___[ D2H ;FDE @G6C ah >:==:@? G:D:E@C 2CC:G2=D :? E96 7:CDE `_ >@?E9D @7 E96 J62C]k^Am\nkAmxED vs! 92D D@2C65 7C@> Se]c 3:==:@? :? `hhh E@ >@C6 E92? Scf 3:==:@? =2DE J62C[ 2?5 :ED A@AF=2E:@? :D E96 C:496DE :? r9:?2 @? 2 A6C 42A:E2 32D:D]k^Am\nkAm&?56C @C56CD 7C@> q6:;:?8 E@ 5:G6CD:7J E96 64@?@>J[ |242F =6256CD 92G6 AC@A@D65 7:6=5D DF49 2D 7:?2?4:2= D6CG:46D[ E649?@=@8J 2?5 r9:?6D6 >65:4:?6 2D ?6H 64@?@>:4 5C:G6CD]k^Am\nkAmqFE 2D @7 }@G6>36C[ 82>:?8\\C6=2E65 E2I6D DE:== >256 FA g` A6C46?E @7 8@G6C?>6?E C6G6?F6 2?5 6IA6CED D2J |242F :D J62CD 2H2J 7C@> H62?:?8 :ED6=7 @77 42D:?@ H62=E9]k^Am\nkAm): @? %9FCD52J G:D:E65 E96 |242F &?:G6CD:EJ @7 $4:6?46 2?5 %649?@=@8J 2?5 H2D Q3C:6765 @? E96 56G6=@A>6?E @7 EH@ DE2E6\\=6G6= <6J =23@C2E@C:6DQ E92E :?G@=G65 r9:?6D6 >65:4:?6 2?5 A=2?6E2CJ D4:6?46[ 244@C5:?8 E@ DE2E6 ?6HD 286?4J ):?9F2]k^Am\nkAmw6 2=D@ G:D:E65 E96 vF2?85@?8\\|242@ x?\\s6AE9 r@@A6C2E:@? +@?6 @? w6?8B:? xD=2?5[ DA62<:?8 E@ C6D:56?ED 2?5 A6@A=6 E96C6 :? 492C86 @7 A=2??:?8[ 4@?DECF4E:@?[ >2?286>6?E 2?5 D6CG:46D[ ):?9F2 C6A@CE65]k^Am\nkAmw6?8B:? xD=2?5[ 2 =2?5>2DD 25;246?E E@ |242F 2?5 E9C66 E:>6D :ED D:K6[ H2D A2CE=J =62D65 3J q6:;:?8 E@ |242F E@ 3@@DE :ED =2?5 DFAA=J 7@C ?@?\\82>:?8 56G6=@A>6?E]k^Am\nkAm9@=^@9@^D4@k^Am",
    "highlightText": "",
    "highlightTitle": "",
    "highlightThreadTitle": "",
    "language": "english",
    "sentiment": "positive",
    "categories": [
        "Politics",
        "Social Issue",
        "Human Interest"
    ],
    "topics": [
        "Politics->political process",
        "Politics->political candidates",
        "Politics->national elections",
        "Social Issue->demographics",
        "Social Issue->national or ethnic minority",
        "Human Interest->anniversary"
    ],
    "ai_allow": false,
    "has_canonical": true,
    "webz_reporter": false,
    "external_links": [],
    "external_images": [],
    "entities": {
        "persons": [],
        "organizations": [],
        "locations": []
    },
    "syndication": {
        "syndicated": false,
        "syndicate_id": null,
        "first_syndicated": false
    },
    "rating": null,
    "crawled": "2024-12-20T00:27:10.022+02:00",
    "updated": "2024-12-20T00:27:10.022+02:00"
}