{
    "thread": {
        "uuid": "e4950d0d64c6c3d9e2da0b2d6e4acf3618b8d24e",
        "url": "https://www.cleveland19.com/2024/12/19/cleveland-police-make-history-welcoming-departments-1st-sikh-officer",
        "site_full": "www.cleveland19.com",
        "site": "cleveland19.com",
        "site_section": "http://www.cleveland19.com",
        "site_categories": [
            "media"
        ],
        "section_title": "Cleveland 19 News | WOIO | Cleveland, Ohio",
        "title": "Cleveland police make history welcoming department’s 1st Sikh officer",
        "title_full": "Cleveland police make history welcoming department’s 1st Sikh officer",
        "published": "2024-12-19T23:57:00.000+02:00",
        "replies_count": 0,
        "participants_count": 1,
        "site_type": "news",
        "country": "US",
        "main_image": "https://gray-woio-prod.gtv-cdn.com/resizer/v2/KMWBPO56CJAUVAIMGANBQGBVLA.jpg?auth=fe107a3281a584a36b1627217fe55188315aaf2843764d1554bfc307a67777db&amp;width=1200&amp;height=600&amp;smart=false&amp;focal=2098%2C720",
        "performance_score": 0,
        "domain_rank": 12281,
        "domain_rank_updated": "2024-12-16T23:00:00.000+02:00",
        "social": {
            "facebook": {
                "likes": 0,
                "comments": 0,
                "shares": 0
            },
            "vk": {
                "shares": 0
            }
        }
    },
    "uuid": "e4950d0d64c6c3d9e2da0b2d6e4acf3618b8d24e",
    "url": "https://www.cleveland19.com/2024/12/19/cleveland-police-make-history-welcoming-departments-1st-sikh-officer",
    "ord_in_thread": 0,
    "parent_url": null,
    "author": "@Cleveland19",
    "published": "2024-12-19T23:57:00.000+02:00",
    "title": "Cleveland police make history welcoming department’s 1st Sikh officer",
    "text": "Cleveland police make history welcoming department’s 1st Sikh officer\nCLEVELAND, Ohio (WOIO) - Cleveland’s newest police officer is making history.\nSukhvir Grewal is the department’s first officer who practices Sikhism.\nIn Grewal’s religion, you must have a beard.\nThe Cleveland Division of Police recently changed their grooming policies to allow beards, which encouraged Grewal to apply.\n“It’s a moment I’ve been waiting for,” said Grewal.\n“We are committed to having a diverse group of men and women who who patrol our communities. And I think this great,” said Dorothy Todd, Cleveland Division of Police Chief.\nGrewal has been protecting and serving communities his whole career. His faith has guided him to serve others.\nHe previously worked for the Alliance Police Department and serves in the Ohio National Guard.\nHe also speaks four languages.\n“A big component of Sikhism is selfless service. This career field does support that. You get to go out there and make a difference in the community in ways that you don’t even know,” said Grewal.\nSince Grewal was already a police officer in Alliance, he went through the division’s abbreviated training process.\nIt’s an opportunity that’s available for other officers interested in transferring police departments.\nIf you are not a certified police officer and want to become one, the department is having an expedited hiring event on Jan. 3, 4 and 5.\nIf you are interested in becoming a Cleveland Police officer, you can call 216-623-5233.\nCopyright 2024 WOIO. All rights reserved.",
    "highlightText": "",
    "highlightTitle": "",
    "highlightThreadTitle": "",
    "language": "english",
    "sentiment": "positive",
    "categories": [
        "Human Interest",
        "Social Issue",
        "Politics"
    ],
    "topics": [
        "Human Interest->record and achievement",
        "Social Issue->diversity, equity and inclusion",
        "Social Issue->national or ethnic minority",
        "Politics->civil rights"
    ],
    "ai_allow": true,
    "has_canonical": false,
    "webz_reporter": false,
    "external_links": [],
    "external_images": [],
    "entities": {
        "persons": [],
        "organizations": [],
        "locations": []
    },
    "syndication": {
        "syndicated": false,
        "syndicate_id": null,
        "first_syndicated": false
    },
    "rating": null,
    "crawled": "2024-12-20T00:45:58.866+02:00",
    "updated": "2024-12-20T00:45:58.866+02:00"
}