{
    "thread": {
        "uuid": "750ba40f68ffd4829f896c7a59672905baad8ecb",
        "url": "https://www.catholicregister.org/home/international/item/37499-papal-charity-point-man-driving-to-ukraine-for-christmas",
        "site_full": "www.catholicregister.org",
        "site": "catholicregister.org",
        "site_section": "https://www.catholicregister.org/?format=feed",
        "site_categories": [
            "religion",
            "catholicism"
        ],
        "section_title": "The Catholic Register",
        "title": "Papal charity point man driving to Ukraine for Christmas",
        "title_full": "Papal charity point man driving to Ukraine for Christmas",
        "published": "2024-12-19T22:00:00.000+02:00",
        "replies_count": 0,
        "participants_count": 1,
        "site_type": "news",
        "country": "CA",
        "main_image": "https://www.catholicregister.org/media/k2/items/cache/02d04a03cb051904a71e3f7d010aa188_L.jpg",
        "performance_score": 0,
        "domain_rank": 61680,
        "domain_rank_updated": "2024-12-16T23:00:00.000+02:00",
        "social": {
            "facebook": {
                "likes": 0,
                "comments": 0,
                "shares": 0
            },
            "vk": {
                "shares": 0
            }
        }
    },
    "uuid": "750ba40f68ffd4829f896c7a59672905baad8ecb",
    "url": "https://www.catholicregister.org/home/international/item/37499-papal-charity-point-man-driving-to-ukraine-for-christmas",
    "ord_in_thread": 0,
    "parent_url": null,
    "author": "Paulina Guzik, OSV News",
    "published": "2024-12-19T22:00:00.000+02:00",
    "title": "Papal charity point man driving to Ukraine for Christmas",
    "text": "The prefect of the Dicastery for the Service of Charity began his ninth trip to Ukraine on Dec. 18. The journey aims to show solidarity with the country, where Russia launched its full scale invasion on Feb. 24, 2022.\nCardinal Krajewski brought a medical vehicle to donate, but he emphasized that his main mission was simply \"being there\" to offer comfort to the people of Ukraine.\n\"It's presence that counts,\" at this point of war, Cardinal Krajewski told OSV News. \"Everyone is tired of the war,\" both in Ukraine and in the West, he emphasized.\nPope Francis blessed the medical vehicle, which technically is a \"small mobile hospital,\" Cardinal Krajewski said, on Dec. 18, before the papal point charity man started his 1,118-miles-journey from Rome to Lviv with the medical vehicle as its sole driver.\nA large medical camper will be donated to Ukrainian medics and is adapted to specific needs of a country where hospitals are often damaged or non-accessible. Inside the mobile hospital, surgeries can be performed. Six ultrasound machines will also be donated to the destroyed and bombed hospitals.\n\"The vehicle is full of stuff, so it's a bit hard to drive it actually,\" Cardinal Krajewski said while on the road.\nAs Pope Francis gets ready to open the Jubilee Doors in St. Peter's Basilica on Dec. 24 at 7 p.m., Cardinal Krajewski said the Jubilee Year \"opens the door of hope and such a visit on behalf of the Holy Father, who prays daily for the afflicted Ukraine, brings such hope that maybe soon those doors of hope will be opened in Ukraine.\"\nPope Francis \"wants to be present\" among Ukrainians \"in these days when we will celebrate the Birth of Jesus,\" Dec. 19 press release from the Holy See said.\nDuring his journey through Ukraine, Cardinal Krajewski will visit \"various communities to meet with people who are suffering, and with them he will try to open the 'door of Hope' in their hearts and pray for the peace so much desired,\" the statement said.\nThe cardinal spent Christmas 2022 in Ukraine, bringing humanitarian aid and warm clothes for civilians and soldiers. In 2023, he made a trip to the Holy Land.\n“Peace is our greatest desire, yes,\" he said in the war-torn land of Jesus in 2023. \"But if we don’t have peace inside us, and if we don’t decide to make peace in our communities, in our families, there will be no outside peace.\"",
    "highlightText": "",
    "highlightTitle": "",
    "highlightThreadTitle": "",
    "language": "english",
    "sentiment": "positive",
    "categories": [
        "Politics",
        "Human Interest",
        "Social Issue"
    ],
    "topics": [
        "Politics->church elections",
        "Politics->international relations",
        "Politics->human rights",
        "Human Interest->ceremony",
        "Social Issue->charity",
        "Social Issue->social condition"
    ],
    "ai_allow": true,
    "has_canonical": false,
    "webz_reporter": false,
    "external_links": [],
    "external_images": [],
    "entities": {
        "persons": [],
        "organizations": [],
        "locations": []
    },
    "syndication": {
        "syndicated": false,
        "syndicate_id": null,
        "first_syndicated": false
    },
    "rating": null,
    "crawled": "2024-12-20T00:43:02.628+02:00",
    "updated": "2024-12-20T00:43:02.628+02:00"
}