{
    "thread": {
        "uuid": "b5f0798a0e80d0bae0db870ee6c37624a8f98f19",
        "url": "https://www.newsbreak.com/the-washington-times-1720242/3723131526516-leonsis-d-c-mayor-kick-off-800-million-capital-one-arena-renovation-project",
        "site_full": "www.newsbreak.com",
        "site": "newsbreak.com",
        "site_section": "https://www.newsbreak.com/the-washington-times-1720242",
        "site_categories": [
            "under_construction"
        ],
        "section_title": "The Washington Times}&#x27;s Home Page | NewsBreak",
        "title": "Leonsis, D.C. mayor kick off $800 million Capital One Arena renovation project",
        "title_full": "Leonsis, D.C. mayor kick off $800 million Capital One Arena renovation project",
        "published": "2024-12-19T22:33:00.000+02:00",
        "replies_count": 0,
        "participants_count": 1,
        "site_type": "news",
        "country": "",
        "main_image": "https://img.particlenews.com/img/id/2DFWR2_0xYVsqlj00?type=thumbnail_1600x1200",
        "performance_score": 0,
        "domain_rank": 3587,
        "domain_rank_updated": "2024-12-16T23:00:00.000+02:00",
        "social": {
            "facebook": {
                "likes": 0,
                "comments": 0,
                "shares": 0
            },
            "vk": {
                "shares": 0
            }
        }
    },
    "uuid": "b5f0798a0e80d0bae0db870ee6c37624a8f98f19",
    "url": "https://www.newsbreak.com/the-washington-times-1720242/3723131526516-leonsis-d-c-mayor-kick-off-800-million-capital-one-arena-renovation-project",
    "ord_in_thread": 0,
    "parent_url": null,
    "author": "NewsBreak Original",
    "published": "2024-12-19T22:33:00.000+02:00",
    "title": "Leonsis, D.C. mayor kick off $800 million Capital One Arena renovation project",
    "text": "By Liam Griffin ,\n1 hours ago\nA new era for Capital One Arena started with the ceremonial swing of sledgehammers on Thursday.\nD.C. Mayor Muriel Bowser joined Ted Leonsis, the owner of the Washington Wizards and Capitals, to launch the $800 million renovation of the teams' Chinatown home.\nLeonsis’ Monumental Sports also unveiled fresh renderings of the planned construction Thursday, showing off expanded concourses, flashy new glass exteriors and video boards that will be installed outside the building.\nThe planned renovations, which are expected to be completed before the 2027-28 NBA and NHL seasons, were approved by the D.C. City Council on Tuesday. As Leonsis noted, the construction expands outward into the adjacent Gallery Place, where Thursday's ceremony began.\nTo celebrate the occasion, NBA Commissioner Adam Silver and Councilwoman Brooke Pinto joined Bowser and Leonsis on the stage.\n“It’s a catalytic investment,” Bowser said, describing the renovations as good for the teams, fans, players and businesses. “We’re going to transform this area into a dynamic entertainment district and … we are all working our level best to make this a premier entertainment district for our region.”\nThe investment will bring a slew of new features to the 27-year-old arena, including fresh lighting throughout the concourse, expanded facilities for athletes and additional back-of-house space for the site’s hospitality staff.\nWizards and Capitals players will enjoy a new family area, a player’s lounge and medical training rooms after the renovations. The Wizards will have an on-site training facility, while the Capitals will add a film room to their locker room.\nBowser and city council members agreed to use $515 million in public funds for the renovation, with Leonsis’ Monumental Sports shouldering the remainder of the bill. As part of the agreement, Leonsis sold the arena to the city for $87.5 million and will lease the facility for $2 million annually for the next 25 years.\nThe vision, according to Leonsis, wasn’t just to update the arena with a fresh coat of paint. He wanted it to feel like a new building with a completely reconfigured silhouette. He wanted a monument.\n“In this greatest city in the world with its extraordinary and historic monuments, we believe this building will be a monument but built on momentum — something bold and bright for now and the future,” Leonsis said. “The arena will be a marvel of modern design and technology, the intersection of style and comfort.”\nThe revamped design was reportedly inspired by the city’s legendary L’Enfant Plan of 1791. The stadium will feature a “People’s Plaza” designed to be a meeting space that’s connected with the city.\n“These are the modern-day town halls, these arenas,” Silver said.\nPractically-minded fans should know that the renovation will also feature more bathrooms, new concession stands and more easily accessible entrances and exits.\nBut before that, there will be roped-off areas, the sounds of jackhammers and minor inconveniences. It’s all part of the six-phase, three-year process and Leonsis begged fans for patience.\n“There's going to be a lot of dust here,” he said Thursday. “This project is massive. It's $800 million; it's a significant, significant program.”\nMinor renovations will occur year-round, but the construction is expected to kick into high gear during the summers — the offseason for the Wizards and Capitals.\n“But after you see what we're going to do for the players, the fans and the city, it'll be worth the wait,” Leonsis said. “This will become one of the leading tech-based downtown arenas.”\nThursday’s ceremonial event could have continued a days-long sports celebration for the District’s politicians. It began Tuesday when city council members approved funding for Capital One Arena.\nAt almost the same time, federal lawmakers included language to lease the RFK Stadium site in Northeast to the city for 99 years, potentially paving the way for a new NFL arena.\nBut the good vibes came crashing down on Wednesday evening as Republican leaders spiked the continuing resolution to fund the federal government due to concerns about spending, jeopardizing the RFK Stadium deal.\nBowser maintained a smile throughout the event, focusing on the assumed success of Capital One Arena instead of RFK Stadium, which she repeatedly called a “blight” on the city.\n“It’s very frustrating. …” she said. “We’ve done all we were supposed to do.”\nDespite the concerns about the RFK Campus, Bowser and Leonsis described the arena deal as a massive win for the city and its teams. Their shoulder-to-shoulder press conference was a far cry from December 2023, when the Wizards and Capitals announced plans to leave the District for a glitzy new home in Alexandria, Virginia.\nThat deal died in Virginia’s legislature, though, paving the way for Monumental to broker a new deal with the District.\n“What a difference a year makes,” Pinto joked on Thursday.\nHer light-hearted comment was met with raucous applause from the dealmakers, politicians and NBA players in attendance. Through the new deal, the Wizards and Capitals will play at the arena at least through 2050.\nWizards players delivered custom No. 50 jerseys to Bowser, Pinto, Leonsis and Silver to mark the occasion.\n“Me and Ted are going to be together for a long time,” Bowser said with a smile.",
    "highlightText": "",
    "highlightTitle": "",
    "highlightThreadTitle": "",
    "language": "english",
    "sentiment": "positive",
    "categories": [
        "Economy, Business and Finance",
        "Politics",
        "Social Issue"
    ],
    "topics": [
        "Economy, Business and Finance->business governance",
        "Economy, Business and Finance->construction and property",
        "Economy, Business and Finance->corporate news and profiles",
        "Politics->local government and authority",
        "Politics->government",
        "Social Issue->social condition"
    ],
    "ai_allow": true,
    "has_canonical": false,
    "webz_reporter": false,
    "external_links": [
        "https://img.particlenews.com/image.php?type=thumbnail_580x000&url=2DFWR2_0xYVsqlj00",
        "https://img.particlenews.com/image.php?type=thumbnail_580x000&url=3ARCrg_0xYVsqlj00",
        "https://img.particlenews.com/image.php?url=2DFWR2_0xYVsqlj00",
        "https://img.particlenews.com/image.php?url=3ARCrg_0xYVsqlj00",
        "https://img.particlenews.com/image.php",
        "https://www.img.particlenews.com/image.php?url=3ARCrg_0xYVsqlj00",
        "https://www.img.particlenews.com/image.php?url=2DFWR2_0xYVsqlj00",
        "https://www.img.particlenews.com/image.php?type=thumbnail_580x000&url=3ARCrg_0xYVsqlj00",
        "https://www.img.particlenews.com/image.php?type=thumbnail_580x000&url=2DFWR2_0xYVsqlj00"
    ],
    "external_images": [],
    "entities": {
        "persons": [],
        "organizations": [],
        "locations": []
    },
    "syndication": {
        "syndicated": false,
        "syndicate_id": null,
        "first_syndicated": false
    },
    "rating": null,
    "crawled": "2024-12-20T00:13:05.124+02:00",
    "updated": "2024-12-20T00:13:05.124+02:00"
}