{
    "thread": {
        "uuid": "ec40c1d23747d67fed74b24b85c7bf8fa0928e94",
        "url": "https://www.latimes.com/b2b/health-life-science/story/2024-12-19/beghou-consulting-adds-socal-partners-strengthen-life-sciences-efforts",
        "site_full": "www.latimes.com",
        "site": "latimes.com",
        "site_section": "https://www.latimes.com/b2b/industries",
        "site_categories": [
            "media",
            "tech",
            "3d_graphics",
            "top_news_us",
            "top_news_ve",
            "top_news"
        ],
        "section_title": "INDUSTRY UPDATES - Los Angeles Times",
        "title": "Beghou Consulting Adds SoCal Partners to Strengthen Life Sciences Efforts - Los Angeles Times",
        "title_full": "Beghou Consulting Adds SoCal Partners to Strengthen Life Sciences Efforts - Los Angeles Times",
        "published": "2024-12-20T00:30:00.000+02:00",
        "replies_count": 0,
        "participants_count": 0,
        "site_type": "news",
        "country": "US",
        "main_image": "https://ca-times.brightspotcdn.com/dims4/default/ce2760b/2147483647/strip/true/crop/1080x567+0+257/resize/1200x630!/quality/75/?url=https%3A%2F%2Fcalifornia-times-brightspot.s3.amazonaws.com%2F2f%2Fcd%2F75f93a9b4dbdadf620c8e21bac56%2F02-markovitz.jpg",
        "performance_score": 0,
        "domain_rank": 208,
        "domain_rank_updated": "2024-12-16T23:00:00.000+02:00",
        "social": {
            "facebook": {
                "likes": 0,
                "comments": 0,
                "shares": 0
            },
            "vk": {
                "shares": 0
            }
        }
    },
    "uuid": "ec40c1d23747d67fed74b24b85c7bf8fa0928e94",
    "url": "https://www.latimes.com/b2b/health-life-science/story/2024-12-19/beghou-consulting-adds-socal-partners-strengthen-life-sciences-efforts",
    "ord_in_thread": 0,
    "parent_url": null,
    "author": null,
    "published": "2024-12-20T00:30:00.000+02:00",
    "title": "Beghou Consulting Adds SoCal Partners to Strengthen Life Sciences Efforts - Los Angeles Times",
    "text": "Beghou Consulting Adds SoCal Partners to Strengthen Life Sciences Efforts\nBeghou Consulting, a provider of data, analytics and technology solutions to life sciences companies, has announced that two seasoned California-based life sciences professionals, Yair Markovits of Oak Park and Nicole Ventrone of San Diego, as well as Vishal Singal of Indiana, have joined the company as partners. Based in the L.A. area, Markovits joins Beghou after spending 10 years at IQVIA, ZS Associates and Axtria. Prior to joining Beghou, Ventrone held leadership positions at IQVIA, Axtria and ODAIA Intelligence. Singal previously led the Patient Solutions Practice at Axtria and held leadership roles at IQVIA, Accenture and PwC.\nThe three have extensive experience in helping life sciences companies create robust patient-centric data ecosystems and analytics capabilities that dramatically improve commercial strategies, customer engagement and health outcomes.\n“We’re building something special here, and I am delighted that Yair, Vishal and Nicole have chosen Beghou to continue their impactful contributions to the industry,” said Beth Beghou, CEO of Beghou Consulting. “Together, we are creating the customer engagement model of the future and using patient analytics to improve precision in life science commercial efforts. Most importantly, they each bring a commitment to excellence and innovation that is a perfect fit with the culture we have built over the past 30 years.”\nMarkovits, Singal and Ventrone have extensive experience in helping life sciences companies create robust patient-centric data ecosystems and analytics capabilities that dramatically improve commercial strategies, customer engagement and health outcomes. The trio also deepens Beghou’s expertise in rare diseases, oncology and specialty therapeutics.\nFrom developing go-to-market strategies and building foundational data analytics infrastructures to leveraging artificial intelligence to improve customer insights and engagement, Beghou helps life sciences companies maximize performance across their portfolios.",
    "highlightText": "",
    "highlightTitle": "",
    "highlightThreadTitle": "",
    "language": "english",
    "sentiment": "positive",
    "categories": [
        "Economy, Business and Finance",
        "Politics",
        "Human Interest"
    ],
    "topics": [
        "Economy, Business and Finance->business governance",
        "Economy, Business and Finance->healthcare industry",
        "Economy, Business and Finance->business service"
    ],
    "ai_allow": true,
    "has_canonical": false,
    "webz_reporter": false,
    "external_links": [],
    "external_images": [],
    "entities": {
        "persons": [
            {
                "name": "Nicole Ventrone",
                "sentiment": "none"
            },
            {
                "name": "Yair Markovits",
                "sentiment": "none"
            },
            {
                "name": "Vishal Singal",
                "sentiment": "none"
            }
        ],
        "organizations": [],
        "locations": [
            {
                "name": "IQVIA",
                "sentiment": "none"
            }
        ]
    },
    "syndication": {
        "syndicated": false,
        "syndicate_id": null,
        "first_syndicated": false
    },
    "rating": null,
    "crawled": "2024-12-20T00:39:56.499+02:00",
    "updated": "2024-12-20T00:39:56.499+02:00"
}