{
    "thread": {
        "uuid": "ad342480d322ff1f851f9b2646e7c12fdcc519d0",
        "url": "https://us.headtopics.com/news/treasury-secretary-vows-to-follow-the-money-of-antifa-74467630",
        "site_full": "us.headtopics.com",
        "site": "headtopics.com",
        "site_section": "https://us.headtopics.com/rss",
        "site_categories": [],
        "section_title": "Head Topics United States RSS Feed",
        "site_title": null,
        "title": "Treasury Secretary Vows to 'Follow the Money' of Antifa Funding",
        "title_full": "Treasury Secretary Vows to 'Follow the Money' of Antifa Funding",
        "published": "2025-10-16T13:39:15.441+03:00",
        "replies_count": 0,
        "participants_count": 1,
        "site_type": "news",
        "country": "TH",
        "main_image": "https://i.headtopics.com/images/2025/10/16/breitbartnews/treasury-secretary-vows-to-follow-the-money-of-ant-treasury-secretary-vows-to-follow-the-money-of-ant-C27D272D5E4A35E8590EE28CF0403B53.webp",
        "performance_score": 0,
        "domain_rank": 31087,
        "domain_rank_updated": "2025-10-13T00:00:00.000+03:00",
        "licensing_agency": [],
        "social": {
            "facebook": {
                "likes": 0,
                "comments": 0,
                "shares": 0
            },
            "vk": {
                "shares": 0
            }
        }
    },
    "uuid": "ad342480d322ff1f851f9b2646e7c12fdcc519d0",
    "url": "https://us.headtopics.com/news/treasury-secretary-vows-to-follow-the-money-of-antifa-74467630",
    "ord_in_thread": 0,
    "author": "HeadTopics.com",
    "published": "2025-10-16T13:39:15.441+03:00",
    "title": "Treasury Secretary Vows to 'Follow the Money' of Antifa Funding",
    "text": "U.S. Treasury Secretary Scott Bessent announced plans to investigate the funding sources of the left-wing Antifa group, which the Trump administration has designated as a domestic terrorist organization. The initiative aims to identify and cut off financial support from both domestic and potentially foreign sources, drawing parallels to the post-9/11 efforts to combat terrorism.\nU.S. Treasury Secretary Scott Bessent vowed to “follow the money” of those funding domestic terrorist groups like the left-wing Antifa . Bessent is nobody’s fool and is obviously not buying the latest lies coming from Democrats, the regime media, andObviously, there’s an Antifa .\nObviously, Antifa is well-funded and organized. Obviously, Antifa is a left-wing, domestic terrorist organization. And now, after the Trump Administration has correctly identified Antifa as a domestic terror organization, our very capable Treasury Secretary is raring to go:We have seen it. We have seen it since the terrible day two years ago , the antisemitism and the bias that came out after… Many of these organizations were financed by non-profits, and it’s gonna stop. And we are going to, as they always say, follow the money. When you see these groups where all the signs match, they have hundreds of the same umbrellas that they are using; after they cause the mayhem, they have the same lasers they are using to blind our police force… This takes a lot of money, it takes a lot of organization… We don’t know how much of this is being supported from overseas. We don’t know how much support is coming from U.S. non-profits… This is mission-critical for us now. Just like after 9/11 and Osama bin Laden… we are operationalizing this through Treasury, and we are going to track down who is responsible for this. Last week, President Trump held a roundtable meeting at the White House to discuss Antifa with those who have been reporting on the terror group for years. This included Seamus Bruner, the Director of Research at the Government Accountability Institute , whothe president, “We found a network of NGOs, it’s not just the Soros network, the Open Society Network. It’s other funding networks, the Arabella Funding Network, the Tides Funding Network, Neville Roy Singham and his network, foreign cash.”None of the media’s usual-usual media tricks and hoaxes has any effect on the Trump White House. In the past, by first protecting Antifa as a sacred cow and then pretending they don’t exist, that would’ve scared off a Republican administration from pursuing these animals. The Trump people cannot be manipulated and intimidated into believing their eyes are lying when it is glaringly obvious that 1) Antifa is a terrorist organization, 2) they are well organized, and 3) they are obviously well funded. Something Bessent didn’t mention was the pile of money it must take to keep bailing these terrorists out of prison. Democrats and the organized left, including media outlets like CNN and NBC, want Antifa out there on the streets. They see Antifa in the same way Hitler saw his Brownshirts— as valuable thugs who intimidate and terrorize to the benefit of their political agenda. The left’s ideas, policies, and results are such failures, gaslighting and violence are all they have left.Exposed: The CCP’s United Front Network in America’s Heartland, Part IIIReporters Turn in Their Badges over Recent Pentagon Press RulesExclusive: DHS Calls on Pritzker, Johnson to Condemn Bounties on Law Enforcement Agents Freed Hostage Rom Braslavski Tortured, Shackled, Starved, Pressured to Convert to Islam for Food, Refused to BreakTrump Tariff Triumph: Stellantis to Invest $13 Billion in Rust Belt, Bringing Overseas Production Back to U.S.Reporters Turn in Their Badges over Recent Pentagon Press Rules\nUnited States Latest News, United States Headlines\nSimilar News:You can also read news stories similar to this one that we have collected from other news sources.\nTrump Treasury Secretary Rages at China for Retaliating to His Boss’ ThreatsScott Bessent accused Beijing of wanting “to pull everybody else down with them” after the country’s rare earth mineral announcement.\nRead more »\nG-7 set to discuss joint response to China curbs on rare earthsTreasury Secretary Scott Bessent indicated the US would seek wider support beyond the G-7.\nRead more »\nFrom 1920s Italy to 1930s Palestine to 1980s Ska Scenes, Antifa Has Many FacesFearless Independent Journalism\nRead more »\n'Dr. Antifa's' Mediterranean move partially financed by fellow Rutgers professors, other American academicsFox News Channel offers its audiences in-depth news reporting, along with opinion and analysis encompassing the principles of free people, free markets and diversity of thought, as an alternative to the left-of-center offerings of the news marketplace.\nRead more »\nBradley Whitford says father fighting in WWII with fascism on the rise was 'Antifa'Fox News Channel offers its audiences in-depth news reporting, along with opinion and analysis encompassing the principles of free people, free markets and diversity of thought, as an alternative to the left-of-center offerings of the news marketplace.\nRead more »\nNolte: Treasury Sec. Scott Bessent Vows to Hunt Down Funders of Antifa’s Domestic TerrorismSource of breaking news and analysis, insightful commentary and original reporting, curated and written specifically for the new generation of independent and conservative thinkers.\nRead more »",
    "highlightText": "",
    "highlightTitle": "",
    "highlightThreadTitle": "",
    "language": "english",
    "sentiment": "negative",
    "categories": [
        "Crime, Law and Justice",
        "Politics"
    ],
    "topics": [
        "Crime, Law and Justice->crime",
        "Crime, Law and Justice->law enforcement",
        "Politics->political parties and movements",
        "Politics->government budget"
    ],
    "ai_allow": true,
    "has_canonical": false,
    "breaking": false,
    "webz_reporter": false,
    "external_links": [],
    "external_images": [],
    "internal_images": [],
    "entities": {
        "persons": [
            {
                "name": "Scott Bessent",
                "sentiment": "negative"
            }
        ],
        "locations": [],
        "organizations": [
            {
                "name": "Trump Administration",
                "sentiment": "none",
                "tickers": [
                    {
                        "ticker": null,
                        "exchange": null
                    }
                ]
            }
        ]
    },
    "syndication": {
        "syndicated": false,
        "syndicate_id": null,
        "first_syndicated": false
    },
    "trust": {
        "categories": [
            "fake_news"
        ],
        "top_news": [],
        "bias": "center",
        "source": {
            "type": null,
            "city": null,
            "state": null,
            "country": null,
            "domain_type": null,
            "agency": null,
            "organization_name": null
        }
    },
    "rating": null,
    "crawled": "2025-10-16T13:39:15.441+03:00",
    "updated": "2025-10-16T14:03:26.000+03:00"
}