{
    "thread": {
        "uuid": "360345c7f5790f78b830f91fa2d16bcbdc861823",
        "url": "https://www.indiatoday.in/india/story/pm-modi-frightened-of-trump-rahul-gandhi-takes-jab-after-us-presidents-claim-of-india-halting-russia-oil-buy-2803811-2025-10-16",
        "site_full": "www.indiatoday.in",
        "site": "indiatoday.in",
        "site_section": "https://www.indiatoday.in/rss/home",
        "site_categories": [
            "religion",
            "media",
            "catholicism",
            "top_news_in",
            "top_news_ph",
            "top_news_kw",
            "top_news_iq",
            "top_news_nz",
            "top_news_pk",
            "top_news_ae",
            "top_news_za",
            "top_news_qa",
            "top_news_sg",
            "top_news_sa",
            "top_news_my",
            "top_news"
        ],
        "section_title": "",
        "site_title": "Latest News, Breaking News Today - Entertainment, Cricket, Business, Politics - India Today",
        "title": "Frightened of Trump: Rahul Gandhi jabs PM over halt on Russia oil buys claim",
        "title_full": "Frightened of Trump: Rahul Gandhi jabs PM over halt on Russia oil buys claim",
        "published": "2025-10-16T06:55:00.000+03:00",
        "replies_count": 0,
        "participants_count": 1,
        "site_type": "news",
        "country": "IN",
        "main_image": "https://akm-img-a-in.tosshub.com/indiatoday/images/story/202510/pm-modi--rahul-gandhi-and-donald-trump-193710217-16x9.jpg?VersionId=XCj60VEYMbArIzRVWbFQBAG4E__UljNk",
        "performance_score": 4,
        "domain_rank": 3659,
        "domain_rank_updated": "2025-10-13T00:00:00.000+03:00",
        "licensing_agency": [],
        "social": {
            "facebook": {
                "likes": 46,
                "comments": 48,
                "shares": 16
            },
            "vk": {
                "shares": 0
            }
        }
    },
    "uuid": "360345c7f5790f78b830f91fa2d16bcbdc861823",
    "url": "https://www.indiatoday.in/india/story/pm-modi-frightened-of-trump-rahul-gandhi-takes-jab-after-us-presidents-claim-of-india-halting-russia-oil-buy-2803811-2025-10-16",
    "ord_in_thread": 0,
    "author": "@indiatoday",
    "published": "2025-10-16T06:55:00.000+03:00",
    "title": "Frightened of Trump: Rahul Gandhi jabs PM over halt on Russia oil buys claim",
    "text": "Frightened of Trump: Rahul Gandhi jabs PM over halt on Russia oil buys claim\nPM Modi frightened of Trump: Rahul Gandhi takes jab after US President's claim of India halting Russia oil buy\nPM Narendra Modi, Congress MP Rahul Gandhi and US President Donald Trump.\nCongress MP Rahul Gandhi on Thursday took a sharp dig at Prime Minister Narendra Modi, claiming he appeared \"frightened\" of US President Donald Trump after the American leader said Modi assured him that India would stop buying oil from Russia.\nTrump, speaking at the White House, said he had raised concerns with PM Modi about India's imports of Russian crude, which the US says fund President Vladimir Putin's war in Ukraine.\nadvertisement\n\"He (PM Narendra Modi) assured me today that they will not be buying oil from Russia. That's a big step,\" Trump said, adding that China should follow India's lead. He also called PM Modi \"a friend of mine\" and a close partner despite friction over energy policy.\n- Ends",
    "highlightText": "",
    "highlightTitle": "",
    "highlightThreadTitle": "",
    "language": "english",
    "sentiment": "negative",
    "categories": [
        "Politics",
        "War, Conflict and Unrest"
    ],
    "topics": [
        "Politics->international relations",
        "Politics->political campaigns",
        "War, Conflict and Unrest->cyber warfare"
    ],
    "ai_allow": true,
    "has_canonical": false,
    "breaking": true,
    "webz_reporter": false,
    "external_links": [],
    "external_images": [],
    "internal_images": [],
    "entities": {
        "persons": [],
        "locations": [],
        "organizations": []
    },
    "syndication": {
        "syndicated": false,
        "syndicate_id": null,
        "first_syndicated": false
    },
    "trust": {
        "categories": null,
        "top_news": [
            "top_news_in",
            "top_news_ph",
            "top_news_kw",
            "top_news_iq",
            "top_news_nz",
            "top_news_pk",
            "top_news_ae",
            "top_news_za",
            "top_news_qa",
            "top_news_sg",
            "top_news_sa",
            "top_news_my",
            "top_news"
        ],
        "bias": "center",
        "source": {
            "type": null,
            "city": null,
            "state": null,
            "country": null,
            "domain_type": null,
            "agency": null,
            "organization_name": null
        }
    },
    "rating": null,
    "crawled": "2025-10-16T07:09:44.090+03:00",
    "updated": "2025-10-17T08:08:53.000+03:00"
}