{
    "thread": {
        "uuid": "34784b07c8ebe7b21980caf224ad3beca77a00ec",
        "url": "http://www.aaj.tv/news/30487385",
        "site_full": "www.aaj.tv",
        "site": "aaj.tv",
        "site_section": "https://www.aaj.tv/videos",
        "site_categories": [
            "media"
        ],
        "section_title": "Videos - AAJ",
        "site_title": "Home - AAJ",
        "title": "Khyber Pakhtunkhwa CM furious over obstacles in meeting with founder - Aaj News Pakistan",
        "title_full": "Khyber Pakhtunkhwa CM furious over obstacles in meeting with founder - Aaj News Pakistan",
        "published": "2025-10-16T13:30:00.000+03:00",
        "replies_count": 0,
        "participants_count": 0,
        "site_type": "news",
        "country": "PK",
        "main_image": "https://i.ytimg.com/vi/eVbfjaEZqzA/maxresdefault.jpg",
        "performance_score": 0,
        "domain_rank": 182715,
        "domain_rank_updated": "2025-10-13T00:00:00.000+03:00",
        "licensing_agency": [],
        "social": {
            "facebook": {
                "likes": 0,
                "comments": 0,
                "shares": 0
            },
            "vk": {
                "shares": 0
            }
        }
    },
    "uuid": "34784b07c8ebe7b21980caf224ad3beca77a00ec",
    "url": "http://www.aaj.tv/news/30487385",
    "ord_in_thread": 0,
    "author": null,
    "published": "2025-10-16T13:30:00.000+03:00",
    "title": "Khyber Pakhtunkhwa CM furious over obstacles in meeting with founder - Aaj News Pakistan",
    "text": "Khyber Pakhtunkhwa CM furious over obstacles in meeting with founder - Aaj News Pakistan\nKhyber Pakhtunkhwa CM furious over obstacles in meeting with founder - Aaj News Pakistan",
    "highlightText": "",
    "highlightTitle": "",
    "highlightThreadTitle": "",
    "language": "english",
    "sentiment": "negative",
    "categories": [
        "Politics"
    ],
    "topics": [
        "Politics->heads of government"
    ],
    "ai_allow": true,
    "has_canonical": false,
    "breaking": false,
    "webz_reporter": false,
    "external_links": [],
    "external_images": [],
    "internal_images": [],
    "entities": {
        "persons": [],
        "locations": [],
        "organizations": [
            {
                "name": "Aaj News",
                "sentiment": "none",
                "tickers": [
                    {
                        "ticker": null,
                        "exchange": null
                    }
                ]
            }
        ]
    },
    "syndication": {
        "syndicated": false,
        "syndicate_id": null,
        "first_syndicated": false
    },
    "trust": {
        "categories": [],
        "top_news": [],
        "bias": null,
        "source": {
            "type": null,
            "city": null,
            "state": null,
            "country": null,
            "domain_type": null,
            "agency": null,
            "organization_name": null
        }
    },
    "rating": null,
    "crawled": "2025-10-16T13:41:33.664+03:00",
    "updated": "2025-10-16T13:56:39.000+03:00"
}