{
    "thread": {
        "uuid": "1df7f54002b0877299da7b0a53b450cbef8738bc",
        "url": "https://www.realclearmarkets.com/2025/10/16/trump_corruption_takes_center_stage_amid_the_shutdown_1141204.html",
        "site_full": "www.realclearmarkets.com",
        "site": "realclearmarkets.com",
        "site_section": "http://www.realclearmarkets.com/index.xml",
        "site_categories": [
            "uncategorized"
        ],
        "section_title": "RealClearMarkets - Homepage",
        "site_title": "RealClearMarkets - Opinion, News, Analysis, Video and Polls",
        "title": "Trump Corruption Takes Center Stage Amid the Shutdown",
        "title_full": "Trump Corruption Takes Center Stage Amid the Shutdown",
        "published": "2025-10-16T11:00:00.000+03:00",
        "replies_count": 0,
        "participants_count": 1,
        "site_type": "news",
        "country": "US",
        "main_image": "https://assets.realclear.com/images/69/693876_6_.jpg",
        "performance_score": 0,
        "domain_rank": 126678,
        "domain_rank_updated": "2025-10-13T00:00:00.000+03:00",
        "licensing_agency": [],
        "social": {
            "facebook": {
                "likes": 0,
                "comments": 0,
                "shares": 0
            },
            "vk": {
                "shares": 0
            }
        }
    },
    "uuid": "1df7f54002b0877299da7b0a53b450cbef8738bc",
    "url": "https://www.realclearmarkets.com/2025/10/16/trump_corruption_takes_center_stage_amid_the_shutdown_1141204.html",
    "ord_in_thread": 0,
    "author": "Rachel Maddow, MSNBC",
    "published": "2025-10-16T11:00:00.000+03:00",
    "title": "Trump Corruption Takes Center Stage Amid the Shutdown",
    "text": "Trump Corruption Takes Center Stage Amid the Shutdown\nRachel Maddow\nMSNBC October 16, 2025\nCNN\nThere’s a reason why every opposition movement to every authoritarian government focuses on the self-dealing and self-enrichment of the strongman leader.\nRead Full Article »\nComment\nShow comments\nHide Comments\nRelated Articles\nMarket Overview\nFinancial Markets\nby TradingView\nSearch Stock Quotes\nSponsored by",
    "highlightText": "",
    "highlightTitle": "",
    "highlightThreadTitle": "",
    "language": "english",
    "sentiment": "negative",
    "categories": [
        "Politics",
        "Crime, Law and Justice"
    ],
    "topics": [
        "Politics->political campaigns",
        "Politics->government",
        "Crime, Law and Justice->corruption"
    ],
    "ai_allow": true,
    "has_canonical": false,
    "breaking": null,
    "webz_reporter": false,
    "external_links": [],
    "external_images": [],
    "internal_images": [],
    "entities": {
        "persons": [
            {
                "name": "Rachel Maddow",
                "sentiment": "none"
            }
        ],
        "locations": [],
        "organizations": []
    },
    "syndication": {
        "syndicated": false,
        "syndicate_id": null,
        "first_syndicated": false
    },
    "trust": {
        "categories": [
            "trusted_news"
        ],
        "top_news": [],
        "bias": "center",
        "source": {
            "type": null,
            "city": null,
            "state": null,
            "country": null,
            "domain_type": null,
            "agency": null,
            "organization_name": null
        }
    },
    "rating": null,
    "crawled": "2025-10-16T13:52:54.746+03:00",
    "updated": "2025-10-16T14:05:34.000+03:00"
}