{
    "thread": {
        "uuid": "a3b60fd8f985952699a525202c12bf2a3382ba1d",
        "url": "https://www.eenews.net/articles/democrats-eye-challenge-to-doe-project-cuts/",
        "site_full": "www.eenews.net",
        "site": "eenews.net",
        "site_section": "https://news.google.com/search?q=by%20when%3A1h&hl=en-US&gl=US&ceid=US%3Aen",
        "site_categories": [
            "media"
        ],
        "section_title": "Google News - Search",
        "site_title": "E&amp;E News by POLITICO | Essential Energy and Environment News",
        "title": "Democrats eye challenge to DOE project cuts",
        "title_full": "Democrats eye challenge to DOE project cuts",
        "published": "2025-10-16T13:32:00.000+03:00",
        "replies_count": 0,
        "participants_count": 1,
        "site_type": "news",
        "country": "US",
        "main_image": "https://static.politico.com/dims4/default/55a1666/2147483647/resize/1200/quality/100/?url=https://static.politico.com/8d/79/2de5e9f24183850fa56a9048dec2/u-s-congress-37761.jpg",
        "performance_score": 0,
        "domain_rank": 25472,
        "domain_rank_updated": "2025-10-13T00:00:00.000+03:00",
        "licensing_agency": [],
        "social": {
            "facebook": {
                "likes": 0,
                "comments": 0,
                "shares": 0
            },
            "vk": {
                "shares": 0
            }
        }
    },
    "uuid": "a3b60fd8f985952699a525202c12bf2a3382ba1d",
    "url": "https://www.eenews.net/articles/democrats-eye-challenge-to-doe-project-cuts/",
    "ord_in_thread": 0,
    "author": "Kelsey Brugger, Nico Portuondo",
    "published": "2025-10-16T13:32:00.000+03:00",
    "title": "Democrats eye challenge to DOE project cuts",
    "text": "The top Democrat on the Senate Energy and Natural Resources Committee declared Wednesday that Energy Secretary Chris Wright has “effectively stolen funding for fully legally compliant energy projects” — and he’s getting his state’s attorney general involved.\nHeinrich’s comments are part of a chorus of condemnation against the cuts from Democrats. Republicans have also expressed concern about the future of ventures in their states.\n“I am apoplectic that this administration thinks that they can cancel fully executed contracts,” Sen. Martin Heinrich (D-N.M.) said in an interview Wednesday. “That is not legal and we should never accept it as normal.”\nHe also expressed “utter disappointment” that Wright gave Senate Democrats no warning the administration was on the verge of cancelling nearly $8 billion in green energy grants, mostly in blue states, even when a small group of them had lunch with him shortly before the news broke.\n“To say my level of frustration is high with the secretary right now would be an understatement,” Heinrich said in a phone interview.\n“I think the problem here is that these were by and large — the vast majority of these — were not conditionally approved projects. Most of them were fully executed contracts.”\nThe New Mexico Democrat encouraged other colleagues to also talk to their state AGs: “This represents breach of contract.”\nHeinrich’s remarks follow reporting about tensions within the administration about project cuts. Beyond the $8 billion, a list making the rounds on Capitol Hill and elsewhere in Washington suggested many more cancellations.\nOn Tuesday, several staffers and lobbyists told POLITICO’s E&E News that Wells Griffith, a DOE undersecretary, was no longer on the job but had yet to be fired.\nSen. John Hickenlooper (D-Colo.) — who was also at the lunch with Wright — said he thought the secretary has been in a “tough spot.”\nHickenlooper said the senators left with the impression many of the cancellations might not happen at all. “Then all of a sudden they came out the next day,” said Hickenlooper. “That’s got to make him feel a little awkward.”\nWhite House Office of Management and Budget Director Russ Vought first announced the cuts last month. He called the grants “Green New Scam funding.”\nAsked about Heinrich’s accusations of illegality, a DOE spokesperson said Wednesday: “Secretary Wright was clear: The Energy Department has conducted a thorough, case-by-case review of every award. The Secretary’s May memorandum formalized that process, establishing clear standards to safeguard taxpayer resources. The 321 awards terminated failed to meet the standards required to justify continued taxpayer investment and would have led to less reliable, more expensive energy.”\nRepublicans mobilize\nHeinrich said he hasn’t heard back from Wright since their lunch. Key Senate Republicans say they’re still in talks with DOE — and taking solace in small victories.\nSenate Environment and Public Works Chair Shelley Moore Capito (R-W.Va.) expressed cautious optimism that her state’s ARCH2 hydrogen hub, slated to receive $925 million, might be spared.\n“Uncertainty probably is not the best word at the moment — we’re moving forward,” Capito said. “The funds haven’t been cut yet, so we’re gonna take that as a win.” She also said she signed a letter to Wright expressing concern; her office did not make it public.\nEven Sen. Steve Daines (R-Mont.) — whose state’s PNW hydrogen hub was part of the initial list of projects that have already received official cancellation notices — said he felt the administration was receptive.\n“We have a hydrogen hub out in Montana, so I’m voicing that input back to the administration,” Daines said. “I feel like we’re always listened to. I can’t tell you how many times we pick up the phone and give them feedback.”\nSen. Jon Hoeven (R-N.D.) said: “I’m on the Energy Committee, and we have a very good relationship with DOE; we think that Chris Wright’s doing a great job. That’s how I approach it, and I would think that’s how others approach it.”\nReporters Amelia Davidson, Garrett Downs and Andy Picon contributed.\nThis story also appears in Energywire.",
    "highlightText": "",
    "highlightTitle": "",
    "highlightThreadTitle": "",
    "language": "english",
    "sentiment": "negative",
    "categories": [
        "Politics",
        "Environment"
    ],
    "topics": [
        "Politics->government budget",
        "Environment->energy resources"
    ],
    "ai_allow": true,
    "has_canonical": false,
    "breaking": true,
    "webz_reporter": false,
    "external_links": [
        "https://x.com/russvought/status/1973450301236715838",
        "https://subscriber.politicopro.com/article/eenews/2025/10/14/republicans-plead-with-doe-to-spare-green-energy-projects-00602923",
        "https://subscriber.politicopro.com/article/eenews/2025/10/15/insiders-top-doe-official-wells-griffith-sidelined-ee-00607897",
        "https://subscriber.politicopro.com/article/eenews/2025/10/14/doe-sends-notices-scrapping-7-5b-in-awards-00607891",
        "https://www.subscriber.politicopro.com/article/eenews/2025/10/14/doe-sends-notices-scrapping-7-5b-in-awards-00607891",
        "https://www.subscriber.politicopro.com/article/eenews/2025/10/15/insiders-top-doe-official-wells-griffith-sidelined-ee-00607897",
        "https://www.subscriber.politicopro.com/article/eenews/2025/10/14/republicans-plead-with-doe-to-spare-green-energy-projects-00602923",
        "https://www.x.com/russvought/status/1973450301236715838"
    ],
    "external_images": [],
    "internal_images": [],
    "entities": {
        "persons": [
            {
                "name": "Martin Heinrich",
                "sentiment": "none"
            },
            {
                "name": "Chris Wright",
                "sentiment": "none"
            }
        ],
        "locations": [],
        "organizations": [
            {
                "name": "Senate Energy and Natural Resources Committee",
                "sentiment": "neutral",
                "tickers": []
            }
        ]
    },
    "syndication": {
        "syndicated": false,
        "syndicate_id": null,
        "first_syndicated": false
    },
    "trust": {
        "categories": [],
        "top_news": [],
        "bias": null,
        "source": {
            "type": null,
            "city": null,
            "state": null,
            "country": null,
            "domain_type": null,
            "agency": null,
            "organization_name": null
        }
    },
    "rating": null,
    "crawled": "2025-10-16T13:53:38.408+03:00",
    "updated": "2025-10-16T14:13:28.000+03:00"
}