{
    "thread": {
        "uuid": "68081e01f4297d7d6931bfed8e396fa2a1c2b735",
        "url": "https://nypost.com/2024/11/29/opinion/bidens-cease-fire-in-lebanon-is-just-another-of-his-empty-successes",
        "site_full": "nypost.com",
        "site": "nypost.com",
        "site_section": "https://nypost.com/feed/",
        "site_categories": [
            "social",
            "top_news_pk",
            "top_news_gb",
            "top_news_il",
            "top_news_dk",
            "top_news_se",
            "top_news_nz",
            "top_news_au",
            "top_news_sg",
            "top_news_ie",
            "top_news_za",
            "top_news_ph",
            "top_news_us",
            "top_news_ca",
            "top_news_iq",
            "top_news_at",
            "top_news"
        ],
        "section_title": "New York Post",
        "title": "Biden’s cease-fire in Lebanon is just another of his empty ‘successes’",
        "title_full": "Biden’s cease-fire in Lebanon is just another of his empty ‘successes’",
        "published": "2024-11-29T22:45:00.000+02:00",
        "replies_count": 0,
        "participants_count": 1,
        "site_type": "news",
        "country": "US",
        "main_image": "https://nypost.com/wp-content/uploads/sites/2/2024/11/0200-gmt-wednesday-u-s-94380391.jpg?quality=75&#038;strip=all&#038;w=1024",
        "performance_score": 0,
        "domain_rank": 351,
        "domain_rank_updated": "2024-11-25T23:00:00.000+02:00",
        "social": {
            "facebook": {
                "likes": 0,
                "comments": 0,
                "shares": 0
            },
            "vk": {
                "shares": 0
            }
        }
    },
    "uuid": "68081e01f4297d7d6931bfed8e396fa2a1c2b735",
    "url": "https://nypost.com/2024/11/29/opinion/bidens-cease-fire-in-lebanon-is-just-another-of-his-empty-successes",
    "ord_in_thread": 0,
    "parent_url": null,
    "author": "Post Editorial Board Published Nov. 29, 2024, 3:45 p.m. ET A UN vehicle drives by destroyed buildings following the start of the ceasefire between Israel and Hezbollah. REUTERS With the IDF striking Thursday",
    "published": "2024-11-29T22:45:00.000+02:00",
    "title": "Biden’s cease-fire in Lebanon is just another of his empty ‘successes’",
    "text": "With the IDF striking Thursday against terrorists moving to launch another attack, the wheels are already coming off the supposed Israel-Hezbollah cease-fire .\nAnd predictably so, since (as with every Team Biden “success”) it’s far, far less than it seems — and significantly a gift to Iran.\nFirst, Hezbollah is not in fact part of the accord: It’s formally an agreement between the governments of Israel and Lebanon — the latter of which is a joke, an impotent bystander.\nWhat the deal envisions — both the IDF and Hezbollah pulling out of Lebanon south of the Litani River — was supposed to happen back in 2006 at the end of that Israel-Hez war; there was even a UN resolution (1701) saying so and declaring a “permanent ceasefire.”\nIsrael pulled out; Hezbollah never did. Indeed, it dug in deeper — literally so, with a network of terror tunnels far larger than Hamas’ excavations in Gaza.\nAnd Hez has launched sporadic attacks on Israel out of south Lebanon ever since, with the rocket and missile fire alone spiking up to the thousands after Hamas’ Oct. 7, 2023, terror invasion.\nExplore More We should be thankful that the future is in Trump's hands — and not Harris' Justin Trudeau dances while Montreal burns with Jew-hatred Bravo to the brave women athletes who are standing up to trans madness The United Nations left enforcement of 1701 to the Lebanese government, which then as now couldn’t sneeze without Hezbollah’s permission, and to UNIFIL — the UN peacekeeping force that’s done absolutely nothing to keep the peace in Lebanon for decades .\nAnd those same toothless marvels are now in charge of enforcing the Biden “achievement,” though now the United States and maybe France promise to monitor compliance.\nNot that either Washington or Paris will send in troops to enforce compliance.\nOK, Hezbollah has a veto over anything Beirut does, so Lebanon’s agreement indicates some Hez buy-in.\nAfter all, the terror group’s masters in Iran put out the word that Hezbollah should agree to a cease-fire well before Biden and his envoys set out to produce one.\nThe IDF has devastated the terror group and its assets these last two months, among other things, taking out so many Hezbollah leaders that the fighters on the ground are likely on their own, with limited if any communications with the higher-ups in Beirut and Tehran.\nIran wanted a cease-fire to end the destruction of its proxies.\nIsrael, meanwhile, might have wanted to settle for the gains it’s made so far (and certainly has little appetite for fully conquering Lebanon to “finish off” the terror group) and focus on getting the remaining hostages back from Hamas.\nBut reports out of Israel are that Israeli Prime Minister Benjamin Netanyahu is claiming that Biden’s diplomats left him no choice: If he didn’t agree to this deal, Washington would cut off weapons shipments to Jerusalem even though it’s at war on seven fronts with Iran and its proxies.\nThat’s entirely believable, since the prez would like to leave office on a high note — and his minions immediately turned to pushing Israel for another cease-fire with Hamas.\nBiden wants to be able to claim he left a peace behind, so Democrats can blame any return to hostilities on Team Trump.\nIn other words, it’s all about building a “narrative,” not about addressing any of the grim realities on the ground, especially not Iran’s role as the master and funder of Hezbollah and Hamas, as well as of the Houthis in Yemen and other “death to Israel” forces in Syria and Iraq.\nWhich makes it a textbook “success” not just for Biden, but for the entire modern Democratic Party: No wonder they keep losing.",
    "highlightText": "",
    "highlightTitle": "",
    "highlightThreadTitle": "",
    "language": "english",
    "sentiment": "negative",
    "categories": [
        "Politics",
        "War, Conflict and Unrest",
        "Social Issue"
    ],
    "topics": null,
    "ai_allow": true,
    "canonical": false,
    "webz_reporter": false,
    "external_links": [],
    "external_images": [],
    "entities": {
        "persons": [],
        "organizations": [],
        "locations": []
    },
    "syndication": {
        "syndicated": false,
        "syndicate_id": null,
        "first_syndicated": false
    },
    "rating": null,
    "crawled": "2024-11-30T00:00:08.097+02:00",
    "updated": "2024-11-30T05:45:33.631+02:00"
}