{
    "thread": {
        "uuid": "bd7a5902a6187660276c54ed75aaddb19aa7a1d1",
        "url": "https://www.bransontrilakesnews.com/news/national/image_5ca43056-6e6d-5612-8b80-1a92be9d28dc.html",
        "site_full": "www.bransontrilakesnews.com",
        "site": "bransontrilakesnews.com",
        "site_section": "https://www.bransontrilakesnews.com/search/?f=rss&amp",
        "site_categories": [],
        "section_title": "www.bransontrilakesnews.com - RSS Results",
        "title": "Iranian Foreign Minister Abbas Araghchi has warned that frustration over stumbling negotiations with the West is fuelling debate in Tehran over whether the country should alter its nuclear policy | National | bransontrilakesnews.com",
        "title_full": "Iranian Foreign Minister Abbas Araghchi has warned that frustration over stumbling negotiations with the West is fuelling debate in Tehran over whether the country should alter its nuclear policy | National | bransontrilakesnews.com",
        "published": "2024-11-29T07:00:00.000+02:00",
        "replies_count": 0,
        "participants_count": 1,
        "site_type": "news",
        "country": "US",
        "main_image": "https://bloximages.chicago2.vip.townnews.com/bransontrilakesnews.com/content/tncms/assets/v3/editorial/5/ca/5ca43056-6e6d-5612-8b80-1a92be9d28dc/6749f737c01a4.image.jpg?crop=341%2C341%2C85%2C0&amp;resize=200%2C200&amp;order=crop%2Cresize",
        "performance_score": 0,
        "domain_rank": 107561,
        "domain_rank_updated": "2024-11-25T23:00:00.000+02:00",
        "social": {
            "facebook": {
                "likes": 0,
                "comments": 0,
                "shares": 0
            },
            "vk": {
                "shares": 0
            }
        }
    },
    "uuid": "bd7a5902a6187660276c54ed75aaddb19aa7a1d1",
    "url": "https://www.bransontrilakesnews.com/news/national/image_5ca43056-6e6d-5612-8b80-1a92be9d28dc.html",
    "ord_in_thread": 0,
    "parent_url": null,
    "author": "Atta KENARE",
    "published": "2024-11-29T07:00:00.000+02:00",
    "title": "Iranian Foreign Minister Abbas Araghchi has warned that frustration over stumbling negotiations with the West is fuelling debate in Tehran over whether the country should alter its nuclear policy | National | bransontrilakesnews.com",
    "text": "Iranian Foreign Minister Abbas Araghchi has warned that frustration over stumbling negotiations with the West is fuelling debate in Tehran over whether the country should alter its nuclear policy - Atta KENARE - Updated [0](/news/national/image_5ca43056-6e6d-5612-8b80-1a92be9d28dc.html#comments) Tags As featured on Iran, Britain, France and Germany agreed to continue diplomatic talks following a discreet meeting Friday touching on Tehran's nuclear programme, amid surging tensions even before Donald Trump's return to the White House. Post a comment as anonymous Report Watch this discussion. Stop watching this discussion. (0) comments Welcome to the discussion. Keep it Clean. Please avoid obscene, vulgar, lewd, racist or sexually-oriented language. PLEASE TURN OFF YOUR CAPS LOCK. Don't Threaten. Threats of harming another person will not be tolerated. Be Truthful. Don't knowingly lie about anyone or anything. Be Nice. No racism, sexism or any sort of -ism that is degrading to another person. Be Proactive. Use the 'Report' link on each comment to let us know of abusive posts. Share with Us. We'd love to hear eyewitness accounts, the history behind an article. Newsletters Success! An email has been sent to with a link to confirm list signup. Error! There was an error processing your request. News Updates Would you like to receive our daily news? Signup today! Most Popular Articles [Man wanted in connection with violent Branson robbery](/news/local/article_0deb7f2e-ac11-11ef-9d14-6f7d2834d2c1.html)[Road closure scheduled near Reeds Spring](/news/local/article_e036150a-a902-11ef-8f28-0f84e7df7811.html)[Study of traffic patterns shows no significant decreases](/news/local/article_2614ee60-aa99-11ef-9f82-63902e591e6b.html)[Table Rock Career Center opens classes to students throughout area](/news/local/article_175f5410-a903-11ef-8a16-e73cc373b947.html)[The Big Ass Stadium Tour is coming to Thunder Ridge](/entertainment/article_5984d6c8-aa96-11ef-80de-2f44436a03af.html)[Firefighters called to a house fire in Hollister](/news/article_94d205ba-abfa-11ef-9c1e-57c1330df193.html)[Latest Branson tax revenue reports show growth](/news/local/article_1c8abeaa-ac11-11ef-ba3e-fb7092d48855.html)[Christmas in Branson more Duttony than usual this year](/entertainment/article_f0a41c3e-a696-11ef-8186-7f659ba659ae.html)[Economic impact of sports complex discussed in study](/news/local/article_bd8c384e-aa98-11ef-8681-dbf35a2f1383.html)[City contacting homeowners about water lines](/news/local/article_da56b0e6-aa96-11ef-9e35-5b1358b60c04.html) Images Videos Sorry, there are no recent results for popular videos.",
    "highlightText": "",
    "highlightTitle": "",
    "highlightThreadTitle": "",
    "language": "english",
    "sentiment": "negative",
    "categories": [
        "Politics",
        "War, Conflict and Unrest",
        "Social Issue"
    ],
    "topics": null,
    "ai_allow": false,
    "canonical": false,
    "webz_reporter": false,
    "external_links": [],
    "external_images": [],
    "entities": {
        "persons": [
            {
                "name": "Abbas Araghchi",
                "sentiment": "none"
            },
            {
                "name": "Donald Trump",
                "sentiment": "none"
            }
        ],
        "organizations": [],
        "locations": [
            {
                "name": "Tehran",
                "sentiment": "none"
            }
        ]
    },
    "syndication": {
        "syndicated": false,
        "syndicate_id": null,
        "first_syndicated": false
    },
    "rating": null,
    "crawled": "2024-11-30T00:56:39.415+02:00",
    "updated": "2024-11-30T00:56:39.415+02:00"
}