{
    "thread": {
        "uuid": "7530decb7bc3e365f98874a3e8926ec7b3d931fb",
        "url": "https://canadians.org/analysis/what-does-ultra-low-voter-turnout-mean",
        "site_full": "canadians.org",
        "site": "canadians.org",
        "site_section": "https://www.canadians.org",
        "site_categories": [
            "politics",
            "law_government_and_politics"
        ],
        "section_title": "The Council of Canadians &#8211; People. Planet. Democracy.",
        "title": "What does ultra-low voter turnout mean?",
        "title_full": "What does ultra-low voter turnout mean?",
        "published": "2024-11-29T19:10:00.000+02:00",
        "replies_count": 0,
        "participants_count": 1,
        "site_type": "news",
        "country": "CA",
        "main_image": "",
        "performance_score": 0,
        "domain_rank": 43205,
        "domain_rank_updated": "2024-11-25T23:00:00.000+02:00",
        "social": {
            "facebook": {
                "likes": 0,
                "comments": 0,
                "shares": 0
            },
            "vk": {
                "shares": 0
            }
        }
    },
    "uuid": "7530decb7bc3e365f98874a3e8926ec7b3d931fb",
    "url": "https://canadians.org/analysis/what-does-ultra-low-voter-turnout-mean",
    "ord_in_thread": 0,
    "parent_url": null,
    "author": "Angela Giles",
    "published": "2024-11-29T19:10:00.000+02:00",
    "title": "What does ultra-low voter turnout mean?",
    "text": "If the Nova Scotia election results are any indication, the federal Liberals are in trouble. Despite setting a fixed election date for July 2025, PC Premier Tim Houston called a snap election for Tuesday, November 26th, and for anyone who isn’t Tim Houston and his PC party, the results are dire. They seem to reflect the sense that many working-class Canadians have that conservatives are more attuned to – or at least better at communicating about – the day-to-day struggle of making ends meet.\nThis election saw the lowest voter turnout in Nova Scotia history, with only 45 per cent of registered voters turning up to cast a ballot. About 58,000 fewer people voted in this election than in 2021, despite the overall population growing during that time.\nThe PCs swept the legislature increasing their seat count from 31 to 47. The Liberals experienced a stunning collapse, falling from 17 seats to only two, propelling the NDP under Claudia Chender into official opposition with nine seats. It’s a major victory for Chender, who will become Nova Scotia’s first female opposition leader. Not to mention a victory for the NDP, which has been relegated to third-party status since Premier Darrell Dexter’s government lost to the PCs in 2013 but the PCs supermajority means the years ahead will severely limit the opposition’s power.\nIt’s worth mentioning that had proportional representation been in place, the seat distribution would have been quite different, with the Liberals being the official opposition (PCs 52.8%, NDP 22.3% and Liberals 22.9%). Independent Elizabeth Smith-McCrossin, who was kicked out of the PC caucus in 2021 due to her role in a convoy protest , maintained her seat in Cumberland North, making her the first independent to win in back-to-back elections in the province. Read more about the results from CBC here or see their interactive map here .\nMajor election issues centred around cost of living and health care – check out this CBC report card on the party platforms as they relate to the main election issues. Council chapters in NS continued to promote their key issues with local candidates, including the Coastal Protection Act, by creating and sharing a list of questions for candidates that community members were welcome to use whenever the opportunity arose.\ncontinued below\nStay in touch with the Atlantic region of the Council of Canadians The results show conservatives are doing a better job of presenting themselves as the party that can address the cost of living crisis. A recent panel from the Council of Canadians called The Many Can Defeat the Money ( read more and watch the recording here ) discusses how it’s people power, not political parties, that are best suited to rise up to the challenges of corporate capture, profiteering, and predatory fossil fuel capitalism that are the real drivers of the economic suffering so many Canadians are experiencing right now.\nThe PCs’ resounding victory is not a sign that conservatives are best able to address rising costs of housing, groceries, and medication, it’s an indicator that the political left has not put forward a compelling progressive case for a more just and fair economy. This is evidenced by the fact that 58,000 fewer people voted in this election than in 2021, and while the Progressive Conservatives did gain about 24,000 new votes, the Liberals and NDP lost about 73,000 and 9,000 votes respectively. Going forward, it’s critical that left organizations like the Council of Canadians, and left political actors put forward persuasive, economically grounded policy proposals.\nAs we head into a federal election, our messaging must be aspirational and achievable. The many can defeat the money, but to do that, we have to beat the conservatives at the messaging game and inspire people to vote.\nAngela Giles\nAngela Giles is the Atlantic regional organizer for the Council of Canadians and an avid surfer.",
    "highlightText": "",
    "highlightTitle": "",
    "highlightThreadTitle": "",
    "language": "english",
    "sentiment": "negative",
    "categories": [
        "Politics",
        "Social Issue"
    ],
    "topics": null,
    "ai_allow": true,
    "canonical": false,
    "webz_reporter": false,
    "external_links": [
        "https://actionnetwork.org/css/style-embed-v3.css",
        "https://newsinteractives.cbc.ca/elections/nova-scotia/2024/results/#/",
        "https://www.cbc.ca/news/canada/nova-scotia/elizabeth-smith-mccrossin-progressive-conservatives-1.6078399",
        "https://www.cbc.ca/news/canada/nova-scotia/nova-scotia-election-results-nov-26-2024-1.7393824",
        "https://newsinteractives.cbc.ca/features/2024/nova-scotia-party-platforms/#intro",
        "https://actionnetwork.org/widgets/v5/form/stay-in-touch-with-the-atlantic-region-of-the-council-of-canadians?format=js&source=widget",
        "https://www.actionnetwork.org/css/style-embed-v3.css",
        "https://cbc.ca/news/canada/nova-scotia/nova-scotia-election-results-nov-26-2024-1.7393824",
        "https://cbc.ca/news/canada/nova-scotia/elizabeth-smith-mccrossin-progressive-conservatives-1.6078399",
        "https://www.newsinteractives.cbc.ca/elections/nova-scotia/2024/results/#/",
        "https://www.actionnetwork.org/widgets/v5/form/stay-in-touch-with-the-atlantic-region-of-the-council-of-canadians?format=js&source=widget",
        "https://actionnetwork.org/widgets/v5/form/stay-in-touch-with-the-atlantic-region-of-the-council-of-canadians",
        "https://www.newsinteractives.cbc.ca/features/2024/nova-scotia-party-platforms/#intro",
        "https://newsinteractives.cbc.ca/elections/nova-scotia/2024/results/#"
    ],
    "external_images": [],
    "entities": {
        "persons": [
            {
                "name": "Claudia Chender",
                "sentiment": "none"
            },
            {
                "name": "Tim Houston",
                "sentiment": "none"
            }
        ],
        "organizations": [
            {
                "name": "NDP",
                "sentiment": "none"
            }
        ],
        "locations": []
    },
    "syndication": {
        "syndicated": false,
        "syndicate_id": null,
        "first_syndicated": false
    },
    "rating": null,
    "crawled": "2024-11-30T00:34:16.194+02:00",
    "updated": "2024-11-30T00:34:16.194+02:00"
}