{
    "thread": {
        "uuid": "56fb380dd8f7f2bd040704615e0df8d2f13d61cb",
        "url": "https://beforeitsnews.com/economy/2024/11/democrat-pitches-secession-where-new-york-3-more-states-would-join-canada-to-resist-donald-trump-3125597.html",
        "site_full": "beforeitsnews.com",
        "site": "beforeitsnews.com",
        "site_section": "https://beforeitsnews.com/economy",
        "site_categories": [
            "media"
        ],
        "section_title": "ECONOMY | Before It's News",
        "title": "Democrat Pitches Secession Where New York, 3 More States Would Join Canada to Resist Donald Trump | Economy | Before It's News",
        "title_full": "Democrat Pitches Secession Where New York, 3 More States Would Join Canada to Resist Donald Trump | Economy | Before It's News",
        "published": "2024-11-29T22:46:00.000+02:00",
        "replies_count": 0,
        "participants_count": 1,
        "site_type": "news",
        "country": "US",
        "main_image": "https://beforeitsnews.com/img/v3/no-img.png",
        "performance_score": 0,
        "domain_rank": 5354,
        "domain_rank_updated": "2024-11-25T23:00:00.000+02:00",
        "social": {
            "facebook": {
                "likes": 0,
                "comments": 0,
                "shares": 0
            },
            "vk": {
                "shares": 0
            }
        }
    },
    "uuid": "56fb380dd8f7f2bd040704615e0df8d2f13d61cb",
    "url": "https://beforeitsnews.com/economy/2024/11/democrat-pitches-secession-where-new-york-3-more-states-would-join-canada-to-resist-donald-trump-3125597.html",
    "ord_in_thread": 0,
    "parent_url": null,
    "author": "@beforeitsnews",
    "published": "2024-11-29T22:46:00.000+02:00",
    "title": "Democrat Pitches Secession Where New York, 3 More States Would Join Canada to Resist Donald Trump | Economy | Before It's News",
    "text": "Democrat Pitches Secession Where New York, 3 More States Would Join Canada to Resist Donald Trump\nby Nick Gilberson, Breitbart: A Democrat state lawmaker in New York is calling for a coalition of northeast states to secede from the Union and join Canada because President-elect Donald Trump is returning to the White House. State Sen. Liz Krueger (D-28), who is also floating a scheme to withhold upwards of $300 billion in […]\nSource:\n[https://www.sgtreport.com/2024/11/democrat-pitches-secession-where-new-york-3-more-states-would-join-canada-to-resist-donald-trump/](/v3/r2/?url=aHR0cHM6Ly93d3cuc2d0cmVwb3J0LmNvbS8yMDI0LzExL2RlbW9jcmF0LXBpdGNoZXMtc2VjZXNzaW9uLXdoZXJlLW5ldy15b3JrLTMtbW9yZS1zdGF0ZXMtd291bGQtam9pbi1jYW5hZGEtdG8tcmVzaXN0LWRvbmFsZC10cnVtcC8=)\nAnyone can\n[join](/v3/login/new/).\nAnyone can contribute.\nAnyone can become informed about their world.\n\"United We Stand\"\n[Click Here](/v3/login/new/)To Create Your Personal\n[Citizen Journalist](/v3/login/new/)Account Today, Be Sure To Invite Your Friends.\n[Before It’s News® is a community of individuals who report on what’s going on around them, from all around the world.\nAnyone can join.\nAnyone can contribute.\nAnyone can become informed about their world.\n\"United We Stand\" Click Here To Create Your Personal Citizen Journalist Account Today, Be Sure To Invite Your Friends.](https://www.herbanomic.com/product-page/lion-s-mane-whole-mind-nootropic-blend)\nLION'S MANE PRODUCT\n[Try Our Lion’s Mane WHOLE MIND Nootropic Blend 60 Capsules](http://www.herbanomic.com/product-page/lion-s-mane-whole-mind-nootropic-blend)\nMushrooms are having a moment. One fabulous fungus in particular, lion’s mane, may help improve memory, depression and anxiety symptoms. They are also an excellent source of nutrients that show promise as a therapy for dementia, and other neurodegenerative diseases. If you’re living with anxiety or depression, you may be curious about all the therapy options out there — including the natural ones.Our [Lion’s Mane WHOLE MIND Nootropic Blend](http://www.herbanomic.com/product-page/lion-s-mane-whole-mind-nootropic-blend) has been formulated to utilize the potency of Lion’s mane but also include the benefits of four other Highly Beneficial Mushrooms. Synergistically, they work together to Build your health through improving cognitive function and immunity regardless of your age. Our Nootropic not only improves your Cognitive Function and Activates your Immune System, but it benefits growth of Essential Gut Flora, further enhancing your Vitality.\nOur Formula includes:\nLion’s Mane Mushrooms which Increase Brain Power through nerve growth, lessen anxiety, reduce depression, and improve concentration. Its an excellent adaptogen, promotes sleep and improves immunity.\nShiitake Mushrooms which Fight cancer cells and infectious disease, boost the immune system, promotes brain function, and serves as a source of B vitamins.\nMaitake Mushrooms which regulate blood sugar levels of diabetics, reduce hypertension and boosts the immune system.\nReishi Mushrooms which Fight inflammation, liver disease, fatigue, tumor growth and cancer. They Improve skin disorders and soothes digestive problems, stomach ulcers and leaky gut syndrome.\nChaga Mushrooms which have anti-aging effects, boost immune function, improve stamina and athletic performance, even act as a natural aphrodisiac, fighting diabetes and improving liver function.\n[Try Our Lion’s Mane WHOLE MIND Nootropic Blend 60 Capsules](http://www.herbanomic.com/product-page/lion-s-mane-whole-mind-nootropic-blend) Today. Be 100% Satisfied or Receive a Full Money Back Guarantee. Order Yours Today by [Following This Link](http://www.herbanomic.com/product-page/lion-s-mane-whole-mind-nootropic-blend).",
    "highlightText": "",
    "highlightTitle": "",
    "highlightThreadTitle": "",
    "language": "english",
    "sentiment": "negative",
    "categories": [
        "Politics",
        "Social Issue",
        "War, Conflict and Unrest"
    ],
    "topics": null,
    "ai_allow": true,
    "canonical": false,
    "webz_reporter": false,
    "external_links": [
        "https://www.herbanomic.com/product-page/lion-s-mane-whole-mind-nootropic-blend",
        "http://www.herbanomic.com/product-page/lion-s-mane-whole-mind-nootropic-blend",
        "http://herbanomic.com/product-page/lion-s-mane-whole-mind-nootropic-blend",
        "https://herbanomic.com/product-page/lion-s-mane-whole-mind-nootropic-blend"
    ],
    "external_images": [],
    "entities": {
        "persons": [
            {
                "name": "Donald Trump",
                "sentiment": "negative"
            },
            {
                "name": "Nick Gilberson",
                "sentiment": "none"
            },
            {
                "name": "Liz Krueger",
                "sentiment": "none"
            },
            {
                "name": "Breitbart",
                "sentiment": "none"
            }
        ],
        "organizations": [],
        "locations": []
    },
    "syndication": {
        "syndicated": false,
        "syndicate_id": null,
        "first_syndicated": false
    },
    "rating": null,
    "crawled": "2024-11-30T01:06:52.858+02:00",
    "updated": "2024-11-30T01:06:52.858+02:00"
}