{
    "thread": {
        "uuid": "f20fdea9008fdc5d0653ea652dd2a1b1404361ac",
        "url": "https://news24online.com/world/bangladesh-financial-authorities-freezes-bank-accounts-of-17-individuals-linked-to-iskcon-including-chinmoy-krishna-das/394300",
        "site_full": "news24online.com",
        "site": "news24online.com",
        "site_section": "https://www.news24online.com",
        "site_categories": [
            "media"
        ],
        "section_title": "News24: Get Breaking News, Latest News, India News &amp; Updates",
        "title": "Bangladesh: Financial Authorities Freezes Bank Accounts Of 17 Individuals Linked To ISKCON, Including Chinmoy Krishna Das",
        "title_full": "Bangladesh: Financial Authorities Freezes Bank Accounts Of 17 Individuals Linked To ISKCON, Including Chinmoy Krishna Das",
        "published": "2024-11-29T20:46:00.000+02:00",
        "replies_count": 0,
        "participants_count": 1,
        "site_type": "news",
        "country": "IN",
        "main_image": "",
        "performance_score": 0,
        "domain_rank": 91349,
        "domain_rank_updated": "2024-11-25T23:00:00.000+02:00",
        "social": {
            "facebook": {
                "likes": 0,
                "comments": 0,
                "shares": 0
            },
            "vk": {
                "shares": 0
            }
        }
    },
    "uuid": "f20fdea9008fdc5d0653ea652dd2a1b1404361ac",
    "url": "https://news24online.com/world/bangladesh-financial-authorities-freezes-bank-accounts-of-17-individuals-linked-to-iskcon-including-chinmoy-krishna-das/394300",
    "ord_in_thread": 0,
    "parent_url": null,
    "author": "Astitva Raj",
    "published": "2024-11-29T20:46:00.000+02:00",
    "title": "Bangladesh: Financial Authorities Freezes Bank Accounts Of 17 Individuals Linked To ISKCON, Including Chinmoy Krishna Das",
    "text": "Financial authorities in Bangladesh on Friday ordered the bans and financial institutions to freeze the account of 17 people who are associated with ISKCON, this includes the former member of ISKCON Chinmoy Krishna Das. The order for freezing the bank accounts is for 30 days, as per media reports.\nBangladesh Financial Intelligence Unit (BFIU) has issued a directive on Thursday to suspend all transaction for these accounts, as reported by Prothom Alo.\nFurther the BFIU has asked the banks to give the account information which will have transaction records of 17 people. They have asked the banks to provide these reports within three working days, as per reports.\nThis step from them came after the Bangladesh High Court dismissed the petition which was seeking ban on ISKCON.\nMEA Spokesperson Randhir Jaiswal’s Statement On Bangladesh Situation MEA Spokesperson Randhir Jaiswal stated that, “”India has consistently and strongly raised with the Bangladesh government the threats and targeted attacks on Hindus and other minorities. We made our position very clear as far as the situation of Hindus and minorities in Bangladesh is concerned. The interim government must live up to its responsibility of protecting all minorities. We are concerned about the surge of extremist rhetoric, increasing incidents of violence and provocation. These developments cannot be dismissed only as media exaggerations. We once again call upon Bangladesh to take all steps for the protection of minorities and safeguarding their interests.”\nISKCON On Chinmoy Krishna Das ISKCON on Thursday showed their support to priest Chinmoy Krishna Das, who was arrested on charges of sedition for allegedly raising a flag on a stand displaying Bangladesh’s national flag. They mentioned on their X handle, saying, “Iskcon,Inc. stands with Sri Chinmoy Krishna Das. Our prayers to Lord Krishna for the protection of all these devotees.”\nIskcon,Inc. stands with Sri Chinmoy Krishna Das. Our prayers to Lord Krishna for the protection of all these devotees.\n— Iskcon,Inc. (@IskconInc) November 28, 2024\nAlso Read: Israel And Lebanon Exchange Blame Over Ceasefire Violation After Israeli Strike On Hezbollah Facility",
    "highlightText": "",
    "highlightTitle": "",
    "highlightThreadTitle": "",
    "language": "english",
    "sentiment": "negative",
    "categories": [
        "Crime, Law and Justice",
        "Politics",
        "Social Issue"
    ],
    "topics": null,
    "ai_allow": true,
    "canonical": false,
    "webz_reporter": false,
    "external_links": [
        "https://twitter.com/IskconInc/status/1862133717776679209?ref_src=twsrc%5Etfw",
        "https://twitter.com/IskconInc/status/1862133717776679209",
        "https://www.twitter.com/IskconInc/status/1862133717776679209?ref_src=twsrc%5Etfw"
    ],
    "external_images": [],
    "entities": {
        "persons": [],
        "organizations": [],
        "locations": []
    },
    "syndication": {
        "syndicated": false,
        "syndicate_id": null,
        "first_syndicated": false
    },
    "rating": null,
    "crawled": "2024-11-30T00:02:32.870+02:00",
    "updated": "2024-11-30T00:02:32.870+02:00"
}