{
    "thread": {
        "uuid": "e74b86137e9305eeacc3bf15c5448ac150e9d78f",
        "url": "https://www.airandspaceforces.com/support-nato-reaches-new-high-reagan-institute-polling/",
        "site_full": "www.airandspaceforces.com",
        "site": "airandspaceforces.com",
        "site_section": "https://news.google.com/search?q=in%20when%3A1h&hl=en-US&gl=US&ceid=US%3Aen",
        "site_categories": [],
        "section_title": "Google News - Search",
        "site_title": "Home | Air &amp; Space Forces Magazine",
        "title": "Support for NATO Reaches New High in Reagan Institute Polling",
        "title_full": "Support for NATO Reaches New High in Reagan Institute Polling",
        "published": "2025-12-04T07:02:00.000+02:00",
        "replies_count": 0,
        "participants_count": 1,
        "site_type": "news",
        "country": "US",
        "main_image": "https://www.airandspaceforces.com/app/uploads/2025/12/9363963.jpg",
        "performance_score": 0,
        "domain_rank": 37550,
        "domain_rank_updated": "2025-11-30T23:00:00.000+02:00",
        "licensing_agency": [],
        "social": {
            "facebook": {
                "likes": 0,
                "comments": 0,
                "shares": 0
            },
            "vk": {
                "shares": 0
            }
        }
    },
    "uuid": "e74b86137e9305eeacc3bf15c5448ac150e9d78f",
    "url": "https://www.airandspaceforces.com/support-nato-reaches-new-high-reagan-institute-polling/",
    "ord_in_thread": 0,
    "author": "Chris Gordon",
    "published": "2025-12-04T07:02:00.000+02:00",
    "title": "Support for NATO Reaches New High in Reagan Institute Polling",
    "text": "Dec. 4, 2025 | By Chris Gordon\nShare Article Audio of this article is brought to you by the Air & Space Forces Association, honoring and supporting our Airmen, Guardians, and their families. Find out more at afa.org\nMore than three-fourths of Americans would support using force to support NATO’s collective defense, according to the Ronald Reagan Institute ’s latest annual National Defense Survey.\n“Around the world, Americans want to reinforce, not retreat from, U.S. global interests and commitments,” the Reagan Institute wrote in an analysis of its results. “Support for aiding Ukraine and defending Taiwan has grown, along with approval of NATO and Article V commitments. Americans see alliances as important to U.S. security, even as many also favor a greater focus on the Western Hemisphere and securing the homeland.”\nThe report comes as the Pentagon prepares to unveil its new National Defense Strategy, the lodestar for multiyear planning. It is expected to emphasize security in the Western Hemisphere, homeland defense, and actions in the Indo-Pacific to deter China. The Pentagon recently said it would remove a combat brigade from the southeastern flank of NATO, and the strategy is expected to stress that European nations should take the lead role in defending the continent .\nThat would mark a departure from the Biden administration’s strategy and that of the first Trump administration, rolled out in 2018, which introduced the concept of “great power competition” with China and Russia.\nA plurality of poll respondents—44 percent—said the U.S. military should be sized such that it is large enough to win separate wars against China and Russia simultaneously, up slightly from last year. A further 20 percent of respondents said the U.S. should be able to win a war against China and one with a smaller adversary such as Iran or North Korea at the same time. Just 11 percent favor a military focused mainly on the Western Hemisphere.\n“It wasn’t intuitive to me that this is where the American people would land on this question, but it’s quite clear that they think we should be able to address two areas at the same time,” said Roger Zakheim , the director of Reagan Institute, and a former Pentagon official and Congressional staffer. “It’s quite significant in my mind, as we engage and learn about what the Trump administration’s National Defense Strategy will or will not be.”\nThe survey questioned 2,507 U.S. adults in late October to early November selected by a bipartisan group of polling firms.\nThe Trump administration has argued that European countries should pay more for their own defense has stopped footing the bill for weapons transfers to Ukraine, although it does allow NATO allies to purchase weapons for Ukraine and has signed foreign military sales contracts with European nations.\nNATO allies, concerned about Russia’s aggression in Ukraine and responding to American pressure, have pledged increased defense spending. At the alliance’s annual meeting in June, NATO members pledged to invest 5 percent of gross domestic product on defense and national security by 2035.\nThat pledge appears to have influenced attitudes in the U.S., where 68 percent of Americans now report a favorable view of NATO, the highest percentage since the survey began in 2018. And 76 percent of Americans would support the U.S. military coming to the defense of a NATO ally under the treaty’s Article V collective defense clause.\nSupport for Ukraine is also high, as it has been in years past. A majority of Americans—62 percent overall– want Ukraine to prevail over Russia. Broken down by political party, 57 percent of Republicans back Ukraine, while Kyiv has support from 72 percent of Democrats\nA majority of Americans would favor providing U.S. military support to Ukraine: 64 percent said they support sending U.S. weapons to Ukraine, a nine-point increase in the past year. Approval rises to 68 percent when Europeans are footing the bill for American weapons for Ukraine.\nThe majority favor giving Ukraine long-range strike capabilities, with 65 percent in favor providing Ukraine with Tomahawk cruise missiles, a step President Trump has considered but not taken so far.\nIf a ceasefire were reached, support for Ukraine’s long-term security, backed by the U.S. and European allies, is strong. Sixty-nine percent of respondents favor an Article V-like arrangement for Ukraine. Just under three-fourths of Americans—74 percent—said they would support a European-led peacekeeping force on the ground, backed by the U.S. airpower.\n“Together, these findings show that Americans’ bipartisan commitment to Ukraine has strengthened over the past year,” the Reagan Institute analysis states. “The public favors a strategy that combines sustained U.S. support, European burden-sharing, and credible deterrence over territorial concessions or premature disengagement.”\nGrowing support for U.S. allies extends to Asia, with 60 percent of Americans in support of the U.S. military defending Taiwan in case of an invasion by China. That’s up significantly from last year, when just 48 percent were in favor.\n“Our findings show that Americans want the United States to lead globally, maintain a military strong enough to deter authoritarian adversaries, and stand by allies who are on the front lines of defending freedom,” the Institute concluded. Audio of this article is brought to you by the Air & Space Forces Association, honoring and supporting our Airmen, Guardians, and their families. Find out more at afa.org\nNational Security",
    "highlightText": "",
    "highlightTitle": "",
    "highlightThreadTitle": "",
    "language": "english",
    "sentiment": "positive",
    "categories": [
        "Politics"
    ],
    "topics": [
        "Politics->international relations"
    ],
    "ai_allow": true,
    "has_canonical": false,
    "breaking": true,
    "webz_reporter": false,
    "external_links": [
        "https://www.reaganfoundation.org/reagan-institute",
        "https://www.reaganfoundation.org/about-us/executive-team/roger-zakheim",
        "https://www.linkedin.com/shareArticle?url=https%3A%2F%2Fwww.airandspaceforces.com%2Fsupport-nato-reaches-new-high-reagan-institute-polling%2F&title=Support+for+NATO+Reaches+New+High+in+Reagan+Institute+Polling&summary=More+than+three-fourths+of+Americans+would+support+using+force+to+support+NATO%E2%80%99s+collective+defense%2C+according+to+the+Ronald+Reagan+Institute%E2%80%99s+latest+annual+National+Defense+Survey.+The+report+comes+as+the+Pentagon+prepares+to+unveil+its+new+National+Defense+Strategy%2C+the+lodes",
        "https://www.reddit.com/submit?url=https%3A%2F%2Fwww.airandspaceforces.com%2Fsupport-nato-reaches-new-high-reagan-institute-polling%2F&title=Support+for+NATO+Reaches+New+High+in+Reagan+Institute+Polling",
        "https://www.facebook.com/sharer/sharer.php?u=https%3A%2F%2Fwww.airandspaceforces.com%2Fsupport-nato-reaches-new-high-reagan-institute-polling%2F",
        "https://bsky.app/intent/compose?text=Support+for+NATO+Reaches+New+High+in+Reagan+Institute+Polling%20https%3A%2F%2Fwww.airandspaceforces.com%2Fsupport-nato-reaches-new-high-reagan-institute-polling%2F",
        "https://twitter.com/intent/tweet?url=https%3A%2F%2Fwww.airandspaceforces.com%2Fsupport-nato-reaches-new-high-reagan-institute-polling%2F&text=Support+for+NATO+Reaches+New+High+in+Reagan+Institute+Polling",
        "https://bsky.app/intent/compose",
        "https://reddit.com/submit?url=https%3A%2F%2Fwww.airandspaceforces.com%2Fsupport-nato-reaches-new-high-reagan-institute-polling%2F&title=Support+for+NATO+Reaches+New+High+in+Reagan+Institute+Polling",
        "https://facebook.com/sharer/sharer.php?u=https%3A%2F%2Fwww.airandspaceforces.com%2Fsupport-nato-reaches-new-high-reagan-institute-polling%2F",
        "https://twitter.com/intent/tweet",
        "https://www.linkedin.com/shareArticle",
        "https://www.twitter.com/intent/tweet?url=https%3A%2F%2Fwww.airandspaceforces.com%2Fsupport-nato-reaches-new-high-reagan-institute-polling%2F&text=Support+for+NATO+Reaches+New+High+in+Reagan+Institute+Polling",
        "https://www.bsky.app/intent/compose?text=Support+for+NATO+Reaches+New+High+in+Reagan+Institute+Polling%20https%3A%2F%2Fwww.airandspaceforces.com%2Fsupport-nato-reaches-new-high-reagan-institute-polling%2F",
        "https://www.facebook.com/sharer/sharer.php",
        "https://reaganfoundation.org/about-us/executive-team/roger-zakheim",
        "https://www.reddit.com/submit",
        "https://linkedin.com/shareArticle?url=https%3A%2F%2Fwww.airandspaceforces.com%2Fsupport-nato-reaches-new-high-reagan-institute-polling%2F&title=Support+for+NATO+Reaches+New+High+in+Reagan+Institute+Polling&summary=More+than+three-fourths+of+Americans+would+support+using+force+to+support+NATO%E2%80%99s+collective+defense%2C+according+to+the+Ronald+Reagan+Institute%E2%80%99s+latest+annual+National+Defense+Survey.+The+report+comes+as+the+Pentagon+prepares+to+unveil+its+new+National+Defense+Strategy%2C+the+lodes",
        "https://reaganfoundation.org/reagan-institute"
    ],
    "external_images": [],
    "internal_images": [],
    "entities": {
        "persons": [
            {
                "name": "Chris Gordon",
                "sentiment": "neutral"
            }
        ],
        "locations": [
            {
                "name": "Western Hemisphere",
                "sentiment": "none"
            }
        ],
        "organizations": [
            {
                "name": "Reagan Institute Polling",
                "sentiment": "negative",
                "tickers": []
            },
            {
                "name": "NATO",
                "sentiment": "negative",
                "tickers": [
                    {
                        "ticker": null,
                        "exchange": null
                    }
                ]
            },
            {
                "name": "Ronald Reagan Institute",
                "sentiment": "none",
                "tickers": []
            },
            {
                "name": "Forces Association",
                "sentiment": "none",
                "tickers": []
            }
        ]
    },
    "syndication": {
        "syndicated": false,
        "syndicate_id": null,
        "first_syndicated": false
    },
    "trust": {
        "categories": [],
        "top_news": [],
        "bias": null,
        "source": {
            "type": null,
            "city": null,
            "state": null,
            "country": null,
            "domain_type": null,
            "agency": null,
            "organization_name": null
        }
    },
    "rating": null,
    "crawled": "2025-12-04T07:10:00.396+02:00",
    "updated": "2025-12-04T15:55:57.158+02:00"
}