{
    "thread": {
        "uuid": "62110287f03d8a348cfc48ac12747a0ecf5afbc5",
        "url": "https://www.sunstar.com.ph/pampanga/5-pampanga-lgus-named-peace-markers-champions",
        "site_full": "www.sunstar.com.ph",
        "site": "sunstar.com.ph",
        "site_section": "https://world.einnews.com/ajax/headlines",
        "site_categories": [
            "media",
            "top_news_ph",
            "top_news"
        ],
        "section_title": "",
        "site_title": "SunStar Philippines - Latest Philippine Community News, Cebuano Stories, Bisaya News and Information",
        "title": "5 Pampanga LGUs named PEACE Markers Champions",
        "title_full": "5 Pampanga LGUs named PEACE Markers Champions",
        "published": "2025-12-04T10:58:00.000+02:00",
        "replies_count": 0,
        "participants_count": 1,
        "site_type": "news",
        "country": "PH",
        "main_image": "https://media.assettype.com/sunstar%2F2025-12-04%2Fuodebxiu%2FPEACE.jpg?w=1200&amp;ar=40%3A21&amp;auto=format%2Ccompress&amp;ogImage=true&amp;mode=crop&amp;enlarge=true&amp;overlay=false&amp;overlay_position=bottom&amp;overlay_width=100",
        "performance_score": 0,
        "domain_rank": 47354,
        "domain_rank_updated": "2025-11-30T23:00:00.000+02:00",
        "licensing_agency": [],
        "social": {
            "facebook": {
                "likes": 0,
                "comments": 0,
                "shares": 0
            },
            "vk": {
                "shares": 0
            }
        }
    },
    "uuid": "62110287f03d8a348cfc48ac12747a0ecf5afbc5",
    "url": "https://www.sunstar.com.ph/pampanga/5-pampanga-lgus-named-peace-markers-champions",
    "ord_in_thread": 0,
    "author": "Princess Clea Arcellaz",
    "published": "2025-12-04T10:58:00.000+02:00",
    "title": "5 Pampanga LGUs named PEACE Markers Champions",
    "text": "Five local government units (LGUs) in Pampanga were recognized as 2025 PEACE Markers Champions.\nThe awarding was held during the joint fourth quarter meeting of the Provincial Peace and Order Council (PPOC) on Wednesday, December 3, 2025.\nThe event was spearheaded by Governor Lilia Pineda and Vice Governor Dennis Pineda, the Provincial Anti-Drug Abuse Council (PADAC), and the Provincial Task Force to End Local Communist Armed Conflict (PTF-ELCAC).\nArayat emerged as the top awardee of the 2025 PEACE Marker.\nIt was followed by Magalang in second place, Sasmuan in third, Mabalacat City in fourth, and Sta. Rita in fifth.\nMyra Soriano, director of the Department of the Interior and Local Government (DILG) Pampanga, said the recognition aims to honor LGUs that have demonstrated exemplary performance in implementing peace and order and public safety programs in their respective towns and cities.\nShe added that it also highlights the province’s efforts to strengthen peace, order, and community resilience as the year comes to a close.\nDuring the meeting, representatives from the Pampanga Provincial Police Office (PPPO), Philippine Drug Enforcement Agency (PDEA) Pampanga, Bureau of Fire Protection (BFP) Pampanga, and the Armed Forces of the Philippines (AFP) also delivered their quarterly reports.\nThey presented updates on crime statistics, the illegal drug situation, barangay drug-clearing accomplishments, fire safety developments, and assessments of internal peace and security.",
    "highlightText": "",
    "highlightTitle": "",
    "highlightThreadTitle": "",
    "language": "english",
    "sentiment": "positive",
    "categories": [
        "Politics"
    ],
    "topics": [
        "Politics->local government and authority"
    ],
    "ai_allow": true,
    "has_canonical": false,
    "breaking": true,
    "webz_reporter": false,
    "external_links": [],
    "external_images": [],
    "internal_images": [],
    "entities": {
        "persons": [
            {
                "name": "Dennis Pineda",
                "sentiment": "none"
            },
            {
                "name": "Lilia Pineda",
                "sentiment": "none"
            },
            {
                "name": "Myra Soriano",
                "sentiment": "none"
            }
        ],
        "locations": [
            {
                "name": "Pampanga",
                "sentiment": "none"
            },
            {
                "name": "City",
                "sentiment": "none"
            }
        ],
        "organizations": [
            {
                "name": "Provincial Peace and Order Council",
                "sentiment": "none",
                "tickers": []
            },
            {
                "name": "Provincial Task Force",
                "sentiment": "none",
                "tickers": []
            }
        ]
    },
    "syndication": {
        "syndicated": false,
        "syndicate_id": null,
        "first_syndicated": false
    },
    "trust": {
        "categories": [],
        "top_news": [
            "top_news_ph",
            "top_news"
        ],
        "bias": null,
        "source": {
            "type": null,
            "city": null,
            "state": null,
            "country": null,
            "domain_type": null,
            "agency": null,
            "organization_name": null
        }
    },
    "rating": null,
    "crawled": "2025-12-04T11:15:51.927+02:00",
    "updated": "2025-12-04T11:24:39.000+02:00"
}