{
    "thread": {
        "uuid": "b52091b0f84946fa23e1a3d54e96e3a3d780869d",
        "url": "https://news-pravda.com/usa/2025/12/04/1909887.html",
        "site_full": "news-pravda.com",
        "site": "news-pravda.com",
        "site_section": "https://news-pravda.com/rss.xml",
        "site_categories": [],
        "section_title": "Pravda EN",
        "site_title": "Pravda - Breaking News, World News and Videos",
        "title": "NEW:. Maduro confirms Trump call and says it was 'RESPECTFUL, even cordial' 'Steps being taken toward respectful dialogue between states' He welcomes diplomacy 'because we will always seek peace' @Megatron_ron",
        "title_full": "NEW:. Maduro confirms Trump call and says it was 'RESPECTFUL, even cordial' 'Steps being taken toward respectful dialogue between states' He welcomes diplomacy 'because we will always seek peace' @Megatron_ron",
        "published": "2025-12-04T10:02:00.000+02:00",
        "replies_count": 0,
        "participants_count": 0,
        "site_type": "news",
        "country": "FR",
        "main_image": "https://news-pravda.com/img/20251204/0c1a6ae7ba1427cf588c721999469548_o.jpg",
        "performance_score": 0,
        "domain_rank": 69329,
        "domain_rank_updated": "2025-11-30T23:00:00.000+02:00",
        "licensing_agency": [],
        "social": {
            "facebook": {
                "likes": 0,
                "comments": 0,
                "shares": 0
            },
            "vk": {
                "shares": 0
            }
        }
    },
    "uuid": "b52091b0f84946fa23e1a3d54e96e3a3d780869d",
    "url": "https://news-pravda.com/usa/2025/12/04/1909887.html",
    "ord_in_thread": 0,
    "author": null,
    "published": "2025-12-04T10:02:00.000+02:00",
    "title": "NEW:. Maduro confirms Trump call and says it was 'RESPECTFUL, even cordial' 'Steps being taken toward respectful dialogue between states' He welcomes diplomacy 'because we will always seek peace' @Megatron_ron",
    "text": "NEW:. Maduro confirms Trump call and says it was 'RESPECTFUL, even cordial' 'Steps being taken toward respectful dialogue between states' He welcomes diplomacy 'because we will always seek peace' @Megatron_ron\nNEW:\nMaduro confirms Trump call and says it was 'RESPECTFUL, even cordial'\n'Steps being taken toward respectful dialogue between states'\nHe welcomes diplomacy 'because we will always seek peace'",
    "highlightText": "",
    "highlightTitle": "",
    "highlightThreadTitle": "",
    "language": "english",
    "sentiment": "positive",
    "categories": [
        "Politics"
    ],
    "topics": [
        "Politics->international relations",
        "Politics->diplomacy"
    ],
    "ai_allow": true,
    "has_canonical": false,
    "breaking": false,
    "webz_reporter": false,
    "external_links": [],
    "external_images": [],
    "internal_images": [],
    "entities": {
        "persons": [
            {
                "name": "Maduro",
                "sentiment": "negative"
            }
        ],
        "locations": [],
        "organizations": []
    },
    "syndication": {
        "syndicated": false,
        "syndicate_id": null,
        "first_syndicated": false
    },
    "trust": {
        "categories": [],
        "top_news": [],
        "bias": null,
        "source": {
            "type": null,
            "city": null,
            "state": null,
            "country": null,
            "domain_type": null,
            "agency": null,
            "organization_name": null
        }
    },
    "rating": null,
    "crawled": "2025-12-04T10:11:58.983+02:00",
    "updated": "2025-12-04T10:14:32.000+02:00"
}