{
    "thread": {
        "uuid": "68c925a95a206aff2a1bfdfa854b68ed1fa027da",
        "url": "https://thesun.my/news/malaysia-news/people-issues/parliament-passes-immigration-and-passport-amendments-for-enhanced-border-security/",
        "site_full": "thesun.my",
        "site": "thesun.my",
        "site_section": "https://thesun.my/",
        "site_categories": [],
        "section_title": "The Sun Malaysia | Latest Trending News: National, World and Viral",
        "site_title": "theSun | Malaysia News: National, World, Viral &amp; Free ePaper",
        "title": "Parliament passes immigration and passport amendments for enhanced border security",
        "title_full": "Parliament passes immigration and passport amendments for enhanced border security",
        "published": "2025-12-04T15:04:00.000+02:00",
        "replies_count": 0,
        "participants_count": 1,
        "site_type": "news",
        "country": "MY",
        "main_image": "https://thesun.my/wp-content/uploads/2025/12/Shamsul_Anuar_Nasarah-1-1.webp",
        "performance_score": 0,
        "domain_rank": 40174,
        "domain_rank_updated": "2025-11-30T23:00:00.000+02:00",
        "licensing_agency": [],
        "social": {
            "facebook": {
                "likes": 0,
                "comments": 0,
                "shares": 0
            },
            "vk": {
                "shares": 0
            }
        }
    },
    "uuid": "68c925a95a206aff2a1bfdfa854b68ed1fa027da",
    "url": "https://thesun.my/news/malaysia-news/people-issues/parliament-passes-immigration-and-passport-amendments-for-enhanced-border-security/",
    "ord_in_thread": 0,
    "author": "@thesundaily",
    "published": "2025-12-04T15:04:00.000+02:00",
    "title": "Parliament passes immigration and passport amendments for enhanced border security",
    "text": "Dewan Rakyat approves new laws to implement advance passenger screening and biometric systems, aiming to strengthen border control and streamline processes\nKUALA LUMPUR: The Dewan Rakyat has passed the Immigration (Amendment) Bill 2025 and the Passports (Amendment) Bill 2025.\nDeputy Home Minister Datuk Seri Dr Shamsul Anuar Nasarah said the new laws will implement an Advance Passenger Screening System (APSS) and full biometric data integration.\nHe stated these measures will enable authorities to screen travellers 72 hours before their arrival in Malaysia.\n“The implementation of APSS will also help reduce counter-setting issues and simplify processes involving human interaction,” Shamsul Anuar said during the debate winding-up.\nHe added that all collected data will be stored solely for immigration purposes and is protected under existing privacy laws.\nThe amendments aim to align border control with international security standards to address emerging threats.\nA key objective is introducing provisions for automated systems and controlling entry and exit by train.\nShamsul Anuar said the Passports Act amendments complement the changes to the Immigration Act.\nThey are designed to expedite processes using biometrics, automated gates, and QR codes without compromising security.\nThe measures also aim to improve service quality and reduce congestion at immigration counters.\nA consequential amendment requires every person entering or leaving Malaysia to be examined by an officer or an automated system. – Bernama",
    "highlightText": "",
    "highlightTitle": "",
    "highlightThreadTitle": "",
    "language": "english",
    "sentiment": "positive",
    "categories": [
        "Crime, Law and Justice",
        "Politics"
    ],
    "topics": [
        "Crime, Law and Justice->law enforcement",
        "Crime, Law and Justice->data breach",
        "Politics->government",
        "Politics->legislative body",
        "Politics->safety of citizens"
    ],
    "ai_allow": true,
    "has_canonical": false,
    "breaking": null,
    "webz_reporter": false,
    "external_links": [],
    "external_images": [],
    "internal_images": [],
    "entities": {
        "persons": [
            {
                "name": "Shamsul Anuar",
                "sentiment": "none"
            }
        ],
        "locations": [],
        "organizations": []
    },
    "syndication": {
        "syndicated": false,
        "syndicate_id": null,
        "first_syndicated": false
    },
    "trust": {
        "categories": [],
        "top_news": [],
        "bias": null,
        "source": {
            "type": null,
            "city": null,
            "state": null,
            "country": null,
            "domain_type": null,
            "agency": null,
            "organization_name": null
        }
    },
    "rating": null,
    "crawled": "2025-12-04T16:20:11.776+02:00",
    "updated": "2025-12-04T16:21:44.000+02:00"
}