{
    "thread": {
        "uuid": "1af697e63861a53d425ef95a3295d114c82b8ee5",
        "url": "https://news.westoxon.gov.uk/news/more-support-for-low-income-households-through-council-tax-support-scheme-updates",
        "site_full": "news.westoxon.gov.uk",
        "site": "westoxon.gov.uk",
        "site_section": "https://news.google.com/search?q=through%20when%3A1h&hl=en-US&gl=US&ceid=US%3Aen",
        "site_categories": [],
        "section_title": "Google News - Search",
        "site_title": null,
        "title": "More support for low-income households through Council Tax Support scheme updates | West Oxfordshire District Council News",
        "title_full": "More support for low-income households through Council Tax Support scheme updates | West Oxfordshire District Council News",
        "published": "2025-12-04T02:00:00.000+02:00",
        "replies_count": 0,
        "participants_count": 0,
        "site_type": "news",
        "country": "GB",
        "main_image": "https://cdn.prgloo.com/media/ebccff5093a4448cb5b2d086d35c888f.jpg?width=968&amp;height=1452",
        "performance_score": 0,
        "domain_rank": 545430,
        "domain_rank_updated": "2025-11-30T23:00:00.000+02:00",
        "licensing_agency": [],
        "social": {
            "facebook": {
                "likes": 0,
                "comments": 0,
                "shares": 0
            },
            "vk": {
                "shares": 0
            }
        }
    },
    "uuid": "1af697e63861a53d425ef95a3295d114c82b8ee5",
    "url": "https://news.westoxon.gov.uk/news/more-support-for-low-income-households-through-council-tax-support-scheme-updates",
    "ord_in_thread": 0,
    "author": null,
    "published": "2025-12-04T02:00:00.000+02:00",
    "title": "More support for low-income households through Council Tax Support scheme updates | West Oxfordshire District Council News",
    "text": "More support for low-income households through Council Tax Support scheme updates\nWest Oxfordshire District Council has agreed changes to its Council Tax Support (CTS) scheme from 2026 to make sure people on low incomes continue to get the help they need.\nThe Council Tax Support (CTS) scheme helps reduce the amount of Council Tax that people on low incomes have to pay. The proposed update would raise income bands by 3.5% or in line with benefit increases. This will ensure that people don’t lose the support they rely on simply because of small inflation-related changes in their income.\nCouncillor Alaric Smith, Executive Member for Finance, said: “We know many people in our district are still facing the cost-of-living pressures caused by price-inflation outpacing wage inflation in many of the last few years. By reviewing and updating the scheme, we’re making sure we keep up with inflation and protect support for those who need it most. It’s one of the ways we’re working to ease the burden many households face and help families manage their household bills.”\nWithout this change, wage increases expected in 2026 could push some households into higher payment bands and reduce the support they currently receive. The Council’s plans aim to prevent this from happening.\nThe Council is also proposing to carry over more than £78,000 from its Hardship Fund to ensure extra help remains available for those who need it most. Alongside this financial support, council officers will continue working closely with residents, helping them to manage bills, apply for benefits, and connect with other local services that can offer further assistance.\nThe updates are part of the Council’s ongoing commitment to putting residents first, responding to the cost of living crisis and enabling everyone in West Oxfordshire to have a good quality of life.\nOn Wednesday 3 December, Full Council approved the proposed changes to the CTS scheme. The changes will come into effect from April 2026 and will mean that most people will stay in their current support band. This means no one will lose out, and many residents will be protected from higher bills.\nFor more information about Council Tax Support and help with household finances, visit: www.westoxon.gov.uk/counciltax\nContact Information\nWest Oxfordshire District Council Communications Team\nNotes to editors\nYou can read the full report here.",
    "highlightText": "",
    "highlightTitle": "",
    "highlightThreadTitle": "",
    "language": "english",
    "sentiment": "positive",
    "categories": [
        "Politics",
        "Social Issue"
    ],
    "topics": [
        "Politics->local government policy",
        "Social Issue->welfare",
        "Social Issue->social services"
    ],
    "ai_allow": true,
    "has_canonical": false,
    "breaking": null,
    "webz_reporter": false,
    "external_links": [],
    "external_images": [],
    "internal_images": [],
    "entities": {
        "persons": [
            {
                "name": "Alaric Smith",
                "sentiment": "none"
            }
        ],
        "locations": [],
        "organizations": []
    },
    "syndication": {
        "syndicated": false,
        "syndicate_id": null,
        "first_syndicated": false
    },
    "trust": {
        "categories": [],
        "top_news": [],
        "bias": null,
        "source": {
            "type": "gov_news",
            "city": null,
            "state": null,
            "country": null,
            "domain_type": null,
            "agency": null,
            "organization_name": null
        }
    },
    "rating": null,
    "crawled": "2025-12-04T10:30:49.260+02:00",
    "updated": "2025-12-04T10:34:22.000+02:00"
}