{
    "thread": {
        "uuid": "672759926d6a01b047ec103a7f0f828cf38c17ec",
        "url": "https://conservativeinstitute.org/conservative-news/matt-van-epps-secures-victory-in-tennessees-7th-district-special-election.htm",
        "site_full": "conservativeinstitute.org",
        "site": "conservativeinstitute.org",
        "site_section": "https://conservativeinstitute.org/",
        "site_categories": [],
        "section_title": "Home - Conservative Institute",
        "site_title": "Home - Conservative Institute",
        "title": "Matt Van Epps secures victory in Tennessee's 7th District special election - Conservative Institute",
        "title_full": "Matt Van Epps secures victory in Tennessee's 7th District special election - Conservative Institute",
        "published": "2025-12-04T07:04:00.000+02:00",
        "replies_count": 0,
        "participants_count": 1,
        "site_type": "news",
        "country": "US",
        "main_image": "https://conservativeinstitute.org/wp-content/uploads/2021/06/donald_trump_0629.jpg",
        "performance_score": 0,
        "domain_rank": 188955,
        "domain_rank_updated": "2025-11-30T23:00:00.000+02:00",
        "licensing_agency": [],
        "social": {
            "facebook": {
                "likes": 0,
                "comments": 0,
                "shares": 0
            },
            "vk": {
                "shares": 0
            }
        }
    },
    "uuid": "672759926d6a01b047ec103a7f0f828cf38c17ec",
    "url": "https://conservativeinstitute.org/conservative-news/matt-van-epps-secures-victory-in-tennessees-7th-district-special-election.htm",
    "ord_in_thread": 0,
    "author": "Benjamin Clark",
    "published": "2025-12-04T07:04:00.000+02:00",
    "title": "Matt Van Epps secures victory in Tennessee's 7th District special election - Conservative Institute",
    "text": "Matt Van Epps secures victory in Tennessee’s 7th District special election\nIn a decisive triumph for conservatives, Republican Matt Van Epps clinched the special election for Tennessee’s 7th Congressional District on Tuesday night, reinforcing the GOP’s grip on a key House seat, Breitbart reported.\nThis contest, pitting Van Epps against Democrat Aftyn Behn, filled the vacancy left by former Rep. Mark Green, R-Tenn., who stepped down for a private sector role.\nThe road to this election began when Green’s resignation created an unexpected opening, prompting a swift call for a special vote to maintain representation for the district.\nVan Epps Champions Republican House Majority\nVan Epps, a staunch Republican, didn’t shy away from highlighting the stakes during his campaign, framing the race as a linchpin for GOP control in Congress.\n“This is a critical election for the balance of power in the House for Republicans to hold the majority,” Van Epps declared on Breitbart News Daily. Well, he wasn’t wrong—every seat counts when the margin is razor-thin, and Tennessee’s 7th just became a brick in the conservative wall.\nAdding fuel to his campaign, President Donald Trump took to Truth Social, rallying supporters with a clear directive: “[I call for] all America First Patriots in Tennessee’s 7th Congressional District to please GET OUT AND VOTE” for Van Epps. Talk about a heavyweight endorsement—Trump’s nod likely spurred many to the polls.\nBehn’s Campaign Raises Eyebrows with Rhetoric\nOn the other side, Democrat Aftyn Behn brought a progressive perspective that sparked plenty of discussion, if not outright skepticism, among conservative voters.\nIn a 2020 podcast appearance on “Grits,” Behn mused about reproductive policies, saying, “I think as an organizer and as an activist, we really have an opportunity here in this country to talk about what type of progressive policies we want to see as young women.” Fair enough, but her next point about “collective bargaining” for those who can give birth—regardless of gender—might leave traditionalists scratching their heads over what exactly that entails.\nBehn continued, noting how such leverage could shape family policies, referencing a book titled “Birth Strike.” While innovative to some, this kind of language often feels detached from the everyday concerns of Tennessee families who prioritize jobs and security over abstract social theories.\nTransgender Advocacy Shapes Behn’s Narrative\nBehn’s platform also touched on deeply personal issues, particularly after the tragic March 2023 shooting at The Covenant School in Nashville, where she and her family extended sympathies to the transgender community.\nDuring a July 2023 candidate forum, Behn revealed her partner “has a trans son,” shedding light on her personal connection to transgender advocacy. Her empathy is understandable, but for many conservatives, the focus on identity politics can overshadow broader community healing after such a devastating event.\nShe added that post-shooting revelations about the shooter’s identity led her to join discussions with transgender activists statewide who feared for their safety. While fear is a valid human response, some might argue this emphasis risks diverting attention from addressing root causes like mental health or school security.\nElection Outcome Reinforces Conservative Values\nWhen the votes were tallied on Tuesday night, the outcome was clear, with election analyst Dave Wasserman of the Cook Political Report calling the race in Van Epps’ favor.\nFor conservatives, this victory isn’t just a win for Van Epps but a signal that Tennessee’s 7th District remains a stronghold for traditional values over progressive experimentation. It’s a polite reminder to the left that not every district is ready to embrace a sweeping social agenda.\nAs the dust settles, Van Epps prepares to take his place in Congress, carrying the hopes of constituents who value a steady hand over ideological overreach. Here’s to hoping he delivers on the trust placed in him—and keeps that House majority intact.",
    "highlightText": "",
    "highlightTitle": "",
    "highlightThreadTitle": "",
    "language": "english",
    "sentiment": "positive",
    "categories": [
        "Politics"
    ],
    "topics": [
        "Politics->election"
    ],
    "ai_allow": true,
    "has_canonical": false,
    "breaking": false,
    "webz_reporter": false,
    "external_links": [
        "https://www.breitbart.com/politics/2025/12/02/republican-matt-van-epps-wins-special-election-for-tennessees-seventh-congressional-district3156852/",
        "https://breitbart.com/politics/2025/12/02/republican-matt-van-epps-wins-special-election-for-tennessees-seventh-congressional-district3156852/",
        "https://www.breitbart.com/politics/2025/12/02/republican-matt-van-epps-wins-special-election-for-tennessees-seventh-congressional-district3156852"
    ],
    "external_images": [],
    "internal_images": [],
    "entities": {
        "persons": [
            {
                "name": "Matt Van Epps",
                "sentiment": "none"
            },
            {
                "name": "Aftyn Behn",
                "sentiment": "none"
            },
            {
                "name": "Mark Green",
                "sentiment": "none"
            }
        ],
        "locations": [],
        "organizations": [
            {
                "name": "Conservative Institute",
                "sentiment": "none",
                "tickers": []
            },
            {
                "name": "Breitbart News Daily",
                "sentiment": "none",
                "tickers": []
            },
            {
                "name": "Congress",
                "sentiment": "none",
                "tickers": [
                    {
                        "ticker": null,
                        "exchange": null
                    }
                ]
            },
            {
                "name": "House",
                "sentiment": "none",
                "tickers": [
                    {
                        "ticker": null,
                        "exchange": null
                    }
                ]
            },
            {
                "name": "GOP",
                "sentiment": "none",
                "tickers": [
                    {
                        "ticker": null,
                        "exchange": null
                    }
                ]
            }
        ]
    },
    "syndication": {
        "syndicated": false,
        "syndicate_id": null,
        "first_syndicated": false
    },
    "trust": {
        "categories": [
            "trusted_news"
        ],
        "top_news": [],
        "bias": "right",
        "source": {
            "type": null,
            "city": null,
            "state": null,
            "country": null,
            "domain_type": null,
            "agency": null,
            "organization_name": null
        }
    },
    "rating": null,
    "crawled": "2025-12-04T07:47:55.512+02:00",
    "updated": "2025-12-04T07:49:09.000+02:00"
}