{
    "thread": {
        "uuid": "11e45d4ff60834acd894e5d06edd7d182b221958",
        "url": "https://news.az/news/moscow-hails-launch-of-russia-armenia-rail-link-via-azerbaijan-and-georgia",
        "site_full": "news.az",
        "site": "news.az",
        "site_section": "https://news.google.com/search?q=through%20when%3A1h&hl=en-US&gl=US&ceid=US%3Aen",
        "site_categories": [
            "media"
        ],
        "section_title": "Google News - Search",
        "site_title": "News.az - Latest news from Azerbaijan",
        "title": "Moscow hails launch of Russia-Armenia rail link via Azerbaijan and Georgia",
        "title_full": "Moscow hails launch of Russia-Armenia rail link via Azerbaijan and Georgia",
        "published": "2025-11-06T07:55:00.000+02:00",
        "replies_count": 0,
        "participants_count": 1,
        "site_type": "news",
        "country": "AZ",
        "main_image": "https://news.az/photos/2025/11/overc-1762408461.jpg",
        "performance_score": 0,
        "domain_rank": 150497,
        "domain_rank_updated": "2025-10-26T23:00:00.000+02:00",
        "licensing_agency": [],
        "social": {
            "facebook": {
                "likes": 0,
                "comments": 0,
                "shares": 0
            },
            "vk": {
                "shares": 0
            }
        }
    },
    "uuid": "11e45d4ff60834acd894e5d06edd7d182b221958",
    "url": "https://news.az/news/moscow-hails-launch-of-russia-armenia-rail-link-via-azerbaijan-and-georgia",
    "ord_in_thread": 0,
    "author": "Mehman",
    "published": "2025-11-06T07:55:00.000+02:00",
    "title": "Moscow hails launch of Russia-Armenia rail link via Azerbaijan and Georgia",
    "text": "Moscow hails launch of Russia–Armenia rail link via Azerbaijan and Georgia\nRussian Deputy Prime Minister Alexei Overchuk has welcomed the launch of direct railway communication between Russia and Armenia via Azerbaijan and Georgia, describing it as a tangible contribution to peace in the South Caucasus, Azerbaijani media report, citing RIA Novosti.\nA train carrying grain arrived in Armenia from Russia on 5 November for the first time in almost 35 years. It travelled through Azerbaijan and Georgia, News.Az reports.\n“We welcome the start of railway communication between the Russian Federation and the Republic of Armenia through the territory of the Republic of Azerbaijan and Georgia. For the first time since the Republic of Armenia gained independence, direct rail communication is being carried out between our countries. This event is a real, tangible contribution to establishing peace in the South Caucasus, a testament to our work for the sake of regional stability and the economic development of all countries in the region,” Overchuk said.\nHe noted that the new route strengthens Russia’s transport connectivity with the South Caucasus, increases access to the Armenian market for goods from other Eurasian Economic Union member states, and improves access to EEU markets for Armenian producers.\n“It is symbolic that the first cargo transported along this route is Russian grain, one of the most important symbols of life and creation, which once again highlights the common desire to establish peace in the South Caucasus and move from confrontation to cooperation,” Overchuk added.\nThe deputy prime minister thanked Georgia, as well as his counterparts in Azerbaijan and Armenia, for their efforts to unblock transport links in the region.\n“I would like to thank my counterparts – Deputy Prime Minister of the Republic of Azerbaijan Shahin Mustafayev and Deputy Prime Minister of the Republic of Armenia Mher Grigoryan – for our joint work on unblocking transport links in the South Caucasus region, as well as Georgia for its constructive participation in organising transportation along this route,” he said.\nEarlier, Azerbaijani President Ilham Aliyev announced that Baku had lifted all restrictions on the transit of cargo to Armenia. The first such shipment was grain from Kazakhstan. Armenian Economy Minister Gevorg Papoyan said the delivery would follow the route Aktau–Baku and then continue by rail through Georgia.",
    "highlightText": "",
    "highlightTitle": "",
    "highlightThreadTitle": "",
    "language": "english",
    "sentiment": "positive",
    "categories": [
        "Politics"
    ],
    "topics": [
        "Politics->international relations"
    ],
    "ai_allow": true,
    "has_canonical": false,
    "breaking": true,
    "webz_reporter": false,
    "external_links": [
        "https://1news.az/news/20251106092417976-Overchuk-Pryamoe-zh-d-soobshcenie-RF-i-Armenii-vklad-v-ustanovlenie-mira-na-YUzhnom-Kavkaze",
        "https://www.1news.az/news/20251106092417976-Overchuk-Pryamoe-zh-d-soobshcenie-RF-i-Armenii-vklad-v-ustanovlenie-mira-na-YUzhnom-Kavkaze"
    ],
    "external_images": [],
    "internal_images": [],
    "entities": {
        "persons": [
            {
                "name": "Alexei Overchuk",
                "sentiment": "none"
            },
            {
                "name": "Russ",
                "sentiment": "none"
            }
        ],
        "locations": [
            {
                "name": "South Caucasus",
                "sentiment": "none"
            },
            {
                "name": "Republic of",
                "sentiment": "none"
            }
        ],
        "organizations": []
    },
    "syndication": {
        "syndicated": false,
        "syndicate_id": "11e45d4ff60834acd894e5d06edd7d182b221958",
        "first_syndicated": true
    },
    "trust": {
        "categories": [],
        "top_news": [],
        "bias": null,
        "source": {
            "type": null,
            "city": null,
            "state": null,
            "country": null,
            "domain_type": null,
            "agency": null,
            "organization_name": null
        }
    },
    "rating": null,
    "crawled": "2025-11-06T08:01:41.143+02:00",
    "updated": "2025-11-06T08:03:16.000+02:00"
}