{
    "thread": {
        "uuid": "1c9e4b9350f16be1138590d91f38073d21d6cd33",
        "url": "https://www.newsbreak.com/news/4334062627302-democrats-sweep-dover-council-races",
        "site_full": "www.newsbreak.com",
        "site": "newsbreak.com",
        "site_section": "https://newsbreak.com/roxbury-township-nj",
        "site_categories": [
            "under_construction"
        ],
        "section_title": "Roxbury Township, NJ Local News and More | NewsBreak",
        "site_title": "NewsBreak: Local News &amp; Alerts",
        "title": "Democrats Sweep Dover Council Races - NewsBreak",
        "title_full": "Democrats Sweep Dover Council Races - NewsBreak",
        "published": "2025-11-06T05:47:00.000+02:00",
        "replies_count": 0,
        "participants_count": 1,
        "site_type": "news",
        "country": "US",
        "main_image": "https://img.particlenews.com/img/id/2lmglP_16K5rv7p00",
        "performance_score": 0,
        "domain_rank": 2819,
        "domain_rank_updated": "2025-10-26T23:00:00.000+02:00",
        "licensing_agency": [],
        "social": {
            "facebook": {
                "likes": 0,
                "comments": 0,
                "shares": 0
            },
            "vk": {
                "shares": 0
            }
        }
    },
    "uuid": "1c9e4b9350f16be1138590d91f38073d21d6cd33",
    "url": "https://www.newsbreak.com/news/4334062627302-democrats-sweep-dover-council-races",
    "ord_in_thread": 0,
    "author": "Frank Cahill",
    "published": "2025-11-06T05:47:00.000+02:00",
    "title": "Democrats Sweep Dover Council Races - NewsBreak",
    "text": "By Frank Cahill ,\n7 hours ago DOVER — Dover voters turned out on Election Day to re-elect and elect Democratic candidates in all four wards, according to unofficial results released by the Morris County Clerk’s Office. In Ward 1, Daniella Mendez (DEM) secured a decisive victory with 556 votes (81.41%), defeating write-in challengers who... Read full article\nRead in NewsBreak 2",
    "highlightText": "",
    "highlightTitle": "",
    "highlightThreadTitle": "",
    "language": "english",
    "sentiment": "positive",
    "categories": [
        "Politics"
    ],
    "topics": [
        "Politics->local elections"
    ],
    "ai_allow": true,
    "has_canonical": false,
    "breaking": null,
    "webz_reporter": false,
    "external_links": [],
    "external_images": [],
    "internal_images": [],
    "entities": {
        "persons": [
            {
                "name": "Frank Cahill",
                "sentiment": "neutral"
            },
            {
                "name": "Daniella Mendez",
                "sentiment": "none"
            }
        ],
        "locations": [],
        "organizations": []
    },
    "syndication": {
        "syndicated": false,
        "syndicate_id": null,
        "first_syndicated": false
    },
    "trust": {
        "categories": [
            "fake_news"
        ],
        "top_news": [],
        "bias": "center",
        "source": {
            "type": null,
            "city": null,
            "state": null,
            "country": null,
            "domain_type": null,
            "agency": null,
            "organization_name": null
        }
    },
    "rating": null,
    "crawled": "2025-11-06T09:30:18.558+02:00",
    "updated": "2025-11-06T13:12:06.826+02:00"
}