{
    "thread": {
        "uuid": "78590db8dc067bae19171679fed759cb0d37b3c3",
        "url": "https://observer.co.uk/news/the-sensemaker/article/zohran-mamdani-fought-an-insurgent-campaign-and-won",
        "site_full": "observer.co.uk",
        "site": "observer.co.uk",
        "site_section": "https://news.google.com/search?q=an%20when%3A1h&hl=en-US&gl=US&ceid=US%3Aen",
        "site_categories": [],
        "section_title": "Google News - Search",
        "site_title": "The Observer | News, culture and style",
        "title": "Zohran Mamdani fought an insurgent campaign and won",
        "title_full": "Zohran Mamdani fought an insurgent campaign and won",
        "published": "2025-11-06T08:10:00.000+02:00",
        "replies_count": 0,
        "participants_count": 1,
        "site_type": "news",
        "country": "GB",
        "main_image": "https://cdn.slowdownwiseup.co.uk/media/original_images/WEB_170223-m77a9856_2c3b8b3090ff6c0a09dd91164ba3a56b50129ace.jpg",
        "performance_score": 0,
        "domain_rank": 32392,
        "domain_rank_updated": "2025-10-26T23:00:00.000+02:00",
        "licensing_agency": [
            "NLA"
        ],
        "social": {
            "facebook": {
                "likes": 0,
                "comments": 0,
                "shares": 0
            },
            "vk": {
                "shares": 0
            }
        }
    },
    "uuid": "78590db8dc067bae19171679fed759cb0d37b3c3",
    "url": "https://observer.co.uk/news/the-sensemaker/article/zohran-mamdani-fought-an-insurgent-campaign-and-won",
    "ord_in_thread": 0,
    "author": "Hugh Tomlinson",
    "published": "2025-11-06T08:10:00.000+02:00",
    "title": "Zohran Mamdani fought an insurgent campaign and won",
    "text": "Zohran Mamdani, a 34-year-old democratic socialist, has become the first Muslim mayor of New York City.\nSo what? A former state assembly member, Mamdani was a relative unknown when he entered the race for the Democratic nomination last year. He ran an insurgent campaign focused on affordability that energised New Yorkers and saw him beat better-funded rivals. The election\nPolicies. Mamdani ran on pledges to introduce free buses, a rent freeze and universal free childcare. He also plans to open government-run grocery shops. These will be funded by tax hikes on big companies and the rich aimed at raising $9 billion.\nHow he won. Mamdani made savvy use of TikTok, where he has 2.2 million followers. In one video he jumped, fully suited, into icy waters to plug his rent freeze. But his team also ran a highly organised door-knocking campaign with an army of volunteers.\nUphill battle. He overcame unease among centrists in his own party, some of whom refused to endorse him. New York billionaires made large donations aimed at stopping him, while Donald Trump threatened to cut off the city’s federal funds if Mamdani was elected.\nAn ugly campaign veered into Islamophobia in its final days, with suggestions that Mamdani would cheer another 9/11 and that his win would lead to a pogrom against New York’s Jews.\nIt didn’t work. Mamdani secured more votes than all the other candidates combined and finished nine points ahead of Andrew Cuomo in second place. Mamdani used his victory speech to tell Trump to “turn up the volume”. The president replied: “AND SO IT BEGINS!”\nSweeping success. Mamdani’s election reshapes the traditional Democratic coalition in New York. He won by 50 points in affluent parts of liberal Brooklyn, but also performed strongly in Asian, Black and Latino communities that shifted towards Trump in the 2024 election.\nIn other news. The result capped a good Tuesday night for the Democrats. Moderate Democrats won elections for governor in Virginia and New Jersey by focusing on Trump’s failure to tackle inflation and the cost of living, the issues he was elected on last year.\nGoing west. But arguably the most significant victory came in California, where voters approved Governor Gavin Newsom’s plan to redraw the state’s congressional map. This move to counter gerrymandering in Texas is expected to give Democrats five more seats in the House of Representatives at the 2026 midterms, when control of Congress is up for grabs.\nMuch-needed boost. The Democrats have been rudderless since the 2024 election, with approval ratings plunging to historic lows. This week offers them a path out of the wilderness.\nOr perhaps two. Tuesday’s results will sharpen the battle lines between the progressive and centrist wings, who can both claim that their respective approaches were vindicated on Tuesday. Heading into the midterms, some Democrats doubt whether the kind of policy platform offered by Mamdani will hold appeal in swing states.\nFor Republicans, the elections confirm that their party fails to turn out voters when Trump is not on the ballot. The problem the GOP faces is that Trump will never be on the ballot again.\nMeanwhile... one of Mamdani’s biggest challenges will be fending off an overbearing president. To deliver his agenda he will also need to work with the New York governor Kathy Hochul, while building bridges with the donors who backed his rivals.\nPhotograph by Andy Hall for The Observer.",
    "highlightText": "",
    "highlightTitle": "",
    "highlightThreadTitle": "",
    "language": "english",
    "sentiment": "positive",
    "categories": [
        "Politics"
    ],
    "topics": [
        "Politics->political candidates",
        "Politics->local elections"
    ],
    "ai_allow": false,
    "has_canonical": false,
    "breaking": true,
    "webz_reporter": false,
    "external_links": [],
    "external_images": [],
    "internal_images": [],
    "entities": {
        "persons": [
            {
                "name": "Zohran Mamdani",
                "sentiment": "positive"
            },
            {
                "name": "Donald Trump",
                "sentiment": "none"
            }
        ],
        "locations": [],
        "organizations": []
    },
    "syndication": {
        "syndicated": false,
        "syndicate_id": null,
        "first_syndicated": false
    },
    "trust": {
        "categories": [],
        "top_news": [],
        "bias": null,
        "source": {
            "type": null,
            "city": null,
            "state": null,
            "country": null,
            "domain_type": null,
            "agency": null,
            "organization_name": null
        }
    },
    "rating": null,
    "crawled": "2025-11-06T08:43:10.190+02:00",
    "updated": "2025-11-06T08:52:07.000+02:00"
}