{
    "thread": {
        "uuid": "301fbbfcc0d9738ac762541b20099228c920c8ea",
        "url": "https://www.thedailyjournal.com/story/opinion/columnists/charles-stile/2025/11/06/mikie-sherrill-nj-governor-2025-win-takeaways-opinion/87113307007/?gca-cat=pp&gnt-cfr=1&gnt-djm=1",
        "site_full": "www.thedailyjournal.com",
        "site": "thedailyjournal.com",
        "site_section": "https://thedailyjournal.com",
        "site_categories": [
            "real_estate",
            "media",
            "buying_selling_homes"
        ],
        "section_title": "Latest Vineland NJ News - TheDailyJournal.com",
        "site_title": "Latest Vineland NJ News - TheDailyJournal.com",
        "title": "Mikie Sherrill NJ governor 2025 win takeaways | Opinion",
        "title_full": "Mikie Sherrill NJ governor 2025 win takeaways | Opinion",
        "published": "2025-11-06T11:28:00.000+02:00",
        "replies_count": 0,
        "participants_count": 1,
        "site_type": "news",
        "country": "US",
        "main_image": "",
        "performance_score": 0,
        "domain_rank": 188333,
        "domain_rank_updated": "2025-10-26T23:00:00.000+02:00",
        "licensing_agency": [],
        "social": {
            "facebook": {
                "likes": 0,
                "comments": 0,
                "shares": 0
            },
            "vk": {
                "shares": 0
            }
        }
    },
    "uuid": "301fbbfcc0d9738ac762541b20099228c920c8ea",
    "url": "https://www.thedailyjournal.com/story/opinion/columnists/charles-stile/2025/11/06/mikie-sherrill-nj-governor-2025-win-takeaways-opinion/87113307007/?gca-cat=pp&gnt-cfr=1&gnt-djm=1",
    "ord_in_thread": 0,
    "author": "Charles Stile",
    "published": "2025-11-06T11:28:00.000+02:00",
    "title": "Mikie Sherrill NJ governor 2025 win takeaways | Opinion",
    "text": "Mikie Sherrill scored a huge win. Here are three things we can learn | Opinion\n3-minute read\nCharles Stile\nNorthJersey.com\nGov.-elect Mikie Sherrill’s stunning rout on Election Day reasserted — and fortified —New Jersey’s reputation as a blue redoubt of the Northeast.\nHere a few of my observations about the Democrats' victory:\nNew Jersey flipping red? Not so fast\nFollowing President Trump’s surprise strength in New Jersey, where he came within six points of defeating Vice President Kamala Harris in the 2024 presidential contest, Republican Party officials from around the country eyed New Jersey as a takeover target.",
    "highlightText": "",
    "highlightTitle": "",
    "highlightThreadTitle": "",
    "language": "english",
    "sentiment": "positive",
    "categories": [
        "Politics"
    ],
    "topics": [
        "Politics->local elections",
        "Politics->political candidates"
    ],
    "ai_allow": false,
    "has_canonical": false,
    "breaking": false,
    "webz_reporter": false,
    "external_links": [
        "https://www.northjersey.com/staff/2684001001/charles-stile/",
        "https://www.northjersey.com/staff/2684001001/charles-stile",
        "https://northjersey.com/staff/2684001001/charles-stile/"
    ],
    "external_images": [],
    "internal_images": [],
    "entities": {
        "persons": [
            {
                "name": "Mikie Sherrill",
                "sentiment": "none"
            },
            {
                "name": "Charles",
                "sentiment": "none"
            },
            {
                "name": "Kamala Harris",
                "sentiment": "none"
            },
            {
                "name": "Trump",
                "sentiment": "none"
            }
        ],
        "locations": [],
        "organizations": [
            {
                "name": "Republican Party",
                "sentiment": "none",
                "tickers": [
                    {
                        "ticker": null,
                        "exchange": null
                    }
                ]
            }
        ]
    },
    "syndication": {
        "syndicated": false,
        "syndicate_id": "301fbbfcc0d9738ac762541b20099228c920c8ea",
        "first_syndicated": true
    },
    "trust": {
        "categories": [
            "trusted_news"
        ],
        "top_news": [],
        "bias": "center",
        "source": {
            "type": "local_news",
            "city": [
                "Gouldtown",
                "Millville",
                "Leesburg",
                "Fairton",
                "Milmay",
                "Vineland",
                "East Vineland"
            ],
            "state": [
                "New Jersey"
            ],
            "country": [
                "US"
            ],
            "domain_type": null,
            "agency": null,
            "organization_name": null
        }
    },
    "rating": null,
    "crawled": "2025-11-06T11:39:58.720+02:00",
    "updated": "2025-11-06T11:41:51.000+02:00"
}