{
    "thread": {
        "uuid": "6e1dd97c8e07351390d9acc82cc8e91654075b22",
        "url": "https://dailypost.ng/2025/11/06/kaduna-uba-sani-has-transformed-agric-landscape-minister/",
        "site_full": "dailypost.ng",
        "site": "dailypost.ng",
        "site_section": "https://dailypost.ng",
        "site_categories": [
            "media"
        ],
        "section_title": "Daily Post Nigeria - Nigeria News, Nigerian Newspapers",
        "site_title": "Daily Post Nigeria - Nigeria News, Nigerian Newspapers",
        "title": "Kaduna: Uba Sani has transformed agric landscape - Minister",
        "title_full": "Kaduna: Uba Sani has transformed agric landscape - Minister",
        "published": "2025-11-06T11:38:00.000+02:00",
        "replies_count": 0,
        "participants_count": 1,
        "site_type": "news",
        "country": "NG",
        "main_image": "https://dailypost.ng/wp-content/uploads/2022/03/Uba-Sani.jpeg",
        "performance_score": 0,
        "domain_rank": 16226,
        "domain_rank_updated": "2025-10-26T23:00:00.000+02:00",
        "licensing_agency": [],
        "social": {
            "facebook": {
                "likes": 0,
                "comments": 0,
                "shares": 0
            },
            "vk": {
                "shares": 0
            }
        }
    },
    "uuid": "6e1dd97c8e07351390d9acc82cc8e91654075b22",
    "url": "https://dailypost.ng/2025/11/06/kaduna-uba-sani-has-transformed-agric-landscape-minister/",
    "ord_in_thread": 0,
    "author": "Emmanuel Ugwueze",
    "published": "2025-11-06T11:38:00.000+02:00",
    "title": "Kaduna: Uba Sani has transformed agric landscape - Minister",
    "text": "The Minister of Agriculture and Food Security, Senator Abubakar Kyari, has said that Governor Uba Sani has transformed the agro-industrial landscape of Kaduna State within two and half years.\nSpeaking when he led a delegation of Commissioners of Agriculture from the 36 states of the country on a courtesy call to Sir Kashim Ibrahim House on Wednesday, he noted that the Governor has become a point of reference in the agriculture and agro-industrial sector in Nigeria.\nThe Minister recalled that Kaduna used to be a textile hub which was an agro-based industry because its raw material was from cotton but ‘’today we are seeing a very different value addition to some of our staple crops.’’\nAccording to him, what Governor Uba Sani is doing to agriculture in Kaduna State aligns with what President Bola Ahmed Tinubu ‘’ has been talking about on food security and food sovereignty.’’\nSenator Kyari noted that apart from just production of raw materials, the Governor is also adding value to agriculture, maintaining that Kaduna State was the first subnational where the Special Agro-Processing Zone(SAPZ) was launched in April.\nThe Minister said that he and his delegation went round Kaduna State as part of the 47th Regular Meeting of the National Council on Agriculture since, they arrived on Monday and were impressed with the Governor’s giant strides in Agriculture.\nHe said that they had visited OLAM Poultry Farm and Feed mill, TMDK, a company involved in agro-allied processing, Tomato Jos and the Agricultural Quality Assurance Centre(AQAC).\nAccording to the Minister, these agro-allied companies are located outside Kaduna town, which will create jobs in rural areas and check rural-urban migration.\nSenator Kyari commended Kaduna State and other sub nationals, for aligning with President Tinubu’s clarion call on food security, which is defined ‘’as the availability, accessibility and affordability of diverse and nutritious food.’’\nThe Minister also applauded Governor Uba Sani for his inclusive style of Governance, which has attracted prominent members of the opposition to the ruling APC in Kaduna State.\n‘’We were quite impressed with what we saw and we had no doubt whatsoever, that our brother Distinguished Senator Uba Sani will perform wonderfully well,’’ he said.\nHe recalled that when the party primaries were held to nominate the APC gubernatorial candidate, he was the Deputy National Chairman(North) and ‘’I had no doubt whatsoever that you will come and be a reference point in Nigeria’s politics.’’\nIn his remarks, Minister of State for Agriculture, Senator Aliyu Sabi Abdullahi, commended the Governor for exceed the Malabo declaration, by exceed the 10% budgetary allocation to Agriculture.\nAccording to him, Governor Uba Sani may even exceed the 12% that he has budgeted for Agriculture, to 20% by the end of his two terms in office.\nResponding, Governor Sani thanked the two Ministers for choosing Kaduna as the host of the National Council of Agriculture and Food Security, describing it as a great honour.\nHe disclosed that the duo were his colleagues in the senate and they supported him when he decided to contest for the governorship of Kaduna state.\nThe Governor maintained that Kaduna State is the only subnational in the entire north that has AQAC, which will help in certifying farmers produce for export.\nGovernor Uba Sani also said that Kaduna State is the only state to has launched the SAPZ in northern Nigeria and the first to launch it in the country, followed by Cross Rivers and Oyo States.\n‘’We are investing heavily in agriculture because it contributes about 43% of our GDP and 60% of our workforce. When we came in, the agric budget was just 0.5%. But today, I am glad to say that our budget for agriculture is 12.5%,’’ he disclosed.\nAccording to him, Kaduna State is the only state in the country that has distributed 900 trucks of free fertilizer to smallholder farmers in the last two years.\n‘’We formed a team that included our traditional owners, our religious leaders, our community leaders, as well as our farmers, the association of farmers in the state.\n‘’We didn’t allow politics to guide us. We did it without looking at which party you belong to. What place you come from. We distributed bags of fertilisers to deserving small holder farmers free of charge and across the state,’’ he added.",
    "highlightText": "",
    "highlightTitle": "",
    "highlightThreadTitle": "",
    "language": "english",
    "sentiment": "positive",
    "categories": [
        "Politics",
        "Economy, Business and Finance"
    ],
    "topics": [
        "Politics->government",
        "Economy, Business and Finance->agriculture"
    ],
    "ai_allow": true,
    "has_canonical": false,
    "breaking": false,
    "webz_reporter": false,
    "external_links": [],
    "external_images": [],
    "internal_images": [],
    "entities": {
        "persons": [
            {
                "name": "Uba Sani",
                "sentiment": "positive"
            },
            {
                "name": "Abubakar Kyari",
                "sentiment": "negative"
            },
            {
                "name": "Bola Ahmed Tinubu",
                "sentiment": "none"
            }
        ],
        "locations": [],
        "organizations": []
    },
    "syndication": {
        "syndicated": false,
        "syndicate_id": "6e1dd97c8e07351390d9acc82cc8e91654075b22",
        "first_syndicated": true
    },
    "trust": {
        "categories": [],
        "top_news": [],
        "bias": null,
        "source": {
            "type": null,
            "city": null,
            "state": null,
            "country": null,
            "domain_type": null,
            "agency": null,
            "organization_name": null
        }
    },
    "rating": null,
    "crawled": "2025-11-06T12:06:55.939+02:00",
    "updated": "2025-11-06T12:17:14.000+02:00"
}