{
    "thread": {
        "uuid": "cb3a9d451bd04651a8e6d06164cacfaf492f5915",
        "url": "https://www.news9live.com/india/saints-bless-cm-dhami-call-him-devbhoomis-religious-protector-amid-uttarakhands-silver-jubilee-celebrations-2902405",
        "site_full": "www.news9live.com",
        "site": "news9live.com",
        "site_section": "https://www.news9live.com/education-career/board-results",
        "site_categories": [],
        "section_title": "Exam Results News: Latest and Breaking News from Exam Results Today",
        "site_title": "Today&#039;s News: Breaking News and Top Headlines from India, Entertainment, Business, Politics and Sports",
        "title": "Saints bless CM Dhami, call him 'Devbhoomi's Religious Protector' amid Uttarakhand's silver jubilee celebrations",
        "title_full": "Saints bless CM Dhami, call him 'Devbhoomi's Religious Protector' amid Uttarakhand's silver jubilee celebrations",
        "published": "2025-11-06T07:04:00.000+02:00",
        "replies_count": 0,
        "participants_count": 1,
        "site_type": "news",
        "country": "IN",
        "main_image": "https://images.news9live.com/wp-content/uploads/2025/11/Saints-met-CM-Dhami.jpg",
        "performance_score": 0,
        "domain_rank": 54234,
        "domain_rank_updated": "2025-10-26T23:00:00.000+02:00",
        "licensing_agency": [],
        "social": {
            "facebook": {
                "likes": 0,
                "comments": 0,
                "shares": 0
            },
            "vk": {
                "shares": 0
            }
        }
    },
    "uuid": "cb3a9d451bd04651a8e6d06164cacfaf492f5915",
    "url": "https://www.news9live.com/india/saints-bless-cm-dhami-call-him-devbhoomis-religious-protector-amid-uttarakhands-silver-jubilee-celebrations-2902405",
    "ord_in_thread": 0,
    "author": "Namita Singh",
    "published": "2025-11-06T07:04:00.000+02:00",
    "title": "Saints bless CM Dhami, call him 'Devbhoomi's Religious Protector' amid Uttarakhand's silver jubilee celebrations",
    "text": "India News\nSaints bless CM Dhami, call him ‘Devbhoomi’s Religious Protector’ amid Uttarakhand’s silver jubilee celebrations\nOn Uttarakhand’s Silver Jubilee, saints and spiritual leaders from across India gathered at Chief Minister Pushkar Singh Dhami’s residence, praising his efforts in preserving culture and spirituality, and blessing him with the title of “Dharma-Sarakshak of Devbhoomi.”\nDehradun: The Chief Minister’s residence in Dehradun turned into a centre of spiritual energy and cultural pride as saints from across the country gathered to celebrate Uttarakhand’s Silver Jubilee year.\nThe saint community blessed Chief Minister Pushkar Singh Dhami and praised his dedication towards protecting the state’s cultural heritage, spiritual values, and social harmony.\nProminent religious leaders attended the event\nProminent religious leaders and saints including Jagadguru Shankaracharya Rajrajeshwar Maharaj, Acharya Mahamandaleshwar Kailashananda Giri Ji, Swami Avdheshanand Giri Ji of Junapeeth, Swami Chidanand Saraswati Ji of Parmarth Niketan, Akhara Parishad President Swami Ravindrapuri Maharaj, Bageshwar Dham Peethadhiswar Pt. Dhirendra Krishna Shastri, Patanjali’s Acharya Balkrishna, spiritual speaker Jaya Kishori, and poet Dr. Kumar Vishwas attended the event.\nState is achieving new milestones in spiritual growth\nThe saints lauded the Dhami government’s continuous efforts to preserve Uttarakhand’s spiritual traditions and its commitment to balanced development. They said that under Chief Minister Dhami’s leadership, the state is achieving new milestones in spiritual growth, cultural revival, and social progress. The saint community blessed him and honoured him with the title of “Dharma-Sarakshak of Devbhoomi” (Religious Protector of the Land of Gods).\nThe gathering was filled with blessings, goodwill, and appreciation for the Chief Minister’s vision. The saints noted that the government’s policies on religious site conservation, promotion of spiritual tourism, and protection of cultural identity have given Uttarakhand a unique place on the national map.\nSaints promised their full support for the Haridwar Kumbh\nThe saints also expressed their full support for the upcoming Haridwar Kumbh Mela 2027, calling it a grand confluence of Sanatan tradition, Indian culture, and global spirituality. They assured the Chief Minister that the entire saint community will work hand in hand with the government to make Kumbh 2027 a world-class and historic event.\nThey praised the government’s preparations in areas such as infrastructure, transportation, security, and cleanliness. The saints said that these initiatives will strengthen Haridwar’s status as a global centre of spiritual heritage.\nउत्तराखंड राज्य स्थापना की रजत जयंती पर पूज्य साधु-संतों, धर्माचार्यों एवं सुप्रसिद्ध कथावाचकों से आशीर्वाद प्राप्त हुआ। आप सभी के आशीर्वचनों से देवभूमि उत्तराखंड की पवित्रता को बनाए रखने और राज्य के सर्वांगीण विकास के संकल्प को और अधिक दृढ़ता से आगे बढ़ाने की प्रेरणा मिली है।[pic.twitter.com/wL7QaFd5iT]— Pushkar Singh Dhami (@pushkardhami)[November 5, 2025]\nUttarakhand is fast becoming a hub of spiritual and cultural development, attracting global attention\nPraising Chief Minister Dhami’s leadership, they said, “His cultural vision and transparency in governance are taking Devbhoomi Uttarakhand to new heights. Under his leadership, Kumbh 2027 will be remembered as a golden chapter in history.”\nThe saints also shared that Uttarakhand is fast becoming a hub of spiritual and cultural development, attracting global attention as a land of peace and devotion. Concluding the event, all the saints and spiritual leaders offered blessings to Chief Minister Dhami and conveyed good wishes for the prosperity and spiritual progress of the people of Uttarakhand.\nClick for more latest India news. Also get top headlines and latest news from India and around the world at News9.",
    "highlightText": "",
    "highlightTitle": "",
    "highlightThreadTitle": "",
    "language": "english",
    "sentiment": "positive",
    "categories": [
        "Religion and Belief",
        "Politics"
    ],
    "topics": [
        "Religion and Belief->religious festival and holiday",
        "Religion and Belief->religious leader",
        "Politics->freedom of religion",
        "Politics->political process"
    ],
    "ai_allow": true,
    "has_canonical": false,
    "breaking": false,
    "webz_reporter": false,
    "external_links": [],
    "external_images": [],
    "internal_images": [],
    "entities": {
        "persons": [
            {
                "name": "Acharya Mahamandaleshwar Kailashananda Giri Ji",
                "sentiment": "none"
            },
            {
                "name": "Jagadguru Shankaracharya Rajrajeshwar Maharaj",
                "sentiment": "none"
            },
            {
                "name": "Swami Chidanand Saraswati Ji",
                "sentiment": "none"
            },
            {
                "name": "Swami Avdheshanand Giri Ji",
                "sentiment": "none"
            },
            {
                "name": "Pushkar Singh Dhami",
                "sentiment": "none"
            },
            {
                "name": "Swami Ravindrapur",
                "sentiment": "none"
            }
        ],
        "locations": [],
        "organizations": [
            {
                "name": "India News\nSaints",
                "sentiment": "neutral",
                "tickers": []
            }
        ]
    },
    "syndication": {
        "syndicated": false,
        "syndicate_id": null,
        "first_syndicated": false
    },
    "trust": {
        "categories": [],
        "top_news": [],
        "bias": null,
        "source": {
            "type": null,
            "city": null,
            "state": null,
            "country": null,
            "domain_type": null,
            "agency": null,
            "organization_name": null
        }
    },
    "rating": null,
    "crawled": "2025-11-06T07:05:39.575+02:00",
    "updated": "2025-11-06T07:10:27.000+02:00"
}