{
    "thread": {
        "uuid": "8d838d594fc3868ae47ef162f328f1633a2fe810",
        "url": "https://www.wmtv15news.com/video/2025/07/03/wisconsin-senate-passes-state-budget-rush-help-hospitals-2/",
        "site_full": "www.wmtv15news.com",
        "site": "wmtv15news.com",
        "site_section": "https://www.nbc15.com/homepage",
        "site_categories": [],
        "section_title": "WMTV 15 NEWS | Breaking News, Weather, Sports | Madison, WI",
        "site_title": "WMTV 15 NEWS | Breaking News, Weather, Sports | Madison, WI",
        "title": "Wisconsin Senate passes state budget in rush to help hospitals",
        "title_full": "Wisconsin Senate passes state budget in rush to help hospitals",
        "published": "2025-07-03T06:37:00.000+03:00",
        "replies_count": 0,
        "participants_count": 1,
        "site_type": "news",
        "country": "US",
        "main_image": "https://gray-wmtv-prod.gtv-cdn.com/resizer/v2/https%3A%2F%2Fdo0bihdskp9dy.cloudfront.net%2F07-03-2025%2Ft_020ce07598eb4f40b902aaa482071339_name_file_1280x720_2000_v3_1_.jpg?auth=3f828225321a457ed127ed2ad9af21a4f365a90807cb7701de36ce51d2a776e3&amp;width=1200&amp;height=600&amp;smart=true",
        "performance_score": 0,
        "domain_rank": 30882,
        "domain_rank_updated": "2025-06-03T00:00:00.000+03:00",
        "licensing_agency": [],
        "social": {
            "facebook": {
                "likes": 0,
                "comments": 0,
                "shares": 0
            },
            "vk": {
                "shares": 0
            }
        }
    },
    "uuid": "8d838d594fc3868ae47ef162f328f1633a2fe810",
    "url": "https://www.wmtv15news.com/video/2025/07/03/wisconsin-senate-passes-state-budget-rush-help-hospitals-2/",
    "ord_in_thread": 0,
    "author": "@nbc15_madison",
    "published": "2025-07-03T06:37:00.000+03:00",
    "title": "Wisconsin Senate passes state budget in rush to help hospitals",
    "text": "Updated: 51 minutes ago\n|Country singer Morgan Wallen is leaving his mark on Madison after performing last weekend at Camp Randall.\nUpdated: 2 hours ago\n|The Wisconsin Senate passed a compromise state budget on a bipartisan vote Wednesday in a race to approve a deal reached between Gov. Tony Evers and majority Republicans.\nUpdated: 2 hours ago\n|One person is dead after a vehicle crashed into a tree in the Town of Koshkonong on Wednesday, according to the Jefferson County Sheriff’s Office.\nUpdated: 2 hours ago\n|A Janesville resident is facing several charges including manufacturing a fire bomb after officials served a search warrant, the city police department reported on Wednesday.\nUpdated: 3 hours ago\n|Gov. Tony Evers signed a pair of bipartisan bills Wednesday designed to bolster nuclear power in Wisconsin.",
    "highlightText": "",
    "highlightTitle": "",
    "highlightThreadTitle": "",
    "language": "english",
    "sentiment": "positive",
    "categories": [
        "Politics",
        "Economy, Business and Finance",
        "Health"
    ],
    "topics": [
        "Politics->national government",
        "Politics->healthcare policy",
        "Politics->government budget",
        "Economy, Business and Finance->healthcare industry",
        "Economy, Business and Finance->business governance",
        "Economy, Business and Finance->economy",
        "Health->health facility",
        "Health->hospital"
    ],
    "ai_allow": true,
    "has_canonical": false,
    "breaking": false,
    "webz_reporter": false,
    "external_links": [],
    "entities": {
        "persons": [
            {
                "name": "Morgan Wallen",
                "sentiment": "negative"
            },
            {
                "name": "Tony Evers",
                "sentiment": "none"
            }
        ],
        "locations": [
            {
                "name": "Koshkonong",
                "sentiment": "none"
            }
        ],
        "organizations": [
            {
                "name": "Wisconsin Senate",
                "sentiment": "negative",
                "tickers": []
            },
            {
                "name": "Jefferson County Sheriff’s Office",
                "sentiment": "none",
                "tickers": []
            }
        ]
    },
    "syndication": {
        "syndicated": false,
        "syndicate_id": null,
        "first_syndicated": false
    },
    "trust": {
        "categories": [],
        "top_news": [],
        "bias": null
    },
    "rating": null,
    "crawled": "2025-07-03T07:30:19.570+03:00",
    "updated": "2025-07-03T04:34:02.000+00:00"
}