{
    "thread": {
        "uuid": "8e9aed174c3ac99553716001b0143afdd6ec811c",
        "url": "https://in.marketscreener.com/quote/stock/WIPRO-LIMITED-6494362/news/Wipro-Strengthens-Middle-East-Presence-with-New-Regional-Headquarters-in-Riyadh-50190156",
        "site_full": "in.marketscreener.com",
        "site": "marketscreener.com",
        "site_section": "https://in.marketscreener.com/quote/stock/WIPRO-LIMITED-6494362/news-press-releases/",
        "site_categories": [],
        "section_title": "Wipro Limited: Official Announcements - Stock Market News",
        "site_title": "Stock Market Today : Reports, Quotes and News - MarketScreener",
        "title": "Wipro : Strengthens Middle East Presence with New Regional Headquarters in Riyadh | MarketScreener India",
        "title_full": "Wipro : Strengthens Middle East Presence with New Regional Headquarters in Riyadh | MarketScreener India",
        "published": "2025-06-09T13:34:00.000+03:00",
        "replies_count": 0,
        "participants_count": 1,
        "site_type": "news",
        "country": "IN",
        "main_image": "https://in.marketscreener.com/images/twitter_MS_fdblanc.png",
        "performance_score": 0,
        "domain_rank": 3601,
        "domain_rank_updated": "2025-06-03T00:00:00.000+03:00",
        "licensing_agency": [],
        "social": {
            "facebook": {
                "likes": 0,
                "comments": 0,
                "shares": 0
            },
            "vk": {
                "shares": 0
            }
        }
    },
    "uuid": "8e9aed174c3ac99553716001b0143afdd6ec811c",
    "url": "https://in.marketscreener.com/quote/stock/WIPRO-LIMITED-6494362/news/Wipro-Strengthens-Middle-East-Presence-with-New-Regional-Headquarters-in-Riyadh-50190156",
    "ord_in_thread": 0,
    "author": "Publicnow",
    "published": "2025-06-09T13:34:00.000+03:00",
    "title": "Wipro : Strengthens Middle East Presence with New Regional Headquarters in Riyadh | MarketScreener India",
    "text": "About Wipro Limited\nWipro Limited (NYSE: WIT, BSE: 507685, NSE: WIPRO) is a leading AI-powered technology services and consulting company focused on building innovative solutions that address clients' most complex digital transformation needs. Leveraging our holistic portfolio of capabilities in consulting, design, engineering, and operations, we help clients realize their boldest ambitions and build future-ready, sustainable businesses. With over 230,000 employees and business partners across 65 countries, we deliver on the promise of helping our clients, colleagues, and communities thrive in an ever-changing world. For additional information, visit us at www.wipro.com .\nMedia Contact:\nWipro Media Relations\nmedia-relations@wipro.com\nForward-Looking Statements\nThe forward-looking statements contained herein represent Wipro's beliefs regarding future events, many of which are by their nature, inherently uncertain and outside Wipro's control. Such statements include, but are not limited to, statements regarding Wipro's growth prospects, its future financial operating results, and its plans, expectations and intentions. Wipro cautions readers that the forward-looking statements contained herein are subject to risks and uncertainties that could cause actual results to differ materially from the results anticipated by such statements. Such risks and uncertainties include, but are not limited to, risks and uncertainties regarding fluctuations in our earnings, revenue and profits, our ability to generate and manage growth, complete proposed corporate actions, intense competition in IT services, our ability to maintain our cost advantage, wage increases in India, our ability to attract and retain highly skilled professionals, time and cost overruns on fixed-price, fixed-time frame contracts, client concentration, restrictions on immigration, our ability to manage our international operations, reduced demand for technology in our key focus areas, disruptions in telecommunication networks, our ability to successfully complete and integrate potential acquisitions, liability for damages on our service contracts, the success of the companies in which we make strategic investments, withdrawal of fiscal governmental incentives, political instability, war, legal restrictions on raising capital or acquiring companies outside India, unauthorized use of our intellectual property and general economic conditions affecting our business and industry.\nAdditional risks that could affect our future operating results are more fully described in our filings with the United States Securities and Exchange Commission, including, but not limited to, Annual Reports on Form 20-F. These filings are available at www.sec.gov . We may, from time to time, make additional written and oral forward-looking statements, including statements contained in the company's filings with the Securities and Exchange Commission and our reports to shareholders. We do not undertake to update any forward-looking statement that may be made from time to time by us or on our behalf.\nAttachments\nOriginal document Permalink Disclaimer\nWipro Limited published this content on June 09, 2025 , and is solely responsible for the information contained herein. Distributed via Public Technologies (PUBT) , unedited and unaltered, on June 09, 2025 at 10:33 UTC .\nShare © Publicnow - 2025",
    "highlightText": "",
    "highlightTitle": "",
    "highlightThreadTitle": "",
    "language": "english",
    "sentiment": "positive",
    "categories": [
        "Economy, Business and Finance",
        "Science and Technology",
        "Politics"
    ],
    "topics": [
        "Economy, Business and Finance->business governance",
        "Economy, Business and Finance->business service",
        "Science and Technology->technology and engineering",
        "Science and Technology->scientific institution"
    ],
    "ai_allow": true,
    "has_canonical": false,
    "breaking": null,
    "webz_reporter": false,
    "external_links": [
        "https://wa.me/?text=https%3A%2F%2Fwww.marketscreener.com%2Fquote%2Fstock%2FWIPRO-LIMITED-6494362%2Fnews%2FWipro-Strengthens-Middle-East-Presence-with-New-Regional-Headquarters-in-Riyadh-50190156%2F%3Futm_source%3Dwhatsapp%26utm_medium%3Dsocial%26utm_campaign%3Dshare",
        "https://www.facebook.com/sharer/sharer.php?u=https%3A%2F%2Fwww.marketscreener.com%2Fquote%2Fstock%2FWIPRO-LIMITED-6494362%2Fnews%2FWipro-Strengthens-Middle-East-Presence-with-New-Regional-Headquarters-in-Riyadh-50190156%2F%3Futm_source%3Dfacebook%26utm_medium%3Dsocial%26utm_campaign%3Dshare",
        "https://www.linkedin.com/shareArticle?mini=true&url=https%3A%2F%2Fwww.marketscreener.com%2Fquote%2Fstock%2FWIPRO-LIMITED-6494362%2Fnews%2FWipro-Strengthens-Middle-East-Presence-with-New-Regional-Headquarters-in-Riyadh-50190156%2F%3Futm_source%3Dlinkedin%26utm_medium%3Dsocial%26utm_campaign%3Dshare&title=Wipro",
        "https://x.com/intent/tweet?text=Wipro",
        "https://telegram.me/share/url?url=https%3A%2F%2Fwww.marketscreener.com%2Fquote%2Fstock%2FWIPRO-LIMITED-6494362%2Fnews%2FWipro-Strengthens-Middle-East-Presence-with-New-Regional-Headquarters-in-Riyadh-50190156%2F%3Futm_source%3Dtelegram%26utm_medium%3Dsocial%26utm_campaign%3Dshare",
        "https://www.telegram.me/share/url?url=https%3A%2F%2Fwww.marketscreener.com%2Fquote%2Fstock%2FWIPRO-LIMITED-6494362%2Fnews%2FWipro-Strengthens-Middle-East-Presence-with-New-Regional-Headquarters-in-Riyadh-50190156%2F%3Futm_source%3Dtelegram%26utm_medium%3Dsocial%26utm_campaign%3Dshare",
        "https://x.com/intent/tweet",
        "https://www.x.com/intent/tweet?text=Wipro",
        "https://telegram.me/share/url",
        "https://wa.me/",
        "https://www.facebook.com/sharer/sharer.php",
        "https://www.linkedin.com/shareArticle",
        "https://linkedin.com/shareArticle?mini=true&url=https%3A%2F%2Fwww.marketscreener.com%2Fquote%2Fstock%2FWIPRO-LIMITED-6494362%2Fnews%2FWipro-Strengthens-Middle-East-Presence-with-New-Regional-Headquarters-in-Riyadh-50190156%2F%3Futm_source%3Dlinkedin%26utm_medium%3Dsocial%26utm_campaign%3Dshare&title=Wipro",
        "https://facebook.com/sharer/sharer.php?u=https%3A%2F%2Fwww.marketscreener.com%2Fquote%2Fstock%2FWIPRO-LIMITED-6494362%2Fnews%2FWipro-Strengthens-Middle-East-Presence-with-New-Regional-Headquarters-in-Riyadh-50190156%2F%3Futm_source%3Dfacebook%26utm_medium%3Dsocial%26utm_campaign%3Dshare",
        "https://www.wa.me/?text=https%3A%2F%2Fwww.marketscreener.com%2Fquote%2Fstock%2FWIPRO-LIMITED-6494362%2Fnews%2FWipro-Strengthens-Middle-East-Presence-with-New-Regional-Headquarters-in-Riyadh-50190156%2F%3Futm_source%3Dwhatsapp%26utm_medium%3Dsocial%26utm_campaign%3Dshare"
    ],
    "entities": {
        "persons": [],
        "locations": [],
        "organizations": [
            {
                "name": "Wipro",
                "sentiment": "none",
                "tickers": []
            }
        ]
    },
    "syndication": {
        "syndicated": false,
        "syndicate_id": null,
        "first_syndicated": false
    },
    "trust": {
        "categories": [],
        "top_news": [],
        "bias": null
    },
    "rating": null,
    "crawled": "2025-07-03T07:50:28.469+03:00",
    "updated": "2025-07-03T04:55:07.000+00:00"
}