{
    "thread": {
        "uuid": "1dc9fa3ca1b6674089aa3583fac845536ac8e613",
        "url": "https://akipress.com/news:837760",
        "site_full": "akipress.com",
        "site": "akipress.com",
        "site_section": "https://akipress.com/rss/en.rss",
        "site_categories": [
            "media"
        ],
        "section_title": "AKIpress News Agency",
        "site_title": "AKIpress News Agency",
        "title": "Kyrgyzstan exceeds tax revenue targets for national budget",
        "title_full": "Kyrgyzstan exceeds tax revenue targets for national budget",
        "published": "2025-07-03T06:45:00.000+03:00",
        "replies_count": 0,
        "participants_count": 0,
        "site_type": "news",
        "country": "KG",
        "main_image": "https://cdn-1.aki.kg/cdn-st-0/qgZ/3/en-837760.1751514507.b.jpg",
        "performance_score": 0,
        "domain_rank": 84976,
        "domain_rank_updated": "2025-06-03T00:00:00.000+03:00",
        "licensing_agency": [],
        "social": {
            "facebook": {
                "likes": 0,
                "comments": 0,
                "shares": 0
            },
            "vk": {
                "shares": 0
            }
        }
    },
    "uuid": "1dc9fa3ca1b6674089aa3583fac845536ac8e613",
    "url": "https://akipress.com/news:837760",
    "ord_in_thread": 0,
    "author": null,
    "published": "2025-07-03T06:45:00.000+03:00",
    "title": "Kyrgyzstan exceeds tax revenue targets for national budget",
    "text": "||\nKyrgyzstan exceeds tax revenue targets for national budget\nAKIPRESS.COM - The national budget received 152...\nAKIPRESS.COM - The national budget received 152...\nAll rights reserved\n© AKIpress News Agency - 2001-2025.\nRepublication of any material is prohibited without a written agreement with AKIpress News Agency.\nAny citation must be accompanied by a hyperlink to akipress.com.\nOur address:\n299/5 Chingiz Aitmatov Prosp., Bishkek, the Kyrgyz Republic\ne-mail: english@akipress.org, akipressenglish@gmail.com;",
    "highlightText": "",
    "highlightTitle": "",
    "highlightThreadTitle": "",
    "language": "english",
    "sentiment": "positive",
    "categories": [
        "Economy, Business and Finance",
        "Politics",
        "Social Issue"
    ],
    "topics": [
        "Economy, Business and Finance->economy",
        "Economy, Business and Finance->business reporting and performance",
        "Economy, Business and Finance->financial and economic news",
        "Politics->national government",
        "Politics->government budget",
        "Politics->economic policy",
        "Social Issue->demographics",
        "Social Issue->population and census",
        "Social Issue->social problem"
    ],
    "ai_allow": true,
    "has_canonical": false,
    "breaking": null,
    "webz_reporter": false,
    "external_links": [],
    "entities": {
        "persons": [],
        "locations": [
            {
                "name": "Republic",
                "sentiment": "none"
            },
            {
                "name": "Bishkek",
                "sentiment": "none"
            }
        ],
        "organizations": [
            {
                "name": "AKIpress News Agency",
                "sentiment": "none",
                "tickers": []
            }
        ]
    },
    "syndication": {
        "syndicated": false,
        "syndicate_id": null,
        "first_syndicated": false
    },
    "trust": {
        "categories": [],
        "top_news": [],
        "bias": null
    },
    "rating": null,
    "crawled": "2025-07-03T07:49:42.156+03:00",
    "updated": "2025-07-03T04:53:58.000+00:00"
}