{
    "thread": {
        "uuid": "9750c73c147eb0c94527e5d03a274296e70f1cce",
        "url": "https://www.krgv.com/news/alamo-lift-station-being-upgraded-with-over-5-million-in-state-funds",
        "site_full": "www.krgv.com",
        "site": "krgv.com",
        "site_section": "https://www.krgv.com",
        "site_categories": [
            "media"
        ],
        "section_title": "KRGV CHANNEL 5 NEWS - The Rio Grande Valley's News Channel",
        "site_title": null,
        "title": "Alamo lift station being upgraded with over $5 million in state funds",
        "title_full": "Alamo lift station being upgraded with over $5 million in state funds",
        "published": "2025-07-02T03:00:00.000+03:00",
        "replies_count": 0,
        "participants_count": 1,
        "site_type": "news",
        "country": "US",
        "main_image": "https://dcer237tfveol.cloudfront.net/v2/6xqLPQ2jVg1kpMG7CmZX1gQAPq71PWukR1Hh4YdbwVSj1dHoDewJQTgyFq4H6GyvbgoECATkQNCLnInFruS6vuzR1CboTBnLeooq83i1Ihx4v3DDWlJ5Hj52wwDszL8gpBgXGNWZc746UNojVIYgE0",
        "performance_score": 0,
        "domain_rank": 32955,
        "domain_rank_updated": "2025-06-03T00:00:00.000+03:00",
        "licensing_agency": [],
        "social": {
            "facebook": {
                "likes": 0,
                "comments": 0,
                "shares": 0
            },
            "vk": {
                "shares": 0
            }
        }
    },
    "uuid": "9750c73c147eb0c94527e5d03a274296e70f1cce",
    "url": "https://www.krgv.com/news/alamo-lift-station-being-upgraded-with-over-5-million-in-state-funds",
    "ord_in_thread": 0,
    "author": "@KRGV",
    "published": "2025-07-02T03:00:00.000+03:00",
    "title": "Alamo lift station being upgraded with over $5 million in state funds",
    "text": "Alamo lift station being upgraded with over $5 million in state funds\nAlamo’s aging lift station is set to be upgraded, according to a news release from the city.\nAs part of the General Appropriations Act for Fiscal Year 2026, the city of Alamo is receiving $5.3 million in state funding by the 89th Texas Legislature for the repairs.\nAccording to the release, the current lift station on Tower Road was originally built over 50 years ago and has deteriorated beyond repair, raising safety and health concerns for nearby residents.\nThe city’s water infrastructure system will be relocated and modernized, improving service to approximately 70% of Alamo’s sewer network and moving the facility away from residential neighborhoods.\n“This project has been a long time coming, and we’re grateful to our state leaders for understanding how critical this infrastructure is to Alamo,” Mayor J.R. Garza said in a statement. “This upgrade isn’t just about fixing an old system—it’s about preparing our city for future growth and protecting our residents' well-being.”\nIn the release, city officials thanks State Representative Armando “Mando” Martinez and Sen. Adam Hinojosa for championing this initiative and securing the funding.\nConstruction is expected to move forward swiftly once funding is disbursed.\nWatch the video above for the full story.",
    "highlightText": "",
    "highlightTitle": "",
    "highlightThreadTitle": "",
    "language": "english",
    "sentiment": "positive",
    "categories": [
        "Economy, Business and Finance",
        "Politics",
        "Social Issue"
    ],
    "topics": [
        "Economy, Business and Finance->financial service",
        "Economy, Business and Finance->construction and property",
        "Economy, Business and Finance->business governance",
        "Politics->government",
        "Politics->government policy",
        "Politics->local government and authority",
        "Social Issue->communities",
        "Social Issue->public housing",
        "Social Issue->social services"
    ],
    "ai_allow": true,
    "has_canonical": false,
    "breaking": null,
    "webz_reporter": false,
    "external_links": [],
    "entities": {
        "persons": [
            {
                "name": "J.R. Garza",
                "sentiment": "none"
            }
        ],
        "locations": [],
        "organizations": []
    },
    "syndication": {
        "syndicated": false,
        "syndicate_id": null,
        "first_syndicated": false
    },
    "trust": {
        "categories": [],
        "top_news": [],
        "bias": null
    },
    "rating": null,
    "crawled": "2025-07-03T07:06:11.354+03:00",
    "updated": "2025-07-03T04:08:59.000+00:00"
}