{
    "thread": {
        "uuid": "34bfaf67c84692bf6471f33b1665bfe72fc5e195",
        "url": "https://www.inkl.com/news/francesca-albanese-pro-palestine-voices-and-the-assault-on-the-first-amendment",
        "site_full": "www.inkl.com",
        "site": "inkl.com",
        "site_section": "https://www.inkl.com/news",
        "site_categories": [
            "media"
        ],
        "section_title": "inkl – The world’s news at your fingertips",
        "site_title": "inkl – The world’s news at your fingertips",
        "title": "Francesca Albanese, pro-Palestine voices and the…",
        "title_full": "Francesca Albanese, pro-Palestine voices and the…",
        "published": "2025-07-17T07:00:00.000+03:00",
        "replies_count": 0,
        "participants_count": 0,
        "site_type": "news",
        "country": "US",
        "main_image": "https://images.inkl.com/s3/article/lead_image/22278170/19715205.jpg",
        "performance_score": 0,
        "domain_rank": 12587,
        "domain_rank_updated": "2025-06-03T00:00:00.000+03:00",
        "licensing_agency": [],
        "social": {
            "facebook": {
                "likes": 0,
                "comments": 0,
                "shares": 0
            },
            "vk": {
                "shares": 0
            }
        }
    },
    "uuid": "34bfaf67c84692bf6471f33b1665bfe72fc5e195",
    "url": "https://www.inkl.com/news/francesca-albanese-pro-palestine-voices-and-the-assault-on-the-first-amendment",
    "ord_in_thread": 0,
    "author": null,
    "published": "2025-07-17T07:00:00.000+03:00",
    "title": "Francesca Albanese, pro-Palestine voices and the…",
    "text": "WHEN US vice-president JD Vance controversially lambasted European governments for denying freedom of expression to their citizens during a speech in February, he wasn’t wrong.\nAcross the continent, we have seen an uncompromising and authoritarian censorship of Palestinian voices opposing the ongoing genocide in Gaza over the past 20 months.\nUnfortunately, this is not who Vance was aiming at. Indeed, lest we forget, some of his targets were fantasy straw men such as Scots not being allowed to pray in their own homes.\nAnd indeed, when it comes to the concept of free speech, the US has proven to be more authoritarian than most, as pro-Palestinian voices have found themselves under assault from successive administrations at the federal and state levels due to AIPAC (American Israel Public Affairs Committee) and Zionist influence over the US political class.\nConsequently, it comes as little surprise that the Trump administration is now trying to silence yet another pro-Palestinian voice, that of UN special rapporteur Francesca Albanese. An outspoken truth-teller on the international stage, Albanese has consistently and courageously shone a light on the genocide in Gaza and the complicity of Western nations in the slaughter.\nHer latest crime in the eyes of the Trump administration has been to highlight the complicity in genocide of at least 48 major corporations, including Microsoft, Google and Amazon in a report on corporate profiteering from “Israel’s economy of occupation”.\nThe US response of imposing sanctions on the special rapporteur was almost as predictable as it was risible. “Albanese’s campaign of political and economic warfare against the United States and Israel will no longer be tolerated,” secretary of state Marco Rubio posted on social media.\nYet this is just the latest in a long line of assaults on freedom of expression in the United States and on the US Constitution itself.\nBack in March, Mahmoud Khalil, a graduate of Columbia University in New York City, was detained by US Immigration and Customs Enforcement agents. Khalil had acted as a negotiator between pro-Palestine activists and the university authorities during student protests there.\nNo charges were brought against him, and immigration agents didn’t even possess a warrant for his arrest but were simply acting on the direction of the US State Department.\nDespite this, Khalil, a permanent resident of the US, was described as a “radical, foreign, pro-Hamas student” by president Trump on social media.\nFollowing incarceration in Louisiana, Khalil was finally released on bail in June after a New Jersey court declared the US administration had no grounds to detain him.\nRumeysa Ozturk, was a Turkish student studying at Tufts University in Massachusetts who was detained on March 25 by what was essentially a Department of Homeland Security snatch squad dressed in masks and hoodies.\nHer “crime” had been to co-write an op-ed a year previously that amplified student calls for the college to cut ties with Israel due to the latter’s clear violation of international humanitarian law.\nA State Department memo said Ozturk’s student visa had been revoked following an assessment that her actions “may undermine US foreign policy by creating a hostile environment for Jewish students and indicating support for a designated terrorist”.\nOzturk was eventually released on May 9, when a US district judge ordered that she be freed, pointing out that the government provided no evidence to support her arrest other than the op-ed.\nMeanwhile, Donald Trump’s executive order on January 30 extended the assault on freedom of expression to educational institutions and campuses across the USA.\nAccording to the order, the Department of Justice would take immediate action “to protect law and order, quell pro-Hamas vandalism and intimidation, and investigate and punish anti-Jewish racism in leftist, anti-American colleges and universities”.\nOf course, what constitutes being “pro-Hamas” is essentially any criticism of Zionist genocide.\nOne of those impacted was Columbia University. However, the university swiftly yielded to a series of changes demanded by the Trump administration in order to continue receiving $400 million worth of grants and contracts.\nMeanwhile, many other public and private universities have likewise implemented new policies to prevent student protests.\nBut if the domestic attacks on free speech and the trampling of the US Constitution at the behest of Zionism were disturbing enough, what was even more startling was a recent bipartisan bill that identifies the combatting of antisemitism around the globe as a US foreign policy objective.\nAnd now, as one watches the Trump regime seek to silence Albanese, a lady whose integrity, intellect and humanity contrast starkly with those of Trump and his mediocre minions, the administration’s actions are entirely consistent with the contempt that the so-called “America First” brigade clearly have for the First Amendment of the US Constitution.\n“Capitol Hill is Israeli-Occupied territory,” observed former presidential candidate Pat Buchanan back in 1990. Thirty-five years later, little appears to have changed.\nRoddy Keenan is a freelance journalist who writes for Palestine News Network and contributes to other Palestinian news sites such as The Electronic Intifada.\nRoddy is also the author of US Presidential Elections, 1968-2008: A Narrative History Of The Race For The White House",
    "highlightText": "",
    "highlightTitle": "",
    "highlightThreadTitle": "",
    "language": "english",
    "sentiment": "negative",
    "categories": [
        "Politics",
        "Social Issue",
        "War, Conflict and Unrest"
    ],
    "topics": [
        "Politics->political dissent",
        "Politics->censorship and freedom of speech",
        "Politics->civil rights",
        "Social Issue->discrimination",
        "Social Issue->ethics",
        "Social Issue->social problem",
        "War, Conflict and Unrest->civil unrest"
    ],
    "ai_allow": true,
    "has_canonical": false,
    "breaking": false,
    "webz_reporter": false,
    "external_links": [
        "https://www.thenational.scot/topics/Gaza/",
        "https://www.thenational.scot/topics/palestine/",
        "https://www.thenational.scot/topics/donald-trump/",
        "https://thenational.scot/topics/donald-trump/",
        "https://thenational.scot/topics/palestine/",
        "https://www.thenational.scot/topics/palestine",
        "https://www.thenational.scot/topics/Gaza",
        "https://thenational.scot/topics/Gaza/",
        "https://www.thenational.scot/topics/donald-trump"
    ],
    "entities": {
        "persons": [
            {
                "name": "Francesca Albanese",
                "sentiment": "negative"
            },
            {
                "name": "Vance",
                "sentiment": "none"
            }
        ],
        "locations": [
            {
                "name": "Gaza",
                "sentiment": "none"
            }
        ],
        "organizations": [
            {
                "name": "American Israel Public Affairs Committee",
                "sentiment": "none",
                "tickers": []
            },
            {
                "name": "AIPAC",
                "sentiment": "none",
                "tickers": []
            },
            {
                "name": "UN",
                "sentiment": "none",
                "tickers": []
            }
        ]
    },
    "syndication": {
        "syndicated": false,
        "syndicate_id": "34bfaf67c84692bf6471f33b1665bfe72fc5e195",
        "first_syndicated": true
    },
    "trust": {
        "categories": [],
        "top_news": [],
        "bias": null,
        "source": {
            "type": null,
            "city": null,
            "state": null,
            "country": null,
            "domain_type": null,
            "agency": null,
            "organization_name": null
        }
    },
    "rating": null,
    "crawled": "2025-07-17T07:16:18.866+03:00",
    "updated": "2025-07-17T04:20:29.000+00:00"
}