{
    "thread": {
        "uuid": "79c497bb102818b7de63c95e73337cd7e67aa22a",
        "url": "https://journalstar.com/opinion/column/article_c9eb76ca-5bc6-5ff2-ac24-d00b9521114b.html",
        "site_full": "journalstar.com",
        "site": "journalstar.com",
        "site_section": "https://journalstar.com/opinion/column/",
        "site_categories": [
            "media"
        ],
        "section_title": "Columnists | journalstar.com",
        "site_title": "Lincoln Journal Star | Breaking News | | Read Lincoln, NE and Nebraska breaking news. Get latest news, events and information on Nebraska sports, weather, entertainment and lifestyles.",
        "title": "Yes, Mr. President, they're still talking about Jeffrey Epstein | Jonah Goldberg",
        "title_full": "Yes, Mr. President, they're still talking about Jeffrey Epstein | Jonah Goldberg",
        "published": "2025-07-16T13:45:00.000+03:00",
        "replies_count": 0,
        "participants_count": 0,
        "site_type": "news",
        "country": "US",
        "main_image": "https://bloximages.chicago2.vip.townnews.com/journalstar.com/content/tncms/assets/v3/editorial/c/9e/c9eb76ca-5bc6-5ff2-ac24-d00b9521114b/68779db805952.preview.jpg?crop=1763%2C926%2C0%2C124&amp;resize=1200%2C630&amp;order=crop%2Cresize",
        "performance_score": 0,
        "domain_rank": 8206,
        "domain_rank_updated": "2025-06-03T00:00:00.000+03:00",
        "licensing_agency": [],
        "social": {
            "facebook": {
                "likes": 0,
                "comments": 0,
                "shares": 0
            },
            "vk": {
                "shares": 0
            }
        }
    },
    "uuid": "79c497bb102818b7de63c95e73337cd7e67aa22a",
    "url": "https://journalstar.com/opinion/column/article_c9eb76ca-5bc6-5ff2-ac24-d00b9521114b.html",
    "ord_in_thread": 0,
    "author": null,
    "published": "2025-07-16T13:45:00.000+03:00",
    "title": "Yes, Mr. President, they're still talking about Jeffrey Epstein | Jonah Goldberg",
    "text": "It's hard not to chuckle at the mess the Trump administration has made for itself with the Epstein files fiasco. Don't worry, I am not going to wade too far into the \"merits\" of the controversy. Still, a brief recap might be helpful.\nEpstein, the famous financial consultant and sex-trafficking sleazeball to the rich and famous killed himself in jail during the first Trump term. And ever since, the extended MAGA universe -- often egged on by Trump -- has convinced itself Epstein was at the center of a vast web of underage sex, blackmail and intrigue.\nHe had to have been murdered to keep his \"client list\" secret, insisted many. When Trump returned to the White House, and put MAGA all-stars Kash Patel and Dan Bongino at the top of the FBI -- both big boosters of various Epstein-related theories -- the understandable expectation was that all would finally be revealed. Early on, Attorney Gen. Pam Bondi said she had the Epstein client list on her desk and would reveal all soon.\nListen now and subscribe: Apple Podcasts | Spotify | Stitcher | RSS Feed | SoundStack | All Of Our Podcasts\nThen last week administration officials announced they could find no evidence to support the conspiracy theories. Bondi said she misspoke about the client list. The MAGA world went bonkers. Tucker Carlson and Megyn Kelly smelled blood in the water. Shouts of cover-ups and insinuations or accusations that Trump must be on the list proliferated. Bongino may be thinking of resigning. Patel is begging friendly journalists to take him at his word. And Trump is trying to shame everyone out of even talking about the guy.\n21 big, beautiful cartoons about Trump's bill The nation's top cartoonists take on the Republicans' big bill.\nNow, don't get me wrong. Legitimate -- and interesting! -- questions should be asked about Epstein's clients, about how he made money (billionaire Leon Black said he paid Epstein $170 million for \"tax advice\" -- that's a lot of advice) and, yes, about Trump's relationship with Epstein (and Bill Clinton's).\nAnd given how Trump launched and sustained his political career relentlessly pushing unfounded conspiracy theories -- including birtherism, the 2020 \"rigged\" election and so many others -- it's difficult to muster sympathy for the Mar-a-Lago Macbeth, as Epstein's ghost plagues him like a sleazier Banquo. What is delicious about the whole spectacle is that no one -- other than Epstein's underage victims -- is worth rooting for. Patel, Bongino, Bondi and the denizens of MAGA media are all caught in a no-win situation: Support Trump and his \"coverup\" of their favorite conspiracy theory or alienate Trump by refusing to drop it.\nThat so many people are refusing to drop the issue may be the most significant thing about this whole episode. Trump has a long history of trying to dictate what counts as a legitimate question or topic. Lately he's gotten more strident. When a local reporter asked about the lack of advance warning for the recent Texas floods, he snapped, \"Only a very evil person would ask a question like that.\" He's told reporters to never ask him whether he \"chickens out\" on his tariff schemes.\nThe primary intention , as always, is to intimidate the reporters. But what often lends weight to the intimidation is that Trump's own people-- from social media influencers to Fox News hosts -- will follow his cues and annoy, harass, mock or criticize mainstream reporters who ask unwanted questions of the president . The Epstein fiasco dividing those very people could be a sign of Trump's waning influence in his own coalition. The divide is larger and louder on the Epstein files than on any another issue, including Israel, Ukraine, tariffs, Medicaid cuts, debt and deficits, or Trump's myriad shady business deals.\nIf he is covering up his own involvement with Epstein, that would turn the dial to 11. But assuming we know about as much as we ever will, it doesn't really matter politically who is right about Epstein or why Trump wants people to stop talking about him. The relevant fact is that he's made it clear what he wants, and many of his own minions and enablers think it's in their interest not to give it to him.\nGoldberg is editor-in-chief of The Dispatch: thedispatch.com .\n0 Comments Love 0 Funny 0 Wow 0 Sad 0 Angry 0\nCatch the latest in Opinion Get opinion pieces, letters and editorials sent directly to your inbox weekly!\nSign up! * I understand and agree that registration on or use of this site constitutes agreement to its user agreement and privacy policy . Related to this story Trump Urges Pam Bondi To Release “Credible” Epstein Documents US President Donald Trump has said that Attorney General Pam Bondi should disclose the “credible” files related to Jeffrey Epstein, the accuse…\nClose Jonah Goldberg\nFacebook Twitter Bluesky WhatsApp SMS Email Print Copy article link Save ×",
    "highlightText": "",
    "highlightTitle": "",
    "highlightThreadTitle": "",
    "language": "english",
    "sentiment": "negative",
    "categories": [
        "Politics",
        "Crime, Law and Justice",
        "Social Issue"
    ],
    "topics": [
        "Politics->political campaigns",
        "Politics->political process",
        "Politics->political candidates",
        "Crime, Law and Justice->court",
        "Crime, Law and Justice->corruption",
        "Crime, Law and Justice->investigation (criminal)",
        "Social Issue->discrimination",
        "Social Issue->social problem",
        "Social Issue->values"
    ],
    "ai_allow": false,
    "has_canonical": false,
    "breaking": null,
    "webz_reporter": false,
    "external_links": [
        "https://open.spotify.com/show/3BXCK3qUnytooVmqKx7SqS",
        "https://feed.cdnstream1.com/zjb/feed/download/16/e7/fb/16e7fb52-7362-4ea0-9a2c-a567d099759b.xml",
        "https://linktr.ee/leepodcasts",
        "https://bsky.app/intent/compose?text=Jonah%20Goldberg%20https%3A%2F%2Fjournalstar.com%2Fopinion%2Fcolumn%2Fimage_2b1a4c20-3bd9-5f25-b06e-ed12ae2eaac0.html%3Futm_medium%3Dsocial%26utm_source%3Dbluesky%26utm_campaign%3Duser-share",
        "https://embed.audiocdn.com/?feed=aHR0cHM6Ly9mZWVkLmNkbnN0cmVhbTEuY29tL3pqYi9mZWVkL2Rvd25sb2FkLzE2L2U3L2ZiLzE2ZTdmYjUyLTczNjItNGVhMC05YTJjLWE1NjdkMDk5NzU5Yi54bWw=&pbg=EFEFEF&lbg=F9F9F9&pt=353D58&st=676E85&bbg=FFFFFF&bi=353D58&limit=10",
        "http://thedispatch.com",
        "https://shows.audiocdn.com/s/leeenterprises/the-ethical-life",
        "https://www.stitcher.com/show/the-ethical-life",
        "https://www.facebook.com/sharer/sharer.php?u=https%3A%2F%2Fjournalstar.com%2Fopinion%2Fcolumn%2Fimage_2b1a4c20-3bd9-5f25-b06e-ed12ae2eaac0.html%3Futm_medium%3Dsocial%26utm_source%3Dfacebook%26utm_campaign%3Duser-share",
        "https://open-api.spot.im/v1/messages-count?spot_id=sp_Vh9s2wvW&posts_ids=c9eb76ca-5bc6-5ff2-ac24-d00b9521114b",
        "https://leeaws.com/cio/subscribe/",
        "https://podcasts.apple.com/us/podcast/the-ethical-life/id1541037485",
        "https://launcher.spot.im/spot/sp_Vh9s2wvW",
        "https://wa.me/?text=https://journalstar.com/opinion/column/image_2b1a4c20-3bd9-5f25-b06e-ed12ae2eaac0.html",
        "https://twitter.com/intent/tweet?&text=Jonah%20Goldberg&via=JournalStarNews&url=https%3A%2F%2Fjournalstar.com%2Fopinion%2Fcolumn%2Fimage_2b1a4c20-3bd9-5f25-b06e-ed12ae2eaac0.html%3Futm_medium%3Dsocial%26utm_source%3Dtwitter%26utm_campaign%3Duser-share",
        "https://facebook.com/sharer/sharer.php?u=https%3A%2F%2Fjournalstar.com%2Fopinion%2Fcolumn%2Fimage_2b1a4c20-3bd9-5f25-b06e-ed12ae2eaac0.html%3Futm_medium%3Dsocial%26utm_source%3Dfacebook%26utm_campaign%3Duser-share",
        "https://www.launcher.spot.im/spot/sp_Vh9s2wvW",
        "https://wa.me/",
        "https://open-api.spot.im/v1/messages-count",
        "https://stitcher.com/show/the-ethical-life",
        "https://www.shows.audiocdn.com/s/leeenterprises/the-ethical-life",
        "https://leeaws.com/cio/subscribe",
        "https://www.linktr.ee/leepodcasts",
        "https://www.wa.me/?text=https://www.journalstar.com/opinion/column/image_2b1a4c20-3bd9-5f25-b06e-ed12ae2eaac0.html",
        "https://www.leeaws.com/cio/subscribe/",
        "https://www.open-api.spot.im/v1/messages-count?spot_id=sp_Vh9s2wvW&posts_ids=c9eb76ca-5bc6-5ff2-ac24-d00b9521114b",
        "https://www.podcasts.apple.com/us/podcast/the-ethical-life/id1541037485",
        "https://twitter.com/intent/tweet",
        "https://bsky.app/intent/compose",
        "http://www.thedispatch.com",
        "https://www.facebook.com/sharer/sharer.php",
        "https://www.bsky.app/intent/compose?text=Jonah%20Goldberg%20https%3A%2F%2Fjournalstar.com%2Fopinion%2Fcolumn%2Fimage_2b1a4c20-3bd9-5f25-b06e-ed12ae2eaac0.html%3Futm_medium%3Dsocial%26utm_source%3Dbluesky%26utm_campaign%3Duser-share",
        "https://www.twitter.com/intent/tweet?&text=Jonah%20Goldberg&via=JournalStarNews&url=https%3A%2F%2Fjournalstar.com%2Fopinion%2Fcolumn%2Fimage_2b1a4c20-3bd9-5f25-b06e-ed12ae2eaac0.html%3Futm_medium%3Dsocial%26utm_source%3Dtwitter%26utm_campaign%3Duser-share",
        "https://www.open.spotify.com/show/3BXCK3qUnytooVmqKx7SqS",
        "https://www.feed.cdnstream1.com/zjb/feed/download/16/e7/fb/16e7fb52-7362-4ea0-9a2c-a567d099759b.xml",
        "https://www.embed.audiocdn.com/?feed=aHR0cHM6Ly9mZWVkLmNkbnN0cmVhbTEuY29tL3pqYi9mZWVkL2Rvd25sb2FkLzE2L2U3L2ZiLzE2ZTdmYjUyLTczNjItNGVhMC05YTJjLWE1NjdkMDk5NzU5Yi54bWw=&pbg=EFEFEF&lbg=F9F9F9&pt=353D58&st=676E85&bbg=FFFFFF&bi=353D58&limit=10",
        "https://embed.audiocdn.com/"
    ],
    "entities": {
        "persons": [
            {
                "name": "Jonah Goldberg",
                "sentiment": "neutral"
            },
            {
                "name": "Jeffrey Epstein",
                "sentiment": "neutral"
            },
            {
                "name": "Dan Bongino",
                "sentiment": "none"
            },
            {
                "name": "Kash Patel",
                "sentiment": "none"
            },
            {
                "name": "Pam Bondi",
                "sentiment": "none"
            },
            {
                "name": "Trump",
                "sentiment": "none"
            }
        ],
        "locations": [],
        "organizations": [
            {
                "name": "FBI",
                "sentiment": "none",
                "tickers": [
                    {
                        "ticker": null,
                        "exchange": null
                    }
                ]
            }
        ]
    },
    "syndication": {
        "syndicated": false,
        "syndicate_id": null,
        "first_syndicated": false
    },
    "trust": {
        "categories": [
            "trusted_news"
        ],
        "top_news": [],
        "bias": "center",
        "source": {
            "type": null,
            "city": null,
            "state": null,
            "country": null,
            "domain_type": null,
            "agency": null,
            "organization_name": null
        }
    },
    "rating": null,
    "crawled": "2025-07-17T07:02:45.869+03:00",
    "updated": "2025-07-17T04:10:33.000+00:00"
}