{
    "thread": {
        "uuid": "b1df10f44210dde2ee392e5d154875d07bdae86a",
        "url": "https://www.bastillepost.com/global/article/5036703-eu-fails-to-approve-new-russia-sanctions-for-second-day",
        "site_full": "www.bastillepost.com",
        "site": "bastillepost.com",
        "site_section": "https://www.bastillepost.com/global",
        "site_categories": [
            "media",
            "travel",
            "japan",
            "top_news_hk",
            "top_news"
        ],
        "section_title": "Bastillepost",
        "site_title": "巴士的報",
        "title": "EU fails to approve new Russia sanctions for second day",
        "title_full": "EU fails to approve new Russia sanctions for second day",
        "published": "2025-07-17T06:44:00.000+03:00",
        "replies_count": 0,
        "participants_count": 1,
        "site_type": "news",
        "country": "HK",
        "main_image": "https://image.bastillepost.com/640x/wp-content/uploads/global/2025/07/8436864_1752723916003_a_FB.jpg",
        "performance_score": 0,
        "domain_rank": 54233,
        "domain_rank_updated": "2025-06-03T00:00:00.000+03:00",
        "licensing_agency": [],
        "social": {
            "facebook": {
                "likes": 0,
                "comments": 0,
                "shares": 0
            },
            "vk": {
                "shares": 0
            }
        }
    },
    "uuid": "b1df10f44210dde2ee392e5d154875d07bdae86a",
    "url": "https://www.bastillepost.com/global/article/5036703-eu-fails-to-approve-new-russia-sanctions-for-second-day",
    "ord_in_thread": 0,
    "author": "Bastillepost",
    "published": "2025-07-17T06:44:00.000+03:00",
    "title": "EU fails to approve new Russia sanctions for second day",
    "text": "The European Union (EU) failed for a second day to approve a new round of sanctions against Russia on Wednesday, as the move continued to be blocked by Slovakia over concerns related to energy security.\nThe EU Foreign Ministers' meeting didn't reach an agreement on the 18th round of sanctions against Russia one day before, due to objections from Slovakia and Malta.\nThe European Commission unveiled its 18th sanctions package last month, targeting Russia's energy sector, banking operations and defense industry. Among the proposed measures is a ban on financial transactions involving Russia's Nord Stream gas pipelines.\nSlovakia, which relies heavily on Russian gas, objected to the proposed package, citing fears of supply disruptions and rising energy costs linked to a separate EU proposal to phase out Russian gas imports by early 2028.\nSlovakia said it will not endorse the sanctions until the country receives more guarantees that it would not be harmed by a separate EU plan to phase out Russian gas by the end of 2027.\nAnother measure proposed by the European Commission is to impose a floating price cap on Russian oil, aimed at reducing the global market price by 15 percent based on the average price over the past three months. However, this measure was rejected by Malta.\nWhile the intention behind capping Russian oil prices is to diminish Russia's oil revenues, for countries like Malta that depend on seaborne oil products, it could severely disrupt their economic stability.\nThe approval of new sanctions on Russia will require a unanimous vote by all EU member states.",
    "highlightText": "",
    "highlightTitle": "",
    "highlightThreadTitle": "",
    "language": "english",
    "sentiment": "negative",
    "categories": [
        "Politics",
        "Social Issue"
    ],
    "topics": [
        "Politics->economic sanction",
        "Politics->political development",
        "Politics->international relations"
    ],
    "ai_allow": true,
    "has_canonical": false,
    "breaking": true,
    "webz_reporter": false,
    "external_links": [],
    "entities": {
        "persons": [],
        "locations": [],
        "organizations": [
            {
                "name": "European Commission",
                "sentiment": "none",
                "tickers": []
            }
        ]
    },
    "syndication": {
        "syndicated": false,
        "syndicate_id": null,
        "first_syndicated": false
    },
    "trust": {
        "categories": [],
        "top_news": [
            "top_news_hk",
            "top_news"
        ],
        "bias": null,
        "source": {
            "type": null,
            "city": null,
            "state": null,
            "country": null,
            "domain_type": null,
            "agency": null,
            "organization_name": null
        }
    },
    "rating": null,
    "crawled": "2025-07-17T07:22:13.708+03:00",
    "updated": "2025-07-18T05:09:08.000+00:00"
}