{
    "thread": {
        "uuid": "82ac64ca98e87aeacbdc6a8a856e3d732f438891",
        "url": "https://eng.pressbee.net/show4074279.html?title=japanese-firms-in-china-wary-after-astellas-employee-spy-convicti",
        "site_full": "eng.pressbee.net",
        "site": "pressbee.net",
        "site_section": "https://en.pressbee.net/rss.php",
        "site_categories": [],
        "section_title": "PressBee",
        "site_title": null,
        "title": "Japanese firms in China wary after Astellas employee spy conviction",
        "title_full": "Japanese firms in China wary after Astellas employee spy conviction",
        "published": "2025-07-17T07:11:39.472+03:00",
        "replies_count": 0,
        "participants_count": 1,
        "site_type": "news",
        "country": "EG",
        "main_image": "https://www.japantimes.co.jp/japantimes/uploads/images/2025/07/17/481703.jpg?v=3.1",
        "performance_score": 0,
        "domain_rank": 133868,
        "domain_rank_updated": "2025-06-03T00:00:00.000+03:00",
        "licensing_agency": [],
        "social": {
            "facebook": {
                "likes": 0,
                "comments": 0,
                "shares": 0
            },
            "vk": {
                "shares": 0
            }
        }
    },
    "uuid": "82ac64ca98e87aeacbdc6a8a856e3d732f438891",
    "url": "https://eng.pressbee.net/show4074279.html?title=japanese-firms-in-china-wary-after-astellas-employee-spy-convicti",
    "ord_in_thread": 0,
    "author": "japan times",
    "published": "2025-07-17T07:11:39.472+03:00",
    "title": "Japanese firms in China wary after Astellas employee spy conviction",
    "text": "Read More Details\nFinally We wish PressBee provided you with enough information of ( Japanese firms in China wary after Astellas employee spy conviction )\nAlso on site :\n Read More Details\nFinally We wish PressBee provided you with enough information of ( Japanese firms in China wary after Astellas employee spy conviction )\nAlso on site :",
    "highlightText": "",
    "highlightTitle": "",
    "highlightThreadTitle": "",
    "language": "english",
    "sentiment": "negative",
    "categories": [
        "Crime, Law and Justice",
        "Economy, Business and Finance",
        "Politics"
    ],
    "topics": [
        "Crime, Law and Justice->law",
        "Crime, Law and Justice->corporate crime",
        "Crime, Law and Justice->corruption",
        "Economy, Business and Finance->corporate news and profiles",
        "Economy, Business and Finance->business governance",
        "Politics->espionage and intelligence",
        "Politics->international relations"
    ],
    "ai_allow": true,
    "has_canonical": false,
    "breaking": false,
    "webz_reporter": false,
    "external_links": [
        "https://www.japantimes.co.jp/news/2025/07/17/japan/japan-firms-in-china-worry-spying-charges",
        "https://japantimes.co.jp/news/2025/07/17/japan/japan-firms-in-china-worry-spying-charges"
    ],
    "entities": {
        "persons": [],
        "locations": [],
        "organizations": []
    },
    "syndication": {
        "syndicated": false,
        "syndicate_id": null,
        "first_syndicated": false
    },
    "trust": {
        "categories": [],
        "top_news": [],
        "bias": null,
        "source": {
            "type": null,
            "city": null,
            "state": null,
            "country": null,
            "domain_type": null,
            "agency": null,
            "organization_name": null
        }
    },
    "rating": null,
    "crawled": "2025-07-17T07:11:39.472+03:00",
    "updated": "2025-07-17T04:15:18.000+00:00"
}