{
    "thread": {
        "uuid": "aedf9da3b0c7ec7d17ceb8491b2bba4bfd3fced6",
        "url": "https://www.nexusnewsfeed.com/article/geopolitics/asian-country-accepts-brics-invitation",
        "site_full": "www.nexusnewsfeed.com",
        "site": "nexusnewsfeed.com",
        "site_section": "https://www.nexusnewsfeed.com/?view=rss",
        "site_categories": [
            "media"
        ],
        "section_title": "Nexus Newsfeed",
        "title": "Asian country accepts BRICS invitation",
        "title_full": "Asian country accepts BRICS invitation",
        "published": "2024-12-26T20:00:00.000+02:00",
        "replies_count": 0,
        "participants_count": 0,
        "site_type": "news",
        "country": "US",
        "main_image": "https://cdn.nexusnewsfeed.com/images/2024/11/676d60c520302731ec73d49d-1735226935490.jpg?w=992&amp;h=744",
        "performance_score": 0,
        "domain_rank": 97417,
        "domain_rank_updated": "2024-12-23T23:00:00.000+02:00",
        "social": {
            "facebook": {
                "likes": 0,
                "comments": 0,
                "shares": 0
            },
            "vk": {
                "shares": 0
            }
        }
    },
    "uuid": "aedf9da3b0c7ec7d17ceb8491b2bba4bfd3fced6",
    "url": "https://www.nexusnewsfeed.com/article/geopolitics/asian-country-accepts-brics-invitation",
    "ord_in_thread": 0,
    "parent_url": null,
    "author": null,
    "published": "2024-12-26T20:00:00.000+02:00",
    "title": "Asian country accepts BRICS invitation",
    "text": "Asian country accepts BRICS invitation\nThailand has confirmed its readiness to become a partner state, local media has reported\nFILE PHOTO: Thailand, Bangkok City, What Phra Kaew and Gran Palace. © Dukas / Universal Images Group via Getty Images\nThailand has formally accepted Russia’s invitation to become a BRICS partner state, local media reported on Wednesday.\nA new ‘partner country’ status was approved at the BRICS summit in Kazan in October, and is intended to serve as an alternative to membership after more than 30 nations applied to join the organization.\nBRICS initially comprised Brazil, Russia, India, China, and South Africa, and was expanded this year to include Egypt, Iran, Ethiopia, and the United Arab Emirates.\nOn Tuesday, Thailand’s cabinet agreed to the decision, local media reported. Speaking to the press, spokesman Nikondet Phalangkun said that Thai Foreign Minister Maris Sangiampongsa had sent a letter to his Russian counterpart confirming the kingdom’s consent to become a BRICS partner country, according to TASS.\nOn October 31, Thailand received an official invitation from Russia, which at present holds the group’s rotating presidency, to become a BRICS partner, Phalangkun said.\n“Acquiring BRICS partner country status is an important step for Thailand towards joining BRICS as a full member in the future. This is the first step on this path,” TASS quoted Phalangkun as saying.\nPartner countries are granted permanent participation in special sessions of BRICS summits and foreign ministers’ meetings, as well as other high-level events. Partners can also contribute to the group’s outcome documents.\nREAD MORE: Nine countries to become BRICS partners in 2025 – Kremlin\nThe new status is expected to boost Thailand’s relations with other members of the grouping and provide new opportunities for developing its economy, the spokesman explained.\nThailand previously said it was seeking full membership in BRICS. The Ministry of Foreign Affairs said that joining the group would benefit the country by boosting trade, investment, food and energy security.\nEarlier this week, Russian presidential aide Yuri Ushakov announced that nine countries would officially become BRICS partner states. The senior Kremlin official emphasized the importance of partner state status, and named Belarus, Bolivia, Indonesia, Kazakhstan, Thailand, Cuba, Uganda, Malaysia, and Uzbekistan as the nations that would receive it on January 1.\nMore than two dozen countries have shown interest in cooperating with BRICS, according to Ushakov. The countries are Azerbaijan, Bangladesh, Bahrain, Burkina Faso, Venezuela, Honduras, Zimbabwe, Cambodia, Colombia, the Republic of Congo, Laos, Kuwait, Morocco, Myanmar, Nicaragua, Pakistan, Palestine, Senegal, Syria, Chad, Sri Lanka, Equatorial Guinea and South Sudan.",
    "highlightText": "",
    "highlightTitle": "",
    "highlightThreadTitle": "",
    "language": "english",
    "sentiment": "positive",
    "categories": [
        "Politics",
        "Economy, Business and Finance",
        "Social Issue"
    ],
    "topics": [
        "Politics->international relations",
        "Economy, Business and Finance->financial and economic news",
        "Economy, Business and Finance->economy",
        "Social Issue->social condition",
        "Social Issue->communities"
    ],
    "ai_allow": true,
    "has_canonical": false,
    "webz_reporter": false,
    "external_links": [],
    "external_images": [],
    "entities": {
        "persons": [
            {
                "name": "Maris Sangiampongsa",
                "sentiment": "none"
            },
            {
                "name": "Nikondet Phalangkun",
                "sentiment": "none"
            }
        ],
        "organizations": [
            {
                "name": "BRICS",
                "sentiment": "neutral"
            },
            {
                "name": "Dukas / Universal Images Group",
                "sentiment": "none"
            },
            {
                "name": "TASS",
                "sentiment": "none"
            }
        ],
        "locations": [
            {
                "name": "City",
                "sentiment": "none"
            }
        ]
    },
    "syndication": {
        "syndicated": false,
        "syndicate_id": null,
        "first_syndicated": false
    },
    "rating": null,
    "crawled": "2024-12-27T00:51:50.235+02:00",
    "updated": "2024-12-27T00:51:50.235+02:00"
}