{
    "thread": {
        "uuid": "b2e8db454afe66b62422b7fc9b9f53a91a3fb865",
        "url": "https://www.irishtimes.com/ireland/2024/12/27/family-of-irishman-assassinated-on-bloody-sunday-by-collins-squad-compensated-by-british",
        "site_full": "www.irishtimes.com",
        "site": "irishtimes.com",
        "site_section": "https://irishtimes.com/latest",
        "site_categories": [
            "media",
            "top_news_ie",
            "top_news"
        ],
        "section_title": "Latest updates and breaking news | The Irish Times",
        "title": "Family of Irishman assassinated on Bloody Sunday by Collins 'Squad' compensated by British",
        "title_full": "Family of Irishman assassinated on Bloody Sunday by Collins 'Squad' compensated by British",
        "published": "2024-12-27T02:00:00.000+02:00",
        "replies_count": 0,
        "participants_count": 1,
        "site_type": "news",
        "country": "IE",
        "main_image": "https://www.irishtimes.com/resizer/v2/RUEUBXV2ZZHVT7SCQJZZOX2K7A.jpg?smart=true&amp;auth=8a62b63683129cc40574a70e7e92a57881f58ad363c8694b09564c2fc11c5d1a&amp;width=1200&amp;height=630",
        "performance_score": 0,
        "domain_rank": 934,
        "domain_rank_updated": "2024-12-23T23:00:00.000+02:00",
        "social": {
            "facebook": {
                "likes": 0,
                "comments": 0,
                "shares": 0
            },
            "vk": {
                "shares": 0
            }
        }
    },
    "uuid": "b2e8db454afe66b62422b7fc9b9f53a91a3fb865",
    "url": "https://www.irishtimes.com/ireland/2024/12/27/family-of-irishman-assassinated-on-bloody-sunday-by-collins-squad-compensated-by-british",
    "ord_in_thread": 0,
    "parent_url": null,
    "author": "Ronan McGreevy",
    "published": "2024-12-27T02:00:00.000+02:00",
    "title": "Family of Irishman assassinated on Bloody Sunday by Collins 'Squad' compensated by British",
    "text": "The family of an Irishman assassinated by [Michael Collins](https://www.irishtimes.com/tags/michael-collins/)’s “Squad” on Bloody Sunday was awarded the equivalent of €450,000 in compensation by the [British](https://www.irishtimes.com/world/uk/) government.\nCapt Patrick McCormack, who served in the Royal Army Veterinary Corps (RAVC) in the first World War, was shot dead in the Gresham Hotel in [Dublin](https://www.irishtimes.com/tags/dublin/) city centre on the morning of Sunday, November 21st, 1920.\nMcCormack (47) was originally from Castlebar, Co [Mayo](https://www.irishtimes.com/tags/mayo/), and was the nephew of the late Bishop of Galway Francis McCormack. He joined the RAVC in 1917 and served in Egypt. After the war he remained in Egypt and was in Ireland buying horses for the Alexandra Turf Club at the time of Bloody Sunday.\nHe was killed by a team led by Paddy Moran who would later be executed by the British for his role on Bloody Sunday, but not for the Gresham Hotel shooting; rather, for the shootings that took place later in Mount Street, Dublin.\nCertain ‘State papers’ or official archives are declassified at the end of every year. This week, thousands of documents in archives in Dublin, Belfast and London are being made public for the first time, bringing new insights into events of times past. This year’s Dublin archives mostly date from 1994.\nMcCormack’s family was outraged by the killing and the suggestion that he was a British spy. His mother Kate said she could not bear the notion that her son had been engaged in “dishonourable conduct against his country”.\n[ [Bloody Sunday 1920: Who were Michael Collins’s hit team ‘The Squad’?Opens in new window](https://www.irishtimes.com/culture/heritage/bloody-sunday-1920-who-were-michael-collins-s-hit-team-the-squad-1.4413582) ]\nAccording to the Bloody Sunday compensation files, now released from the National Archives, McCormack’s family received £7,250 (the equivalent of £372,500 today) of which £4,500 was paid to his widow Noellie, £2,000 to the couple’s daughter Grace and £750 to his mother Kate.\nThe responsibility for paying the award, the amount of which was decided by the British government in June 1921, was the subject of sharp correspondence between the British and Irish Free State governments.\nIt was originally suggested that the compensation payments be shared equally by both, but the Irish government refused to pay, stating that documents captured by the IRA in a raid on post in Dublin showed that McCormack worked for the British.\n[ [Diarmaid Ferriter: Bloody Sunday 1920 changed British attitudes to IrelandOpens in new window](https://www.irishtimes.com/culture/heritage/diarmaid-ferriter-bloody-sunday-1920-changed-british-attitudes-to-ireland-1.4411709) ]\n“His execution was decided on in a responsible quarter after due consideration and he was shadowed for some time before it was found possible to carry it out,” stated the letter from the Department of Finance in 1925.\nThe letter was sent to Alexander Reid Jamieson in the Colonial Office with a terse note: “I take it you will now accept full liability for payment of the award in this case.”\n- Sign up for\n[push alerts](https://www.irishtimes.com/media/2023/11/07/stay-informed-with-push-alerts-from-the-irish-times-delivered-straight-to-your-phone/)and have the best news, analysis and comment delivered directly to your phone - Join\n[The Irish Times on WhatsApp](https://www.irishtimes.com/media/2023/10/27/find-the-irish-times-on-whatsapp-and-stay-up-to-date/)and stay up to date - Listen to our\n[Inside Politics podcast](https://www.irishtimes.com/podcasts/inside-politics/)for the best political chat and analysis",
    "highlightText": "",
    "highlightTitle": "",
    "highlightThreadTitle": "",
    "language": "english",
    "sentiment": "positive",
    "categories": [
        "Politics",
        "Human Interest"
    ],
    "topics": [
        "Politics->political crisis",
        "Politics->human rights",
        "Politics->government",
        "Human Interest->funeral and memorial service"
    ],
    "ai_allow": true,
    "has_canonical": false,
    "webz_reporter": false,
    "external_links": [],
    "external_images": [],
    "entities": {
        "persons": [
            {
                "name": "Michael Collins",
                "sentiment": "negative"
            },
            {
                "name": "Paddy Moran",
                "sentiment": "none"
            },
            {
                "name": "McCormack",
                "sentiment": "none"
            }
        ],
        "organizations": [
            {
                "name": "Collins 'Squad",
                "sentiment": "neutral"
            },
            {
                "name": "Royal Army Veterinary Corps",
                "sentiment": "none"
            }
        ],
        "locations": [
            {
                "name": "Mount Street",
                "sentiment": "none"
            },
            {
                "name": "Hotel",
                "sentiment": "none"
            }
        ]
    },
    "syndication": {
        "syndicated": false,
        "syndicate_id": null,
        "first_syndicated": false
    },
    "rating": null,
    "crawled": "2024-12-27T02:59:23.777+02:00",
    "updated": "2024-12-27T02:59:23.777+02:00"
}