{
    "thread": {
        "uuid": "1bdfa45a1a433ef7e9087c7c07f42e3f5cbe38c1",
        "url": "https://pledgetimes.com/illa-claims-the-fraternity-that-unites-people-and-territories-in-his-first-christmas-message-as-president",
        "site_full": "pledgetimes.com",
        "site": "pledgetimes.com",
        "site_section": "https://www.pledgetimes.com",
        "site_categories": [
            "financial_news",
            "finance"
        ],
        "section_title": "Pledge Times -",
        "title": "Illa claims the \"fraternity that unites people and territories\" in his first Christmas message as president",
        "title_full": "Illa claims the \"fraternity that unites people and territories\" in his first Christmas message as president",
        "published": "2024-12-26T22:24:00.000+02:00",
        "replies_count": 0,
        "participants_count": 1,
        "site_type": "news",
        "country": "US",
        "main_image": "",
        "performance_score": 0,
        "domain_rank": 78186,
        "domain_rank_updated": "2024-12-23T23:00:00.000+02:00",
        "social": {
            "facebook": {
                "likes": 0,
                "comments": 0,
                "shares": 0
            },
            "vk": {
                "shares": 0
            }
        }
    },
    "uuid": "1bdfa45a1a433ef7e9087c7c07f42e3f5cbe38c1",
    "url": "https://pledgetimes.com/illa-claims-the-fraternity-that-unites-people-and-territories-in-his-first-christmas-message-as-president",
    "ord_in_thread": 0,
    "parent_url": null,
    "author": "admin_l6ma5gus",
    "published": "2024-12-26T22:24:00.000+02:00",
    "title": "Illa claims the \"fraternity that unites people and territories\" in his first Christmas message as president",
    "text": "Salvador Illa delivered this Thursday the traditional Christmas speech of the president of the Generalitat with a plea in favor of fraternity. A value that, the president has said, is the “foundation of any society, country and democracy” and that “unites people and territories.” With this defense, Illa has continued one of the ideas that his Government repeats, for unity between Catalans and with the whole of Spain.\n“Fraternity between family members, brotherhood between neighbors, brotherhood between territories,” Illa claimed in her debut Christmas message, not even half a year since the investiture. “That is why it is important that we reinforce what we share. That is why it is important that we experience our diversity as a wealth,” he insisted.\nThe traditional Christmas message from the presidents of the Generalitat, which is customarily broadcast on December 26, on the Catalan holiday of Sant Esteve, has historically been an ideal occasion for different political leaders to raise their demands, especially during the process.\nSalvador Illa, however, wanted to show an inflection in this sense, with a speech with hardly any appeals to any of the specific projects of his Executive. Furthermore, after several years in which Pere Aragonès had chosen to offer his speech from iconic places linked to current events, Illa has now returned to the Gothic gallery of the Palau de la Generalitat, one of the most institutional places in the Government headquarters. .\nThe president has called for a Catalonia “on the side of hope” and optimistic about the future. “History shows us that Catalonia has advanced more when it has trusted itself,” he said. And also a more united society because, he stressed, more progress is made when “hopes, efforts and optimism” are shared.\nMuch of the intervention has been aimed at defending peace, with references to Gaza, Syria and Ukraine. “It is necessary that we remain firm in the defense of peace and dialogue, as we have always done,” he assured.\nA peace that Illa has also claimed in everyday life. “Peace is being able to sleep at home with your people and get up the next day to go to work,” he noted, and then sent a “warm hug” to the Valencian citizens “who are fighting so hard to recover normality after the tragedy experienced by Dana.”\nHousing, security and singular financing: Illa presents a legislative plan to tie ERC and Comuns\nIlla also remembered the workers, both public servants and staff who work during the holidays. “I am convinced that 2025 will be a year of new hope. Hopes that we would like to see translated and that we must ensure that they translate into a better life for everyone,” he added.\n#Illa #claims #fraternity #unites #people #territories #Christmas #message #president",
    "highlightText": "",
    "highlightTitle": "",
    "highlightThreadTitle": "",
    "language": "english",
    "sentiment": "positive",
    "categories": [
        "Politics"
    ],
    "topics": [
        "Politics->political process",
        "Politics->government",
        "Politics->political candidates"
    ],
    "ai_allow": true,
    "has_canonical": false,
    "webz_reporter": false,
    "external_links": [
        "https://static.eldiario.es/clip/7466e3bc-1992-419a-9ff1-552e6d38185a_16-9-aspect-ratio_50p_0.webp",
        "https://static.eldiario.es/clip/7466e3bc-1992-419a-9ff1-552e6d38185a_16-9-aspect-ratio_default_0.webp",
        "https://www.static.eldiario.es/clip/7466e3bc-1992-419a-9ff1-552e6d38185a_16-9-aspect-ratio_default_0.webp",
        "https://www.static.eldiario.es/clip/7466e3bc-1992-419a-9ff1-552e6d38185a_16-9-aspect-ratio_50p_0.webp"
    ],
    "external_images": [],
    "entities": {
        "persons": [
            {
                "name": "Salvador Illa",
                "sentiment": "negative"
            },
            {
                "name": "Sant Esteve",
                "sentiment": "none"
            }
        ],
        "organizations": [],
        "locations": []
    },
    "syndication": {
        "syndicated": false,
        "syndicate_id": null,
        "first_syndicated": false
    },
    "rating": null,
    "crawled": "2024-12-27T01:21:51.236+02:00",
    "updated": "2024-12-27T01:21:51.236+02:00"
}