{
    "thread": {
        "uuid": "5d94432fb8374a7c50bb58accd8b56d1f01a6889",
        "url": "https://thedailyguardian.com/india/indias-defence-push-5-point-pakistan-policy-sudarshan-chakra-vision-2035-and-futuristic-security-mission-645791/",
        "site_full": "thedailyguardian.com",
        "site": "thedailyguardian.com",
        "site_section": "https://thedailyguardian.com/world/russia",
        "site_categories": [
            "under_construction",
            "non_standard_content"
        ],
        "section_title": "Russia Archives - The Daily Guardian",
        "site_title": "Latest News Today:Breaking News|Entertainment News|Business News|Politics News|Sports News|English news-TheDailyGuardian",
        "title": "India's Defence Push: 5-Point Pakistan Policy, Sudarshan Chakra Vision 2035, and Futuristic Security Mission",
        "title_full": "India's Defence Push: 5-Point Pakistan Policy, Sudarshan Chakra Vision 2035, and Futuristic Security Mission",
        "published": "2025-08-21T06:39:00.000+03:00",
        "replies_count": 0,
        "participants_count": 1,
        "site_type": "news",
        "country": "IN",
        "main_image": "https://thedailyguardian.com/wp-content/uploads/2025/08/mixcollage-21-aug-2025-09-01-am-3430.jpg",
        "performance_score": 0,
        "domain_rank": 33825,
        "domain_rank_updated": "2025-06-03T00:00:00.000+03:00",
        "licensing_agency": [],
        "social": {
            "facebook": {
                "likes": 0,
                "comments": 0,
                "shares": 0
            },
            "vk": {
                "shares": 0
            }
        }
    },
    "uuid": "5d94432fb8374a7c50bb58accd8b56d1f01a6889",
    "url": "https://thedailyguardian.com/india/indias-defence-push-5-point-pakistan-policy-sudarshan-chakra-vision-2035-and-futuristic-security-mission-645791/",
    "ord_in_thread": 0,
    "author": "Komal Das",
    "published": "2025-08-21T06:39:00.000+03:00",
    "title": "India's Defence Push: 5-Point Pakistan Policy, Sudarshan Chakra Vision 2035, and Futuristic Security Mission",
    "text": "India’s defence strategy in 2025 shows how much the country is changing its approach to security. The government has made it clear that national security is non-negotiable. To achieve this, India is increasing spending, becoming self-reliant, taking a firm stand on Pakistan, and preparing for future threats with the Sudarshan Chakra Mission. These steps are meant to make India more confident, modern, and ready to deal with any challenge.\nDefence Spending and Exports\nIndia is spending much more on defence than before. The budget has gone up from Rs 2.53 lakh crore in 2013–14 to Rs 6.81 lakh crore in 2025–26. In 2024–25, defence production reached a record Rs 1.50 lakh crore, which is more than three times what it was in 2014–15. India now builds fighter jets, missiles, artillery, warships, and even aircraft carriers at home. Exports have also grown a lot, reaching Rs 23,622 crore in 2024–25. Defense equipment made in India is now reaching over 100 countries, including big ones like the US, France, and Armenia.\nRead More: ‘Naatak Company’ or Targeted Attack? BJP Calls Out AAP, MLA Claims It Was Staged\nPush for Self-Reliance\nThe Modi government is focusing on Atmanirbharta, which means making India self-reliant in defense and the goal is to cut down on imports and produce more within the country. The Defence Acquisition Procedure 2020 gives priority to buying locally designed and manufactured items. The ‘Make’ process has also been improved to encourage Indian industries to create defence systems. This policy is making India’s defence industry stronger and more independent.\nClear Policy on Pakistan\nIndia now follows five clear rules when dealing with Pakistan. Any terror attack will get a firm reply. Nuclear threats will not stop India from acting. Terrorists and their sponsors will be treated the same. Talks with Pakistan, if they happen, will only be about terrorism or Pakistan-occupied Kashmir. And most importantly, India will never compromise on its sovereignty. The message is simple: terror and talks cannot go together.\nThe Five Red Lines on Pakistan\nIndia has made its position on Pakistan very clear with five strong red lines:\n- Firm reply to terror attacks – Any terror strike on India will be answered with a strong response.\n- No tolerance for nuclear blackmail – Nuclear threats will not stop India from taking action.\n- No difference between terrorists and their sponsors – Both will face equal accountability.\n- Talks only on terrorism or Pakistan-occupied Kashmir – No other issue will be on the table.\n- Zero compromise on sovereignty – Terror and talks cannot go together.\nRead More: Malayalam Actor Rini Ann George Accuses Young Kerala Politician of Harassment\nThe Sudarshan Chakra Mission\nTo prepare for the future, PM Modi launched the Sudarshan Chakra Mission in 2025. This programme has three goals: full indigenization of research and manufacturing, use of predictive technology for future warfare, and building precise counter-systems. By 2035, the mission aims to give India a strong security shield that will protect both military and civilian infrastructure.\nIndia defence strategy 2025 is not just about the present, but also about the future. With higher spending, focus on self-reliance, a firm stand on Pakistan, and futuristic missions, India is working to make its defence system stronger and more reliable.",
    "highlightText": "",
    "highlightTitle": "",
    "highlightThreadTitle": "",
    "language": "english",
    "sentiment": "positive",
    "categories": [
        "Politics",
        "Economy, Business and Finance",
        "Social Issue"
    ],
    "topics": [
        "Politics->defence",
        "Politics->national government",
        "Politics->government",
        "Economy, Business and Finance->business strategy and marketing",
        "Economy, Business and Finance->economy",
        "Economy, Business and Finance->energy and resource"
    ],
    "ai_allow": true,
    "has_canonical": false,
    "breaking": null,
    "webz_reporter": false,
    "external_links": [],
    "external_images": [],
    "internal_images": [],
    "entities": {
        "persons": [],
        "locations": [],
        "organizations": [
            {
                "name": "BJP",
                "sentiment": "none",
                "tickers": [
                    {
                        "ticker": null,
                        "exchange": null
                    }
                ]
            }
        ]
    },
    "syndication": {
        "syndicated": false,
        "syndicate_id": null,
        "first_syndicated": false
    },
    "trust": {
        "categories": [],
        "top_news": [],
        "bias": null,
        "source": {
            "type": null,
            "city": null,
            "state": null,
            "country": null,
            "domain_type": null,
            "agency": null,
            "organization_name": null
        }
    },
    "rating": null,
    "crawled": "2025-08-21T07:45:05.512+03:00",
    "updated": "2025-08-21T07:46:26.000+03:00"
}