{
    "thread": {
        "uuid": "7fded1b74a90e0347f66027fa3dc34c05c440658",
        "url": "https://www.messenger-inquirer.com/news/local/hrc-to-honor-march-on-washington-with-mlk-dreamers-dash/article_89f53e1b-f1e4-5c04-805e-aaaa1c8f8b0a.html",
        "site_full": "www.messenger-inquirer.com",
        "site": "messenger-inquirer.com",
        "site_section": "http://www.messenger-inquirer.com/search/?q=&t=article&l=100&d=&d1=&d2=&s=start_time&sd=desc&nsa=eedition&c[]=news/local,news/local/*&f=rss",
        "site_categories": [
            "media"
        ],
        "section_title": "www.messenger-inquirer.com - RSS Results in news/local,news/local/* of type article",
        "site_title": "messenger-inquirer.com | Owensboro Messenger-Inquirer offers news, sports and weather covering Daviess, McLean, Hancock, Muhlenberg and Ohio counties.",
        "title": "HRC to honor 'March on Washington' with MLK Dreamer's Dash",
        "title_full": "HRC to honor 'March on Washington' with MLK Dreamer's Dash",
        "published": "2025-08-16T01:30:00.000+03:00",
        "replies_count": 0,
        "participants_count": 1,
        "site_type": "news",
        "country": "US",
        "main_image": "https://bloximages.chicago2.vip.townnews.com/messenger-inquirer.com/content/tncms/custom/image/d3438092-9ea6-11ee-95f8-b788831de3bd.jpg?resize=600%2C338",
        "performance_score": 0,
        "domain_rank": 53692,
        "domain_rank_updated": "2025-06-03T00:00:00.000+03:00",
        "licensing_agency": [],
        "social": {
            "facebook": {
                "likes": 0,
                "comments": 0,
                "shares": 0
            },
            "vk": {
                "shares": 0
            }
        }
    },
    "uuid": "7fded1b74a90e0347f66027fa3dc34c05c440658",
    "url": "https://www.messenger-inquirer.com/news/local/hrc-to-honor-march-on-washington-with-mlk-dreamers-dash/article_89f53e1b-f1e4-5c04-805e-aaaa1c8f8b0a.html",
    "ord_in_thread": 0,
    "author": "James Mayse Messenger-Inquirer",
    "published": "2025-08-16T01:30:00.000+03:00",
    "title": "HRC to honor 'March on Washington' with MLK Dreamer's Dash",
    "text": "Eunice Taylor, a professor of nursing at Owensboro Community & Technical College, was 11 years old and living in Washington, D.C. on Aug. 28, 1963, when as many as 250,000 people filled the city streets for the “March on Washington.”\nTaylor was able to look out the top window of her grandmother’s house and watch the throng of people moving through the streets for the rally, which featured speeches by several people, including the Rev. Dr. Martin Luther King Jr.",
    "highlightText": "",
    "highlightTitle": "",
    "highlightThreadTitle": "",
    "language": "english",
    "sentiment": "positive",
    "categories": [
        "Politics",
        "Human Interest",
        "Social Issue"
    ],
    "topics": [
        "Politics->national elections",
        "Politics->political process",
        "Politics->civil rights",
        "Human Interest->ceremony",
        "Social Issue->diversity, equity and inclusion",
        "Social Issue->social networking",
        "Social Issue->communities"
    ],
    "ai_allow": false,
    "has_canonical": true,
    "breaking": null,
    "webz_reporter": false,
    "external_links": [],
    "external_images": [],
    "internal_images": [],
    "entities": {
        "persons": [
            {
                "name": "Eunice Taylor",
                "sentiment": "negative"
            }
        ],
        "locations": [
            {
                "name": "D.C.",
                "sentiment": "none"
            }
        ],
        "organizations": [
            {
                "name": "Owensboro Community & Technical College",
                "sentiment": "negative",
                "tickers": []
            }
        ]
    },
    "syndication": {
        "syndicated": false,
        "syndicate_id": null,
        "first_syndicated": false
    },
    "trust": {
        "categories": [
            "trusted_news"
        ],
        "top_news": [],
        "bias": "center",
        "source": {
            "type": "local_news",
            "city": [
                "Owensboro"
            ],
            "state": [
                "Kentucky"
            ],
            "country": [
                "US"
            ],
            "domain_type": null,
            "agency": null,
            "organization_name": null
        }
    },
    "rating": null,
    "crawled": "2025-08-21T07:57:49.087+03:00",
    "updated": "2025-08-21T08:04:43.000+03:00"
}