{
    "thread": {
        "uuid": "1476f81d78141dd783aaa5591a71793ab1f59598",
        "url": "https://www.clickondetroit.com/news/local/2025/08/21/im-a-promise-keeper-detroit-police-chief-vows-action-amid-teen-violence-during-walk-a-mile-wednesday/",
        "site_full": "www.clickondetroit.com",
        "site": "clickondetroit.com",
        "site_section": "https://www.clickondetroit.com/news/weird-news",
        "site_categories": [
            "media"
        ],
        "section_title": "Weird News",
        "site_title": "ClickOnDetroit | WDIV Local 4",
        "title": "'I'm a promise keeper': Detroit police chief vows action amid teen violence during Walk-A-Mile Wednesday",
        "title_full": "'I'm a promise keeper': Detroit police chief vows action amid teen violence during Walk-A-Mile Wednesday",
        "published": "2025-08-21T06:29:00.000+03:00",
        "replies_count": 0,
        "participants_count": 1,
        "site_type": "news",
        "country": "US",
        "main_image": "https://res.cloudinary.com/graham-media-group/image/upload/f_auto/q_auto/c_thumb,w_700/v1/media/anyclip/fstl-tf/MXKgypgB9u8mgfWfb-ir/1755746303531_1920x1080_thumbnail.jpg?_a=DATAg1eAZAA0",
        "performance_score": 0,
        "domain_rank": 5614,
        "domain_rank_updated": "2025-06-03T00:00:00.000+03:00",
        "licensing_agency": [],
        "social": {
            "facebook": {
                "likes": 0,
                "comments": 0,
                "shares": 0
            },
            "vk": {
                "shares": 0
            }
        }
    },
    "uuid": "1476f81d78141dd783aaa5591a71793ab1f59598",
    "url": "https://www.clickondetroit.com/news/local/2025/08/21/im-a-promise-keeper-detroit-police-chief-vows-action-amid-teen-violence-during-walk-a-mile-wednesday/",
    "ord_in_thread": 0,
    "author": "Brandon Carr",
    "published": "2025-08-21T06:29:00.000+03:00",
    "title": "'I'm a promise keeper': Detroit police chief vows action amid teen violence during Walk-A-Mile Wednesday",
    "text": "DETROIT – Detroit police Chief Todd Bettison gave an update on the rash of shootings involving teenagers this summer.\nBettison said at least some of the violence appears to be gang-related.\nHe gave Local 4 the update during his Walk a Mile Wednesday event on Detroit’s east side.\nDetroit Police Department data shows a 33% increase in young victims of gun violence, compared to the same period last year.\nA handful of those shootings we’ve covered so far can be found below.\nSome were fatal, and in some, the victims were able to make a full recovery.\nBettison said on Wednesday (Aug. 20) that recent raids in the city have led to some gang-related arrests.\n“A lot of it is gang-related, and so we did make some arrests with the raids as well. So, let me tell you, a lot of the gang members are not teens, also. And so I have individuals that are 20 and 30 years old that are still gangbanging, and we’re going to definitely hold them accountable too. I’m going after them, and guess what, I am a promise keeper and I promise to keep these offenders off of the street.”\nDetroit police Chief Todd Bettison\nTo also combat violent crime among teens, the city approved higher fines for parents of kids who violate the city’s curfew.",
    "highlightText": "",
    "highlightTitle": "",
    "highlightThreadTitle": "",
    "language": "english",
    "sentiment": "positive",
    "categories": [
        "Crime, Law and Justice",
        "Social Issue",
        "Politics"
    ],
    "topics": [
        "Crime, Law and Justice->law enforcement",
        "Crime, Law and Justice->shootings",
        "Social Issue->abusive behaviour",
        "Social Issue->juvenile delinquency",
        "Social Issue->social problem",
        "Politics->safety of citizens",
        "Politics->civil rights",
        "Politics->government"
    ],
    "ai_allow": true,
    "has_canonical": false,
    "breaking": null,
    "webz_reporter": false,
    "external_links": [],
    "external_images": [],
    "internal_images": [],
    "entities": {
        "persons": [
            {
                "name": "Todd Bettison",
                "sentiment": "negative"
            },
            {
                "name": "Bettison",
                "sentiment": "none"
            }
        ],
        "locations": [],
        "organizations": [
            {
                "name": "Detroit Police Department",
                "sentiment": "none",
                "tickers": [
                    {
                        "ticker": null,
                        "exchange": null
                    }
                ]
            }
        ]
    },
    "syndication": {
        "syndicated": false,
        "syndicate_id": null,
        "first_syndicated": false
    },
    "trust": {
        "categories": [
            "trusted_news"
        ],
        "top_news": [],
        "bias": "center",
        "source": {
            "type": "local_news",
            "city": [
                "Detroit"
            ],
            "state": [
                "Michigan"
            ],
            "country": [
                "US"
            ],
            "domain_type": null,
            "agency": null,
            "organization_name": null
        }
    },
    "rating": null,
    "crawled": "2025-08-21T07:35:59.191+03:00",
    "updated": "2025-08-21T07:39:02.000+03:00"
}