{
    "thread": {
        "uuid": "c951556d341e738ae4f456cf87536ba677cbaf5a",
        "url": "https://tvmnews.mt/en/news/the-regeneration-project-in-the-social-accommodation-sector-in-gudja-has-been-completed",
        "site_full": "tvmnews.mt",
        "site": "tvmnews.mt",
        "site_section": "https://tvmnews.mt/en",
        "site_categories": [],
        "section_title": "TVMnews.mt",
        "site_title": "TVMnews.mt",
        "title": "The regeneration project in the social accommodation sector in Gudja has been completed",
        "title_full": "The regeneration project in the social accommodation sector in Gudja has been completed",
        "published": "2025-08-20T18:56:00.000+03:00",
        "replies_count": 0,
        "participants_count": 1,
        "site_type": "news",
        "country": "MT",
        "main_image": "https://cdn.tvmnews.mt/wp-content/uploads/2025/08/20162231/PR251462b.jpg",
        "performance_score": 0,
        "domain_rank": 86791,
        "domain_rank_updated": "2025-06-03T00:00:00.000+03:00",
        "licensing_agency": [],
        "social": {
            "facebook": {
                "likes": 0,
                "comments": 0,
                "shares": 0
            },
            "vk": {
                "shares": 0
            }
        }
    },
    "uuid": "c951556d341e738ae4f456cf87536ba677cbaf5a",
    "url": "https://tvmnews.mt/en/news/the-regeneration-project-in-the-social-accommodation-sector-in-gudja-has-been-completed",
    "ord_in_thread": 0,
    "author": "TVM Newsroom",
    "published": "2025-08-20T18:56:00.000+03:00",
    "title": "The regeneration project in the social accommodation sector in Gudja has been completed",
    "text": "Aqra bil-\nMalti\nThe regeneration project undertaken in the social accommodation sector in Gudja has now been completed.\nIt was announced that through this project, carried out on two blocks with a separate entrance, more families are now benefiting from a renovated residential environment. Announcing this, Social and Affordable Accommodation Minister Roderick Galdes explained that the work on this project was carried out through an investment of over 100,000 euro. Minister Galdes added that the Government is carrying out these interventions as it believes there should be continuous investment, not only in homes, but also in the quality of life of families and in the communities within which they live.\nMinister Galdes also reminded that the Gudja project is just one of a series of regeneration projects that are either completed or ongoing, including in Mosta, Ta’ Ġiorni, Żejtun, Ħamrun, Santa Luċija, Paola and Tarxien.\nThe Minister stated that these projects are proof of the Government’s vision and commitment to raising social accommodation standards and continuing to improve the well-being of families.",
    "highlightText": "",
    "highlightTitle": "",
    "highlightThreadTitle": "",
    "language": "english",
    "sentiment": "positive",
    "categories": [
        "Economy, Business and Finance",
        "Social Issue",
        "Politics"
    ],
    "topics": [
        "Economy, Business and Finance->construction and property",
        "Economy, Business and Finance->business service",
        "Economy, Business and Finance->business governance",
        "Social Issue->social services",
        "Social Issue->communities",
        "Politics->local government and authority",
        "Politics->government",
        "Politics->government policy"
    ],
    "ai_allow": true,
    "has_canonical": false,
    "breaking": null,
    "webz_reporter": false,
    "external_links": [],
    "external_images": [],
    "internal_images": [],
    "entities": {
        "persons": [
            {
                "name": "Roderick Galdes",
                "sentiment": "none"
            },
            {
                "name": "Paola",
                "sentiment": "none"
            }
        ],
        "locations": [
            {
                "name": "Gudja",
                "sentiment": "none"
            }
        ],
        "organizations": []
    },
    "syndication": {
        "syndicated": false,
        "syndicate_id": null,
        "first_syndicated": false
    },
    "trust": {
        "categories": [],
        "top_news": [],
        "bias": null,
        "source": {
            "type": null,
            "city": null,
            "state": null,
            "country": null,
            "domain_type": null,
            "agency": null,
            "organization_name": null
        }
    },
    "rating": null,
    "crawled": "2025-08-21T07:23:37.388+03:00",
    "updated": "2025-08-21T07:26:32.000+03:00"
}