{
    "thread": {
        "uuid": "1a8b347aa7d1a13c4bf82465a7eb440210602cc2",
        "url": "https://article.wn.com/view/2025/08/21/Marching_forward_commemorating_the_March_on_Washington_on_Wa/",
        "site_full": "article.wn.com",
        "site": "wn.com",
        "site_section": "https://izuba.info/news.html",
        "site_categories": [
            "media"
        ],
        "section_title": "News - Izuba",
        "site_title": "World News",
        "title": "Marching forward-commemorating the March on Washington on Wall Street - Worldnews.com",
        "title_full": "Marching forward-commemorating the March on Washington on Wall Street - Worldnews.com",
        "published": "2025-08-21T03:00:00.000+03:00",
        "replies_count": 0,
        "participants_count": 1,
        "site_type": "news",
        "country": "US",
        "main_image": "",
        "performance_score": 0,
        "domain_rank": 3835,
        "domain_rank_updated": "2025-06-03T00:00:00.000+03:00",
        "licensing_agency": [],
        "social": {
            "facebook": {
                "likes": 0,
                "comments": 0,
                "shares": 0
            },
            "vk": {
                "shares": 0
            }
        }
    },
    "uuid": "1a8b347aa7d1a13c4bf82465a7eb440210602cc2",
    "url": "https://article.wn.com/view/2025/08/21/Marching_forward_commemorating_the_March_on_Washington_on_Wa/",
    "ord_in_thread": 0,
    "author": "System",
    "published": "2025-08-21T03:00:00.000+03:00",
    "title": "Marching forward-commemorating the March on Washington on Wall Street - Worldnews.com",
    "text": "by Dr. Benjamin F. Chavis, Jr., Joint Coalition of Churches & National Action Network statement: On August 28, 2025, in solemn commemoration of the historic 1963 March on Washington, a united coalition of churches and the Black Press led by Dr. Boise Kimber; Bishop J. Drew Sheard and Dr. Samuel C. Tolbert; Dr....\nread full story\nAsk about this article",
    "highlightText": "",
    "highlightTitle": "",
    "highlightThreadTitle": "",
    "language": "english",
    "sentiment": "positive",
    "categories": [
        "Politics",
        "Social Issue",
        "Human Interest"
    ],
    "topics": [
        "Politics->political campaigns",
        "Politics->civil rights",
        "Politics->political process",
        "Social Issue->demographics",
        "Social Issue->discrimination",
        "Social Issue->social condition",
        "Human Interest->ceremony"
    ],
    "ai_allow": true,
    "has_canonical": false,
    "breaking": null,
    "webz_reporter": false,
    "external_links": [
        "https://pridepublishinggroup.com/?p=74679",
        "https://www.pridepublishinggroup.com/?p=74679",
        "https://pridepublishinggroup.com/"
    ],
    "external_images": [],
    "internal_images": [],
    "entities": {
        "persons": [
            {
                "name": "Benjamin F. Chavis",
                "sentiment": "negative"
            },
            {
                "name": "Samuel C. Tolbert",
                "sentiment": "none"
            },
            {
                "name": "Boise Kimber",
                "sentiment": "none"
            }
        ],
        "locations": [],
        "organizations": [
            {
                "name": "Joint Coalition of Churches & National Action Network",
                "sentiment": "negative",
                "tickers": []
            },
            {
                "name": "Black Press",
                "sentiment": "none",
                "tickers": []
            }
        ]
    },
    "syndication": {
        "syndicated": false,
        "syndicate_id": null,
        "first_syndicated": false
    },
    "trust": {
        "categories": [
            "trusted_news"
        ],
        "top_news": [],
        "bias": "center",
        "source": {
            "type": null,
            "city": null,
            "state": null,
            "country": null,
            "domain_type": null,
            "agency": null,
            "organization_name": null
        }
    },
    "rating": null,
    "crawled": "2025-08-21T07:20:57.761+03:00",
    "updated": "2025-08-21T07:23:51.000+03:00"
}