{
    "thread": {
        "uuid": "c57b8ecdecf39db2afcec3e22be5f643f5087bb2",
        "url": "https://24newshd.tv/19-Aug-2025/air-canada-flight-attendants-end-strike-after-reaching-tentative-deal",
        "site_full": "24newshd.tv",
        "site": "24newshd.tv",
        "site_section": "https://24newshd.tv",
        "site_categories": [
            "top_news_pk",
            "top_news"
        ],
        "section_title": "24 News HD | Latest Pakistan News, Breaking News, World news",
        "site_title": "24newshd.tv",
        "title": "Air Canada flight attendants end strike after reaching 'tentative' deal",
        "title_full": "Air Canada flight attendants end strike after reaching 'tentative' deal",
        "published": "2025-08-19T20:36:00.000+03:00",
        "replies_count": 0,
        "participants_count": 1,
        "site_type": "news",
        "country": "PK",
        "main_image": "https://24newshd.tv/digital_images/large/2025-08-19/air-canada-flight-attendants-end-strike-after-reaching-tentative-deal-1755624971-7103.jpg",
        "performance_score": 0,
        "domain_rank": 157170,
        "domain_rank_updated": "2025-06-03T00:00:00.000+03:00",
        "licensing_agency": [],
        "social": {
            "facebook": {
                "likes": 0,
                "comments": 0,
                "shares": 0
            },
            "vk": {
                "shares": 0
            }
        }
    },
    "uuid": "c57b8ecdecf39db2afcec3e22be5f643f5087bb2",
    "url": "https://24newshd.tv/19-Aug-2025/air-canada-flight-attendants-end-strike-after-reaching-tentative-deal",
    "ord_in_thread": 0,
    "author": "AFP",
    "published": "2025-08-19T20:36:00.000+03:00",
    "title": "Air Canada flight attendants end strike after reaching 'tentative' deal",
    "text": "Air Canada flight attendants end strike after reaching 'tentative' deal\nStay tuned with 24 News HD Android App\nAir Canada flight attendants ended their strike Tuesday after reaching a tentative deal with the carrier, which said it will work to restore full service for its 130,000 daily passengers.\nRoughly 10,000 flight attendants walked off the job after midnight Saturday, insisting Air Canada had failed to address their demands for higher pay and compensation for unpaid ground work, including during boarding.\nThe attendants' union defied two back-to-work orders from a regulatory tribunal, forcing Air Canada to roll back plans to partially restore service.\nBut after resuming talks on Monday evening, the union said it had reached a viable deal with the airline.\n\"The strike has ended. We have a tentative agreement we will bring forward to you,\" the Canadian Union of Public Employees' (CUPE) Air Canada branch said in a statement.\nCUPE instructed members to \"fully cooperate with resumption of operations.\"\nAir Canada said in a statement that it would \"gradually restart its operations\" after reaching an agreement with CUPE through a mediator.\nIt said the first flights were scheduled for Tuesday evening but warned full service may not return for seven to 10 days.\n\"Restarting a major carrier like Air Canada is a complex undertaking. Full restoration may require a week or more,\" Air Canada president Michael Rousseau said.\nAir Canada's vice president for communications, Christophe Hennebelle, said travellers will face \"a few difficult days ahead.\"\n\"Our planes are not in the right place, our crews are not in the right place.\"\nRatification pending\nNeither the union nor the airline immediately provided details of the proposed agreement.\nBut CUPE said the deal achieves \"transformational change for our industry.\"\n\"Unpaid work is over,\" it added, a reference to a key demand throughout the talks that flight attendants also be compensated for time on the ground.\nIt is standard practice across much of the commercial aviation industry to only compensate cabin crew for time spent in the air.\nIndustry experts said CUPE had built an effective public messaging campaign around the issue, but it was not yet clear if they made substantial gains.\nAir Canada said it would not comment on the terms of the deal \"until the ratification process is complete.\"\nIt was not immediately known when CUPE would schedule a vote.\nAir Canada -- the national carrier which flies directly to 180 cities domestically and abroad -- has said the strike forced cancellations impacting 500,000 people.\nOver the weekend, federal labor minister Patty Hajdu invoked a legal provision to halt the strike and force both sides into binding arbitration.\nFollowing that intervention, the Canada Industrial Relations Board (CIRB), a regulatory tribunal, ordered the flight attendants back to work in two separate orders -- on Sunday and Monday.\nBut the union defied both orders, forcing Air Canada to walk back service resumption plans.",
    "highlightText": "",
    "highlightTitle": "",
    "highlightThreadTitle": "",
    "language": "english",
    "sentiment": "positive",
    "categories": [
        "Economy, Business and Finance",
        "Politics",
        "Social Issue"
    ],
    "topics": [
        "Economy, Business and Finance->business governance",
        "Economy, Business and Finance->human resources",
        "Politics->government policy",
        "Politics->civil rights",
        "Social Issue->social services",
        "Social Issue->social problem",
        "Social Issue->discrimination"
    ],
    "ai_allow": true,
    "has_canonical": false,
    "breaking": null,
    "webz_reporter": false,
    "external_links": [],
    "external_images": [],
    "internal_images": [],
    "entities": {
        "persons": [],
        "locations": [],
        "organizations": [
            {
                "name": "Air Canada",
                "sentiment": "none",
                "tickers": [
                    {
                        "ticker": "AC",
                        "exchange": "Toronto Stock Exchange"
                    }
                ]
            },
            {
                "name": "Canadian Union of Public Employees",
                "sentiment": "none",
                "tickers": [
                    {
                        "ticker": null,
                        "exchange": null
                    }
                ]
            },
            {
                "name": "CUPE",
                "sentiment": "none",
                "tickers": [
                    {
                        "ticker": null,
                        "exchange": null
                    }
                ]
            }
        ]
    },
    "syndication": {
        "syndicated": false,
        "syndicate_id": null,
        "first_syndicated": false
    },
    "trust": {
        "categories": [],
        "top_news": [
            "top_news_pk",
            "top_news"
        ],
        "bias": null,
        "source": {
            "type": null,
            "city": null,
            "state": null,
            "country": null,
            "domain_type": null,
            "agency": null,
            "organization_name": null
        }
    },
    "rating": null,
    "crawled": "2025-08-21T07:56:18.036+03:00",
    "updated": "2025-08-22T08:06:11.000+03:00"
}