{
    "thread": {
        "uuid": "e5fed1459bc5e52ee260736f1e5cc80bda616de3",
        "url": "https://www.thehindu.com/news/national/tamil-nadu/majoritys-strength-lies-in-ensuring-minorities-live-without-fear-tn-cm-stalin/article70436417.ece",
        "site_full": "www.thehindu.com",
        "site": "thehindu.com",
        "site_section": "https://www.thehindu.com/feeder/default.rss",
        "site_categories": [
            "religion",
            "hinduism",
            "top_news_in",
            "top_news_pk",
            "top_news_ae",
            "top_news_qa",
            "top_news_sg",
            "top_news_kw",
            "top_news"
        ],
        "section_title": "The Hindu: Latest News today from India and the World, Breaking news, Top Headlines and Trending News Videos.",
        "site_title": "Breaking News Today, Top Headlines, Live Updates | The Hindu",
        "title": "Majority's strength lies in ensuring minorities live without fear: T.N. CM Stalin - The Hindu",
        "title_full": "Majority's strength lies in ensuring minorities live without fear: T.N. CM Stalin - The Hindu",
        "published": "2025-12-25T12:17:00.000+02:00",
        "replies_count": 0,
        "participants_count": 1,
        "site_type": "news",
        "country": "IN",
        "main_image": "https://th-i.thgim.com/public/incoming/kg3lo5/article70436554.ece/alternates/LANDSCAPE_1200/10213_14_12_2025_14_35_21_2_KA15CMPROGRAMINDHARMAPURI12.JPG",
        "performance_score": 0,
        "domain_rank": 2944,
        "domain_rank_updated": "2025-12-21T23:00:00.000+02:00",
        "licensing_agency": [],
        "social": {
            "facebook": {
                "likes": 1,
                "comments": 2,
                "shares": 1
            },
            "vk": {
                "shares": 0
            }
        }
    },
    "uuid": "e5fed1459bc5e52ee260736f1e5cc80bda616de3",
    "url": "https://www.thehindu.com/news/national/tamil-nadu/majoritys-strength-lies-in-ensuring-minorities-live-without-fear-tn-cm-stalin/article70436417.ece",
    "ord_in_thread": 0,
    "author": "The Hindu Bureau",
    "published": "2025-12-25T12:17:00.000+02:00",
    "title": "Majority's strength lies in ensuring minorities live without fear: T.N. CM Stalin - The Hindu",
    "text": "Tamil Nadu Chief Minister M.K. Stalin on Thursday (December 25, 2025) said the true strength and character of a majority lies in ensuring that minorities live without fear.\nIn a post on X, Mr. Stalin said when a few right-wing violent groups, acting in the name of the majority, indulge in attacks and riots, even as the Prime Minister participates in Christmas celebrations, it sends a disturbing message to the nation.\nAfter Manipur, reports of attacks on minorities in Jabalpur, Raipur, and elsewhere are unacceptable to anyone who values harmony. A reported 74% rise in hate speech against minorities since the BJP assumed office at the Centre signals grave danger ahead. Curbing riotous groups that divide society is, therefore, a shared and urgent duty, to be enforced with firm resolve, he added.\nMPs, MLAs call on CM On the occasion of Christmas, MPs, MLAs, and bishops called on Chief Minister M.K. Stalin at his residence in Chennai.\nRajya Sabha Member P. Wilson, Tiruchi East MLA Inigo Irudayaraj, Tamil Nadu State Minorities Commission chairperson J. Arun, VGP group chairperson V.G. Santhosam, and bishops met Mr. Stalin and conveyed Christmas wishes.\nPublished - December 25, 2025 03:47 pm IST\nRead Comments Copy link Email Facebook Twitter Telegram LinkedIn WhatsApp Reddit READ LATER SEE ALL Remove PRINT",
    "highlightText": "",
    "highlightTitle": "",
    "highlightThreadTitle": "",
    "language": "english",
    "sentiment": "positive",
    "categories": [
        "Politics",
        "Social Issue"
    ],
    "topics": [
        "Politics->civil rights",
        "Politics->government",
        "Social Issue->national or ethnic minority",
        "Social Issue->discrimination"
    ],
    "ai_allow": true,
    "has_canonical": false,
    "breaking": true,
    "webz_reporter": false,
    "external_links": [
        "https://twitter.com/intent/tweet?url=https%3A%2F%2Fwww.thehindu.com%2Fnews%2Fnational%2Ftamil-nadu%2Fmajoritys-strength-lies-in-ensuring-minorities-live-without-fear-tn-cm-stalin%2Farticle70436417.ece&text=Majority%E2%80%99s%20strength%20lies%20in%20ensuring%20minorities%20live%20without%20fear%3A%20T.N.%20CM%20Stalin",
        "https://www.facebook.com/sharer/sharer.php?u=https%3A%2F%2Fwww.thehindu.com%2Fnews%2Fnational%2Ftamil-nadu%2Fmajoritys-strength-lies-in-ensuring-minorities-live-without-fear-tn-cm-stalin%2Farticle70436417.ece&t=Majority%E2%80%99s%20strength%20lies%20in%20ensuring%20minorities%20live%20without%20fear%3A%20T.N.%20CM%20Stalin",
        "https://www.linkedin.com/shareArticle?url=https%3A%2F%2Fwww.thehindu.com%2Fnews%2Fnational%2Ftamil-nadu%2Fmajoritys-strength-lies-in-ensuring-minorities-live-without-fear-tn-cm-stalin%2Farticle70436417.ece&title=Majority%E2%80%99s%20strength%20lies%20in%20ensuring%20minorities%20live%20without%20fear%3A%20T.N.%20CM%20Stalin",
        "https://reddit.com/submit?url=https%3A%2F%2Fwww.thehindu.com%2Fnews%2Fnational%2Ftamil-nadu%2Fmajoritys-strength-lies-in-ensuring-minorities-live-without-fear-tn-cm-stalin%2Farticle70436417.ece&title=Majority%E2%80%99s%20strength%20lies%20in%20ensuring%20minorities%20live%20without%20fear%3A%20T.N.%20CM%20Stalin",
        "https://api.whatsapp.com//send?text=Majority%E2%80%99s%20strength%20lies%20in%20ensuring%20minorities%20live%20without%20fear%3A%20T.N.%20CM%20Stalin%20-%20https%3A%2F%2Fwww.thehindu.com%2Fnews%2Fnational%2Ftamil-nadu%2Fmajoritys-strength-lies-in-ensuring-minorities-live-without-fear-tn-cm-stalin%2Farticle70436417.ece",
        "https://t.me/share/url?url=https%3A%2F%2Fwww.thehindu.com%2Fnews%2Fnational%2Ftamil-nadu%2Fmajoritys-strength-lies-in-ensuring-minorities-live-without-fear-tn-cm-stalin%2Farticle70436417.ece&text=Majority%E2%80%99s%20strength%20lies%20in%20ensuring%20minorities%20live%20without%20fear%3A%20T.N.%20CM%20Stalin",
        "https://reddit.com/submit",
        "https://t.me/share/url",
        "https://linkedin.com/shareArticle?url=https%3A%2F%2Fwww.thehindu.com%2Fnews%2Fnational%2Ftamil-nadu%2Fmajoritys-strength-lies-in-ensuring-minorities-live-without-fear-tn-cm-stalin%2Farticle70436417.ece&title=Majority%E2%80%99s%20strength%20lies%20in%20ensuring%20minorities%20live%20without%20fear%3A%20T.N.%20CM%20Stalin",
        "https://facebook.com/sharer/sharer.php?u=https%3A%2F%2Fwww.thehindu.com%2Fnews%2Fnational%2Ftamil-nadu%2Fmajoritys-strength-lies-in-ensuring-minorities-live-without-fear-tn-cm-stalin%2Farticle70436417.ece&t=Majority%E2%80%99s%20strength%20lies%20in%20ensuring%20minorities%20live%20without%20fear%3A%20T.N.%20CM%20Stalin",
        "https://www.facebook.com/sharer/sharer.php",
        "https://www.linkedin.com/shareArticle",
        "https://www.twitter.com/intent/tweet?url=https%3A%2F%2Fwww.thehindu.com%2Fnews%2Fnational%2Ftamil-nadu%2Fmajoritys-strength-lies-in-ensuring-minorities-live-without-fear-tn-cm-stalin%2Farticle70436417.ece&text=Majority%E2%80%99s%20strength%20lies%20in%20ensuring%20minorities%20live%20without%20fear%3A%20T.N.%20CM%20Stalin",
        "https://api.whatsapp.com//send",
        "https://www.reddit.com/submit?url=https%3A%2F%2Fwww.thehindu.com%2Fnews%2Fnational%2Ftamil-nadu%2Fmajoritys-strength-lies-in-ensuring-minorities-live-without-fear-tn-cm-stalin%2Farticle70436417.ece&title=Majority%E2%80%99s%20strength%20lies%20in%20ensuring%20minorities%20live%20without%20fear%3A%20T.N.%20CM%20Stalin",
        "https://www.api.whatsapp.com//send?text=Majority%E2%80%99s%20strength%20lies%20in%20ensuring%20minorities%20live%20without%20fear%3A%20T.N.%20CM%20Stalin%20-%20https%3A%2F%2Fwww.thehindu.com%2Fnews%2Fnational%2Ftamil-nadu%2Fmajoritys-strength-lies-in-ensuring-minorities-live-without-fear-tn-cm-stalin%2Farticle70436417.ece",
        "https://www.t.me/share/url?url=https%3A%2F%2Fwww.thehindu.com%2Fnews%2Fnational%2Ftamil-nadu%2Fmajoritys-strength-lies-in-ensuring-minorities-live-without-fear-tn-cm-stalin%2Farticle70436417.ece&text=Majority%E2%80%99s%20strength%20lies%20in%20ensuring%20minorities%20live%20without%20fear%3A%20T.N.%20CM%20Stalin",
        "https://twitter.com/intent/tweet"
    ],
    "external_images": [],
    "internal_images": [],
    "entities": {
        "persons": [
            {
                "name": "M.K. Stalin",
                "sentiment": "negative"
            },
            {
                "name": "V.G. Sant",
                "sentiment": "none"
            },
            {
                "name": "P. Wilson",
                "sentiment": "none"
            },
            {
                "name": "J. Arun",
                "sentiment": "none"
            }
        ],
        "locations": [
            {
                "name": "Manipur",
                "sentiment": "none"
            }
        ],
        "organizations": [
            {
                "name": "Tamil Nadu State Minorities Commission",
                "sentiment": "none",
                "tickers": []
            },
            {
                "name": "BJP",
                "sentiment": "none",
                "tickers": [
                    {
                        "ticker": null,
                        "exchange": null
                    }
                ]
            }
        ]
    },
    "syndication": {
        "syndicated": false,
        "syndicate_id": null,
        "first_syndicated": false
    },
    "trust": {
        "categories": [
            "trusted_news"
        ],
        "top_news": [
            "top_news_in",
            "top_news_pk",
            "top_news_ae",
            "top_news_qa",
            "top_news_sg",
            "top_news_kw",
            "top_news"
        ],
        "bias": "center",
        "source": {
            "type": null,
            "city": null,
            "state": null,
            "country": null,
            "domain_type": null,
            "agency": null,
            "organization_name": null
        }
    },
    "rating": null,
    "crawled": "2025-12-25T12:27:10.651+02:00",
    "updated": "2025-12-26T13:05:25.000+02:00"
}