{
    "thread": {
        "uuid": "1fe3716ab48e082322fa93958a6b4532303072f4",
        "url": "https://www.rasmussenreports.com:443/public_content/politics/trump_administration_second_term/democrats_care_more_voters_believe",
        "site_full": "www.rasmussenreports.com",
        "site": "rasmussenreports.com",
        "site_section": "https://www.rasmussenreports.com:443/public_content/politics",
        "site_categories": [
            "politics",
            "law_government_and_politics"
        ],
        "section_title": "Politics - Rasmussen Reports&reg;",
        "site_title": "Rasmussen Reports&reg;: The Most Comprehensive Public Opinion Data Anywhere",
        "title": "Democrats Care More, Voters Believe - Rasmussen Reports®",
        "title_full": "Democrats Care More, Voters Believe - Rasmussen Reports®",
        "published": "2025-12-11T02:00:00.000+02:00",
        "replies_count": 0,
        "participants_count": 1,
        "site_type": "news",
        "country": "US",
        "main_image": "https://www.rasmussenreports.com/var/plain/storage/images/_aliases/breaking_poll/public_content/politics/trump_administration_second_term/democrats_care_more_voters_believe/1817367-1-eng-US/democrats_care_more_voters_believe.png",
        "performance_score": 0,
        "domain_rank": 41095,
        "domain_rank_updated": "2025-12-21T23:00:00.000+02:00",
        "licensing_agency": [],
        "social": {
            "facebook": {
                "likes": 0,
                "comments": 0,
                "shares": 0
            },
            "vk": {
                "shares": 0
            }
        }
    },
    "uuid": "1fe3716ab48e082322fa93958a6b4532303072f4",
    "url": "https://www.rasmussenreports.com:443/public_content/politics/trump_administration_second_term/democrats_care_more_voters_believe",
    "ord_in_thread": 0,
    "author": "Rasmussen_Poll",
    "published": "2025-12-11T02:00:00.000+02:00",
    "title": "Democrats Care More, Voters Believe - Rasmussen Reports®",
    "text": "POLITICS\nDemocrats Care More, Voters Believe\nBy a five-point margin, more voters say the Democratic Party cares about people like them than say the same about the GOP.\nThe latest Rasmussen Reports national telephone and online survey finds that 49% of Likely U.S. Voters agree that the Democratic Party cares about people like them, including 24% who Strongly Agree. Forty-six percent (46%) disagree, including 34% who Strongly Disagree. (To see survey question wording, click here.)\nPlease sign up for the Rasmussen Reports daily e-mail update (it’s free) or follow us on Facebook. Let us keep you up to date with the latest public opinion news.\nThe survey of 1,155 U.S. Likely Voters was conducted on December 3-4 and 7, 2025 by Rasmussen Reports. The margin of sampling error is +/- 3 percentage points with a 95% level of confidence. Field work for all Rasmussen Reports surveys is conducted by Pulse Opinion Research, LLC.\nRasmussen Reports is a media company specializing in the collection, publication and distribution of public opinion information.\nWe conduct public opinion polls on a variety of topics to inform our audience on events in the news and other topics of interest. To ensure editorial control and independence, we pay for the polls ourselves and generate revenue through the sale of subscriptions, sponsorships, and advertising. Nightly polling on politics, business and lifestyle topics provides the content to update the Rasmussen Reports web site many times each day. If it's in the news, it's in our polls. Additionally, the data drives a daily update newsletter and various media outlets across the country.\nSome information, including the Rasmussen Reports daily Presidential Tracking Poll and commentaries are available for free to the general public. Subscriptions are available for $4.95 a month or 34.95 a year that provide subscribers with exclusive access to more than 20 stories per week on upcoming elections, consumer confidence, and issues that affect us all. For those who are really into the numbers, Platinum Members can review demographic crosstabs and a full history of our data.\nTo learn more about our methodology, click here.",
    "highlightText": "",
    "highlightTitle": "",
    "highlightThreadTitle": "",
    "language": "english",
    "sentiment": "positive",
    "categories": [
        "Politics"
    ],
    "topics": [
        "Politics->political parties and movements",
        "Politics->political system"
    ],
    "ai_allow": true,
    "has_canonical": false,
    "breaking": null,
    "webz_reporter": false,
    "external_links": [
        "http://www.facebook.com/RasmussenPoll?ref=nf",
        "http://facebook.com/RasmussenPoll?ref=nf",
        "http://www.facebook.com/RasmussenPoll"
    ],
    "external_images": [],
    "internal_images": [],
    "entities": {
        "persons": [
            {
                "name": "Rasmussen",
                "sentiment": "none"
            }
        ],
        "locations": [],
        "organizations": [
            {
                "name": "Pulse Opinion Research",
                "sentiment": "none",
                "tickers": []
            },
            {
                "name": "Democratic Party",
                "sentiment": "none",
                "tickers": [
                    {
                        "ticker": null,
                        "exchange": null
                    }
                ]
            },
            {
                "name": "Facebook",
                "sentiment": "none",
                "tickers": [
                    {
                        "ticker": "META",
                        "exchange": "NASDAQ"
                    }
                ]
            },
            {
                "name": "GOP",
                "sentiment": "none",
                "tickers": [
                    {
                        "ticker": null,
                        "exchange": null
                    }
                ]
            }
        ]
    },
    "syndication": {
        "syndicated": false,
        "syndicate_id": null,
        "first_syndicated": false
    },
    "trust": {
        "categories": [
            "trusted_news"
        ],
        "top_news": [],
        "bias": "center",
        "source": {
            "type": null,
            "city": null,
            "state": null,
            "country": null,
            "domain_type": null,
            "agency": null,
            "organization_name": null
        }
    },
    "rating": null,
    "crawled": "2025-12-25T13:08:54.610+02:00",
    "updated": "2025-12-25T13:13:21.000+02:00"
}